resolution,trial,step,max_risk,max_ambiguity,inference_time_ms
5,0,0,-52.152930839446306,0.10652487147272005,193.8916000071913
5,0,1,-59.70754157605554,0.01656820856488528,78.29540001694113
5,0,3,-59.52932530749064,0.036767400448654675,199.58909999695607
5,0,4,-58.14638301185107,0.010417451844792591,96.63980000186712
5,0,6,-58.7689747169246,0.00834791470815377,248.5978999757208
5,0,7,-58.67988343176967,0.007371171533335996,86.88749998691492
5,0,9,-58.804673267750694,0.007222242800642098,250.9176000021398
5,0,10,-58.932249653678895,0.006948692911895815,84.5827000157442
5,0,12,-58.839278418985884,0.007840058141214135,229.37980000278912
5,0,13,-58.97561468229739,0.006940216065750793,81.81830000830814
5,0,15,-58.70675453673532,0.01054881869840818,141.5592999837827
5,0,16,-58.969405870353754,0.007709964186662699,82.89640001021326
5,0,18,-58.71921976516556,0.009208131516973639,125.77579999924637
5,0,19,-58.802836113019,0.008191128771180889,80.96150000346825
5,0,21,-58.824988915004354,0.011075169187453326,129.0543999930378
5,0,22,-58.90420263719474,0.00880128834349403,82.30579999508336
5,0,24,-58.788719036058545,0.008905636002592754,123.6839999910444
5,0,25,-58.90174657940281,0.007452908975673633,81.94400000502355
5,0,27,-58.78548238282622,0.008833587213884053,127.12690001353621
5,0,28,-58.91034988846094,0.00826172927693447,81.20580000104383
5,1,0,-45.92244596290731,3.5273118342042036,59.21250002575107
5,1,1,-46.89554735999248,3.4020549943891494,32.65730000566691
5,1,3,-51.0840606427318,0.009830825524700382,124.37149998731911
5,1,4,-59.48196299812633,-3.552713678800501e-15,75.37659999798052
5,1,6,-51.09743330836729,-3.552713678800501e-15,107.5849000189919
5,1,7,-59.486547608590314,-3.552713678800501e-15,50.403600005665794
5,1,9,-51.0972963587864,-3.552713678800501e-15,141.23770000878721
5,1,10,-59.551442152911875,-3.552713678800501e-15,69.82000000425614
5,1,12,-51.0972963587864,-3.552713678800501e-15,107.49039999791421
5,1,13,-59.48196299812633,-3.552713678800501e-15,56.90429999958724
5,1,15,-51.09709796786966,-3.552713678800501e-15,128.06479999562725
5,1,16,-59.494361840255394,-2.6645352591003757e-15,53.70190000394359
5,1,18,-51.0972963587864,-3.552713678800501e-15,144.44400000502355
5,1,19,-59.55396861860373,-3.552713678800501e-15,68.88510001590475
5,1,21,-51.0972963587864,-3.552713678800501e-15,106.79210000671446
5,1,22,-59.48196299812633,-3.552713678800501e-15,57.455699978163466
5,1,24,-51.0972963587864,-3.552713678800501e-15,127.7055999962613
5,1,25,-59.49649152411378,0.0034501142996821166,55.17819998203777
5,1,27,-51.0972963587864,-3.552713678800501e-15,141.6517999896314
5,1,28,-59.547652454374074,-3.552713678800501e-15,71.73830000101589
5,2,0,-46.0332584807127,3.52729384602051,60.470900003565475
5,2,1,-46.375813810365074,3.3648435258575353,32.0095999923069
5,2,3,-58.90008178743889,0.3007771276413891,500.3858999989461
5,2,4,-59.4924575658882,0.07964748912764108,103.22570000425912
5,2,6,-46.900916810355795,0.0008322118331423045,106.48729998501949
5,2,7,-34.33388208106733,-2.6645352591003757e-15,51.10660000354983
5,2,9,-46.89972646485532,-2.6645352591003757e-15,89.68679999816231
5,2,10,-34.3174885833251,-2.6645352591003757e-15,52.55270001362078
5,2,12,-46.89972646485532,-2.6645352591003757e-15,89.82490000198595
5,2,13,-34.3174885833251,-2.6645352591003757e-15,51.19690002175048
5,2,15,-46.89972646485532,-2.6645352591003757e-15,89.17490000021644
5,2,16,-34.3174885833251,-2.6645352591003757e-15,51.93660000804812
5,2,18,-46.899924855772056,-2.6645352591003757e-15,87.94959998340346
5,2,19,-34.3174885833251,-2.6645352591003757e-15,50.91409999295138
5,2,21,-46.89972646485532,-2.6645352591003757e-15,89.8958999896422
5,2,22,-34.3174885833251,-2.6645352591003757e-15,51.41210000147112
5,2,24,-46.89972646485532,-2.6645352591003757e-15,91.60010001505725
5,2,25,-34.3174885833251,-2.6645352591003757e-15,51.19280001963489
5,2,27,-46.899924855772056,-2.6645352591003757e-15,88.9440999890212
5,2,28,-34.3174885833251,-2.6645352591003757e-15,50.42939999839291
5,3,0,-45.973361791364084,3.5157689540534447,59.83320000814274
5,3,1,-46.37933879853614,3.3835056879644805,31.97459998773411
5,3,3,-59.28316944450377,0.17913836362138547,298.74530000961386
5,3,4,-59.46287295513541,0.13248771853929453,104.54810000373982
5,3,6,-56.68199694274749,0.1709066741942713,213.44730001874268
5,3,7,-55.6798426210555,0.19869319291643572,70.55820000823587
5,3,9,-51.93591114615802,0.11921957645472481,159.410200023558
5,3,10,-58.14866972210792,0.08090764299002684,105.8375000138767
5,3,12,-55.93530933540079,0.2371220547480286,156.9778000121005
5,3,13,-54.79511423862676,0.284982006954992,52.234800008591264
5,3,15,-51.067515997663556,0.005056526565702768,108.47380000632256
5,3,16,-59.69243173993812,0.0006141906668584163,241.1681000085082
5,3,18,-51.02119099147245,0.0196803863329984,127.2408000077121
5,3,19,-58.33969787224684,-3.552713678800501e-15,55.16150000039488
5,3,21,-58.815955818896114,0.24975342137888545,69.6825000050012
5,3,22,-59.37060150493738,0.08629293770920388,58.19849998806603
5,3,24,-59.81593707412043,0.01148340358732991,131.4159000176005
5,3,25,-59.71174534237889,0.008700392359214604,155.20500001730397
5,3,27,-57.286452174283085,0.04455188300621038,193.05859997984953
5,3,28,-54.567107568148856,0.18674838450451414,83.99520002421923
5,4,0,-46.18619138328915,3.5332452675948893,60.8440000214614
5,4,1,-46.279516254895704,3.414712826437854,31.91839999635704
5,4,3,-50.58566231426873,0.10019887877352884,354.61330000543967
5,4,4,-58.45266913263268,0.014064284635936897,103.10979999485426
5,4,6,-58.5691652470192,0.014652126307134639,106.8389999854844
5,4,7,-45.962424337164066,0.007688971107439713,94.96049999142997
5,4,9,-52.05313622352101,0.021084917359082356,109.77909999201074
5,4,10,-58.93853965946422,0.03735974674471754,84.50220001395792
5,4,12,-58.64181331805567,0.07869019373197705,182.93559999438003
5,4,13,-45.89842868118145,0.09996328946746935,82.74039998650551
5,4,15,-55.55837730546731,0.04802418684690468,197.85460000275634
5,4,16,-47.68626688665958,0.13627665465639094,75.76020000851713
5,4,18,-46.89972646485532,-2.6645352591003757e-15,72.10019999183714
5,4,19,-34.3174885833251,-2.6645352591003757e-15,42.84900001948699
5,4,21,-46.89972646485532,-2.6645352591003757e-15,71.81979998131283
5,4,22,-34.3174885833251,-2.6645352591003757e-15,45.31610000412911
5,4,24,-46.89972646485532,-2.6645352591003757e-15,70.58739999774843
5,4,25,-34.3174885833251,-2.6645352591003757e-15,43.49550002370961
5,4,27,-46.89972646485532,-2.6645352591003757e-15,72.03480001771823
5,4,28,-34.3174885833251,-2.6645352591003757e-15,42.565600015223026
5,5,0,-46.068047847873316,3.5389174534413423,58.69800000800751
5,5,1,-46.788145099421094,3.379500733497424,32.332099974155426
5,5,3,-52.68028424552004,0.1567951943435819,268.90649998676963
5,5,4,-45.83570867971828,0.10850809677470519,285.49090001615696
5,5,6,-50.1866851853036,0.16251062948370398,273.2547000050545
5,5,7,-45.948762651316514,0.0034939559240552143,57.0669999870006
5,5,9,-59.744763176896484,0.004698052204325398,144.13470000727102
5,5,10,-59.652078375832986,0.007738575323527286,108.37820000597276
5,5,12,-55.75025315457181,0.15001767909531472,126.476300007198
5,5,13,-54.824274676248024,0.16022884960162953,94.48400000110269
5,5,15,-52.87301093494207,0.21465219883563424,90.40810001897626
5,5,16,-42.5142374544417,-3.552713678800501e-15,74.15549998404458
5,5,18,-51.0972963587864,-3.552713678800501e-15,144.56580000114627
5,5,19,-45.06198072034694,-3.552713678800501e-15,58.32189999637194
5,5,21,-45.01616385964827,0.2411858892391192,232.02559998026118
5,5,22,-45.62476762922587,-2.6645352591003757e-15,199.3631000223104
5,5,24,-51.08013023974361,-3.552713678800501e-15,145.14949999284
5,5,25,-42.5142374544417,-3.552713678800501e-15,56.0002000129316
5,5,27,-59.441452481954315,0.19072743624190047,198.778099991614
5,5,28,-59.02038322831326,0.05457934188528579,137.02269998611882
5,6,0,-45.85290505439329,3.534821151810371,59.21539998962544
5,6,1,-46.270117941206834,3.3503549982629566,32.34339997288771
5,6,3,-50.14951376917191,0.20054295616324147,217.89530001115054
5,6,4,-45.78280986709879,0.015897171412874833,133.50830000126734
5,6,6,-50.848152381222896,0.00922356230125132,162.73569999611937
5,6,7,-34.3174885833251,-2.6645352591003757e-15,54.962399997748435
5,6,9,-46.89972646485532,-2.6645352591003757e-15,70.85560000268742
5,6,10,-34.3174885833251,-2.6645352591003757e-15,43.304899998474866
5,6,12,-46.89972646485532,-2.6645352591003757e-15,70.33310001133941
5,6,13,-34.3174885833251,-2.6645352591003757e-15,45.73090001940727
5,6,15,-46.89972646485532,-2.6645352591003757e-15,71.12249999772757
5,6,16,-34.3174885833251,-2.6645352591003757e-15,43.216199992457405
5,6,18,-46.89972646485532,-2.6645352591003757e-15,74.02979998732917
5,6,19,-34.3174885833251,-2.6645352591003757e-15,44.01070001767948
5,6,21,-46.89972646485532,-2.6645352591003757e-15,71.39099997584708
5,6,22,-34.3174885833251,-2.6645352591003757e-15,44.31330002262257
5,6,24,-46.89972646485532,-2.6645352591003757e-15,70.82729999092408
5,6,25,-34.3174885833251,-2.6645352591003757e-15,43.6453000002075
5,6,27,-46.89972646485532,-2.6645352591003757e-15,72.2597999847494
5,6,28,-34.3174885833251,-2.6645352591003757e-15,45.75210000621155
5,7,0,-46.32528222999724,3.5101997105111957,61.12609998672269
5,7,1,-45.96287259317663,3.384325240594594,32.02450001845136
5,7,3,-50.58688961212524,0.18825672573779761,307.19640001188964
5,7,4,-58.54214007074221,0.015495249279402934,281.0227000154555
5,7,6,-58.739322043643426,0.14808510858440016,111.70300000230782
5,7,7,-58.83861791669679,0.0078470572991165,173.8515000033658
5,7,9,-58.7210946451782,0.17581001387578055,125.46139999176376
5,7,10,-58.92428605213675,0.0064980553830138454,163.8436999928672
5,7,12,-58.85113680805808,0.1353140675564175,126.52560000424273
5,7,13,-59.06157413820734,0.006975574035044119,166.28030000720173
5,7,15,-58.80054533931206,0.14372535094058803,125.53180000395514
5,7,16,-59.0589295177083,0.006137424646944556,163.58730001957156
5,7,18,-58.86300815753996,0.1546322163945566,126.96650001453236
5,7,19,-58.90422261400594,0.006654681032857823,160.23259999928996
5,7,21,-58.83249335040492,0.17204547139366833,126.57979998039082
5,7,22,-58.884002523872034,0.006309346634437052,164.07160001108423
5,7,24,-58.6363765814785,0.11991152173723285,125.44900001375936
5,7,25,-59.13544819987689,0.006809673606204658,164.11739998147823
5,7,27,-58.87149337947886,0.140288498102616,123.67589998757467
5,7,28,-59.07029229284675,0.005575804514224902,164.68539999914356
5,8,0,-46.20547054360186,3.5285654999652802,59.20949997380376
5,8,1,-46.13433846381474,3.41245967775968,32.745799981057644
5,8,3,-56.68537756891505,0.5582442187819905,270.96890000393614
5,8,4,-58.18943663790847,0.32828386508399143,110.23459999705665
5,8,6,-58.47395912149537,0.34402813099937757,249.4717999943532
5,8,7,-58.51926701532987,0.26978890675703804,85.4109000065364
5,8,9,-56.308751471061186,0.440351307197949,226.84199997456744
5,8,10,-58.25120662627351,0.07284364222724404,59.09989998326637
5,8,12,-57.745701594577085,0.22797567564565324,212.6630999846384
5,8,13,-59.53198576243945,0.13958121184650762,93.09829998528585
5,8,15,-56.968213579878345,0.426565489916082,452.8639999916777
5,8,16,-59.77954938336858,0.07813075580578621,55.18279998796061
5,8,18,-59.11046904551716,0.1122557902980772,248.68570000398904
5,8,19,-59.632269513172076,0.1099581890500807,86.01160001126118
5,8,21,-55.598130528947664,0.4533690265588317,235.97259999951348
5,8,22,-57.33155264830224,0.09195485366787803,58.14109998755157
5,8,24,-56.90460653302433,0.2995446296808082,160.2116999856662
5,8,25,-59.033334267206044,0.21237023414037326,102.87090000929311
5,8,27,-57.48061356945986,0.4124072411738595,107.83720001927577
5,8,28,-58.18475192514596,0.2613346486606387,102.40219999104738
5,9,0,-46.56137405912043,3.5327710357451414,60.55890000425279
5,9,1,-46.52369412511732,3.3658375599161925,32.22920000553131
5,9,3,-46.97723526464373,0.4812889534835063,270.57110000168905
5,9,4,-58.399987768862644,0.4738377881129443,56.841200013877824
5,9,6,-57.645052092064844,0.06677979469826312,214.75240000290796
5,9,7,-55.77693571234919,0.03853822948839625,50.92820001300424
5,9,9,-52.3305777008739,0.03394798169136326,204.55470000160858
5,9,10,-56.515855933431034,0.06410203918856361,154.81380000710487
5,9,12,-57.65433667176315,0.03481274283983593,219.1296999808401
5,9,13,-59.54942642114786,0.09598559103469295,65.73890001163818
5,9,15,-49.75301885532525,0.5150798719554348,88.8975000125356
5,9,16,-45.917360008732885,0.0729494702143918,174.10999999265186
5,9,18,-47.982686535966735,0.10342703240275863,357.6533999876119
5,9,19,-42.35029455489869,0.028784602391685787,87.98419998493046
5,9,21,-59.46491200628058,0.001772162834705382,123.25170001713559
5,9,22,-37.26191067984138,0.09617247912172511,137.40680000046268
5,9,24,-51.0749511335418,0.01395932873736161,176.96860001888126
5,9,25,-45.62476762922587,-3.552713678800501e-15,67.1104000066407
5,9,27,-42.92965657903705,0.2760654690722828,51.86530001810752
5,9,28,-41.94045711134286,0.10070382773139208,270.90299999690615
5,10,0,-46.53998983178085,3.532484401167074,61.499300005380064
5,10,1,-46.516793189012795,3.3871000207890787,33.00379999564029
5,10,3,-46.66142615330438,0.44805478105725904,249.3059000116773
5,10,4,-56.40451553961717,0.003449467835859643,90.6834999914281
5,10,6,-59.290076226511374,0.09501243153743966,227.0894999965094
5,10,7,-59.72944561446009,0.06192807449009807,47.62029999983497
5,10,9,-59.39878517859336,0.070563484082103,214.3493000185117
5,10,10,-59.7131997605515,0.027406232017541665,59.899199986830354
5,10,12,-52.74571004368713,0.02468198493774465,105.53130001062527
5,10,13,-59.70635596263728,0.014301505258559555,86.70380001422018
5,10,15,-57.227272395542855,0.11318923143400372,217.64130002702586
5,10,16,-59.69295969991712,0.06649611395621857,55.77950002043508
5,10,18,-59.764328530320995,0.08939118662762224,199.5077999890782
5,10,19,-59.80240755967583,0.034784029914212145,97.98039999441244
5,10,21,-56.97845875001275,0.19046108885643998,214.2827999778092
5,10,22,-59.56398564751074,0.10829813447433745,55.954899988137186
5,10,24,-52.00674015803403,0.12130648714856163,199.76370001677424
5,10,25,-59.028417501240476,0.05312289169190976,112.02389997197315
5,10,27,-56.63608910261761,0.24782558500158092,199.1643999936059
5,10,28,-59.60172535948738,0.17115537038178408,56.61369999870658
5,11,0,-46.30508219669115,3.5518402951398023,60.570300003746524
5,11,1,-46.2624008054549,3.341454234643251,32.335099996998906
5,11,3,-52.71411646933324,0.10526147112191508,142.26769999368116
5,11,4,-45.959232654502074,0.017360868693214737,160.86400000494905
5,11,6,-51.20186676539125,0.047889831736329214,140.3479000146035
5,11,7,-45.953289481505195,0.027131380313904607,143.57850002124906
5,11,9,-51.26829978871307,0.039471290205609355,149.96050001354888
5,11,10,-45.95342299122963,0.028522111067699196,128.23740000021644
5,11,12,-51.0020333179843,0.036808139530712936,144.20609999797307
5,11,13,-45.95679440103309,0.032451841858439856,130.6036000023596
5,11,15,-51.05262234915426,0.043623671997005564,144.08080000430346
5,11,16,-45.95698786721924,0.03264898336765398,132.26919999578968
5,11,18,-51.01473560068203,0.03821468946881845,146.91489998949692
5,11,19,-45.9539031004106,0.028042932375474283,129.79450001148507
5,11,21,-51.25925654935309,0.03797204805941923,141.76579998456873
5,11,22,-45.955267733394805,0.02845582885973208,133.70509998640046
5,11,24,-51.40028115585705,0.03774300406291764,142.0135000080336
5,11,25,-45.954201901514026,0.03436055206526767,134.6551000024192
5,11,27,-51.191326767739966,0.041676865004040886,143.62030001939274
5,11,28,-45.95414452514811,0.029906840633086684,132.39459999022074
5,12,0,-46.056994920539765,3.5080155181921935,60.17679997603409
5,12,1,-47.00655369148839,3.391151274265478,33.92129999701865
5,12,3,-46.79339679968216,0.5307010022313945,305.1545000053011
5,12,4,-59.24914534217872,0.45118742880787144,66.73339998815209
5,12,6,-57.83865685613727,0.04750146644022002,213.2100999879185
5,12,7,-56.25148048460094,0.03870133025926448,89.39450001344085
5,12,9,-51.96392969517641,0.10063064024111057,237.65339999226853
5,12,10,-56.45097599014272,0.02760624690775293,157.05770000931807
5,12,12,-57.86278723573487,0.03552135568007686,201.23539998894557
5,12,13,-59.41162551067477,0.03516394224443342,65.54090001736768
5,12,15,-52.025088499556475,0.2638238914919018,249.68330000410788
5,12,16,-45.62476762922587,-3.552713678800501e-15,67.2900999779813
5,12,18,-51.09729568465642,-1.3322676295501878e-15,107.66989999683574
5,12,19,-35.656702632521274,0.05675697196302654,99.2563999898266
5,12,21,-51.09709796786966,-3.552713678800501e-15,143.97100001224317
5,12,22,-45.62476762922587,-3.552713678800501e-15,71.41290002618916
5,12,24,-51.09650279511942,0.0004739554220931641,141.940200002864
5,12,25,-45.62476762922587,-3.552713678800501e-15,67.24279999616556
5,12,27,-51.09602503966392,0.00031739350916981657,144.89579998189583
5,12,28,-45.62476762922587,-3.552713678800501e-15,67.65760001144372
5,13,0,-46.28138693817313,3.5373958568304533,60.96540001453832
5,13,1,-46.894418063529486,3.3804153507271044,32.224299997324124
5,13,3,-57.23644788456393,0.4686717663912727,213.4031000023242
5,13,4,-59.43499968072505,0.24830026476167966,119.16630002087913
5,13,6,-58.34205069584202,0.06125808327779003,143.36639997782186
5,13,7,-59.316583335005916,0.010653643953484337,117.98919999273494
5,13,9,-57.60506572376585,0.28120291289345545,158.56760001042858
5,13,10,-59.32810977125811,0.027722510738846573,110.25579998386092
5,13,12,-57.21098515064409,0.2609763637057694,146.6593999939505
5,13,13,-59.51851629404711,0.05190685859140709,113.47579999710433
5,13,15,-57.360690544640846,0.2647890040629777,143.7475999991875
5,13,16,-59.406944967101765,0.03765809022875155,190.37830000161193
5,13,18,-57.44567620903035,0.2406268282367774,145.1721000194084
5,13,19,-59.38969798299471,0.04884031779796638,192.33039999380708
5,13,21,-57.467191099377466,0.22260585475248473,142.1027000178583
5,13,22,-59.42711593708843,0.029161643967381856,194.95810000807978
5,13,24,-57.59498996076871,0.23011100193048017,143.5217999969609
5,13,25,-59.55694284215036,0.0517209203141209,195.25799999246374
5,13,27,-57.543098570992015,0.23226753392544253,142.50109999557026
5,13,28,-59.40824572413169,0.03679759602948396,196.28440000815317
5,14,0,-46.12614716260137,3.5333895660465666,60.59280000044964
5,14,1,-46.7564769116511,3.3699381886054263,32.38369998871349
5,14,3,-55.870416499930094,0.15739163218890306,213.35440000984818
5,14,4,-58.02035462536552,-1.3322676295501878e-15,86.94959999411367
5,14,6,-57.752025308243354,0.07425154715423532,71.94789999630302
5,14,7,-59.30519058544001,0.010150950143743565,95.38810001686215
5,14,9,-58.322107964280065,0.13735338583555423,195.69039999623783
5,14,10,-45.876318042137804,0.07738271633283089,232.1970000048168
5,14,12,-56.09501942081311,0.04079259036678318,197.0551000267733
5,14,13,-53.67045908842947,-3.552713678800501e-15,44.66309997951612
5,14,15,-59.13282313983778,0.11342111155811163,73.4420999942813
5,14,16,-56.39127982356258,-5.329070518200751e-15,82.88090000860393
5,14,18,-44.10767069888412,0.019874014860758127,144.996600021841
5,14,19,-55.40034530084749,0.021178664311087392,67.51189997885376
5,14,21,-57.071102183766115,0.06148241757826267,179.9104000092484
5,14,22,-45.8474297663233,0.040340171303520744,97.85269998246804
5,14,24,-56.14017176869266,0.036669803076382346,180.3580999840051
5,14,25,-55.87126371575805,-3.552713678800501e-15,48.09409999870695
5,14,27,-59.25825285657689,0.14725540007360438,71.1285000143107
5,14,28,-56.37142624948067,-5.329070518200751e-15,77.97720000962727
5,15,0,-46.07646718544177,3.5273915608177164,60.705099982442334
5,15,1,-46.42419679362115,3.3748002641510157,32.85930000129156
5,15,3,-59.246004668455214,0.250326379070708,338.5726999840699
5,15,4,-59.74705645816903,0.013257184219130913,264.489399996819
5,15,6,-58.81003007984092,0.13063354921940107,250.60209998628125
5,15,7,-58.86014929753237,0.030561690814864928,130.0168999878224
5,15,9,-58.688895679027056,0.09282873808405645,107.93609998654574
5,15,10,-58.78194346416329,0.007852486330298891,125.83549998817034
5,15,12,-58.784970939441905,0.03802430452000283,125.71230001049116
5,15,13,-58.92352730299893,0.007135216712627734,159.25330002210103
5,15,15,-58.744954713270296,0.03704298226306757,125.91599998995662
5,15,16,-58.99359579670129,0.006205551763072137,174.49060000944883
5,15,18,-58.900938520222226,0.022324816039126283,132.50179999158718
5,15,19,-59.013862549979564,0.006865836782030232,156.50359998107888
5,15,21,-58.89018286462091,0.05363846850359133,123.86900000274181
5,15,22,-59.025254479464955,0.0068562006327996805,155.81110000493936
5,15,24,-58.755600633741466,0.041951455085399436,127.42850001086481
5,15,25,-58.967144255260024,0.006651685165692367,157.71379999932833
5,15,27,-58.82737758733118,0.035075498453968956,125.01950000296347
5,15,28,-59.048497312277,0.006611840383437428,158.33850001217797
5,16,0,-46.54763965495683,3.5315789853742965,59.83759998343885
5,16,1,-46.42661988876385,3.362350703751876,32.23630000138655
5,16,3,-50.35821044612617,0.10691392173736869,308.5230000142474
5,16,4,-58.58403065657497,0.019724859617636703,201.91350000095554
5,16,6,-58.323737090076676,0.014757390900527634,107.42029998800717
5,16,7,-59.20453603601858,0.008478477648132365,76.42729999497533
5,16,9,-58.53353038672525,0.014514924220689895,106.7310000071302
5,16,10,-59.157989694153635,0.00835236601505951,75.31750001362525
5,16,12,-58.343198493682735,0.037769521843641574,108.50120001123287
5,16,13,-59.29323185091886,0.0094777797316552,75.71679999819025
5,16,15,-58.41984257846376,0.03526563933198412,106.84530000435188
5,16,16,-59.28262717543317,0.008339619715705737,75.16010000836104
5,16,18,-58.46636107437899,0.027534903652759235,109.29510000278242
5,16,19,-59.291309321155204,0.01113671446858433,74.14859998971224
5,16,21,-58.404737413878024,0.024045051030222142,105.6897999951616
5,16,22,-59.13300654843232,0.008487323465916408,73.48610000917688
5,16,24,-58.37604282561564,0.019846273137078985,108.42269999557175
5,16,25,-59.20561350179069,0.009574971506247643,73.59620000352152
5,16,27,-58.373904924686045,0.02969076861055009,108.81619999418035
5,16,28,-59.26989882945571,0.009452255253422859,74.28410000284202
5,17,0,-46.292943368282046,3.512506486994469,60.10709999827668
5,17,1,-46.38090826870956,3.3620598739767438,32.565100002102554
5,17,3,-59.134296509098505,0.27487641040176314,142.37430001958273
5,17,4,-59.61779933615704,0.10138886962535709,96.89549999893643
5,17,6,-59.61353531123234,0.10859043813845592,165.08239999529906
5,17,7,-59.4902211890118,0.1317675552591866,113.65729998215102
5,17,9,-58.72707430712482,0.0413551080632697,125.22239997633733
5,17,10,-45.962199901175836,0.008421590072833496,150.046900002053
5,17,12,-58.867122636144,0.072870557515196,145.51390000269748
5,17,13,-45.931378810743006,0.0842261946655043,91.33950000978075
5,17,15,-57.084215802450124,0.10175414945549144,239.01399999158457
5,17,16,-53.953859104752695,0.20815272425390674,77.37640000414103
5,17,18,-55.727525163888586,0.39671386933191277,124.21880001784302
5,17,19,-53.29202375706153,0.40291800065310657,105.43359999428503
5,17,21,-55.976844977376544,0.38696291399603644,194.74649999756366
5,17,22,-53.95831614667428,0.3841602734111964,88.98289999342524
5,17,24,-57.071459350119966,0.41403682995819446,218.3249999943655
5,17,25,-53.697009404675455,0.2670457360166898,88.43639999395236
5,17,27,-55.383150119065974,0.3670410658887997,193.49499998497777
5,17,28,-54.03088376173483,0.37946926080854704,91.27669999725185
5,18,0,-46.176579859110795,3.5520363225407214,61.272500024642795
5,18,1,-46.260092164663305,3.3281613445418903,32.63870000955649
5,18,3,-58.1212433703093,0.16533869106415966,204.68339999206364
5,18,4,-46.56934943352677,0.08423821524280228,85.25159998680465
5,18,6,-59.69600271006324,0.01438340990888931,163.22849999414757
5,18,7,-59.34188277496013,0.03181058857189756,81.6536000056658
5,18,9,-58.37796697072575,0.007930919229583111,252.38759999047033
5,18,10,-58.61583554361265,0.006915073234449842,91.26650000689551
5,18,12,-58.83205133900403,0.0064959052238615644,253.51989999762736
5,18,13,-59.00050775044396,0.006213714137852655,93.4187000093516
5,18,15,-58.90532168698482,0.008392227759586257,236.10219999682158
5,18,16,-58.964289940792995,0.006576974761452803,89.83029998489656
5,18,18,-58.82455618671297,0.008009085491794243,217.9824000049848
5,18,19,-59.08329849436681,0.007869780198123788,90.9103000012692
5,18,21,-58.76598755420224,0.017046071921400285,126.18410002323799
5,18,22,-58.87252511513181,0.008006784649144727,90.89890000177547
5,18,24,-58.83125928852084,0.012985143734311144,128.8903999957256
5,18,25,-58.89847552330717,0.007784273155027499,90.31390000018291
5,18,27,-58.78805242708766,0.010526877732007556,128.81090000155382
5,18,28,-58.891574005788186,0.008171657332299187,92.00330000021495
5,19,0,-46.10234953338893,3.5354105617298823,59.679600002709776
5,19,1,-46.349700350801385,3.3377791220139668,32.12869999697432
5,19,3,-50.20450892855085,0.09463752350418275,305.35420001251623
5,19,4,-58.452738187983556,0.016790048209839092,94.23610000521876
5,19,6,-58.69359456498023,0.011559429113066066,107.77020000386983
5,19,7,-58.69576800691819,0.007793023564593327,80.59420000063255
5,19,9,-58.7071788971943,0.01040771779141636,107.23610001150519
5,19,10,-58.752014127087946,0.007953887972497409,79.59949999349192
5,19,12,-58.73546016103166,0.019604375875835967,124.65189999784343
5,19,13,-58.80473802884277,0.007429625437507248,77.23000002442859
5,19,15,-58.664096840445175,0.017453019085752697,127.0471999887377
5,19,16,-58.78449707176926,0.007553587399254269,82.83709999523126
5,19,18,-58.598694739364376,0.008647240375768028,126.80389999877661
5,19,19,-58.94724612039682,0.007638467897483903,77.28870000573806
5,19,21,-58.80350596260028,0.016783861421135526,124.80960000539199
5,19,22,-58.87112542716356,0.0073540091677912756,78.81029997952282
5,19,24,-58.66945131541294,0.02179456741127561,125.69339998299256
5,19,25,-58.91284467003229,0.007669448664510359,82.05160000943579
5,19,27,-58.7003385396342,0.008379215797017281,126.10630001290701
5,19,28,-58.89459570684185,0.006745992191633299,77.73249997990206
10,0,0,-72.6718879607789,0.9623863309288514,159.2543000006117
10,0,1,-73.04348589304091,0.2227803852564385,154.17200000956655
10,0,3,-72.90943733469727,0.87991255585475,223.08039999916218
10,0,4,-73.02274933829773,0.15035018778919795,190.07199999759905
10,0,6,-72.91714344901646,0.8785277330178927,219.4168999849353
10,0,7,-73.06004084216013,0.1829909797675553,202.9159000085201
10,0,9,-72.94804050566972,0.8408677873954165,131.4618000178598
10,0,10,-73.24386791671776,0.09182911463057808,306.71520001487806
10,0,12,-73.22844296196855,0.7542495943940868,219.5646000036504
10,0,13,-73.25393317320695,0.1443920467648443,181.25550000695512
10,0,15,-73.02643379642306,0.7413573827246576,223.14109999570064
10,0,16,-72.99213973520347,0.08781909652282494,201.76569998147897
10,0,18,-72.5859389963646,0.7391725508576001,311.65499999769963
10,0,19,-72.61747422634542,0.354206757803186,224.43309999653138
10,0,21,-58.94799413743493,0.7588249775081422,314.1475000011269
10,0,22,-46.64317159407314,0.09276441008288261,280.7463000062853
10,0,24,-58.70067574670963,0.7368517302766029,289.4662000180688
10,0,25,-49.374225335121295,0.09820485190102479,243.58520001987927
10,0,27,-58.82835125505843,0.7783440842703699,291.6114999970887
10,0,28,-48.76394252408574,0.08798259402146602,249.63440001010895
10,1,0,-45.606273539301725,5.058054454511292,59.447100007673725
10,1,1,-47.10903272477926,4.965245582492999,33.86080000200309
10,1,3,-47.98328891424641,1.2641412954250826,669.2680999985896
10,1,4,-71.62433304241543,0.6522863325320882,330.1939999801107
10,1,6,-56.76549045218526,0.8203519658843297,325.5712000245694
10,1,7,-34.743606182075176,0.015502055867332665,157.84040000289679
10,1,9,-27.583948624016728,0.05239797602523755,165.27789999963716
10,1,10,-28.495657692381066,0.0,230.93679998419248
10,1,12,-27.491946873095834,0.04624724946023884,174.73359999712557
10,1,13,-30.41795772925671,2.220446049250313e-15,215.02269999473356
10,1,15,-27.601222690598824,0.04745333095774229,169.07000000355765
10,1,16,-30.665110591140717,0.0,221.96130000520498
10,1,18,-27.58869887973555,0.04071324252473496,165.84010000224225
10,1,19,-31.2418006022034,1.7763568394002505e-15,214.13209999445826
10,1,21,-27.515454415712366,0.06503540859151435,169.05769999721088
10,1,22,-30.82987916573006,0.0,211.91430001636036
10,1,24,-27.49213185861648,0.04149257274969176,167.4563999986276
10,1,25,-31.049570598515846,0.0,213.58350000809878
10,1,27,-27.4709950017569,0.0584603782040134,168.99299999931827
10,1,28,-31.13195488581052,0.0,210.8111999987159
10,2,0,-45.95263241174389,5.061256509402609,60.01690000994131
10,2,1,-46.4553007749451,5.014687077197953,33.10339999734424
10,2,3,-51.40552887199182,0.6758333053809933,633.4503999969456
10,2,4,-44.279643136050794,0.4378092619515468,411.5002999897115
10,2,6,-47.93389851261394,0.8647724199073725,222.9464999982156
10,2,7,-38.13118003016074,0.23855175719417776,284.40380000392906
10,2,9,-31.602034613502312,0.009558422170338865,165.58440000517294
10,2,10,-33.645829040795135,0.0,204.64280000305735
10,2,12,-31.50362212669849,0.036838221581195985,188.04989999625832
10,2,13,-29.689439295630088,1.7763568394002505e-15,196.04949999484234
10,2,15,-34.80655028380795,0.24982770694843848,115.48769997898489
10,2,16,-43.86975158820039,0.008149179973942822,120.10000000009313
10,2,18,-39.76649799418949,0.10437017149665828,183.45390001195483
10,2,19,-35.13886753186815,0.01347997194155326,225.2880999876652
10,2,21,-36.01370476843638,0.699262862209737,70.0582999852486
10,2,22,-37.14938849339756,0.27208693110466653,205.7290000084322
10,2,24,-32.16623730843274,0.8532992761781832,416.1428999796044
10,2,25,-35.314401094625424,0.21871358566751775,162.03300000051968
10,2,27,-32.80614579869543,0.8064768648118843,324.84470002236776
10,2,28,-34.589170831888644,0.14588151038586883,199.39669998711906
10,3,0,-45.90153923483679,5.084802778580558,59.734800015576184
10,3,1,-45.94402541383671,5.025861199695024,32.63960001640953
10,3,3,-35.70716191180071,0.9671683530729291,226.4650000142865
10,3,4,-40.93149208468152,0.05005582945240494,280.4515000025276
10,3,6,-38.92674887991477,0.21802197154808112,187.4192000250332
10,3,7,-28.78966616831201,0.002865986449475333,113.88339998666197
10,3,9,-27.46939874560279,0.004222350923019924,142.16799999121577
10,3,10,-22.426681861673814,0.0,157.84979998716153
10,3,12,-27.46362906453373,1.7763568394002505e-15,144.4091000012122
10,3,13,-22.316836145280835,0.0,212.76530000614002
10,3,15,-27.470405650496605,0.0,142.5671000033617
10,3,16,-23.387831880111534,0.0,216.20480000274256
10,3,18,-27.461264518572598,4.440892098500626e-16,144.96000000508502
10,3,19,-23.525139025602655,0.0,214.32590001495555
10,3,21,-27.466647659288444,-8.881784197001252e-16,142.1865999873262
10,3,22,-23.25052473462042,0.0,211.90280001610518
10,3,24,-27.452123386648967,0.0,145.37430001655594
10,3,25,-24.348981898549347,0.0,220.01799999270588
10,3,27,-27.470405650496605,-8.881784197001252e-16,141.80289997602813
10,3,28,-23.744830458388435,0.0,220.16939998138696
10,4,0,-46.09113282358156,5.066098320764224,61.17100000847131
10,4,1,-46.187032650263106,4.993572448911376,33.51219999603927
10,4,3,-45.66811932527365,0.262028519476597,549.7074000013527
10,4,4,-45.6991856778895,0.11653766027140167,738.65929999738
10,4,6,-44.43397489371285,0.07982447273332927,268.24830000987276
10,4,7,-35.49220507008933,0.013375343315894295,127.832700003637
10,4,9,-31.52326270697878,0.032794511654453906,231.49549998925067
10,4,10,-34.43264972089901,0.0028659864412046154,139.2395999864675
10,4,12,-53.096470655671055,0.7771631558329253,364.4957000215072
10,4,13,-33.87992788785572,0.00567859128367143,178.45320000196807
10,4,15,-37.838054948535564,0.11188386265561667,447.26479999371804
10,4,16,-35.0263705714552,0.12636655022179077,197.1544999978505
10,4,18,-37.84512800157865,0.08996105575725588,247.86470000981353
10,4,19,-43.67990717435963,0.021154237774610785,119.42780000390485
10,4,21,-43.595314334446414,0.09906638430822445,219.8000000207685
10,4,22,-35.83431833659847,0.01609475889212053,110.19860001397319
10,4,24,-31.720766305122456,0.02051089324311972,161.22760000871494
10,4,25,-34.74360618207443,-4.440892098500626e-16,165.16319999936968
10,4,27,-32.45100933374594,0.3088895348841645,204.7370999935083
10,4,28,-36.02345543642902,0.0007512208631972328,159.1123999969568
10,5,0,-45.81701704174543,5.096554635287875,60.109600017312914
10,5,1,-46.24316495535581,4.984695764906483,34.99220000230707
10,5,3,-72.41543842252597,0.2631746796033818,252.1005000162404
10,5,4,-73.29173724725094,0.027556291293535207,206.44559999345802
10,5,6,-72.34545540562941,0.16424667631897294,208.62299998407252
10,5,7,-73.35442811973724,0.021869494037509707,158.3571000082884
10,5,9,-72.27777480800972,0.15270130835673723,205.1377999887336
10,5,10,-73.35841832188781,0.017998385974345332,165.37390000303276
10,5,12,-72.35265520658305,0.1374359916888821,204.5698000001721
10,5,13,-73.35038283172489,0.016924484073686408,164.63559999829158
10,5,15,-72.1932800201704,0.16171242767207628,206.40270001604222
10,5,16,-73.35537038105191,0.020858540225555,162.7477000001818
10,5,18,-72.27371597632566,0.16396817504930317,207.89310001418926
10,5,19,-73.35930905310617,0.01611877918237914,166.30449998774566
10,5,21,-72.52072689719277,0.1764786407141241,204.65949998470023
10,5,22,-73.36331250544674,0.02032597989653384,165.32770000048913
10,5,24,-72.30906378234579,0.1713105387251923,207.45899999747053
10,5,25,-73.33363029746329,0.02130985221029169,162.53480000887066
10,5,27,-72.27993824138744,0.14120435196129422,204.7259000246413
10,5,28,-73.35332661643297,0.015764449405538006,162.52309997798875
10,6,0,-45.852377115347934,5.04341193512319,58.94590000389144
10,6,1,-46.708561648298804,5.034829734151026,32.55259999423288
10,6,3,-72.25526005206102,0.350252785028756,252.57030001375824
10,6,4,-73.30450953680437,0.05298597585743492,370.05470000440255
10,6,6,-72.48407269825708,0.32710473876937685,220.71009999490343
10,6,7,-73.24489879993753,0.09307685608574978,208.4028999961447
10,6,9,-72.356495330731,0.3656037401280574,239.6879000007175
10,6,10,-73.10158789566061,0.10563383993609454,264.3136999977287
10,6,12,-72.2927959068894,0.3809839969771265,197.55960002657957
10,6,13,-72.92921560010956,0.15295395158134495,238.6668999970425
10,6,15,-71.96978197369569,0.4130643441137798,131.4868000044953
10,6,16,-72.86596076080171,0.1416145970451157,222.79770000022836
10,6,18,-72.18849510890082,0.43207528747452706,134.43120001466013
10,6,19,-72.90648125310754,0.1479538451084399,227.36530000111088
10,6,21,-72.08928951431169,0.40436666867129833,129.37619999866
10,6,22,-72.82395691761562,0.13754819285965558,234.75659999530762
10,6,24,-71.83330309291514,0.37432373025306354,133.08450000477023
10,6,25,-54.45868567759473,0.15349010239426164,509.0329000086058
10,6,27,-58.086646349237476,0.3744376663001505,154.883700015489
10,6,28,-45.91941986462003,0.022010683623381766,382.91929999832064
10,7,0,-45.84520954138229,5.052016157849898,61.012999998638406
10,7,1,-45.98661194242566,5.0222427970549575,33.94190000835806
10,7,3,-48.22163944643766,0.6028449261282958,581.0085999837611
10,7,4,-45.953358848129724,0.05422921751255494,408.4259000082966
10,7,6,-47.97395557275233,0.446014057937582,177.47850000159815
10,7,7,-45.956348853842826,0.031423458397524584,217.8074999828823
10,7,9,-48.19862606752889,0.45335303474421074,179.84440000145696
10,7,10,-45.95672860154046,0.030852834230374437,199.74350000848062
10,7,12,-47.80223542542463,0.45217896912810773,180.6615000241436
10,7,13,-45.956458812700376,0.03863879154491112,201.98579999851063
10,7,15,-47.89890658394715,0.46178443614213704,184.88089999300428
10,7,16,-45.95720327965875,0.03167682862243648,200.22729999618605
10,7,18,-48.30090437188851,0.4495729971936311,178.45440001110546
10,7,19,-45.95721270265538,0.015681677989124232,201.23629999579862
10,7,21,-47.63147452890756,0.46234178916385393,182.82100002397783
10,7,22,-45.95706872282154,0.04655037728889777,203.16940001794137
10,7,24,-47.8573872451012,0.46845188158353834,180.27499999152496
10,7,25,-45.95765325239236,0.018408577141092675,199.07859998056665
10,7,27,-48.44692303811209,0.46663919390478403,180.65910000586882
10,7,28,-45.95606645697008,0.037821239337159085,199.57840000279248
10,8,0,-45.64638162705933,5.082746119192803,63.28699999721721
10,8,1,-45.952267911579106,5.017761277831635,32.978300005197525
10,8,3,-73.24551405447187,0.11817833993341886,230.5255999963265
10,8,4,-73.33923414659957,0.037318979075327,186.4200999843888
10,8,6,-73.33533264150367,0.040308499769403205,206.43690001452342
10,8,7,-73.35655714623036,0.02159749628153884,155.17559999716468
10,8,9,-73.34141072731042,0.029912746934353418,205.2364999835845
10,8,10,-73.35659306034346,0.018375415863783662,156.44620000966825
10,8,12,-73.34452546587974,0.029912104106152748,205.50330000696704
10,8,13,-73.36041164904499,0.01808830397772665,158.8927999837324
10,8,15,-73.33495492224633,0.027264516273660222,206.51589997578412
10,8,16,-73.356858342246,0.020156273116229695,157.61330001987517
10,8,18,-73.29789481666327,0.02457199428407808,207.41040000575595
10,8,19,-73.35639446454357,0.0205888388073987,155.47659998992458
10,8,21,-73.3653743465345,0.019697010194286158,204.74980000290088
10,8,22,-73.36088019019255,0.016839328297059808,154.39040001365356
10,8,24,-73.33619400211765,0.02225499489746885,200.07610000902787
10,8,25,-73.35713876451479,0.01922467830915453,152.10529998876154
10,8,27,-73.36683671885439,0.03159228302161288,204.40960000269115
10,8,28,-73.35487670322667,0.01690556258910325,152.3250000027474
10,9,0,-46.005879120109704,5.096176087314099,59.263600007398054
10,9,1,-46.51915517045096,4.977073574783908,32.141300005605444
10,9,3,-71.15080468143219,0.9366894261853849,287.6243000209797
10,9,4,-73.31039436560599,0.06768534185287045,392.31939997989684
10,9,6,-58.654824292822184,0.6390731705500663,227.3247999837622
10,9,7,-73.29228080623582,0.060325680658131375,284.8594000097364
10,9,9,-58.54922982996072,0.6524788753040731,221.386999997776
10,9,10,-73.23643898392628,0.1192840061645768,202.87380000809208
10,9,12,-58.51712621845419,0.7694731525273946,217.75509999133646
10,9,13,-73.12581200247294,0.10665483604749015,256.1664000095334
10,9,15,-58.40870792171849,0.7866952295787026,217.6655000075698
10,9,16,-72.9919094822163,0.13907644222315918,274.41800001543015
10,9,18,-57.89711933053095,0.8251303713509952,181.68080001487397
10,9,19,-73.14239379364975,0.11115840416155542,401.355899986811
10,9,21,-58.1624089053949,0.7524247553079229,226.3999000133481
10,9,22,-73.23095696120365,0.1413154359248079,269.5843999972567
10,9,24,-57.90057496474373,0.7477094325288873,224.8144999903161
10,9,25,-73.17737798826523,0.12822715046253563,222.94190002139658
10,9,27,-58.280515234443484,0.7329629587096427,224.62009999435395
10,9,28,-73.07464056293097,0.12656017614802995,212.7654999785591
10,10,0,-45.91209957449335,5.080726422115257,59.70310000702739
10,10,1,-46.2411409365769,5.021896387972182,33.38899998925626
10,10,3,-59.449403566030526,0.09471070251513836,249.9046000011731
10,10,4,-46.05667883943522,0.05174244389371463,142.54460000665858
10,10,6,-59.63129081014243,0.08335191643078721,218.30700000282377
10,10,7,-46.14214429310296,0.023988546396237265,167.64229998807423
10,10,9,-59.665254743505656,0.07522512609881504,199.39500000327826
10,10,10,-46.19061360734182,0.018880116479027098,159.80559997842647
10,10,12,-59.65142288264548,0.06642116884660143,199.4937999988906
10,10,13,-46.19590004186925,0.017395270905216975,159.16690000449307
10,10,15,-59.66078554738152,0.05306695998120725,197.16529999277554
10,10,16,-46.14292897108576,0.027534527977989054,161.46430000662804
10,10,18,-59.68326073635061,0.0717759472541648,201.14460002514534
10,10,19,-46.09657113904797,0.017821554888508118,161.30899998825043
10,10,21,-59.658177814036044,0.05332362543063329,199.47909997426905
10,10,22,-46.24809811538586,0.01750144438778456,159.6653000160586
10,10,24,-59.69699920831804,0.048742024747904455,203.09920000727288
10,10,25,-46.197650300908826,0.016885338135328887,164.07950001303107
10,10,27,-59.71073698342548,0.05663409580002954,199.27989999996498
10,10,28,-46.25377064915164,0.018968852863914698,161.11379998619668
10,11,0,-45.82087767487778,5.061241690581434,60.22420001681894
10,11,1,-45.85520013472288,4.975149782995528,31.89909999491647
10,11,3,-32.371868962225506,0.5560478556806272,363.2431000005454
10,11,4,-31.95109582762752,0.024249427151149305,196.69000001158565
10,11,6,-39.42573822762107,0.942130575874093,76.64630000363104
10,11,7,-43.76637138632752,0.07685697785814982,237.7363000123296
10,11,9,-52.419660046358544,1.161641743784008,323.0948999989778
10,11,10,-37.04897346888833,0.13126150079207877,206.511500000488
10,11,12,-48.91887832197102,0.9239692489431914,440.1603000005707
10,11,13,-36.42641561523483,0.2651439790139385,174.50240001198836
10,11,15,-46.87014820379658,0.6146593776890552,290.91589999734424
10,11,16,-36.36114800581675,0.1375234544902244,281.135400000494
10,11,18,-47.92376608977358,0.7251532924294777,350.23219999857247
10,11,19,-37.342781533828344,0.18979252916598677,300.76980000012554
10,11,21,-45.859652768989804,0.5658260034257545,272.1372999949381
10,11,22,-34.337042460112265,0.2790445669510473,257.1477000019513
10,11,24,-44.734509302158756,0.6914937484242454,258.63629998639226
10,11,25,-32.73913687346337,0.1470405943853912,256.61810001474805
10,11,27,-44.46523472471514,0.6715680148400576,256.1839999980293
10,11,28,-32.38251486240853,0.06528295136334128,266.55319999554195
10,12,0,-45.96127908973669,5.070044500701304,60.179099993547425
10,12,1,-46.247328506577624,5.00026928519382,32.399099989561364
10,12,3,-59.03540706917133,0.4924283219111134,153.06969999801368
10,12,4,-45.91548521360082,0.1697199338710118,273.3940000180155
10,12,6,-58.52026544668294,0.473638211101165,155.71260001161136
10,12,7,-45.86626949660339,0.14485113194171806,405.5625000037253
10,12,9,-58.54702345423986,0.4061774447142654,130.40470000123605
10,12,10,-45.90473159668936,0.11218985407608573,289.1661000030581
10,12,12,-58.64894495940637,0.3711880895575934,130.0418000028003
10,12,13,-45.91243310800722,0.12138016969264465,271.0799000051338
10,12,15,-58.65700146451158,0.34594316347723564,151.54630001052283
10,12,16,-45.91949225348952,0.07450716122336853,252.3475999769289
10,12,18,-58.701364854024845,0.3358932377062622,154.2349000228569
10,12,19,-45.953856946870616,0.09085492383292548,239.0773000079207
10,12,21,-58.55017292864446,0.3158332621388804,156.932300014887
10,12,22,-45.94742518394414,0.0656299746943736,235.74389997520484
10,12,24,-58.61080706709154,0.34597553780092505,156.63479999057017
10,12,25,-45.92644477733599,0.06044576775410082,237.7227000251878
10,12,27,-58.574407274809715,0.33522044845278454,155.63900000415742
10,12,28,-45.92964997657751,0.08313109822230658,237.17379997833632
10,13,0,-45.86251772364466,5.077048564932344,63.40479999198578
10,13,1,-45.98114796522787,5.000248088987499,34.50539999175817
10,13,3,-73.19481098882905,0.403987344406219,295.804199995473
10,13,4,-73.29262456968709,0.04226224935925016,258.96979999379255
10,13,6,-73.16830661034552,0.7040940780654605,218.2973999879323
10,13,7,-73.24100544890976,0.08816585536630983,202.7315000013914
10,13,9,-73.05837309102198,0.809883624032407,222.00199999497272
10,13,10,-73.1406751518815,0.12418986348867689,187.4592000094708
10,13,12,-72.76601574468363,0.7779114937659592,243.89729998074472
10,13,13,-72.78032193599498,0.11559328510937128,406.4701999886893
10,13,15,-72.62028627019906,0.8247624237615423,288.1892000150401
10,13,16,-70.68208746627039,0.16502395267915881,180.4452000069432
10,13,18,-58.893595368261145,0.7546060448548555,287.37740000360645
10,13,19,-45.893542014903986,0.10071192649572236,248.81309998454526
10,13,21,-58.6299699758001,0.7434105805190971,268.8707999768667
10,13,22,-45.89973935933332,0.08617355411436689,224.7829999832902
10,13,24,-58.64523850252107,0.7473997309642233,263.93950000056066
10,13,25,-45.918526948153286,0.05838574559663323,228.32630001357757
10,13,27,-58.7371359817009,0.7326126834441726,263.65729997633025
10,13,28,-46.08398591396507,0.07350324230171301,227.55680000409484
10,14,0,-46.265699647803125,5.06948695693234,61.67919997824356
10,14,1,-46.61815421400778,4.9636431153085265,32.2370000067167
10,14,3,-45.85257913225338,0.08420099142282078,192.0776000188198
10,14,4,-45.9588798538946,0.03885286071711169,154.18849998968653
10,14,6,-45.952164154816074,0.037182807903595405,224.73359998548403
10,14,7,-45.96050028527351,0.025766150039181923,170.04610001458786
10,14,9,-45.9564634519038,0.03236048792931001,223.17409998504445
10,14,10,-45.95544495718788,0.03409142635473561,171.0902999911923
10,14,12,-45.95101389520005,0.03932253581899525,223.9543000177946
10,14,13,-45.958699656562956,0.025202957156156724,171.12460001953878
10,14,15,-45.95342674558269,0.028588412569762855,224.39529999974184
10,14,16,-45.959671788356076,0.0245950899817049,172.01790001126938
10,14,18,-45.9546897650596,0.02792114904698817,224.23890000209212
10,14,19,-45.959366965096876,0.0276043729416382,172.45460001868196
10,14,21,-45.952695108312085,0.030914558978461848,226.28569998778403
10,14,22,-45.959989516894154,0.01905205248548425,170.83479999564588
10,14,24,-45.94984203515219,0.027816400735209745,227.6216000027489
10,14,25,-45.957060929194576,0.02326303584240552,173.18539999541827
10,14,27,-45.95232134483179,0.028051745603782763,224.46789999958128
10,14,28,-45.95978590903623,0.029278186834655884,173.94429998239502
10,15,0,-45.77538758112874,5.075223544039611,58.69519998668693
10,15,1,-46.27967585316136,5.0381970048807165,34.505699994042516
10,15,3,-60.369131414552115,0.9533033837412923,291.34500000509433
10,15,4,-73.1598875539967,0.023457920765895146,340.2446999971289
10,15,6,-57.72435872721377,0.7417654770929019,254.13380001555197
10,15,7,-73.2199740241272,0.02737610886882491,288.18189998855814
10,15,9,-57.90562463647383,0.8363102042570068,223.78719999687746
10,15,10,-73.2254837681038,0.0669423616901601,251.3127000129316
10,15,12,-58.44228577249713,0.9258628682299623,237.7046000037808
10,15,13,-73.15112905452955,0.08817341230715625,325.87709999643266
10,15,15,-57.33599305772095,0.9216034547604632,267.147800012026
10,15,16,-72.58767803378821,0.14393788673332653,308.62329999217764
10,15,18,-57.89185591305432,0.9821809126954184,134.80329999583773
10,15,19,-72.79988651924725,0.1648523823751149,243.77520001144148
10,15,21,-57.930803816674825,1.0175697455878823,134.95519998832606
10,15,22,-72.90196004091798,0.17290977305248179,252.83240000135265
10,15,24,-57.61443641778135,1.0135159960032587,134.3889000127092
10,15,25,-72.50690562312798,0.17528232838230595,264.8099000216462
10,15,27,-57.681604769194465,0.9871321674387914,138.62000001245178
10,15,28,-72.85530562657675,0.17094889148820247,260.8366000058595
10,16,0,-46.14321954773881,5.086013800580921,61.45879998803139
10,16,1,-45.93526514043579,4.976472372594014,33.022599993273616
10,16,3,-52.95903398303029,0.45113478712179167,298.1339000107255
10,16,4,-46.05908464658265,0.03346870823985526,269.6680999943055
10,16,6,-59.555740150454156,0.6754640875981588,221.18039999622852
10,16,7,-46.037767662206704,0.05189126737744587,199.22159999259748
10,16,9,-59.42579241603831,0.8186744901546923,225.76710002613254
10,16,10,-45.97226634697918,0.11814858833470376,233.47520001698285
10,16,12,-59.17608249638545,0.851206357328288,236.7204999900423
10,16,13,-45.88179040943403,0.14248010242821163,313.83279999135993
10,16,15,-58.85692403842864,0.8800847650132908,222.40149998106062
10,16,16,-45.83166815619606,0.13874961652832862,296.03270001825877
10,16,18,-58.743555269221375,0.8781701123538679,153.44729999196716
10,16,19,-45.81633168974302,0.1300809477680569,303.2227999938186
10,16,21,-58.47650353735777,0.8557533783291604,135.95120000536554
10,16,22,-45.91244146886703,0.13448866286888705,306.16309997276403
10,16,24,-58.45132470367545,0.8297381589263508,132.29119998868555
10,16,25,-45.917675846192566,0.10194180945348297,275.4711000015959
10,16,27,-58.60814385008112,0.8181556817682281,154.75659997900948
10,16,28,-45.92241212719636,0.09394058706208863,261.10120001249015
10,17,0,-45.88838881707697,5.061180291228236,61.698999983491376
10,17,1,-45.92040279436192,5.002264063991873,33.7565999943763
10,17,3,-45.91378751981407,0.1286727387501161,434.0000999800395
10,17,4,-45.95092162755244,0.04245088576490197,245.48469998990186
10,17,6,-45.95175411487848,0.044268618690027184,200.12100000167266
10,17,7,-45.954872497078924,0.02434649994987481,206.91680000163615
10,17,9,-45.952496312610265,0.037914721223057724,197.6870999787934
10,17,10,-45.95720402266765,0.02939444338323094,206.27799999783747
10,17,12,-45.952351595334605,0.03535894556479935,203.4556999860797
10,17,13,-45.956713322088696,0.027194519320912214,204.68339999206364
10,17,15,-45.95237141591129,0.03512797010461055,198.4507000015583
10,17,16,-45.95631660665921,0.027616282788779145,200.59540000511333
10,17,18,-45.95473268775578,0.03912589067896621,201.09489999595098
10,17,19,-45.95723949048437,0.025139607666966324,203.28479999443516
10,17,21,-45.9541202183529,0.03605532244790033,201.96090001263656
10,17,22,-45.95710355537126,0.025450032351032714,203.02829999127425
10,17,24,-45.95263628065514,0.03574128600964266,206.31280000088736
10,17,25,-45.9565483818382,0.022545747320387388,210.1482999860309
10,17,27,-45.953465297323035,0.034175386324581725,197.77199998497963
10,17,28,-45.9562351080813,0.02235011796616737,201.36130001628771
10,18,0,-46.00264659163635,5.050339136623195,59.99489998794161
10,18,1,-46.53815356807683,5.009959860144885,32.34589999192394
10,18,3,-54.86332474711719,1.046638058454284,180.53449998842552
10,18,4,-45.940809491654136,0.055734784346084254,567.0477000239771
10,18,6,-55.44140206977291,0.8886200615622728,178.1714000098873
10,18,7,-45.920203530431465,0.13449528391855514,460.42009998927824
10,18,9,-55.28481120276235,0.8053354686499781,156.9465000065975
10,18,10,-45.93711520630793,0.09973343645407384,322.2943999862764
10,18,12,-55.649278663831865,0.8076924760012176,155.0000999995973
10,18,13,-45.95469284170119,0.07906418234638712,303.3845000027213
10,18,15,-55.707999040838274,0.7687984831258559,153.41920001083054
10,18,16,-45.953313000613036,0.04052347827285718,285.6991000007838
10,18,18,-55.55829795412762,0.7088887728633144,155.08019999833778
10,18,19,-45.95835430307489,0.07857412977491984,288.1956000055652
10,18,21,-55.07055843984253,0.7965646989628734,158.07490001316182
10,18,22,-45.95952118021887,0.06623405380157266,285.07539999554865
10,18,24,-55.039640171440645,0.7372376498381594,155.63059999840334
10,18,25,-45.954450176102426,0.09429601402044518,285.57350000482984
10,18,27,-55.72797579736449,0.740084878084404,159.80329999001697
10,18,28,-45.95349116751834,0.09227446622451563,286.2856000137981
10,19,0,-45.78959248597005,5.082112971320438,60.65870000747964
10,19,1,-46.19296391067023,5.008688350470376,33.36470000795089
10,19,3,-55.35074240168342,0.6799362183241213,570.2160999935586
10,19,4,-43.78550480972535,0.2725063440025708,367.0982999901753
10,19,6,-47.62430472623596,0.3505709833229267,269.6278999792412
10,19,7,-37.991530161988436,0.2740301265207483,294.4431999931112
10,19,9,-36.93565556841091,0.018289284947170525,179.48900000192225
10,19,10,-26.29958008953762,0.12592502399525252,137.21519999671727
10,19,12,-30.352026385904537,0.1736846733422146,299.0937000140548
10,19,13,-25.963421949365838,0.14736029369501935,279.6212999965064
10,19,15,-31.347952642697827,0.065739224609203,247.7777000167407
10,19,16,-25.9195173846363,0.07216934292355281,219.22229998745024
10,19,18,-31.353954630827943,0.05122068577117944,251.49120000423864
10,19,19,-25.965489378365113,0.07422840590836088,213.85689999442548
10,19,21,-31.376673185009707,0.04986983437328085,254.19929999043234
10,19,22,-26.33269358308499,0.07627005657454689,201.14369998918846
10,19,24,-31.376136624254716,0.04351240647985777,248.037099983776
10,19,25,-25.967936279721073,0.06799785186499685,203.4980999887921
10,19,27,-31.445643129371575,0.04319477389980464,248.27599999844097
10,19,28,-25.975723263583667,0.08426771330413185,204.75480001186952
15,0,0,-24.56530506252928,0.5849316922873238,1019.2132999945898
15,0,1,-23.534722182418015,0.23142961003614415,889.9436999927275
15,0,3,-28.24428259403787,0.706147846078288,564.4994000031147
15,0,4,-30.97227877743986,0.3242640722830732,488.7483000056818
15,0,6,-26.847851641019975,0.7931459868965283,485.1411000126973
15,0,7,-28.35010592624709,0.40542286176293496,557.6951999973971
15,0,9,-27.1572868862333,0.8919266243590063,523.0295000073966
15,0,10,-27.383793065893887,0.4036798111849089,709.1881000087596
15,0,12,-26.56217231522903,0.8710252913037482,521.5188000001945
15,0,13,-27.16609150438392,0.39961678862880357,720.7454000017606
15,0,15,-26.652794309478054,0.9081244318186754,557.6671999879181
15,0,16,-27.080825505116216,0.43984989978511413,707.6546000025701
15,0,18,-26.758385770162445,0.9635219171778735,582.204999984242
15,0,19,-27.260254070913117,0.4248600335604311,736.2636000034399
15,0,21,-26.483683499629574,0.9272738340731026,559.5259999972768
15,0,22,-27.06256280343391,0.4464608604029703,732.4718999734614
15,0,24,-26.7896000442519,1.010704458222502,600.1551000226755
15,0,25,-27.205240949323063,0.41985628883294757,762.8982000169344
15,0,27,-26.84581927512225,0.9561316482953124,562.3787999793421
15,0,28,-27.084404615670515,0.44237436343693437,721.1272999993525
15,1,0,-45.76136133762856,5.545439960058854,60.1794000249356
15,1,1,-45.94033793978032,5.448035773764964,33.44459997606464
15,1,3,-45.882156911594564,0.26416913060268543,397.1681999973953
15,1,4,-45.9556100616292,0.06299117388844211,516.2184000073466
15,1,6,-45.94137631574121,0.15480425710154977,495.4955000139307
15,1,7,-45.95421581672058,0.03882238927345982,567.3827999853529
15,1,9,-45.95733746866881,0.15952478960652483,503.7826000188943
15,1,10,-45.956342810085005,0.04585231757225117,567.899599991506
15,1,12,-45.9562857627226,0.1564055788436738,505.7735000154935
15,1,13,-45.95491765287561,0.039061141839376035,572.6187000109348
15,1,15,-45.94757361140992,0.16002046280467774,511.05689999531023
15,1,16,-45.95388133429094,0.046180985597582325,568.3845999883488
15,1,18,-45.95244235648835,0.1613074903578664,505.1503999857232
15,1,19,-45.95924625269458,0.03217811010052607,570.541900000535
15,1,21,-45.94926422645484,0.18525788956376799,507.3895999812521
15,1,22,-45.95718116550371,0.04773292488788483,563.20410000626
15,1,24,-45.94552931910789,0.20041347538284882,507.1738999977242
15,1,25,-45.95412867889125,0.031843462854018956,567.0367999991868
15,1,27,-45.94872222464631,0.17673568987700006,503.46329997410066
15,1,28,-45.96047714758059,0.04000620884056261,569.4020999944769
15,2,0,-45.9513336976932,5.54469368684328,61.62309998762794
15,2,1,-46.15123180542234,5.50025416040049,32.70340000744909
15,2,3,-37.13492983166839,0.9073232371116255,437.6926000113599
15,2,4,-35.77171954979055,0.27676257690465,659.8247999791056
15,2,6,-32.19850657627083,0.3340903550784611,554.7350000124425
15,2,7,-33.467078298978635,0.2940542605856069,339.59749998757616
15,2,9,-29.765463032121605,0.5285036991716896,830.9050000098068
15,2,10,-29.81111427451154,0.14216290058493986,636.9179000030272
15,2,12,-42.18099908286943,0.3959037599818065,624.781599995913
15,2,13,-34.9213017147549,0.07737935757863834,652.9555000015534
15,2,15,-30.063856484152772,0.0638687502371309,517.7177999867126
15,2,16,-25.660365567648423,0.03003762019918854,409.095500013791
15,2,18,-23.239170890477794,0.0565633072269196,347.1490000083577
15,2,19,-29.43035636749149,0.04117984236430816,569.4371999998111
15,2,21,-22.72146535452106,0.1295039501587616,437.7829000004567
15,2,22,-24.697543940241356,0.08154671679890013,709.8150000092573
15,2,24,-22.742650374520686,0.17650737401317707,484.267899999395
15,2,25,-24.21767685553901,0.12402966203520771,704.8187999753281
15,2,27,-22.598710601902297,0.18199047731796147,487.9877000057604
15,2,28,-24.019081804617024,0.11627878486632559,720.4160999972373
15,3,0,-45.70043521491265,5.54097437556153,60.09939999785274
15,3,1,-46.46423240056626,5.487806181959624,32.60700000100769
15,3,3,-60.66688942523953,0.8833999984705498,581.6361999895889
15,3,4,-59.677920374413056,0.07972375832351952,883.5490999917965
15,3,6,-61.16859695800916,0.6764292477846343,518.7339999829419
15,3,7,-59.780763753127296,0.04079735012912833,681.5005000098608
15,3,9,-61.393314831988675,0.713712824735687,518.6489999759942
15,3,10,-59.775015734162295,0.04529346095520648,624.4376999966335
15,3,12,-61.449310108634535,0.7066428301604382,518.0738999915775
15,3,13,-59.77720759248395,0.04230593177751096,624.4194000028074
15,3,15,-61.405307557560505,0.6862025867492569,517.6504999981262
15,3,16,-59.764578758505046,0.03539079288669633,622.4468000000343
15,3,18,-61.172720163511414,0.7324915645684227,520.1436000061221
15,3,19,-59.787492729399816,0.05305727903446211,620.4697999928612
15,3,21,-60.92736258406997,0.7015528829892006,518.9371000160463
15,3,22,-59.7548937116034,0.03451044755711896,624.9157999991439
15,3,24,-61.55812731840971,0.6964600634464473,525.4759000090417
15,3,25,-59.78092390089709,0.05851438308996526,620.5322000023443
15,3,27,-61.48250784604282,0.7089616272412977,519.3088999949396
15,3,28,-59.78337855571321,0.03236458709648904,627.4062999873422
15,4,0,-45.872980889596406,5.534286882500471,60.552300012204796
15,4,1,-46.043584695221014,5.454551541274268,31.236000009812415
15,4,3,-45.91495874084938,0.42400931303929346,487.1250999858603
15,4,4,-45.95618232249794,0.08149777862738627,505.50379999913275
15,4,6,-45.954298896770496,0.26207315506303663,523.8094000087585
15,4,7,-45.959490886463115,0.029450741709122763,493.3731000055559
15,4,9,-45.958583451971464,0.2936992876590274,524.2471999954432
15,4,10,-45.95935226678087,0.0474647099347516,487.2068999975454
15,4,12,-45.955889816356915,0.33098781987487547,522.0482000149786
15,4,13,-45.96031944120391,0.057466898187634285,488.8384999940172
15,4,15,-45.957471491288544,0.251334184488186,524.5659000065643
15,4,16,-45.96008005031075,0.032308054339111436,486.03519998141564
15,4,18,-45.958049001350375,0.2858797718310764,521.1634000006597
15,4,19,-45.95988926840653,0.03728265336442815,489.9001000158023
15,4,21,-45.95963248148702,0.27719788155910785,518.726299982518
15,4,22,-45.95973815471517,0.031715475106975255,491.75729998387396
15,4,24,-45.95775791013869,0.29657810921240335,521.0931000183336
15,4,25,-45.959551935616716,0.03711816979396598,488.3747000130825
15,4,27,-45.95695447507995,0.26091330536887525,522.7157000044826
15,4,28,-45.95872199191443,0.03648036887979611,489.0321999846492
15,5,0,-45.587279029881714,5.551079323275589,61.23019999358803
15,5,1,-46.01291136173529,5.497499021116147,32.64069999568164
15,5,3,-45.88708846767499,0.13860723238179506,533.1758999964222
15,5,4,-45.95467052324524,0.03872079570747733,1176.3144000142347
15,5,6,-45.95081842889198,0.06005039653896871,491.335499973502
15,5,7,-45.957162041872905,0.036591134942984826,576.3147000106983
15,5,9,-45.950556337173595,0.05848993625554311,490.3178999957163
15,5,10,-45.95681371142396,0.03213124366018105,582.2819000168238
15,5,12,-45.9534128961466,0.060135324729013284,492.8850999858696
15,5,13,-45.959239484859964,0.03763531910820772,581.2672000029124
15,5,15,-45.95039751355884,0.0536284826157869,488.0186000082176
15,5,16,-45.957383019669265,0.03645073805174359,580.3989999985788
15,5,18,-45.95390748698209,0.049122052405474514,490.99459999706596
15,5,19,-45.956125133071396,0.026079446335210754,576.8066000018734
15,5,21,-45.956765490772,0.051346888246109224,487.95879998942837
15,5,22,-45.95871541732279,0.03450099295501108,574.991500005126
15,5,24,-45.951979930177444,0.05400431277964857,486.61309998715296
15,5,25,-45.95713129965016,0.028801515401285283,575.3464000008535
15,5,27,-45.9525614133307,0.05105980981475078,489.0334000228904
15,5,28,-45.95834586800405,0.03101402308788659,574.2449999961536
15,6,0,-45.68043297729632,5.551013651968834,60.38449998595752
15,6,1,-46.08198809722875,5.539029430985714,31.99230000609532
15,6,3,-45.9385578041625,0.37377327188209364,728.8065000029746
15,6,4,-45.955770441698846,0.04379951110690472,532.5112999998964
15,6,6,-45.954747632709015,0.28468378978508957,361.502699990524
15,6,7,-45.958091998632675,0.03796985189986124,466.7714000097476
15,6,9,-45.957980852293375,0.2556633890727644,362.70269998931326
15,6,10,-45.95964871433459,0.016105976832845315,434.14490000577644
15,6,12,-45.95832225697627,0.29351980263154576,362.07719999947585
15,6,13,-45.96003253977385,0.03285811208971934,438.41110001085326
15,6,15,-45.95859281392225,0.28214154629474075,370.85999999544583
15,6,16,-45.95994855780536,0.03155009947701659,438.6439999798313
15,6,18,-45.95773898824841,0.3038638348039624,367.59320000419393
15,6,19,-45.959074795165094,0.04098551778376702,444.5267000119202
15,6,21,-45.957635838804734,0.23878931136948967,377.31609999900684
15,6,22,-45.96013394881258,0.047295114079271006,442.12200000765733
15,6,24,-45.95801656838204,0.2923440296246098,360.24349997751415
15,6,25,-45.95956833483345,0.03547804194165538,433.7785000097938
15,6,27,-45.958276298632256,0.26153504364078106,362.9529000027105
15,6,28,-45.96000790805049,0.027921771459505695,440.2000999834854
15,7,0,-45.91983673431899,5.5446284154132,62.8912000101991
15,7,1,-45.85199879600835,5.512498334554135,33.39730002335273
15,7,3,-45.86331054305451,0.10516913028533481,364.9614999885671
15,7,4,-45.9549380706198,0.03664975945555504,1027.7923000103328
15,7,6,-45.952213338343846,0.07325155534812122,502.3014000034891
15,7,7,-45.95558703680252,0.03185517974339591,774.8216000036336
15,7,9,-45.951641471944484,0.060294147712207646,496.83590000495315
15,7,10,-45.956846482526174,0.028426299480967643,762.9323000146542
15,7,12,-45.94913028299732,0.06919360501052285,495.112100004917
15,7,13,-45.95658354386296,0.03296467535313585,762.4413000012282
15,7,15,-45.94883405893081,0.05379091275064796,494.0020999929402
15,7,16,-45.9568798975737,0.035286650483570714,761.0408999898937
15,7,18,-45.94439047454213,0.0767212372840298,492.87899999762885
15,7,19,-45.95525121771665,0.038651854140903996,769.5668999804184
15,7,21,-45.95233352131309,0.0707771976850251,496.5368999983184
15,7,22,-45.96011474423374,0.02959326012553065,761.3170000258833
15,7,24,-45.948169721795885,0.0669842891430863,496.3761999970302
15,7,25,-45.959890904545176,0.03164750649262471,775.5315999966115
15,7,27,-45.95256683749231,0.07445379755232606,496.8321000051219
15,7,28,-45.959303971332446,0.03422025516707761,769.8469999886584
15,8,0,-45.46717534926725,5.540024417014527,61.78920000093058
15,8,1,-45.774171699774016,5.475291600251905,33.39590001269244
15,8,3,-45.92948258037783,0.7140514963007241,428.6236999905668
15,8,4,-45.953692347697526,0.04918690503254819,690.6808000057936
15,8,6,-45.95659070211099,0.6086341865019522,497.18540001777
15,8,7,-45.959552228337195,0.018967461031781596,578.917700011516
15,8,9,-45.957048290739806,0.6017238264607043,487.62170001282357
15,8,10,-45.960099655676004,0.021832257221077178,580.0490000110585
15,8,12,-45.95805378765897,0.6143535407645231,467.9164999979548
15,8,13,-45.96104212437197,0.024776927707257812,574.2833000258543
15,8,15,-45.95627076065692,0.5991539369749912,466.2880999967456
15,8,16,-45.96010699807917,0.02811782598641921,584.8080999858212
15,8,18,-45.95962851480337,0.5913975743159121,470.51630000350997
15,8,19,-45.95926606503129,0.027213675555765704,580.3024000197183
15,8,21,-45.957299958016264,0.5954100789935057,466.4265000028536
15,8,22,-45.95933304921658,0.022113734555397002,582.8292999940459
15,8,24,-45.957023757022114,0.61228846011393,465.77650000108406
15,8,25,-45.95953717727882,0.019447805967327092,574.8436000139918
15,8,27,-45.95846555713202,0.5875026499826501,466.6274999908637
15,8,28,-45.958896192543335,0.01963790703932533,583.5844999819528
15,9,0,-45.90907412679505,5.564729963032574,61.3823999883607
15,9,1,-46.17749659972652,5.47464331857989,33.049299992853776
15,9,3,-53.99418161993618,0.985293161627216,1015.7022999774199
15,9,4,-45.41513243057897,0.6145865409487024,1018.1228999863379
15,9,6,-53.03821137725148,0.6981516085712269,531.6683000128251
15,9,7,-42.816347260900514,0.3499308002575994,950.2926999994088
15,9,9,-49.69737292068911,0.4743807449782682,480.0802999816369
15,9,10,-41.05548464338809,0.26576179321870574,848.1646000000183
15,9,12,-45.92763062701249,0.741071922506596,565.2975999983028
15,9,13,-36.92684083623032,0.2122150707325723,542.5675000005867
15,9,15,-31.34297171427275,0.14568905370369367,484.461599990027
15,9,16,-24.866388072130686,0.024331358571716866,301.58359999768436
15,9,18,-23.23927219362298,0.10948739714553812,476.42230000928976
15,9,19,-20.74585586639404,0.010552660257991064,550.0904000073206
15,9,21,-23.428854297378635,0.12051977899578725,481.3665999972727
15,9,22,-20.99929046802327,0.005666021533160315,528.0659999989439
15,9,24,-23.410560453275743,0.11778444027554968,479.01440001442097
15,9,25,-20.54477992737956,0.005666021533159427,544.7392000060063
15,9,27,-23.34466093709804,0.11964168955659327,480.9582000016235
15,9,28,-20.613262278341814,0.01523578092517841,559.1549999953713
15,10,0,-45.69510760957702,5.518105339345316,61.82610001997091
15,10,1,-45.79810461859999,5.521229250763709,32.4475999805145
15,10,3,-45.09795047107512,1.3023562413551655,650.0169000064489
15,10,4,-42.641330946290076,0.30168932762160283,1384.856699994998
15,10,6,-40.85791884906722,0.7111299067276007,580.3576999751385
15,10,7,-39.87418260619381,0.26729036639967596,1337.579100014409
15,10,9,-37.2228253584978,0.7294078567884412,512.0155999902636
15,10,10,-38.963574962738605,0.2151878789099113,911.5766999893822
15,10,12,-35.86865090875064,0.7809072603199398,636.4005999930669
15,10,13,-32.9616980793136,0.2957804061312377,1194.0110999858007
15,10,15,-23.006637428684606,0.1920444822263545,509.56579999183305
15,10,16,-27.800045790806756,0.14762535099379814,702.5538999878336
15,10,18,-22.83253458530838,0.28348737011669334,507.00169999618083
15,10,19,-24.39386752022309,0.16377325819492805,700.0140000018291
15,10,21,-23.113973904956445,0.2811564562550055,509.9090999865439
15,10,22,-23.828797024996348,0.1649582407402752,688.0944999866188
15,10,24,-23.101254648447117,0.27299244223327856,507.38329999148846
15,10,25,-23.86310853762493,0.16930236366242557,658.6445000139065
15,10,27,-23.183769361117932,0.26280467971921917,509.85609999042936
15,10,28,-23.824469181603728,0.17703229451463898,687.6860999909695
15,11,0,-45.90095571871515,5.539397260630565,60.299200005829334
15,11,1,-46.584939412331394,5.498208861506079,32.36860001925379
15,11,3,-49.267767428728945,1.1895432882638268,381.1149999964982
15,11,4,-45.878701468418164,0.2954351360786247,1138.0598999967333
15,11,6,-50.042854247972755,0.970907544367317,391.0809000080917
15,11,7,-45.93323317641412,0.2230200695573954,611.0904999950435
15,11,9,-50.06761220239766,0.9251939000531211,394.53260001027957
15,11,10,-45.94364744614387,0.19798813185832786,581.0012000147253
15,11,12,-49.80100487353515,0.9361261187180869,397.5002999941353
15,11,13,-45.9361791430531,0.18714070290237927,498.52090000058524
15,11,15,-50.02687555021318,0.901201173575386,394.61270000902005
15,11,16,-45.93415765523639,0.20981803462613646,498.05920000653714
15,11,18,-50.07419079963185,0.9236563045294517,394.91100001032464
15,11,19,-45.94530731366115,0.2167618107944218,495.77740000677295
15,11,21,-49.97297568462204,0.9512023633593922,394.36299999943003
15,11,22,-45.94697659386043,0.21039273256508562,491.8269000190776
15,11,24,-50.05056102065444,0.9294380048241229,396.4313000033144
15,11,25,-45.93217634785654,0.134224116787367,585.1407999871299
15,11,27,-49.945433432487704,0.8969070160016692,397.93949999148026
15,11,28,-45.94743461680399,0.16650172905228988,492.7884000062477
15,12,0,-45.901061088204074,5.555665902188463,63.03769999067299
15,12,1,-45.83494167179538,5.4818608733271486,32.25349998683669
15,12,3,-45.918452816554634,0.6075167405112549,486.65919998893514
15,12,4,-46.58225747184046,0.08253172676379261,1032.7705000236165
15,12,6,-46.06951880368966,0.46490902256172206,516.0837000003085
15,12,7,-46.658626915840934,0.05455349994880221,701.2937999970745
15,12,9,-46.30597025656236,0.46690362026775345,514.5331000094302
15,12,10,-46.62169399931541,0.05738056783050194,687.2996000165585
15,12,12,-46.222476546998934,0.4623576340271238,518.3784000109881
15,12,13,-46.5921880666951,0.04384590460767601,648.3520999900065
15,12,15,-46.23193726125222,0.4468023568962376,512.9683999984991
15,12,16,-46.63726386126417,0.057930465472037174,650.9803000080865
15,12,18,-46.17860266882904,0.44676154596306383,512.9083000065293
15,12,19,-46.629651087259795,0.04433679984537742,648.7169000029098
15,12,21,-46.293769091594015,0.4627118298424573,515.678099996876
15,12,22,-46.61533601600289,0.04426382674823026,647.3115999833681
15,12,24,-46.18241076696715,0.452216961274146,514.5652000210248
15,12,25,-46.64587114930557,0.04405367690541606,657.187700009672
15,12,27,-46.18923555212634,0.44083921438863904,517.4699999915902
15,12,28,-46.616374339707455,0.046076426308851115,648.959800018929
15,13,0,-46.1520602349804,5.527977496550788,63.10260001919232
15,13,1,-46.1003459035679,5.514467174267548,32.65740000642836
15,13,3,-45.891253383267276,0.6889177656737326,1112.0308999961708
15,13,4,-45.955976336541305,0.05212064797821059,716.7358000006061
15,13,6,-45.95557692726125,0.4488048488807057,300.3356000117492
15,13,7,-45.95766415420508,0.03834059508285215,390.56120000896044
15,13,9,-45.95539717384613,0.42264312590316666,301.75009998492897
15,13,10,-45.95916426550389,0.04975205374164515,391.7015999904834
15,13,12,-45.95516848760407,0.4695093458600266,303.96309998468496
15,13,13,-45.95858521628821,0.03347027886031784,393.3770000003278
15,13,15,-45.95616420154619,0.4219932067679657,299.77789998520166
15,13,16,-45.95785347726242,0.05571417666536416,388.22959997924045
15,13,18,-45.95726833222072,0.4679709223986652,300.3642999974545
15,13,19,-45.9577804181061,0.04752932340049787,386.8054999911692
15,13,21,-45.95503405249262,0.429125022012004,298.92719999770634
15,13,22,-45.95920915566467,0.03584759170811358,388.86200002161786
15,13,24,-45.95615162452738,0.4355134021469693,299.30300000705756
15,13,25,-45.95859492870139,0.03135053735321769,386.3095000269823
15,13,27,-45.957369447373246,0.46897086506003927,299.5785000093747
15,13,28,-45.958113080194366,0.04059701420353612,386.06150000123307
15,14,0,-45.708499885397444,5.550028572420208,61.17359999916516
15,14,1,-46.26824802915954,5.4608147093098,33.05129997897893
15,14,3,-69.3436725397021,0.7646351300991969,837.1961000084411
15,14,4,-67.51450222583357,0.34712802999597914,891.7509999882895
15,14,6,-56.029514119057765,0.46752565486298625,559.8704000003636
15,14,7,-49.89071964515348,0.2629728145889785,438.7343999987934
15,14,9,-58.39865006208637,0.36802079722859893,533.5117999929935
15,14,10,-50.5689136707208,0.17461252993922693,351.12730000400916
15,14,12,-55.917952880640314,0.42394468514199524,514.6592000091914
15,14,13,-48.42958790671089,0.21591923478564068,512.3557000188157
15,14,15,-52.04812458416613,0.3612153962971272,638.3363000059035
15,14,16,-48.31943175588007,0.2767686822912232,737.7753999899141
15,14,18,-51.452787665999004,0.5227750729568674,275.6111000198871
15,14,19,-40.554896243993575,0.27951341915703454,641.4558000105899
15,14,21,-38.49523105310181,0.1686245506201951,516.3382999890018
15,14,22,-34.66975207202054,0.08411403737542322,666.1841999739408
15,14,24,-24.32775520518562,0.5066264257484057,178.99909999687225
15,14,25,-26.870493344987786,0.23360977056030707,751.3569999719039
15,14,27,-28.048687636417995,0.3506745110961138,599.103099986678
15,14,28,-24.195246671733315,0.2367029329523822,491.12130000139587
15,15,0,-46.370401637177906,5.514631090002237,60.76230001053773
15,15,1,-46.09815236171093,5.497802066270808,32.419800001662225
15,15,3,-34.98147766460778,0.6883931015072853,385.78109999070875
15,15,4,-34.56235667311768,0.3276809200901263,1685.3781999961939
15,15,6,-36.028502195930464,0.6810125792129758,722.6311000122223
15,15,7,-43.172995218672185,0.43475754004661216,558.7871999887284
15,15,9,-40.03995740268135,0.6288237369252359,557.4346999928821
15,15,10,-36.53393452746546,0.342023167326158,564.0001000138
15,15,12,-31.300049085024565,0.3963476550999312,517.04529998824
15,15,13,-26.559107904316072,0.06412433440020893,539.5047999918461
15,15,15,-24.594313956371327,0.44783373433883966,388.42569998814724
15,15,16,-24.165566755990795,0.10044541753453018,342.77089999523014
15,15,18,-24.981048682867367,0.7436434106358092,1189.4169000152033
15,15,19,-24.218528315848438,0.19810622026877178,426.03269999381155
15,15,21,-24.60920883311082,0.8500738992359924,763.9808999956585
15,15,22,-23.789553129041902,0.190960364355381,603.2004000153393
15,15,24,-24.780445614951237,0.8719071328804227,650.7914999965578
15,15,25,-23.721956089450003,0.19260658800584674,410.8427000173833
15,15,27,-24.661924385861326,0.857999601512003,593.4916000114754
15,15,28,-23.663786925028198,0.20424169625195043,418.9473000005819
15,16,0,-46.03719610188696,5.52479745674314,59.87200001254678
15,16,1,-46.40362929159276,5.506020942192622,32.484800001839176
15,16,3,-57.48937862471263,1.130798254150312,613.3567999931984
15,16,4,-67.16477262196776,0.2984868330022037,1537.858600000618
15,16,6,-55.978634347991374,0.49125527107256084,477.21630000160076
15,16,7,-67.74624236895737,0.29595085866491333,322.11569999344647
15,16,9,-52.32091001118314,0.4364894040345133,422.7314000017941
15,16,10,-40.08331929687667,0.2524251853555608,607.6830000092741
15,16,12,-37.94097929575034,0.34596452536367184,524.9847999948543
15,16,13,-32.43575361352681,0.084864265243354,458.79959999001585
15,16,15,-23.375275552583282,0.07894873173497907,454.85169999301434
15,16,16,-24.672099196629595,0.023380272017584858,720.7446999964304
15,16,18,-23.47486135462096,0.08721827666971493,456.02100001997314
15,16,19,-24.59776570723966,0.019965202103729762,679.7571000060998
15,16,21,-23.364234301655394,0.07911945656263808,437.84850000520237
15,16,22,-24.415791198920296,0.014728716088758365,604.3257999990601
15,16,24,-23.301234706178406,0.08232351625279977,440.5207999807317
15,16,25,-24.435378719394244,0.02168029759525769,596.3724999746773
15,16,27,-23.32011907987677,0.0811960129380409,438.1142999918666
15,16,28,-24.42021417703429,0.01823527417737525,600.3374999854714
15,17,0,-46.0065866453598,5.5499801187901525,58.81700001191348
15,17,1,-45.89668512517839,5.4958203288030845,32.181099988520145
15,17,3,-45.91611956328368,0.39189064681918073,662.3470000049565
15,17,4,-45.953514281911126,0.06439351040034325,1050.4604000016116
15,17,6,-45.94751013418097,0.22804906044522455,491.8457999883685
15,17,7,-45.9572776248627,0.051019708309487655,682.6673000177834
15,17,9,-45.952916231129365,0.24475970075601317,488.8494000188075
15,17,10,-45.95695564542487,0.04811526264298438,681.241600017529
15,17,12,-45.956060032717176,0.22749568362354644,499.2004000232555
15,17,13,-45.95780300959123,0.02886932087101224,690.0231000036001
15,17,15,-45.95139886449341,0.21438044847987014,492.3453999799676
15,17,16,-45.95864702183282,0.05082628706446224,690.2432000206318
15,17,18,-45.95093888381143,0.23816402270496506,488.771700009238
15,17,19,-45.957835216047016,0.03967938758202516,690.753400005633
15,17,21,-45.953079512052895,0.24801460244836848,492.07639999804087
15,17,22,-45.95817265499126,0.04873072780258392,684.1778000234626
15,17,24,-45.953916117122496,0.2314024838683275,498.15070000477135
15,17,25,-45.95582351020393,0.04892745507520413,682.6051000098232
15,17,27,-45.953904812039674,0.22526567000894882,491.63919998682104
15,17,28,-45.95652092102985,0.038658977425831687,689.1582999960519
15,18,0,-45.76301927646453,5.537313503422734,60.01809998997487
15,18,1,-45.723140916768585,5.509255787821495,33.437699981732294
15,18,3,-57.86512190044043,0.98919350021979,679.5247999834828
15,18,4,-46.721511375592115,0.20459809841467091,1241.9438000069931
15,18,6,-56.80668452376429,0.7910482458944392,520.0692999933381
15,18,7,-44.58906597359187,0.2688656129888476,798.1227000127546
15,18,9,-51.77863842534732,0.6549871023544682,621.6151000116952
15,18,10,-42.28141366472266,0.2697135363229335,732.1098000102211
15,18,12,-50.345354109430644,0.7539298265669545,237.7571000251919
15,18,13,-39.65987981046692,0.40424105187959336,803.8101000129245
15,18,15,-34.5929890869444,0.4867130463083691,779.0305000089575
15,18,16,-26.98288109556499,0.1397365843602416,569.4419000064954
15,18,18,-25.82963281017356,0.458637555583578,474.2456000240054
15,18,19,-24.14399582356452,0.20050194935410337,335.16749998671
15,18,21,-24.966781650943354,0.4823130201459682,428.4806000068784
15,18,22,-23.990460794831847,0.19329620013000204,479.26189997815527
15,18,24,-24.588067406087134,0.45382751922339626,472.18100001919083
15,18,25,-21.446259100501493,0.16323119821189236,340.9362999955192
15,18,27,-24.535835326046758,0.9646655020210775,901.2732999981381
15,18,28,-23.470067469395055,0.2006385004808502,480.260400014231
15,19,0,-45.61979195853495,5.538263917187065,61.848899989854544
15,19,1,-46.31082388926228,5.491560821545011,32.77920000255108
15,19,3,-33.13885870450062,0.9026272842756347,970.7732000097167
15,19,4,-38.64988215390639,0.3535940325071554,1201.996500021778
15,19,6,-35.313235241051714,0.39669821730222177,512.3665999853984
15,19,7,-32.286605532515914,0.20518224646449656,538.4238999977242
15,19,9,-30.740498632196015,0.2055914787394133,487.1473999810405
15,19,10,-41.67292732903161,0.05866719430658307,434.4211000134237
15,19,12,-37.45551748047427,0.1749081376104713,494.06910000834614
15,19,13,-32.80356182742194,0.048070051184294194,539.7330999840051
15,19,15,-23.70560745423724,0.02650622148626791,356.573600001866
15,19,16,-25.292505176626268,0.0019098627249816147,597.4313000042457
15,19,18,-22.896874763899817,0.09969980185520955,533.8576000067405
15,19,19,-22.29717824664168,0.016489827531491752,551.23910002294
15,19,21,-22.806293270621,0.10824315963559261,541.6680999915116
15,19,22,-22.51779211098224,0.012950985064903442,555.9169999905862
15,19,24,-22.80532354938563,0.1071319171078613,537.6925999880768
15,19,25,-22.327507331361566,0.01996550710615974,555.9392000141088
15,19,27,-22.918986299025654,0.08984603299625493,536.6242000018246
15,19,28,-22.145532823042203,0.02673664744798021,538.1739000149537
20,0,0,-45.92406159613671,0.6222831293296627,3431.644600001164
20,0,1,-45.956103167130436,0.13717376143604554,3631.7544000048656
20,0,3,-45.956157969786545,0.4373509101976867,1877.112699992722
20,0,4,-45.959786007158854,0.14016246173491553,2227.095400012331
20,0,6,-45.95682241648133,0.45519175098714815,1776.8267999927048
20,0,7,-45.959849070215455,0.1436310755300081,2121.45349997445
20,0,9,-45.95741002763796,0.4621722150460772,1756.3418000063393
20,0,10,-45.96004669054565,0.12798646000747116,2110.661999991862
20,0,12,-45.95796197057857,0.4524668110210104,1758.6246999853756
20,0,13,-45.95929144624101,0.11993548623956496,2107.849299994996
20,0,15,-45.968839272654265,0.4431458499855959,1759.2699000088032
20,0,16,-45.95978864759482,0.14758774027176513,2056.2289000081364
20,0,18,-45.95670674886301,0.448186332932173,1757.0764000120107
20,0,19,-45.95934802331736,0.1280087593002328,2057.746300008148
20,0,21,-45.95722055315946,0.4464363335654419,1751.0162999969907
20,0,22,-45.958887450743404,0.13181122204032425,2071.5996000217274
20,0,24,-45.956444947367046,0.4583730672820132,1752.8587999986485
20,0,25,-45.95901199788666,0.12884546702606858,2159.490999998525
20,0,27,-45.95600987900561,0.4757532663165269,1797.2250999882817
20,0,28,-45.95895192476151,0.13156036096595036,2056.42710000393
20,1,0,-46.0041046093739,5.645504571611324,59.0494999778457
20,1,1,-45.866663302400305,5.5872654065811105,33.433300006436184
20,1,3,-45.93198543946863,0.7523000620219871,4079.4159999932162
20,1,4,-45.955131602205824,0.17683936954995927,4036.8739000114147
20,1,6,-45.95624764752499,0.5342873114254353,1463.9856000139844
20,1,7,-45.95821449963209,0.24766233377664415,2445.1364999986254
20,1,9,-45.95673602551748,0.5172435032531938,1498.841699998593
20,1,10,-45.95787675265203,0.19125054250908935,2322.699099982856
20,1,12,-45.957914741074205,0.5280000779293599,1495.853900007205
20,1,13,-45.957549442660465,0.205883169390638,2315.677100006724
20,1,15,-45.957321787522346,0.5232018684842029,1456.8867000052705
20,1,16,-45.958925014156634,0.21675473409108026,2314.3868000188377
20,1,18,-45.95893427530615,0.5293638723073129,1444.3161000090186
20,1,19,-45.9582654807793,0.19463260279398886,2325.023000012152
20,1,21,-45.957494364039206,0.5343087602452528,1457.6030000171158
20,1,22,-45.95929636067271,0.17956105275765566,2306.1699999962
20,1,24,-45.95790561907782,0.5329281694428796,1463.0556000047363
20,1,25,-45.95964547069198,0.2187734235097598,2269.7569000010844
20,1,27,-45.95784000692069,0.5293482819887811,1449.8885000066366
20,1,28,-45.958808241547004,0.22849001156684334,2274.6634999930393
20,2,0,-45.73004419143588,5.611898779699622,59.57790001411922
20,2,1,-45.90763500487766,5.631188186727358,33.0307999975048
20,2,3,-45.9963874765379,1.1913878430978826,5000.651700014714
20,2,4,-45.81317727610622,0.3713577132688757,8002.008100011153
20,2,6,-46.343874051729976,0.8822917106725396,1013.1000999826938
20,2,7,-45.89346117055041,0.24205135062575112,3596.0784000053536
20,2,9,-46.3646416034399,0.8707025215796964,1008.2645999791566
20,2,10,-45.88157416380223,0.22931115673996194,3349.3440999882296
20,2,12,-46.32740100796851,0.8574916158717125,1181.9701000058558
20,2,13,-45.89139585355474,0.2357443220773745,3082.4257000058424
20,2,15,-46.40060002807016,0.8454680524926241,1184.5495000015944
20,2,16,-45.90408582136989,0.223636608846133,3043.0842000059783
20,2,18,-46.47771718565242,0.8410818249044778,1206.0044999816455
20,2,19,-45.88458479335796,0.23009964049628318,3059.21199999284
20,2,21,-46.51909620618645,0.8390743362907835,1198.2933999970555
20,2,22,-45.9101163899377,0.2249593223903008,3063.8274000084493
20,2,24,-46.550780290958585,0.8550009221745642,1185.8381999772973
20,2,25,-45.90999405955488,0.19100802270062944,3014.8505000106525
20,2,27,-46.479531053948804,0.8596548080180713,1184.9133000068832
20,2,28,-45.89613057420374,0.1919654306251295,3056.303100020159
20,3,0,-45.72441238581912,5.629208390508978,59.402499988209456
20,3,1,-46.24864266565875,5.61292470552363,33.22750001098029
20,3,3,-36.26164760244649,1.3642073996794295,4730.217000003904
20,3,4,-35.08636216954362,0.4612360377046385,6868.631899997126
20,3,6,-35.406532816523686,1.0262619598040539,2386.8562999996357
20,3,7,-40.133144748088455,0.30701692002120495,4425.339300010819
20,3,9,-36.3252594644415,0.8987103940417356,2543.9085999969393
20,3,10,-34.331385535571386,0.29005667858932593,4985.368800000288
20,3,12,-28.433097161495844,0.5584875689642794,2414.4177999987733
20,3,13,-23.994502518124783,0.35334798161012326,4258.17570000072
20,3,15,-26.72360739011439,1.234601503467085,1297.0982000115328
20,3,16,-28.664573605923017,0.3591068275462179,6293.219999992289
20,3,18,-24.26594065402515,1.0307618570111725,3157.638100004988
20,3,19,-19.54659632496567,0.13271764882264492,4026.4873999985866
20,3,21,-19.77543372094884,0.35838265442056016,2378.325199999381
20,3,22,-20.245401447239153,0.06138001084968914,4614.325200003805
20,3,24,-19.771355892755107,0.37773786332233905,2451.082100014901
20,3,25,-18.77694025416558,0.054334690655228446,4987.045499990927
20,3,27,-19.731811338020783,0.41764700547464584,2470.651799987536
20,3,28,-18.781579363298768,0.08386363201986913,3500.1511000155006
20,4,0,-45.91122814870832,5.635049208418826,59.89540001610294
20,4,1,-46.48889329218426,5.609701646401637,32.54670000751503
20,4,3,-45.85940444492246,0.8593462577044874,2582.9630000225734
20,4,4,-45.9229886618465,0.48529312439568795,6457.135400007246
20,4,6,-45.89345094512265,0.7374849121714978,2558.858500007773
20,4,7,-45.918330683288524,0.40945341178996486,5227.657700015698
20,4,9,-45.90881348453664,0.7156983171060264,2492.946199985454
20,4,10,-45.923407020593,0.4051529926604589,5008.155199990142
20,4,12,-45.90876029082618,0.7094910437200478,2420.2912999899127
20,4,13,-45.92705962364376,0.3967374447340104,4977.646400016965
20,4,15,-45.91409447753978,0.723824096266659,2308.1671000109054
20,4,16,-45.92806794188738,0.4057616185386972,5014.7261999954935
20,4,18,-45.911390154834194,0.7222273537441904,2300.008099991828
20,4,19,-45.91550454977413,0.37268954529313225,5001.393399987137
20,4,21,-45.90597827936608,0.7313573397307865,2319.4487000000663
20,4,22,-45.92817324430257,0.40931329530424954,5009.459299995797
20,4,24,-45.91187134459919,0.7241448660628487,2315.6737000099383
20,4,25,-45.92535551085698,0.41904705318793356,4936.296700005187
20,4,27,-45.911397014465194,0.7173930199410912,2337.6815000083297
20,4,28,-45.93028461297896,0.39655727978660726,4950.328700011596
20,5,0,-45.50085555047775,5.646860532807548,59.01840000296943
20,5,1,-45.804672922307724,5.618846190903172,32.707099977415055
20,5,3,-45.22106336396199,1.1089585398137243,3579.8790999979246
20,5,4,-44.32961112501576,0.45943501777115303,9869.457699998748
20,5,6,-41.88104168472668,0.6129220066230583,2379.583400004776
20,5,7,-39.728427246910876,0.4025195822738672,2718.582100002095
20,5,9,-36.50078918402133,0.5190890823249346,2496.158599999035
20,5,10,-32.831965418259145,0.3479071662893012,4931.747099995846
20,5,12,-29.026779150282696,0.6735991404649575,1921.8645000073593
20,5,13,-28.197147660804525,0.38580186039730346,2465.0135999836493
20,5,15,-28.663887265283723,0.9423218104875286,2123.4502000152133
20,5,16,-27.773534578615553,0.39577316924049155,5056.4906999934465
20,5,18,-27.83648303344384,0.8819578552614429,2880.890200001886
20,5,19,-27.820791074182896,0.4131937699951651,4781.13650000887
20,5,21,-27.572276345224342,0.8840825169133255,2461.762999999337
20,5,22,-27.031233368651264,0.36292910168695647,3650.1920000009704
20,5,24,-27.516060671123846,0.9234142954498805,2484.495799988508
20,5,25,-26.566022215581672,0.4175088919067136,2902.317600004608
20,5,27,-27.357636035941496,0.8976162138523491,2457.395900011761
20,5,28,-26.837007507303017,0.41655528289262156,2835.2318999823183
20,6,0,-45.55573424478882,5.6438206435257445,58.99199997656979
20,6,1,-46.0141821459516,5.597417448982583,32.342599995899945
20,6,3,-45.929343660738475,0.7154404925721651,2282.0883999811485
20,6,4,-45.952169111367624,0.154635258762851,2128.030599997146
20,6,6,-45.954449616661,0.4520332471985664,1863.7180000077933
20,6,7,-45.956129022093236,0.09843415601269978,1684.8051999986637
20,6,9,-45.95677739500413,0.473615874814002,1808.3838000020478
20,6,10,-45.95756963692695,0.07610416213490057,1670.1005999930203
20,6,12,-45.95479538333807,0.4545441290443204,1833.086300001014
20,6,13,-45.95685073516251,0.07482580593807153,1728.6300999985542
20,6,15,-45.9562546622374,0.46096391165973394,1810.9844999853522
20,6,16,-45.95712084892092,0.09532755956808359,1665.1912000088487
20,6,18,-45.95841974475473,0.45037528233423596,1809.7466999897733
20,6,19,-45.95737271572451,0.0891447330563353,1638.2259000092745
20,6,21,-45.95603525465354,0.4266781641257089,1829.4311999925412
20,6,22,-45.95758142815441,0.08729221464545756,1631.580799992662
20,6,24,-45.95649612327932,0.45405309585801434,1807.7339000010397
20,6,25,-45.958628702410635,0.09224938684082673,1636.7959000053816
20,6,27,-45.956830841547756,0.459696574152495,1842.3720999853685
20,6,28,-45.95820360546658,0.08033546997484331,1674.4884000218008
20,7,0,-45.91530457230334,5.616697198922621,58.73700001393445
20,7,1,-46.0694433122078,5.5829983195961495,34.13029998773709
20,7,3,-45.91789710051951,0.8288500944091601,3863.5620000131894
20,7,4,-45.95307114952519,0.14608357190464005,3787.187600013567
20,7,6,-45.95241021292305,0.5816880462820695,1589.5669999881648
20,7,7,-45.955478197072964,0.11557007838741118,2330.1714999834076
20,7,9,-45.955041609481924,0.6063754198995039,1543.4373000171036
20,7,10,-45.95625926418106,0.14207560126871233,2249.1992999857757
20,7,12,-45.95619985253358,0.6186688143997863,1592.1264000062365
20,7,13,-45.95628668382558,0.11570696297086469,2307.7965999837033
20,7,15,-45.95476839904448,0.5832847343176422,1567.960900021717
20,7,16,-45.95668394554872,0.12243839499093889,2258.157000003848
20,7,18,-45.95641309734965,0.6007741840197984,1559.1494000109378
20,7,19,-45.956023026603674,0.12982729381993918,2148.1973999761976
20,7,21,-45.95554263616404,0.5842683373637707,1618.9217000210192
20,7,22,-45.955709156540905,0.1330899930521081,2217.0158999797422
20,7,24,-45.95431163399677,0.5914135653393362,1567.1154000156093
20,7,25,-45.95631379664251,0.1295974465650609,2141.2572999834083
20,7,27,-45.95629930549094,0.586128709096055,1572.0898999716155
20,7,28,-45.95637472758377,0.11867129892289796,2123.2299999974202
20,8,0,-45.807667289588515,5.6246979550318486,58.42459999257699
20,8,1,-46.14997472578017,5.581238840855304,33.51969999494031
20,8,3,-45.80532206023378,0.3841149434966685,2928.9951999962796
20,8,4,-45.91927548842788,0.12495398847999972,7716.584800014971
20,8,6,-45.903567268820325,0.26438529171176695,2504.248999990523
20,8,7,-45.91878232733927,0.09864720501658031,4757.199200015748
20,8,9,-45.90117661205778,0.26435774785490096,2503.901100018993
20,8,10,-45.92570420543869,0.11002352483538225,4520.284100028221
20,8,12,-45.912338145933845,0.255985638867,2484.0801000245847
20,8,13,-45.92507292630867,0.09689308772057492,4457.9423000104725
20,8,15,-45.901940924151816,0.2641148853263039,2511.1860999895725
20,8,16,-45.92124648024015,0.10135757548771407,4473.584000021219
20,8,18,-45.92334570369677,0.24160497947881454,2520.364999974845
20,8,19,-45.93172041361603,0.10843043822396314,4472.08559999126
20,8,21,-45.90773793899146,0.27358033680229565,2484.339299990097
20,8,22,-45.925749485350195,0.1052497807679269,4446.433700009948
20,8,24,-45.91410965817737,0.23715139291432175,2490.5873999814503
20,8,25,-45.92630131637872,0.12197600245915474,4417.77520001051
20,8,27,-45.91293830784075,0.25225322748783596,2486.4464000274893
20,8,28,-45.919449648839446,0.10421480193987831,4402.169500011951
20,9,0,-45.65162279225404,5.65522369287334,60.46850001439452
20,9,1,-46.203170772168136,5.597435565694605,33.50459999637678
20,9,3,-45.82005324158657,0.4819712086474539,1815.426799992565
20,9,4,-45.92855699460057,0.09463218870276302,2807.477399997879
20,9,6,-45.92076107712672,0.2685480395179132,2259.830199996941
20,9,7,-45.95307529378074,0.06887490691747744,2775.3269000095315
20,9,9,-45.95091405822219,0.29551203708398777,2267.997400020249
20,9,10,-45.95672874181352,0.05454126411836824,2694.791299989447
20,9,12,-45.95482510733724,0.28019603853371655,2293.969099991955
20,9,13,-45.95461033000255,0.06175139614784175,2717.8310999879614
20,9,15,-45.95319276212769,0.2678349406075232,2333.2765999948606
20,9,16,-45.95304258939862,0.07698458522870122,2777.6621999801137
20,9,18,-45.94017204180807,0.29464137550366565,2263.4041999990586
20,9,19,-45.95336670821675,0.06124384139643291,2724.465400009649
20,9,21,-45.952758413345194,0.2897035826964258,2251.9539000059012
20,9,22,-45.95075899488073,0.06783659722485935,2743.446100008441
20,9,24,-45.947784325304895,0.30228954399161045,2269.313199998578
20,9,25,-45.95312653272701,0.07193586707534849,2687.6824000210036
20,9,27,-45.94304764590044,0.26779338437901945,2252.282399975229
20,9,28,-45.95496212354848,0.06346034797588662,2691.06699997792
20,10,0,-45.62817430509532,5.619323427292585,61.465300008421764
20,10,1,-46.31164575846775,5.595152913831912,32.76840000762604
20,10,3,-45.94487119845779,0.7956048322107281,3118.8899999833666
20,10,4,-45.95592624826547,0.5066720920139827,4737.363799999002
20,10,6,-45.95623830635844,0.6648987103415647,1451.2867000012193
20,10,7,-45.959353773420574,0.4009187122608808,3566.430200007744
20,10,9,-45.957897758935005,0.6768208857270605,1466.9702000101097
20,10,10,-45.95902891162446,0.41242877083549834,3394.5768999983557
20,10,12,-45.95743164011548,0.6909052645676191,1472.8040000190958
20,10,13,-45.9591530242147,0.41631224831041047,3030.993299995316
20,10,15,-45.95717468275319,0.6708590730469626,1472.8477000026032
20,10,16,-45.95931580886547,0.38132391147393285,2951.4977000071667
20,10,18,-45.957809476744266,0.6647345551521529,1500.7122999813873
20,10,19,-45.96011951088623,0.40613952525551,2937.8942000039387
20,10,21,-45.957813568444706,0.6880404686504394,1485.8573999954388
20,10,22,-45.959774117740565,0.42763644861125716,2924.500099994475
20,10,24,-45.95664129690272,0.6799903283228723,1471.9485999958124
20,10,25,-45.95943411125003,0.3847525685992741,2916.4601000084076
20,10,27,-45.95632033655245,0.6724223065899059,1464.1493999806698
20,10,28,-45.959250775971434,0.3856628111384537,2959.6794999961276
20,11,0,-45.76811818862598,5.644086541856138,57.707699976162985
20,11,1,-45.951573631000294,5.5943644399011285,31.52699998463504
20,11,3,-47.103598357459035,0.9140804348958333,1985.4498999775387
20,11,4,-46.269311144790215,0.1482793818970114,3189.625500002876
20,11,6,-47.00426450223586,0.6840417709669213,1853.891000006115
20,11,7,-46.29786178400955,0.08826284284600261,2623.689900006866
20,11,9,-46.96808627266157,0.6994070209277232,1868.0697999952827
20,11,10,-46.34518452861313,0.07999134237817707,2488.645200006431
20,11,12,-47.07292064409826,0.6957261496541711,1859.3311000149697
20,11,13,-46.29910134873413,0.07695996311870923,2099.2263999942224
20,11,15,-46.88114471835838,0.6854919802738528,1877.3092000046745
20,11,16,-46.29543428754168,0.08525707974079966,2118.111099989619
20,11,18,-47.02021152387021,0.6910890459190109,1871.9325000129174
20,11,19,-46.305624649787845,0.09185774559013993,2089.455099980114
20,11,21,-47.06892286878019,0.6953064611732067,1868.4827999968547
20,11,22,-46.302424058042746,0.07331641317207271,2104.1555000119843
20,11,24,-46.91128815135363,0.6826061384115267,1868.5886999883223
20,11,25,-46.29507155120158,0.0756341834418186,2087.3576999874786
20,11,27,-46.86863743318452,0.6662231739676627,1882.4451999971643
20,11,28,-46.310035270766114,0.04930190672228729,2099.4292999967
20,12,0,-45.73143820842934,5.644809224790654,61.03189999703318
20,12,1,-45.89604795273212,5.572851158185166,32.70769998198375
20,12,3,-45.53962020167378,0.9888616917203765,5265.305499982787
20,12,4,-45.8621105121943,0.22532523677868666,3042.493499990087
20,12,6,-45.81823755584126,0.6006418005226986,2286.4581999892835
20,12,7,-45.91372577880947,0.14904637951386102,1945.5344999732915
20,12,9,-45.86406283312567,0.5344555754981393,1588.886800018372
20,12,10,-45.93947876957388,0.16398786932203846,1718.0323000065982
20,12,12,-45.8834479451217,0.5717065704342346,1435.1900999899954
20,12,13,-45.908405461279244,0.13378127894747394,1654.981300001964
20,12,15,-45.934964076938186,0.5552284432922341,1415.3933000052348
20,12,16,-45.935874336399294,0.13521332803586406,1692.6034000061918
20,12,18,-45.914438503862655,0.5783299241258444,1393.7536000157706
20,12,19,-45.94208958210437,0.16022901894681718,1695.4885000013746
20,12,21,-45.9752908420958,0.5789909502048662,1398.0410999793094
20,12,22,-45.916379184126605,0.15092599473840762,1671.7002000077628
20,12,24,-45.89337980218194,0.5875976348026111,1391.641599999275
20,12,25,-45.926615506375825,0.1306245856950463,1670.6497999839485
20,12,27,-45.95586365608446,0.5829555604271757,1393.1023000041023
20,12,28,-45.9229001686851,0.15922278949874613,1673.2085999974515
20,13,0,-45.55717884979562,5.606879779249772,60.99070000345819
20,13,1,-46.38129146812651,5.576794725453278,33.28440000768751
20,13,3,-24.267911941024764,0.8837942841692025,5732.6553000020795
20,13,4,-23.205179651903144,0.24542321844314818,6571.626099990681
20,13,6,-24.15568880578669,0.6259521512183591,2807.8313999867532
20,13,7,-22.968097213974733,0.19222685912113402,4632.661599986022
20,13,9,-24.15442901549937,0.5756646904166552,2825.4294999933336
20,13,10,-23.070484368733325,0.1802354240159949,3407.650699984515
20,13,12,-24.006223136677235,0.6253708395663603,2809.889700001804
20,13,13,-33.97034538721316,0.20594985119443843,2403.657500020927
20,13,15,-28.536991385138588,0.30351398522062245,2265.150499995798
20,13,16,-21.16211012614287,0.03788676557707005,2588.6078999901656
20,13,18,-17.907204830388388,0.1322930145466461,1713.5940000007395
20,13,19,-17.098967108852605,0.010082094488317761,3681.7700000246987
20,13,21,-18.01078249977394,0.15588234786314248,1702.0587000006344
20,13,22,-15.704389464606665,0.011134792409243977,2744.920999975875
20,13,24,-17.88118258466336,0.16398273696106014,1752.2846000210848
20,13,25,-15.874456512138707,0.011326585308296,3110.917000012705
20,13,27,-17.876346521938316,0.14384584845705028,1708.1821000028867
20,13,28,-15.733657997225881,0.009706546722701992,3168.7767000112217
20,14,0,-45.72916636277512,5.638981664391644,58.864699996775016
20,14,1,-46.73025563190876,5.5746479633901025,33.03810002398677
20,14,3,-45.918756012541266,0.5142841845830318,3273.364099994069
20,14,4,-45.95423205251937,0.07329632910558392,2674.2990000057034
20,14,6,-45.9564609591505,0.275921289656469,1778.3189000037964
20,14,7,-45.957735113661116,0.0694636871147074,2176.34750000434
20,14,9,-45.95686289034148,0.2814880246060989,1600.701699993806
20,14,10,-45.95958237823433,0.048758889352900736,2015.6845999881625
20,14,12,-45.95827626403504,0.31249289449198414,1590.8743999898434
20,14,13,-45.959700868436855,0.040464989562570386,2006.8239999818616
20,14,15,-45.95544174497698,0.27289184514034937,1597.1129999961704
20,14,16,-45.95955417632375,0.056985155766816176,2023.4954000043217
20,14,18,-45.955892773339315,0.29470150362012804,1589.126100006979
20,14,19,-45.95920612985856,0.04644010772027163,2021.948399982648
20,14,21,-45.95723961558046,0.2805547768864778,1617.0691000006627
20,14,22,-45.95804527535884,0.06984006971746015,2022.7515999868046
20,14,24,-45.956876907967704,0.2901868479560561,1590.7733000058215
20,14,25,-45.960255233266,0.07485968406034726,2019.0265999990515
20,14,27,-45.95719441933152,0.28984362647522977,1589.5142999943346
20,14,28,-45.95899321137662,0.08303563957160809,2034.605399996508
20,15,0,-45.859496036538424,5.628820606342629,59.85130000044592
20,15,1,-46.18690796389787,5.58086984400431,33.428700000513345
20,15,3,-49.905554538130794,0.7755694269115949,2301.719100010814
20,15,4,-47.426388962011956,0.26143510161686256,2091.6666999983136
20,15,6,-49.32611143489734,0.478756842626088,1798.7426000181586
20,15,7,-48.00838259343943,0.16220217810146398,1778.7414999911562
20,15,9,-49.604577553072005,0.5293378941601439,1832.518799987156
20,15,10,-47.924727029618715,0.15787875598653756,1768.7721999827772
20,15,12,-49.29550449518769,0.4755343977006079,1861.5030999935698
20,15,13,-48.04718740133018,0.1669097949936833,1729.886599991005
20,15,15,-49.659145123798154,0.5302011461514089,1825.3458999970462
20,15,16,-47.931705075623775,0.17211186427112768,1728.5085000039544
20,15,18,-49.608423913899564,0.4912066314079917,1827.1763999946415
20,15,19,-48.02345545193144,0.1669935477430875,1713.8508000061847
20,15,21,-49.40732223362605,0.5073068841152129,1804.5755999919493
20,15,22,-48.052074666045016,0.13014965091874453,1721.229399990989
20,15,24,-49.29458534074777,0.4926942305464237,1798.5062000225298
20,15,25,-48.05439150711959,0.1927379788941037,1732.8249999845866
20,15,27,-49.348938848861906,0.45787683914958355,1823.5675999894738
20,15,28,-47.96147072611884,0.1534901059834537,1741.7235000175424
20,16,0,-46.02197011001891,5.626896088308263,59.24179998692125
20,16,1,-45.70597630253312,5.594502163653841,32.026899978518486
20,16,3,-45.785321723468854,0.9468582568254118,3338.7118999962695
20,16,4,-45.84380609582206,0.21286399289787417,7586.5779999876395
20,16,6,-45.86761083017734,0.7156091052537401,2803.6464000178967
20,16,7,-45.86953282517972,0.16508299412796434,3887.725500011584
20,16,9,-45.88150678493908,0.7018207676303864,2764.2573000048287
20,16,10,-45.81133992285774,0.4249127347773558,2339.5721999986563
20,16,12,-45.774694473431374,0.6802580259651563,2576.7360999889206
20,16,13,-45.54331832001985,0.46355488105727627,2282.4178999871947
20,16,15,-44.34732733129282,0.6933070895989979,2393.064699979732
20,16,16,-42.65820255715664,0.48691036406145694,4135.18519999343
20,16,18,-39.4143136215956,0.5817836534578504,2300.610600010259
20,16,19,-35.276337944155024,0.2957111395135401,4618.332000012742
20,16,21,-28.220576125559433,0.4471307805938072,2293.6448999971617
20,16,22,-24.642573742137063,0.13120904461226335,3413.246899988735
20,16,24,-25.346670534983787,0.6697023571150327,2525.0400000077207
20,16,25,-21.609838257046352,0.0532678864915046,2795.9128000074998
20,16,27,-17.652175334092846,0.01724138378131923,1280.3123000194319
20,16,28,-16.17858767974099,-2.220446049250313e-15,3328.576699976111
20,17,0,-45.77022346009586,5.616262232589877,59.945000015432015
20,17,1,-45.89352520015256,5.560389432981792,32.92579998378642
20,17,3,-45.91574994065601,1.0012572826697959,3870.858299982501
20,17,4,-45.95199088925283,0.4309098005413059,5359.499499987578
20,17,6,-45.9520045416303,0.8452254873508853,1569.7562999848742
20,17,7,-45.95361559328277,0.28892540440052406,3240.1645999925677
20,17,9,-45.95648154042136,0.8370750993961593,1354.3620000127703
20,17,10,-45.9553540863682,0.3143687759117051,3108.419900003355
20,17,12,-45.952655311418354,0.8581463030481711,1347.9382999939844
20,17,13,-45.954798758152165,0.3029849243291656,3054.147599992575
20,17,15,-45.953761386239854,0.8341221134472969,1344.0307999844663
20,17,16,-45.95696459665494,0.3034904273046801,3087.050600006478
20,17,18,-45.952240165246806,0.8512154883531455,1357.300200004829
20,17,19,-45.956386928207955,0.3060219640090178,3106.0566999949515
20,17,21,-45.95118094495374,0.866946478128908,1366.9073000201024
20,17,22,-45.95473931009887,0.3248318642524488,3066.419599985238
20,17,24,-45.95433997959486,0.832075357527168,1350.7911000051536
20,17,25,-45.957637580001375,0.3125665415368388,3087.560400017537
20,17,27,-45.95471355823558,0.8505521628898405,1354.5159999921452
20,17,28,-45.954315491674706,0.2967797354089732,3074.2608000000473
20,18,0,-45.880822088158084,5.622417114496732,58.16330001107417
20,18,1,-45.754805559632786,5.598326636976475,44.8420999746304
20,18,3,-45.87573056925723,0.8215438220950171,2228.372200013837
20,18,4,-45.94853776389916,0.23411872574614234,2336.3921999989543
20,18,6,-45.950101654312704,0.4828009135058233,2101.7051999806426
20,18,7,-45.95527321616153,0.17036595842340718,2043.567200016696
20,18,9,-45.95141072674801,0.5494083516817732,2101.510699983919
20,18,10,-45.95401798115584,0.17650537096482033,2072.0847999909893
20,18,12,-45.95186481188745,0.5469712524905452,2108.2185999839567
20,18,13,-45.95616825434597,0.1793591328697106,2034.2039999959525
20,18,15,-45.95375136661634,0.5241638946999234,2112.2471000126097
20,18,16,-45.956767413411924,0.17311070376683624,2015.8826000115369
20,18,18,-45.9540345382306,0.5177551118269799,2127.7178000018466
20,18,19,-45.955303658345066,0.1814733850411856,2063.2049000123516
20,18,21,-45.95208911595205,0.5343649444927132,2098.7880999746267
20,18,22,-45.95609750841602,0.18052516776263738,2046.4049000001978
20,18,24,-45.95196580732903,0.48868752447427344,2116.304100025445
20,18,25,-45.956131799129004,0.16809276405095952,2070.005999994464
20,18,27,-45.95412489281048,0.5307840206673746,2102.499300002819
20,18,28,-45.95777428392221,0.15209243751442258,2080.4159000108484
20,19,0,-45.80310199134222,5.61041705009085,59.238399990135804
20,19,1,-46.13060874154642,5.625185636435982,34.93149997666478
20,19,3,-37.26112626129161,0.9013387411743669,3802.1832999947947
20,19,4,-36.308866205357745,0.38102631058870684,6745.098599989433
20,19,6,-33.63931554534998,0.503240197162475,2591.562799992971
20,19,7,-28.71795776739372,0.2216656464311364,2103.6323999869637
20,19,9,-24.307841912894393,0.13428419480340836,2308.1613999966066
20,19,10,-16.221170060786473,0.006468606567046731,3202.3402999911923
20,19,12,-17.81157197511306,0.12296670169980195,1676.7465000157245
20,19,13,-16.31411022138882,0.00629471790315117,3058.2216999900993
20,19,15,-17.81181980371547,0.13672624175524484,1700.5563999991864
20,19,16,-16.88897639593334,0.007081171003602504,3308.2130000111647
20,19,18,-17.79807694960343,0.1126814691273218,1676.4508000051137
20,19,19,-16.54166777073855,0.00555124011088548,3266.7259000008926
20,19,21,-17.8533251801044,0.13186946206180816,1681.2460999935865
20,19,22,-16.60843614379524,0.0070811710036027264,3197.5756000028923
20,19,24,-17.821192049571728,0.11616622463172388,1660.0030999979936
20,19,25,-16.33793121930031,0.0013145439056345687,3226.0319000051823
20,19,27,-17.787131603653087,0.12211292908042415,1661.05900000548
20,19,28,-16.44912835377076,0.0013145439056330144,3160.168000002159
