resolution,trial,step,observation,info_gain,pred_divergence,expected_accuracy,expected_Qs_entropy,inference_time_ms
5,0,0,"(437.5, 412.5, 3.7158125367455015)",0.7099893145876149,737.2427978515625,-0.2927820735631412,2.0232623921557256,119.84379999921656
5,0,3,"(387.5, 412.5, 5.968521653217249)",0.4597117878160046,742.28662109375,-0.2451912467601162,1.1963838484436573,119.44719999883092
5,0,6,"(337.5, 412.5, 9.377700043801939)",0.1441623613302997,766.2852172851562,-0.2724943076079763,0.1854782571628498,121.1896999993769
5,0,9,"(362.5, 437.5, 8.184609533832969)",0.4743438178869185,745.4378051757812,-0.2871211862308368,0.6257160706675725,122.2492000015336
5,0,12,"(337.5, 462.5, 10.942007264844266)",0.7333321968265972,755.3578491210938,-0.3618746476828267,0.7352644710597,160.76419999808422
5,0,15,"(287.5, 462.5, 17.977012825427398)",0.0314199789510964,857.3221435546875,-0.5679102477281459,0.0222186080912597,127.62870000005933
5,1,0,"(437.5, 412.5, 3.7158125367455015)",0.7180229310118176,737.1724243164062,-0.2927820735631412,2.023262372484878,122.77630000244244
5,1,3,"(387.5, 412.5, 5.968521653217249)",0.4583911928525432,742.0872802734375,-0.2451912467601162,1.1963838736064654,121.7205000029935
5,1,6,"(337.5, 412.5, 9.377700043801939)",0.142616655966394,766.0239868164062,-0.2724943076079762,0.1854782726007348,123.70809999993072
5,1,9,"(362.5, 437.5, 8.184609533832969)",0.4747786978476694,745.4041137695312,-0.2871211862308367,0.6257160485568267,125.47279999853345
5,1,12,"(312.5, 437.5, 13.134116007120344)",0.6516788251247393,763.703857421875,-0.4361250861253094,0.6808900874148458,121.79159999868716
5,1,15,"(262.5, 437.5, 19.691492564685472)",0.0034323667799688,856.8884887695312,-2.2978238646245277,0.0012756648562413,123.27550000190968
5,2,0,"(437.5, 412.5, 3.7158125367455015)",0.7123291131206069,737.3095092773438,-0.2927820735631412,2.0232623892549104,120.19130000044242
5,2,3,"(387.5, 412.5, 5.968521653217249)",0.4574798929564438,742.120361328125,-0.2451912467601162,1.1963838597459426,120.66129999948316
5,2,6,"(337.5, 412.5, 9.377700043801939)",0.1439449177465657,766.383056640625,-0.2724943076079763,0.1854782617628083,126.12860000081128
5,2,9,"(362.5, 437.5, 8.184609533832969)",0.471248939551297,745.2538452148438,-0.2871211862308367,0.6257161007842503,124.93820000236155
5,2,12,"(337.5, 462.5, 10.942007264844266)",0.7287906982720106,755.5086669921875,-0.3618746476828267,0.7352644273973689,156.9683999987319
5,2,15,"(287.5, 462.5, 17.977012825427398)",0.0338271872924505,853.4109497070312,-0.5679102477281458,0.0222185519210143,121.35669999770472
5,3,0,"(437.5, 412.5, 3.7158125367455015)",0.7152447892038211,737.2135009765625,-0.2927820735631413,2.02326237822162,122.37939999977245
5,3,3,"(412.5, 387.5, 4.295992126710907)",0.6291627505242064,739.0051879882812,-0.2818171573716006,1.3208669786321203,121.5135000020382
5,3,6,"(362.5, 387.5, 6.644563227708976)",0.7845511794085673,740.5918579101562,-0.3260092083259555,1.322111418218067,119.75040000106674
5,3,9,"(312.5, 387.5, 9.73254467824523)",0.4811152533991887,752.7640991210938,-0.6668613618656937,0.5567967438880614,119.97160000100848
5,3,12,"(262.5, 387.5, 12.530028997518446)",0.2744623914534959,764.7003784179688,-0.5845164721487055,0.3339150190793062,172.4205999998958
5,3,15,"(262.5, 412.5, 15.847883528411389)",0.0061484493058744,818.2097778320312,-0.2205560683668679,0.0065131193453536,121.4986000013596
5,3,18,"(262.5, 362.5, 9.841761282285685)",0.1837707051560201,758.4985961914062,-0.3113108514923597,0.2138923848948839,123.55999999999769
5,3,21,"(312.5, 362.5, 7.999359988870806)",0.2466018938051471,754.7097778320312,-0.2288052650855809,0.4374286146407277,118.2282000008854
5,3,24,"(362.5, 362.5, 5.709929773131825)",0.2268475519456706,746.4379272460938,-0.2331981848127619,0.3948688466187247,121.6896000005363
5,3,27,"(362.5, 362.5, 5.709929773131825)",0.5632587801737562,743.8213500976562,-0.2655734506278935,0.9261550889927108,120.45579999903566
5,3,30,"(362.5, 412.5, 7.512358105982148)",0.6367190226622932,754.3588256835938,-0.4019696974742932,0.8117678982489762,172.9478000015661
5,3,33,"(337.5, 437.5, 10.400297021568935)",0.5777219119044226,753.3207397460938,-0.4279975511778022,0.4928145232062544,119.69110000063664
5,3,36,"(287.5, 437.5, 16.365669713099226)",0.6264314641521755,778.10400390625,-0.3181858832703668,0.428864456494234,123.62669999856736
5,3,39,"(287.5, 437.5, 16.365669713099226)",0.0024237782263319,817.164306640625,-0.2384222364481406,0.0026066984808549,123.25679999776185
5,3,42,"(287.5, 437.5, 16.365669713099226)",0.0031229952541892,817.164306640625,-0.2384222363389808,0.0021982818894774,122.13369999881252
5,3,45,"(312.5, 462.5, 14.033224262378283)",0.0012984119257403,814.9884033203125,-0.4542229404050745,0.0013867632095036,119.66810000012627
5,4,0,"(437.5, 412.5, 3.7158125367455015)",0.7154024321705925,737.4826049804688,-0.2927820735631413,2.023262368034771,124.728499999037
5,4,3,"(412.5, 387.5, 4.295992126710907)",0.632060323580757,738.7161254882812,-0.2818171573716007,1.320866978561018,122.36660000053234
5,4,6,"(362.5, 387.5, 6.644563227708976)",0.7901572333479052,740.7152099609375,-0.3260092083259555,1.3221114175764068,121.6629999980796
5,4,9,"(337.5, 412.5, 9.377700043801939)",0.3762228973579251,753.6506958007812,-0.2261589902381035,0.5158350011972406,123.83079999926848
5,4,12,"(287.5, 412.5, 13.851283065501828)",0.0419948257190808,797.9769897460938,-0.2476575992426802,0.0407835908640544,122.23610000000916
5,4,15,"(287.5, 362.5, 9.065091200270214)",0.0726444814053167,767.9354858398438,-0.3165091614707641,0.0909501916986405,121.4990000007674
5,4,18,"(312.5, 387.5, 9.73254467824523)",0.5718782015415013,780.8933715820312,-0.7160382088764308,0.5391691093344334,121.68390000078944
5,4,21,"(262.5, 387.5, 12.530028997518446)",0.2617335676189919,764.8533325195312,-0.5854014090255599,0.3140716394227912,171.62480000115465
5,4,24,"(262.5, 437.5, 19.691492564685472)",0.0017860775141879,856.8884887695312,-2.297823864625727,0.0014753112028508,124.7321999981068
5,5,0,"(437.5, 412.5, 3.7158125367455015)",0.716330024060042,737.2332153320312,-0.2927820735631412,2.023262329241032,122.4251000021468
5,5,3,"(387.5, 412.5, 5.968521653217249)",0.4542237894823578,742.2796630859375,-0.2451912467601162,1.1963838597739882,123.67729999823496
5,5,6,"(337.5, 412.5, 9.377700043801939)",0.1332522773284597,766.052001953125,-0.2724943076079762,0.1854782711113699,122.49330000122428
5,5,9,"(362.5, 437.5, 8.184609533832969)",0.4680122796582537,745.5285034179688,-0.2871211862308367,0.6257161043819363,121.11120000190569
5,5,12,"(312.5, 437.5, 13.134116007120344)",0.6621155637976934,763.3636474609375,-0.4361250861253094,0.6808900726872616,127.789499998471
5,5,15,"(262.5, 437.5, 19.691492564685472)",0.0024281396209838,856.8884887695312,-2.2978238646245277,0.0012756632309438,120.60840000049213
5,6,0,"(437.5, 412.5, 3.7158125367455015)",0.7165073582357836,737.360107421875,-0.2927820735631412,2.023262370059705,124.34510000093724
5,6,3,"(412.5, 387.5, 4.295992126710907)",0.6305345274300405,738.9034423828125,-0.2818171573716007,1.3208669347687572,120.21780000213766
5,6,6,"(362.5, 387.5, 6.644563227708976)",0.7891547825853873,740.610107421875,-0.3260092083259554,1.3221114509591407,123.42239999998128
5,6,9,"(337.5, 412.5, 9.377700043801939)",0.3695807338444306,753.7119140625,-0.2261589902381036,0.515835015069628,120.57089999871096
5,6,12,"(362.5, 437.5, 8.184609533832969)",0.4676592563527235,745.0507202148438,-0.284861931195024,0.6360914805538108,122.75809999846388
5,6,15,"(312.5, 437.5, 13.134116007120344)",0.6617653238399953,763.3113403320312,-0.4374308063094123,0.6866408842903876,121.3748999980453
5,6,18,"(262.5, 437.5, 19.691492564685472)",0.0012316135260819,856.8884887695312,-2.297823864624528,0.001275664136495,121.77289999817732
5,7,0,"(437.5, 412.5, 3.7158125367455015)",0.7124392633122651,737.2013549804688,-0.2927820735631412,2.0232623712277595,126.39800000033574
5,7,3,"(412.5, 437.5, 5.025427393027027)",0.3581562436139742,738.6494750976562,-0.2451019321586623,1.24329724029151,121.61510000078124
5,7,6,"(362.5, 437.5, 8.184609533832969)",0.4465567984212459,747.9551391601562,-0.294899909119814,0.4632030740680249,119.91679999846384
5,7,9,"(312.5, 437.5, 13.134116007120344)",0.6677455989271148,763.6181030273438,-0.4380909097750682,0.6894145412458752,120.39079999885872
5,7,12,"(262.5, 437.5, 19.691492564685472)",0.0018174808167913,856.8884887695312,-2.297823864624528,0.0012756613527005,120.87520000204675
5,8,0,"(437.5, 412.5, 3.7158125367455015)",0.7172191551832212,737.3029174804688,-0.2927820735631412,2.023262333677568,121.53030000263244
5,8,3,"(387.5, 412.5, 5.968521653217249)",0.4622918949902636,742.2098388671875,-0.2451912467601162,1.1963838662640212,120.36150000130874
5,8,6,"(337.5, 412.5, 9.377700043801939)",0.1403921626232754,766.1824340820312,-0.2724943076079764,0.1854782415934894,123.5621000014362
5,8,9,"(362.5, 437.5, 8.184609533832969)",0.4764856579857534,745.2736206054688,-0.2871211862308367,0.6257160688066283,120.9125999994285
5,8,12,"(312.5, 437.5, 13.134116007120344)",0.6537178611634749,763.460205078125,-0.4361250861253093,0.6808900996501199,121.39960000058636
5,8,15,"(262.5, 437.5, 19.691492564685472)",0.0024213219610185,856.8884887695312,-2.297823864624528,0.0012756562024116,117.6062999984424
5,9,0,"(437.5, 412.5, 3.7158125367455015)",0.7128348869733264,737.1549072265625,-0.2927820735631412,2.023262349813533,122.96999999671245
5,9,3,"(412.5, 387.5, 4.295992126710907)",0.6300680476381494,738.9428100585938,-0.2818171573716007,1.3208669588073612,122.4292000006244
5,9,6,"(387.5, 412.5, 5.968521653217249)",0.5451770718870734,742.0225219726562,-0.2668695574545465,1.3196110791501563,119.21150000125635
5,9,9,"(337.5, 412.5, 9.377700043801939)",0.1442370270149607,766.055908203125,-0.2725029508148257,0.1861567376797431,123.0464000000211
5,9,12,"(362.5, 437.5, 8.184609533832969)",0.4667908507088516,745.5499267578125,-0.2871222967642394,0.62574432901154,126.37630000244826
5,9,15,"(312.5, 437.5, 13.134116007120344)",0.6571844686952482,763.491943359375,-0.4361252259001928,0.6808906098186123,122.3377000023902
5,9,18,"(262.5, 437.5, 19.691492564685472)",0.0020668986071108,856.8884887695312,-2.297823864624528,0.0012756736665073,126.58770000052756
5,0,0,"(37.5, 437.5, 3.968016468858607)",0.506923728416057,733.3942260742188,-0.2565753444739743,1.738276714153547,122.78599999990548
5,0,3,"(37.5, 387.5, 3.4504418791542615)",0.2393552539779928,735.1395874023438,-0.2278157099241864,1.2885356256917406,122.18729999949574
5,0,6,"(87.5, 387.5, 5.413067831237064)",0.2288474752331855,743.3814697265625,-0.2252629077182836,0.915429191357722,122.39380000028176
5,0,9,"(112.5, 362.5, 5.753213768936505)",0.3113164685858992,743.5107421875,-0.2284365610392958,0.7171554721238562,121.2253999983659
5,0,12,"(137.5, 387.5, 8.184609533832969)",0.3659126707200028,750.4165649414062,-0.2285872117908698,0.6992833682703059,123.74939999790512
5,0,15,"(137.5, 337.5, 5.675677129206918)",0.1916375369974543,746.8081665039062,-0.2350251098949236,0.353967953858825,117.78549999871755
5,0,18,"(137.5, 387.5, 8.184609533832969)",0.1825249006153421,756.2553100585938,-0.2214345332659513,0.2507502400945581,124.5595999971556
5,0,21,"(137.5, 437.5, 10.499382396270086)",0.2367976027783539,757.7318115234375,-0.2688575573037582,0.241621668074367,120.72629999966011
5,0,24,"(87.5, 437.5, 6.482612700641647)",0.0271034580754014,745.4955444335938,-0.2460851013591325,0.0864721149450816,119.36950000017532
5,0,27,"(112.5, 462.5, 8.613227892873539)",0.1441796419752194,748.4974365234375,-0.3007004696341441,0.2147313807996726,121.8799999987823
5,0,30,"(87.5, 437.5, 6.482612700641647)",0.0253549847527769,745.64990234375,-0.2460731117088075,0.0801174987134044,123.3031999981904
5,0,33,"(87.5, 437.5, 6.482612700641647)",0.0622961421209247,745.4112548828125,-0.2462323776966002,0.1690933294575144,123.9939000006416
5,0,36,"(112.5, 462.5, 8.613227892873539)",0.1443525378270672,748.1932373046875,-0.3007013787656771,0.2147077934914303,118.116600002395
5,0,39,"(87.5, 437.5, 6.482612700641647)",0.0247815590022661,745.5747680664062,-0.2460731191095471,0.0801248419504777,122.65330000082032
5,0,42,"(112.5, 462.5, 8.613227892873539)",0.2761360172455157,746.8151245117188,-0.2986417364717314,0.3978511086537833,120.64620000091963
5,0,45,"(112.5, 412.5, 7.580708003809701)",0.039206497406544,752.2909545898438,-0.230072244396685,0.1439683147079251,125.54110000201035
5,0,48,"(112.5, 462.5, 8.613227892873539)",0.1349001813411746,747.6839599609375,-0.3006561892882864,0.1854848769464794,122.10049999703187
5,0,51,"(87.5, 437.5, 6.482612700641647)",0.0301789477293052,745.6192016601562,-0.2460655311016699,0.0814154760154275,128.9163000001281
5,0,54,"(112.5, 462.5, 8.613227892873539)",0.1515370909567255,747.9107666015625,-0.3006973774171248,0.2166393976917791,125.2706000013859
5,0,57,"(87.5, 437.5, 6.482612700641647)",0.0262531619365444,745.6593627929688,-0.2460653770327863,0.0813594897275905,125.55779999820516
5,0,60,"(87.5, 487.5, 6.666664041566122)",0.1946253459756431,557.2173461914062,-0.2880965753019575,0.4216363772270767,155.04999999757274
5,0,63,"(87.5, 437.5, 6.482612700641647)",0.0430941149772602,745.5172119140625,-0.2460867716398955,0.1088056688708054,125.36919999911332
5,0,66,"(112.5, 462.5, 8.613227892873539)",0.1514696682254453,747.4306640625,-0.3006974222027845,0.2166664574557671,121.88210000022082
5,0,69,"(87.5, 437.5, 6.482612700641647)",0.0263932896240716,745.666259765625,-0.2460731121061474,0.080118192023947,121.02070000037202
5,1,0,"(37.5, 437.5, 3.968016468858607)",0.5049592810684305,733.420166015625,-0.2565753444739743,1.738276809316451,123.17679999978282
5,1,3,"(37.5, 387.5, 3.4504418791542615)",0.2411259547951572,735.1395874023438,-0.2278157099241864,1.2885356050737509,123.12170000222976
5,1,6,"(87.5, 387.5, 5.413067831237064)",0.2297014452534809,743.3953247070312,-0.2252629077182835,0.9154292094898424,122.75829999998678
5,1,9,"(112.5, 362.5, 5.753213768936505)",0.3089850767713794,743.4236450195312,-0.2284365610392958,0.7171554579939118,120.9378999992623
5,1,12,"(137.5, 387.5, 8.184609533832969)",0.3653189395975185,750.1354370117188,-0.2285872117908697,0.6992834191012409,118.69880000085686
5,1,15,"(162.5, 362.5, 8.044975170611863)",0.5130206986312066,749.4471435546875,-0.2533897528226155,0.7744728944550161,121.13959999987856
5,1,18,"(187.5, 387.5, 11.364582883745452)",0.0111220647906464,781.5147094726562,-0.2949055233565611,0.011812798682311,125.04429999899004
5,1,21,"(237.5, 387.5, 13.016039592385813)",1.0706729319690986,777.30517578125,-0.7345811872007404,0.9435819920454186,174.61420000108774
5,1,24,"(237.5, 437.5, 21.459341898515387)",0.0019688203404485,856.8884887695312,-1.1683404932304369,0.0012346174439146,127.30089999968186
5,2,0,"(37.5, 437.5, 3.968016468858607)",0.4970348680608865,733.516357421875,-0.2565753444739743,1.7382767208671912,120.6281000013405
5,2,3,"(37.5, 387.5, 3.4504418791542615)",0.2410446745336891,735.2025756835938,-0.2278157099241864,1.2885356246801272,122.23079999967013
5,2,6,"(87.5, 387.5, 5.413067831237064)",0.2287491489349412,743.2266845703125,-0.2252629077182835,0.9154291456206524,121.20499999946333
5,2,9,"(112.5, 362.5, 5.753213768936505)",0.3096909501438138,743.3037719726562,-0.2284365610392958,0.7171554590115449,122.94850000034783
5,2,12,"(112.5, 362.5, 5.753213768936505)",0.2215673243289892,745.0376586914062,-0.2240288270656465,0.5047664795466581,122.44709999868064
5,2,15,"(112.5, 362.5, 5.753213768936505)",0.2291148110534515,745.1233520507812,-0.2239980205350412,0.5030180767348609,124.35499999992317
5,2,18,"(112.5, 312.5, 3.997603125569143)",0.3031918101182928,740.4667358398438,-0.2303112236369943,0.7424142655514171,126.34049999905984
5,2,21,"(112.5, 262.5, 2.645266895480795)",0.2372581820831491,737.5048217773438,-0.2302296799755416,1.8207971941026215,121.56349999713711
5,2,24,"(112.5, 212.5, 1.7023465120987893)",0.2532386075510116,737.11669921875,-0.2413921425667579,2.164276478825486,120.37050000071758
5,2,27,"(137.5, 237.5, 2.3703523149193924)",0.3742591936782056,737.469482421875,-0.2513806107654967,2.164078136101223,123.19420000130776
5,2,30,"(137.5, 287.5, 3.720264207629609)",0.4264292712955052,738.5525512695312,-0.2470598424716738,1.805519587928183,120.6283000028634
5,2,33,"(137.5, 337.5, 5.675677129206918)",0.4031202769692879,745.67138671875,-0.2395767710590606,0.7027177937147392,120.84779999713646
5,2,36,"(137.5, 387.5, 8.184609533832969)",0.1784911024058352,756.56201171875,-0.2214323190916826,0.2469823579811711,120.02289999873028
5,2,39,"(187.5, 387.5, 11.364582883745452)",0.0243917090059534,781.3692626953125,-0.2949069834794432,0.0267905990860096,120.80969999806256
5,2,42,"(187.5, 387.5, 11.364582883745452)",0.0109403684880047,781.5147094726562,-0.2949055862339276,0.0137868678113828,119.05529999785358
5,2,45,"(187.5, 437.5, 16.502195647044346)",0.002756174567194,817.1593017578125,-0.2493861937016031,0.0017674346187588,121.67550000231132
5,2,48,"(237.5, 437.5, 21.459341898515387)",0.0015709478026194,856.8884887695312,-1.1683404932304366,0.0012346218970497,123.11620000036784
5,3,0,"(37.5, 437.5, 3.968016468858607)",0.5019805283116918,733.68505859375,-0.2565753444739743,1.7382766972614898,122.22380000093835
5,3,3,"(37.5, 387.5, 3.4504418791542615)",0.2414715574756335,735.1455078125,-0.2278157099241864,1.2885356210077243,124.05779999971855
5,3,6,"(87.5, 387.5, 5.413067831237064)",0.2361077600195349,743.1057739257812,-0.2252629077182836,0.915429195616738,120.34750000020722
5,3,9,"(112.5, 362.5, 5.753213768936505)",0.3064592327971215,743.52294921875,-0.2284365610392958,0.7171554499651702,122.42709999918588
5,3,12,"(137.5, 387.5, 8.184609533832969)",0.3672393134968715,750.09814453125,-0.2285872117908698,0.6992834016222734,122.66899999667658
5,3,15,"(137.5, 337.5, 5.675677129206918)",0.1939269814542796,746.8401489257812,-0.2350251098949237,0.3539679545063278,121.0200999994413
5,3,18,"(137.5, 387.5, 8.184609533832969)",0.1803691800952672,756.2749633789062,-0.2214345332659513,0.2507502288024562,128.0116000016278
5,3,21,"(187.5, 387.5, 11.364582883745452)",0.0239946491048869,781.4288330078125,-0.2949069870175959,0.0268015608790095,125.53159999879426
5,3,24,"(187.5, 437.5, 16.502195647044346)",0.0020848437874168,817.1593017578125,-0.2493861937007836,0.0017476818712103,130.11030000052415
5,3,27,"(237.5, 437.5, 21.459341898515387)",0.0012155348902436,856.8884887695312,-1.1683404932304366,0.0012346338364721,122.14859999949113
5,4,0,"(37.5, 437.5, 3.968016468858607)",0.4977813926111845,733.478515625,-0.2565753444739743,1.73827669683436,122.2282999988238
5,4,3,"(37.5, 387.5, 3.4504418791542615)",0.2370650747612136,735.11328125,-0.2278157099241864,1.2885356790171716,122.27440000060597
5,4,6,"(87.5, 387.5, 5.413067831237064)",0.2298759428047508,743.119384765625,-0.2252629077182836,0.9154291723311856,125.45780000073135
5,4,9,"(112.5, 362.5, 5.753213768936505)",0.3080907278556301,743.2647094726562,-0.2284365610392958,0.7171554681225203,120.66150000100606
5,4,12,"(137.5, 387.5, 8.184609533832969)",0.3615053228707208,750.6055908203125,-0.2285872117908698,0.6992833735152161,124.6912999995402
5,4,15,"(137.5, 337.5, 5.675677129206918)",0.1942639266986123,746.8729248046875,-0.2350251098949236,0.3539679773075846,125.76819999958389
5,4,18,"(137.5, 337.5, 5.675677129206918)",0.4839570857966034,743.9490966796875,-0.2433283100827623,0.8438711017372603,122.90099999881932
5,4,21,"(137.5, 387.5, 8.184609533832969)",0.1719529541994922,756.3993530273438,-0.2214314074561965,0.2472072092091704,121.9954999978654
5,4,24,"(137.5, 437.5, 10.499382396270086)",0.2336370084241248,758.2286987304688,-0.2688576310809259,0.2416265229545656,123.41209999794955
5,4,27,"(87.5, 437.5, 6.482612700641647)",0.027263573726873,745.4298706054688,-0.2460850992996578,0.0864715428102207,120.64449999888892
5,4,30,"(112.5, 462.5, 8.613227892873539)",0.2707213169081687,746.8392333984375,-0.2986764023813487,0.3960630335493981,121.79739999919548
5,4,33,"(112.5, 412.5, 7.580708003809701)",0.0395682456957765,752.3688354492188,-0.2300722591081752,0.1439716300232762,120.45510000098147
5,4,36,"(137.5, 437.5, 10.499382396270086)",0.062200377836756,764.3936767578125,-0.268424900793114,0.0695377453525227,122.59670000275946
5,4,39,"(112.5, 412.5, 7.580708003809701)",0.0421677645657396,752.2205200195312,-0.2301099230371896,0.1566108099013391,121.52159999823198
5,4,42,"(112.5, 462.5, 8.613227892873539)",0.1335692176101569,747.3004760742188,-0.3006585888711149,0.1849455707784093,118.96229999911156
5,4,45,"(87.5, 437.5, 6.482612700641647)",0.0262715302859274,745.6544799804688,-0.2460733337485816,0.080238564301992,122.8151000032085
5,4,48,"(112.5, 462.5, 8.613227892873539)",0.273383507335681,746.9324951171875,-0.2986435625649449,0.3977717291615243,125.87939999866649
5,4,51,"(87.5, 437.5, 6.482612700641647)",0.0254271286171939,745.6026000976562,-0.2460729436000615,0.0800374462450848,121.84739999793236
5,4,54,"(137.5, 437.5, 10.499382396270086)",0.0661928564034541,765.255126953125,-0.2684239697727113,0.0771245550472747,126.89559999853373
5,4,57,"(187.5, 437.5, 16.502195647044346)",0.0016419521085537,817.1593017578125,-0.2493861936949355,0.0015255658550458,121.49390000195126
5,4,60,"(237.5, 437.5, 21.459341898515387)",0.0008130308831993,856.8884887695312,-1.168340493230437,0.0012346239537865,124.8416000016732
5,5,0,"(37.5, 437.5, 3.968016468858607)",0.5018549417278151,733.5154418945312,-0.2565753444739743,1.7382766758894714,123.82889999935288
5,5,3,"(37.5, 387.5, 3.4504418791542615)",0.2388441552663087,735.2025756835938,-0.2278157099241864,1.2885356277384352,119.32980000347015
5,5,6,"(87.5, 387.5, 5.413067831237064)",0.2239465108185411,743.290771484375,-0.2252629077182836,0.9154291530034078,119.82499999794528
5,5,9,"(112.5, 362.5, 5.753213768936505)",0.3025888590995204,743.4503784179688,-0.2284365610392958,0.7171554373845285,123.67799999992712
5,5,12,"(112.5, 362.5, 5.753213768936505)",0.2277327123202022,745.2318115234375,-0.2240288270656465,0.504766453299597,123.03609999798935
5,5,15,"(137.5, 387.5, 8.184609533832969)",0.3659551817524036,750.23388671875,-0.2285886635198479,0.7033002022548795,123.3273999969242
5,5,18,"(137.5, 337.5, 5.675677129206918)",0.1939631327980462,746.8466796875,-0.2350248301595308,0.3539580934411592,121.73909999910391
5,5,21,"(187.5, 337.5, 7.2238068944948735)",0.5550446889514973,753.3817138671875,-0.303793487395616,0.7704957465907877,124.3627000003471
5,5,24,"(212.5, 362.5, 9.863883753989105)",0.7895567141990264,746.2010498046875,-0.2737585828875949,1.0592164629860006,121.6867999974056
5,5,27,"(237.5, 387.5, 13.016039592385813)",0.6382187939656105,763.76123046875,-0.7455930660292085,0.6389111334153647,170.53709999890998
5,5,30,"(237.5, 437.5, 21.459341898515387)",0.0011141790359165,856.8884887695312,-1.1683404932304369,0.0012346182256065,119.10089999946648
5,6,0,"(37.5, 437.5, 3.968016468858607)",0.5006009963016503,733.5528564453125,-0.2565753444739743,1.7382767131645884,122.16059999991558
5,6,3,"(37.5, 387.5, 3.4504418791542615)",0.2442679383475096,735.1117553710938,-0.2278157099241864,1.2885356523208675,119.95549999846844
5,6,6,"(37.5, 337.5, 2.720263300914144)",0.2830080241471958,734.6510009765625,-0.236596399543891,1.6574773304373254,120.44170000081068
5,6,9,"(62.5, 312.5, 2.84003211203415)",0.3564481857227694,736.115478515625,-0.2425694704928052,1.815177567063177,119.86819999947328
5,6,12,"(112.5, 312.5, 3.997603125569143)",0.3782646837757494,739.0198974609375,-0.234903663184487,1.2537004484193903,117.70910000268486
5,6,15,"(112.5, 362.5, 5.753213768936505)",0.2482593559590365,744.74560546875,-0.2236837916716941,0.5387956626903951,120.7022999988112
5,6,18,"(137.5, 387.5, 8.184609533832969)",0.3585499141297723,750.4180908203125,-0.2280436589497284,0.6845919646687044,119.811500000651
5,6,21,"(162.5, 362.5, 8.044975170611863)",0.5158330036367382,749.31396484375,-0.253388747581219,0.7743998225489162,120.16859999857844
5,6,24,"(187.5, 387.5, 11.364582883745452)",0.0118592610769332,781.5147094726562,-0.2949055233559822,0.0118127274385466,122.715600002266
5,6,27,"(212.5, 412.5, 15.910281935579775)",0.6930867724662084,776.594970703125,-0.4248768202915495,0.5383446701024195,174.30569999851286
5,6,30,"(237.5, 437.5, 21.459341898515387)",0.0014665616208556,856.8884887695312,-1.168340493230437,0.0012346169139884,121.47130000084871
5,7,0,"(37.5, 437.5, 3.968016468858607)",0.4958952391886684,733.5828857421875,-0.2565753444739743,1.738276711197133,123.56429999999818
5,7,3,"(37.5, 387.5, 3.4504418791542615)",0.2388598374638403,735.1134033203125,-0.2278157099241864,1.2885356558408625,122.2697999983211
5,7,6,"(87.5, 387.5, 5.413067831237064)",0.230799971623946,743.188232421875,-0.2252629077182836,0.9154291990205058,120.2926000005391
5,7,9,"(112.5, 362.5, 5.753213768936505)",0.3088620745403567,743.39892578125,-0.2284365610392958,0.7171554864430352,125.87700000221956
5,7,12,"(112.5, 362.5, 5.753213768936505)",0.2270574251301158,744.9265747070312,-0.2240288270656465,0.504766430433253,123.51250000210712
5,7,15,"(137.5, 387.5, 8.184609533832969)",0.3721917750324038,750.2669067382812,-0.2285886635198479,0.7033001689030401,126.12999999691964
5,7,18,"(137.5, 337.5, 5.675677129206918)",0.1950568377934751,746.7677001953125,-0.2350248301595308,0.3539581083450869,124.82010000167064
5,7,21,"(137.5, 387.5, 8.184609533832969)",0.1811346449537219,755.9837646484375,-0.2214345350224159,0.2507506371675249,119.66170000232523
5,7,24,"(187.5, 387.5, 11.364582883745452)",0.0239379630077865,781.5147094726562,-0.294906987017596,0.0268015481328093,120.59939999744527
5,7,27,"(237.5, 387.5, 13.016039592385813)",1.066972046749771,776.6641845703125,-0.7345811625031312,0.9435820333550604,171.93630000110716
5,7,30,"(237.5, 437.5, 21.459341898515387)",0.0006015371555403,856.8884887695312,-1.1683404932304364,0.0012346267032059,123.51540000236128
5,8,0,"(37.5, 437.5, 3.968016468858607)",0.5049419145481021,733.6224975585938,-0.2565753444739743,1.7382766901832776,123.79150000197114
5,8,3,"(37.5, 387.5, 3.4504418791542615)",0.2365599017187229,735.1911010742188,-0.2278157099241864,1.288535606729294,121.3709999974526
5,8,6,"(87.5, 387.5, 5.413067831237064)",0.2261802126406606,743.3906860351562,-0.2252629077182836,0.9154292058643116,119.9709000029543
5,8,9,"(112.5, 362.5, 5.753213768936505)",0.3071389473920078,743.360595703125,-0.2284365610392958,0.7171554583793005,121.78599999970174
5,8,12,"(112.5, 362.5, 5.753213768936505)",0.2309413787429997,745.0280151367188,-0.2240288270656465,0.5047664392391076,119.62929999936024
5,8,15,"(137.5, 387.5, 8.184609533832969)",0.2093491301711541,755.0791015625,-0.2215699888530908,0.3457905505108589,122.38350000188802
5,8,18,"(187.5, 387.5, 11.364582883745452)",0.0248677586113758,781.40283203125,-0.2949070691544524,0.0271428204962625,121.23559999963618
5,8,21,"(237.5, 387.5, 13.016039592385813)",1.067928769499942,776.4715576171875,-0.7345811625031313,0.9435820268066092,173.24340000050142
5,8,24,"(237.5, 437.5, 21.459341898515387)",0.0011168936875278,856.8884887695312,-1.1683404932304369,0.0012346159284525,123.00820000018577
5,9,0,"(37.5, 437.5, 3.968016468858607)",0.5015333942276552,733.5948486328125,-0.2565753444739743,1.7382767438603086,122.57400000089548
5,9,3,"(37.5, 387.5, 3.4504418791542615)",0.2386623784216537,735.1071166992188,-0.2278157099241864,1.2885356510624155,123.8532999996096
5,9,6,"(87.5, 387.5, 5.413067831237064)",0.2282321659005396,743.2133178710938,-0.2252629077182835,0.9154291836585052,125.83409999933792
5,9,9,"(112.5, 362.5, 5.753213768936505)",0.3087962290273523,743.365234375,-0.2284365610392958,0.7171554750386339,125.09649999992688
5,9,12,"(112.5, 362.5, 5.753213768936505)",0.23080428195228,744.9906005859375,-0.2240288270656464,0.504766467450836,121.84479999996256
5,9,15,"(112.5, 362.5, 5.753213768936505)",0.2299139504796505,744.93310546875,-0.2239980205350412,0.5030180990365342,119.58940000113216
5,9,18,"(112.5, 362.5, 5.753213768936505)",0.2369486243442178,745.0387573242188,-0.2239975330568521,0.5029903388775575,127.46420000257784
5,9,21,"(137.5, 387.5, 8.184609533832969)",0.2090007177442132,755.3101196289062,-0.2215701461702894,0.345835290784252,123.38109999836888
5,9,24,"(187.5, 387.5, 11.364582883745452)",0.0237427075256145,781.31298828125,-0.2949070691510531,0.027142818397393,120.19149999832734
5,9,27,"(187.5, 437.5, 16.502195647044346)",0.0016423533610501,817.1593017578125,-0.2493861937007836,0.0017476630845194,121.3577999988047
5,9,30,"(237.5, 437.5, 21.459341898515387)",0.0012251566758147,856.8884887695312,-1.1683404932304369,0.0012346417852767,120.42469999869354
5,0,0,"(12.5, 437.5, 3.099809189999389)",0.5405326928079363,548.8597412109375,-0.2773825677586445,2.1450815560031176,122.3600000012084
5,0,3,"(12.5, 387.5, 2.7344809963379078)",0.2409943245802462,549.9714965820312,-0.228652590486883,1.6713081108417274,120.01489999965996
5,0,6,"(62.5, 387.5, 4.334940067576602)",0.2674063933800288,739.024658203125,-0.2284768130320308,1.1335158473990563,117.3051999976451
5,0,9,"(87.5, 362.5, 4.730210615988501)",0.3013720659591722,741.0289916992188,-0.2353640719709209,0.9188500731391058,122.2725999978138
5,0,12,"(112.5, 387.5, 6.700045574866817)",0.2058451091421264,747.7326049804688,-0.2229811447881692,0.6035761731092071,118.765600000188
5,0,15,"(112.5, 337.5, 4.834376816244601)",0.2118555182399498,742.9261474609375,-0.2280532244943069,0.5451226049862873,122.0132000016747
5,0,18,"(112.5, 287.5, 3.266470567666104)",0.2801563704616468,738.7135620117188,-0.2350726366061925,1.2501995753850363,118.06419999993524
5,0,21,"(112.5, 337.5, 4.834376816244601)",0.3193679125514374,742.3670043945312,-0.227540648646989,0.7233184187026486,121.6392000023916
5,0,24,"(112.5, 387.5, 6.700045574866817)",0.1439344432536746,748.7728881835938,-0.2214687269018025,0.3937159489891722,120.42890000157058
5,0,27,"(137.5, 362.5, 6.88289330546234)",0.3853748274740037,744.0646362304688,-0.2311638248500955,0.7060503027963322,124.84949999998209
5,0,30,"(162.5, 387.5, 9.797797492156253)",0.274090259010039,763.2575073242188,-0.2349322409326693,0.3475610003575126,126.7364000013913
5,0,33,"(187.5, 362.5, 9.103110310900643)",0.1627854114756839,764.8013305664062,-0.3103130779133086,0.1888874606230022,120.85560000195984
5,0,36,"(212.5, 387.5, 12.56601886791643)",0.2303247696596048,775.0076904296875,-0.2251116439643545,0.2247258824131987,117.63449999853036
5,0,39,"(237.5, 362.5, 10.136936791802604)",0.644997651154362,753.9611206054688,-0.3823450205848694,0.6249468155340175,123.36990000039803
5,0,42,"(212.5, 387.5, 12.56601886791643)",0.1201435770213621,778.7671508789062,-0.2228732953883923,0.1243953425042037,120.07920000178274
5,0,45,"(237.5, 362.5, 10.136936791802604)",0.648987726045058,753.6962890625,-0.3822878012906887,0.6234853754114541,121.44530000296072
5,0,48,"(212.5, 387.5, 12.56601886791643)",0.1242324710984983,778.1859741210938,-0.2228731433172569,0.1243775191212035,119.65390000113985
5,0,51,"(237.5, 362.5, 10.136936791802604)",0.6513515753719286,753.7359619140625,-0.3822878162221372,0.6234850413038292,120.10279999958584
5,0,54,"(212.5, 387.5, 12.56601886791643)",0.1225810282491875,778.4738159179688,-0.2228731431259798,0.1243774668411853,120.56719999964116
5,0,57,"(237.5, 387.5, 13.016039592385813)",0.2375683680314644,769.447265625,-0.3693408951769254,0.2966737199501711,124.44020000111776
5,0,60,"(237.5, 437.5, 21.459341898515387)",0.0018333681217509,856.8884887695312,-1.1683404932304369,0.0012346362456504,122.24440000136384
5,1,0,"(12.5, 437.5, 3.099809189999389)",0.5459854609198644,548.8991088867188,-0.2773825677586445,2.145081494104555,122.38570000045002
5,1,3,"(12.5, 387.5, 2.7344809963379078)",0.2441210922838929,549.9207153320312,-0.228652590486883,1.6713080715109578,122.9432000000088
5,1,6,"(12.5, 337.5, 2.201752559048532)",0.2732677699735957,549.9140625,-0.2362501226288083,1.94657791832456,118.84880000070552
5,1,9,"(62.5, 337.5, 3.333747410702351)",0.3720107519304113,737.3533325195312,-0.2382284198253373,1.6542471209037128,124.85340000057477
5,1,12,"(87.5, 312.5, 3.3952550877786836)",0.3711611792625396,738.1292724609375,-0.235419600695401,1.4418826983868134,125.45760000284643
5,1,15,"(112.5, 337.5, 4.834376816244601)",0.4026398060430143,739.4442749023438,-0.2333444536737036,1.2304660518357322,121.56170000162092
5,1,18,"(162.5, 337.5, 6.503826249283008)",0.4099099367214042,748.977294921875,-0.2577719262059409,0.6400725755434987,117.37550000179908
5,1,21,"(187.5, 362.5, 9.103110310900643)",0.6812915050356196,749.8817138671875,-0.293950932048546,0.8023293779858637,120.66889999914564
5,1,24,"(187.5, 387.5, 11.364582883745452)",0.0097018403024681,781.5147094726562,-0.2949055255765364,0.0114449619682091,120.96310000197263
5,1,27,"(187.5, 387.5, 11.364582883745452)",0.0132812356505637,781.5147094726562,-0.2949056986192143,0.0162198482373125,121.14870000004883
5,1,30,"(237.5, 387.5, 13.016039592385813)",1.070640733853988,777.1407470703125,-0.7345811872007407,0.9435819874889704,172.0061000014539
5,1,33,"(237.5, 437.5, 21.459341898515387)",0.0022767959485004,856.8884887695312,-1.1683404932304369,0.0012346234614785,122.22919999840089
5,2,0,"(12.5, 437.5, 3.099809189999389)",0.5458399818923683,548.8780517578125,-0.2773825677586445,2.1450815555793508,122.1644000033848
5,2,3,"(37.5, 412.5, 3.751648026446586)",0.2631355812777831,735.0210571289062,-0.233427304337221,1.3142817570140934,122.44320000172593
5,2,6,"(37.5, 362.5, 3.0963977943191585)",0.2101048746795393,734.6327514648438,-0.229327871629812,1.515498560929154,122.30089999866324
5,2,9,"(37.5, 312.5, 2.347164439776079)",0.3335340760457664,733.861328125,-0.2411372793957318,1.910301540986525,120.51599999904283
5,2,12,"(87.5, 312.5, 3.3952550877786836)",0.3719186417465092,737.9022827148438,-0.2403321319136468,1.5214166279915542,120.78759999712928
5,2,15,"(112.5, 337.5, 4.834376816244601)",0.4057193858705796,739.3973388671875,-0.2332670275229903,1.2274178948581915,121.17310000030557
5,2,18,"(162.5, 337.5, 6.503826249283008)",0.400110036665195,749.2064819335938,-0.2577715564644367,0.640061672318806,120.62049999804005
5,2,21,"(187.5, 362.5, 9.103110310900643)",0.4772726546543737,759.252197265625,-0.3117180881437928,0.5677787791657288,123.89409999741474
5,2,24,"(212.5, 387.5, 12.56601886791643)",0.2223094243548293,774.802734375,-0.224842528448579,0.2175652374382828,127.84040000042296
5,2,27,"(237.5, 362.5, 10.136936791802604)",0.6513980029639976,753.7276000976562,-0.382338572133418,0.6248458741383044,121.49660000068252
5,2,30,"(212.5, 387.5, 12.56601886791643)",0.1218603354889249,778.7647705078125,-0.2228732938669937,0.1243944384799843,120.70289999974192
5,2,33,"(237.5, 362.5, 10.136936791802604)",0.6497631463862477,753.6074829101562,-0.3822878005799333,0.6234853837685215,120.68509999880916
5,2,36,"(212.5, 387.5, 12.56601886791643)",0.1257227272373522,778.7643432617188,-0.2228731433172569,0.1243775205522777,120.00340000304276
5,2,39,"(237.5, 362.5, 10.136936791802604)",0.6432283259074333,753.9993286132812,-0.3822878162221372,0.623485114602186,120.85789999764528
5,2,42,"(212.5, 387.5, 12.56601886791643)",0.1209239413233842,777.9656372070312,-0.2228731431259798,0.1243775023462859,118.892099999357
5,2,45,"(237.5, 362.5, 10.136936791802604)",0.6483155175477986,754.0151977539062,-0.3822878162221371,0.6234851532279376,125.54910000108066
5,2,48,"(212.5, 387.5, 12.56601886791643)",0.123271548481351,778.255615234375,-0.2228731431259799,0.1243774902618447,126.38289999813423
5,2,51,"(237.5, 362.5, 10.136936791802604)",0.6552680187948206,753.7982788085938,-0.3822878162221371,0.6234851154815176,124.27519999982906
5,2,54,"(212.5, 387.5, 12.56601886791643)",0.1242301404072614,778.4155883789062,-0.2228731431259798,0.1243775128578211,121.58700000145473
5,2,57,"(237.5, 362.5, 10.136936791802604)",0.6467651058856028,753.8863525390625,-0.3822878162221371,0.6234851153268203,123.44409999786876
5,2,60,"(212.5, 387.5, 12.56601886791643)",0.1275661335166749,778.494140625,-0.2228731431259799,0.1243775127763388,121.23919999794452
5,2,63,"(212.5, 437.5, 19.809611758762614)",0.0081887183110444,859.4910278320312,-0.2314690084453812,0.0056257388743596,121.69799999901444
5,3,0,"(12.5, 437.5, 3.099809189999389)",0.5508192220140602,548.8859252929688,-0.2773825677586445,2.1450814938032288,128.21249999979045
5,3,3,"(12.5, 387.5, 2.7344809963379078)",0.2432893958308579,549.9024047851562,-0.228652590486883,1.6713080315195463,119.55880000095932
5,3,6,"(62.5, 387.5, 4.334940067576602)",0.2731098297538623,738.9151000976562,-0.2284768130320307,1.133515828462215,120.20119999942835
5,3,9,"(87.5, 362.5, 4.730210615988501)",0.2995100144751368,740.87939453125,-0.2353640719709209,0.9188500811436744,118.43089999820222
5,3,12,"(112.5, 387.5, 6.700045574866817)",0.201692710408422,747.8892211914062,-0.2229811447881693,0.6035762024170264,120.56329999904848
5,3,15,"(112.5, 337.5, 4.834376816244601)",0.2167208988296821,742.9520263671875,-0.228053224494307,0.545122598568092,119.58830000003218
5,3,18,"(112.5, 287.5, 3.266470567666104)",0.2850301649495087,738.7588500976562,-0.2350726366061925,1.250199571912562,121.94069999895872
5,3,21,"(112.5, 337.5, 4.834376816244601)",0.321322812956559,742.3631591796875,-0.227540648646989,0.7233184203703799,118.24360000173328
5,3,24,"(112.5, 387.5, 6.700045574866817)",0.1453819795574357,748.943115234375,-0.2214687269018025,0.3937159507013485,122.54879999818512
5,3,27,"(112.5, 337.5, 4.834376816244601)",0.2158430424542064,742.9122924804688,-0.2280396695198115,0.5449093138373867,120.60740000015358
5,3,30,"(112.5, 287.5, 3.266470567666104)",0.2821708634747445,738.7501831054688,-0.2350739184982352,1.250225194300313,121.43160000050555
5,3,33,"(112.5, 337.5, 4.834376816244601)",0.3163630468272678,742.3680419921875,-0.2275406626941211,0.7233186798943563,123.2071000013093
5,3,36,"(112.5, 387.5, 6.700045574866817)",0.1490960792071732,748.7011108398438,-0.2214687269018024,0.3937159801361289,123.09670000104234
5,3,39,"(112.5, 337.5, 4.834376816244601)",0.2150154528978274,742.9089965820312,-0.2280396695198115,0.5449093442118413,121.86660000224948
5,3,42,"(112.5, 287.5, 3.266470567666104)",0.282659198259208,738.7097778320312,-0.2350739184982353,1.2502252064236072,120.69250000058672
5,3,45,"(112.5, 337.5, 4.834376816244601)",0.3176998881297824,742.4466552734375,-0.227540662694121,0.7233186506295335,119.24650000219115
5,3,48,"(112.5, 387.5, 6.700045574866817)",0.1435416897176624,748.5966186523438,-0.2214687269018024,0.3937159847063585,123.96179999996092
5,3,51,"(137.5, 362.5, 6.88289330546234)",0.3834516132833871,744.0635375976562,-0.2311638248500955,0.7060502914015978,122.59260000064388
5,3,54,"(137.5, 412.5, 9.458994007438445)",0.1840536915040032,759.0798950195312,-0.228164398700337,0.3300223939537695,120.71369999830496
5,3,57,"(162.5, 437.5, 13.254586740016286)",0.053093205905421,779.9139404296875,-0.2722365889202544,0.0577077677036589,123.5134000016842
5,3,60,"(212.5, 437.5, 19.809611758762614)",0.0030390798580702,859.4910278320312,-0.2314689990645801,0.0013318520154567,120.5368000009912
5,4,0,"(12.5, 437.5, 3.099809189999389)",0.545238284725374,548.8552856445312,-0.2773825677586445,2.145081534735627,123.26670000038575
5,4,3,"(37.5, 412.5, 3.751648026446586)",0.2683797267802194,735.082763671875,-0.233427304337221,1.314281730935793,121.8408000022464
5,4,6,"(62.5, 387.5, 4.334940067576602)",0.2559007806209163,739.2081298828125,-0.2264645764085687,1.0870043314528637,121.931499998027
5,4,9,"(87.5, 362.5, 4.730210615988501)",0.30113288972554,741.1304321289062,-0.2353489923564197,0.91769525702995,118.85249999977532
5,4,12,"(112.5, 387.5, 6.700045574866817)",0.1997168495165221,747.904541015625,-0.2229811032816702,0.6035837748367273,122.1081999974558
5,4,15,"(112.5, 337.5, 4.834376816244601)",0.2105233716581088,742.9318237304688,-0.2280532087138196,0.5451222480504189,121.0267999995267
5,4,18,"(112.5, 287.5, 3.266470567666104)",0.2863710854096734,738.72119140625,-0.2350726365591806,1.2501995766893954,120.10929999814834
5,4,21,"(112.5, 337.5, 4.834376816244601)",0.3228289721831069,742.3135375976562,-0.227540648646989,0.7233184153579487,126.42390000110026
5,4,24,"(112.5, 387.5, 6.700045574866817)",0.1478062810295431,748.767822265625,-0.2214687269018025,0.39371596107413,125.29739999808952
5,4,27,"(137.5, 362.5, 6.88289330546234)",0.3822940586894369,744.1094360351562,-0.2311638248500955,0.7060503204140197,124.14649999846006
5,4,30,"(162.5, 387.5, 9.797797492156253)",0.2790479767153561,762.9215087890625,-0.2349322409326692,0.3475610089449509,121.37679999796092
5,4,33,"(187.5, 362.5, 9.103110310900643)",0.1640624730768824,764.73681640625,-0.3103130779133086,0.1888875532958622,120.48969999887048
5,4,36,"(187.5, 412.5, 13.941569591049829)",0.0330739403846017,796.1182250976562,-0.2403615857236427,0.0374531023788778,121.33320000066306
5,4,39,"(212.5, 437.5, 19.809611758762614)",0.0033692088565397,859.4910278320312,-0.2314689990646896,0.0013838781519806,122.82669999694916
5,5,0,"(12.5, 437.5, 3.099809189999389)",0.5456681577812365,548.7473754882812,-0.2773825677586445,2.1450815365361744,122.19499999991967
5,5,3,"(37.5, 412.5, 3.751648026446586)",0.2701764989811949,735.0962524414062,-0.2334273043372209,1.3142817668831708,124.44150000010268
5,5,6,"(37.5, 362.5, 3.0963977943191585)",0.2114169695578252,734.529052734375,-0.229327871629812,1.515498550471933,119.9841000016022
5,5,9,"(37.5, 312.5, 2.347164439776079)",0.3283975561791841,733.8800048828125,-0.2411372793957318,1.910301534304263,121.98380000336329
5,5,12,"(87.5, 312.5, 3.3952550877786836)",0.3704266656426529,737.9526977539062,-0.2403321319136468,1.521416616036254,119.89259999973
5,5,15,"(87.5, 362.5, 4.730210615988501)",0.3143092319056777,740.298828125,-0.2306860837053094,1.0431733234218972,118.26849999852128
5,5,18,"(112.5, 387.5, 6.700045574866817)",0.1971093963817384,747.9323120117188,-0.2229065762047789,0.5956936740072025,121.28279999888036
5,5,21,"(137.5, 362.5, 6.88289330546234)",0.3869949163260259,744.0223999023438,-0.2311717842837177,0.7094303712836998,121.84979999801726
5,5,24,"(137.5, 412.5, 9.458994007438445)",0.1851112869715289,758.4647827148438,-0.2281650135927123,0.3300527856872065,121.42079999830456
5,5,27,"(112.5, 437.5, 8.264048786739911)",0.1737678939919994,752.4974975585938,-0.2576763484706427,0.1802264592384115,120.61050000193065
5,5,30,"(112.5, 437.5, 8.264048786739911)",0.0483285021476044,752.9080200195312,-0.2570867145544043,0.0869095353657013,118.64499999865076
5,5,33,"(162.5, 437.5, 13.254586740016286)",0.2374597584346494,759.8004760742188,-0.272236562550072,0.2489537892020784,125.25520000053804
5,5,36,"(162.5, 437.5, 13.254586740016286)",0.0715564860188858,776.5133056640625,-0.2722365670055613,0.0804262090183004,125.92010000298616
5,5,39,"(212.5, 437.5, 19.809611758762614)",0.0001890238939695,859.4910278320312,-0.2314689990645801,0.00133184723769,123.763700001291
5,6,0,"(12.5, 437.5, 3.099809189999389)",0.5419377741626035,548.806640625,-0.2773825677586446,2.145081589562203,122.89640000017243
5,6,3,"(37.5, 412.5, 3.751648026446586)",0.2688300336034645,734.9794311523438,-0.233427304337221,1.3142817940422538,118.81480000010924
5,6,6,"(62.5, 387.5, 4.334940067576602)",0.2549328662550121,739.1646728515625,-0.2264645764085686,1.0870043016776674,122.07609999677516
5,6,9,"(87.5, 362.5, 4.730210615988501)",0.2980171533137348,741.1322021484375,-0.2353489923564197,0.917695245306434,118.90610000045854
5,6,12,"(112.5, 387.5, 6.700045574866817)",0.1989213892623479,748.169189453125,-0.2229811032816702,0.6035837873207655,120.35000000105356
5,6,15,"(112.5, 337.5, 4.834376816244601)",0.2186227605927724,742.8657836914062,-0.2280532087138196,0.545122274225088,120.18030000035652
5,6,18,"(112.5, 287.5, 3.266470567666104)",0.2815388157134353,738.7308959960938,-0.2350726365591806,1.250199589811887,124.0380000017467
5,6,21,"(112.5, 337.5, 4.834376816244601)",0.3225136702489467,742.3944091796875,-0.227540648646989,0.7233183997971516,122.33330000162825
5,6,24,"(112.5, 387.5, 6.700045574866817)",0.143924135222868,748.8955078125,-0.2214687269018024,0.39371597934294,122.57630000021892
5,6,27,"(112.5, 337.5, 4.834376816244601)",0.2118616524955886,742.9700317382812,-0.2280396695198115,0.5449093188223388,119.15270000099554
5,6,30,"(112.5, 287.5, 3.266470567666104)",0.2809974080639905,738.8099365234375,-0.2350739184982353,1.2502252303686172,118.35190000056171
5,6,33,"(112.5, 337.5, 4.834376816244601)",0.3190045810895179,742.3153076171875,-0.2275406626941211,0.7233186589504653,122.77249999897322
5,6,36,"(112.5, 387.5, 6.700045574866817)",0.1459086103104103,748.8448486328125,-0.2214687269018024,0.3937159728759166,122.45070000062697
5,6,39,"(112.5, 337.5, 4.834376816244601)",0.2132493404541376,742.9259643554688,-0.2280396695198115,0.5449093060569138,120.2607999985048
5,6,42,"(112.5, 287.5, 3.266470567666104)",0.2836089809588028,738.8125610351562,-0.2350739184982353,1.2502252188737824,120.40089999936754
5,6,45,"(112.5, 337.5, 4.834376816244601)",0.3155172423799816,742.4667358398438,-0.227540662694121,0.7233187231071997,121.17620000208262
5,6,48,"(112.5, 387.5, 6.700045574866817)",0.1409260723966506,748.977294921875,-0.2214687269018025,0.3937159852066879,123.63209999966784
5,6,51,"(112.5, 337.5, 4.834376816244601)",0.212735830895213,742.9730834960938,-0.2280396695198115,0.544909351721562,122.8847999991558
5,6,54,"(112.5, 287.5, 3.266470567666104)",0.2882305712793496,738.7938842773438,-0.2350739184982353,1.2502252006811736,123.44709999888435
5,6,57,"(112.5, 337.5, 4.834376816244601)",0.3246944253033293,742.2451171875,-0.227540662694121,0.7233187050201806,124.8650000015914
5,6,60,"(112.5, 387.5, 6.700045574866817)",0.1421091822252995,748.8877563476562,-0.2214687269018024,0.3937159822684925,122.88850000186358
5,6,63,"(112.5, 337.5, 4.834376816244601)",0.2084303105227386,743.0531616210938,-0.2280396695198116,0.5449093220670995,122.35209999926155
5,6,66,"(112.5, 287.5, 3.266470567666104)",0.2865845477917305,738.7670288085938,-0.2350739184982354,1.2502252310199875,123.02070000077948
5,6,69,"(112.5, 337.5, 4.834376816244601)",0.3205967222636978,742.3875122070312,-0.2275406626941211,0.7233186884974258,124.26119999872752
5,7,0,"(12.5, 437.5, 3.099809189999389)",0.5434253121305682,548.8857421875,-0.2773825677586446,2.145081562692608,122.9946999992535
5,7,3,"(12.5, 387.5, 2.7344809963379078)",0.241352433556823,549.9274291992188,-0.228652590486883,1.671308074240156,119.15220000082628
5,7,6,"(12.5, 337.5, 2.201752559048532)",0.2722380172425717,549.9213256835938,-0.2362501226288084,1.9465779944873811,121.46310000025552
5,7,9,"(62.5, 337.5, 3.333747410702351)",0.3667285037368994,737.2816162109375,-0.2382284198253373,1.6542471236136524,120.00279999847407
5,7,12,"(87.5, 312.5, 3.3952550877786836)",0.3836270795216135,738.54931640625,-0.2303022054891572,1.2303474115445303,121.2840000007418
5,7,15,"(112.5, 337.5, 4.834376816244601)",0.3747011260639019,740.3020629882812,-0.2296863855388788,1.0374674101305663,119.78839999937918
5,7,18,"(112.5, 387.5, 6.700045574866817)",0.1486366730635928,748.8361206054688,-0.2214850480858776,0.3965269572602581,120.7377999999153
5,7,21,"(137.5, 362.5, 6.88289330546234)",0.3823449505562353,744.274658203125,-0.2311659708658313,0.7061339554065432,119.0011999970011
5,7,24,"(137.5, 412.5, 9.458994007438445)",0.1785971807915076,758.4819946289062,-0.22816440477807,0.3300228405193588,121.44310000076077
5,7,27,"(112.5, 437.5, 8.264048786739911)",0.1709920600006098,752.6245727539062,-0.2576763484429208,0.1802264438800914,122.27849999908358
5,7,30,"(87.5, 462.5, 6.711234702510277)",0.0519179790006483,743.4249267578125,-0.2690378768524785,0.0892118648441031,123.76420000146028
5,7,33,"(112.5, 437.5, 8.264048786739911)",0.1917075932329791,752.1907348632812,-0.2580275349219439,0.2028292096721372,122.42239999977755
5,7,36,"(112.5, 437.5, 8.264048786739911)",0.035413008052182,753.0814819335938,-0.2570407596762687,0.0689087178853481,123.64700000034644
5,7,39,"(162.5, 437.5, 13.254586740016286)",0.2426310808101212,757.6333618164062,-0.2722365769943832,0.2522886932743709,120.56200000006356
5,7,42,"(212.5, 437.5, 19.809611758762614)",0.0001891701362093,859.4910278320312,-0.2314689990645801,0.001331847251426,124.14080000235116
5,8,0,"(12.5, 437.5, 3.099809189999389)",0.5510720991569098,548.8336181640625,-0.2773825677586446,2.145081572427961,122.61170000056154
5,8,3,"(12.5, 387.5, 2.7344809963379078)",0.24644639368497,549.9932861328125,-0.2286525904868829,1.671308006783853,119.52999999994064
5,8,6,"(62.5, 387.5, 4.334940067576602)",0.2703131702626068,739.0589599609375,-0.2284768130320307,1.1335158681337285,121.00859999918612
5,8,9,"(87.5, 362.5, 4.730210615988501)",0.301972794913731,740.9810180664062,-0.2353640719709209,0.9188500769391672,121.28519999896524
5,8,12,"(112.5, 387.5, 6.700045574866817)",0.1993298152181123,747.9627685546875,-0.2229811447881692,0.6035761607761396,124.10330000057002
5,8,15,"(112.5, 337.5, 4.834376816244601)",0.2109777941080873,742.98974609375,-0.228053224494307,0.5451225893835322,122.75310000040918
5,8,18,"(112.5, 287.5, 3.266470567666104)",0.2831858787187206,738.77197265625,-0.2350726366061924,1.2501995870331322,122.57780000072673
5,8,21,"(112.5, 337.5, 4.834376816244601)",0.3195954157831692,742.4094848632812,-0.227540648646989,0.72331841474289,124.40509999942152
5,8,24,"(112.5, 387.5, 6.700045574866817)",0.142787018049274,748.8851318359375,-0.2214687269018024,0.3937159729829255,120.25849999918135
5,8,27,"(112.5, 337.5, 4.834376816244601)",0.2135331484304755,742.965087890625,-0.2280396695198115,0.5449093824957263,120.84449999747449
5,8,30,"(112.5, 287.5, 3.266470567666104)",0.285766762844338,738.7637329101562,-0.2350739184982353,1.2502251892839158,119.22439999761993
5,8,33,"(112.5, 337.5, 4.834376816244601)",0.3189090217311722,742.2840576171875,-0.2275406626941211,0.7233186785004402,120.342599999276
5,8,36,"(112.5, 387.5, 6.700045574866817)",0.1466210641040071,748.9415283203125,-0.2214687269018025,0.3937159888148677,120.47119999988354
5,8,39,"(112.5, 337.5, 4.834376816244601)",0.2095832163708073,742.8594970703125,-0.2280396695198115,0.5449093443420229,122.29690000094706
5,8,42,"(112.5, 287.5, 3.266470567666104)",0.2854372648411203,738.7216796875,-0.2350739184982353,1.250225232715746,120.38420000317274
5,8,45,"(112.5, 337.5, 4.834376816244601)",0.3180676857564325,742.3866577148438,-0.2275406626941211,0.7233186601629679,119.79719999726512
5,8,48,"(112.5, 387.5, 6.700045574866817)",0.1441719292865466,749.0711669921875,-0.2214687269018025,0.393715949930653,122.88249999983236
5,8,51,"(112.5, 337.5, 4.834376816244601)",0.219166439639208,742.9199829101562,-0.2280396695198115,0.5449093179332164,122.37979999918024
5,8,54,"(112.5, 287.5, 3.266470567666104)",0.2816166005863649,738.7363891601562,-0.2350739184982353,1.2502252088323813,124.86299999727636
5,8,57,"(112.5, 337.5, 4.834376816244601)",0.3157025545680878,742.2774658203125,-0.2275406626941211,0.7233186899817406,119.89909999829251
5,8,60,"(112.5, 387.5, 6.700045574866817)",0.1433132383609801,748.984130859375,-0.2214687269018024,0.3937159697730127,124.29020000126911
5,8,63,"(112.5, 337.5, 4.834376816244601)",0.2147207525828406,742.8803100585938,-0.2280396695198116,0.5449093130519677,120.17890000061016
5,8,66,"(112.5, 287.5, 3.266470567666104)",0.2875092629295354,738.8491821289062,-0.2350739184982353,1.2502251922736365,120.04079999678652
5,8,69,"(112.5, 337.5, 4.834376816244601)",0.3211905209919199,742.3025512695312,-0.227540662694121,0.7233186709474138,121.56409999806785
5,9,0,"(12.5, 437.5, 3.099809189999389)",0.546006970001307,548.7855834960938,-0.2773825677586445,2.145081429256316,122.83860000025015
5,9,3,"(37.5, 412.5, 3.751648026446586)",0.2708761767971996,735.1074829101562,-0.2334273043372209,1.3142817540139895,119.3210999990697
5,9,6,"(62.5, 387.5, 4.334940067576602)",0.2557200662282257,739.1326904296875,-0.2264645764085686,1.0870043631046264,120.02180000126828
5,9,9,"(87.5, 362.5, 4.730210615988501)",0.3050695807616351,741.0527954101562,-0.2353489923564197,0.9176952446261036,121.67019999833428
5,9,12,"(112.5, 387.5, 6.700045574866817)",0.1980746436746704,747.979248046875,-0.2229811032816702,0.6035837771189938,121.99719999989613
5,9,15,"(112.5, 337.5, 4.834376816244601)",0.2171488839824004,742.779052734375,-0.2280532087138196,0.5451222695315987,120.56550000124844
5,9,18,"(112.5, 287.5, 3.266470567666104)",0.283261688756648,738.7570190429688,-0.2350726365591806,1.2501995540975124,123.2832000023336
5,9,21,"(112.5, 337.5, 4.834376816244601)",0.3209648327633662,742.3825073242188,-0.227540648646989,0.7233184478054332,119.83829999735462
5,9,24,"(112.5, 387.5, 6.700045574866817)",0.1429759433643149,748.8235473632812,-0.2214687269018024,0.3937159676589634,121.17469999793684
5,9,27,"(112.5, 337.5, 4.834376816244601)",0.215120229540301,742.9771728515625,-0.2280396695198115,0.5449093365379959,123.70080000255255
5,9,30,"(112.5, 287.5, 3.266470567666104)",0.284448708372462,738.7730102539062,-0.2350739184982353,1.2502252140172607,119.9653000003309
5,9,33,"(112.5, 337.5, 4.834376816244601)",0.3212230703481522,742.2608642578125,-0.2275406626941211,0.7233186823618568,119.45679999917049
5,9,36,"(112.5, 387.5, 6.700045574866817)",0.1430905689130698,748.9848022460938,-0.2214687269018024,0.3937159696148029,119.3727999998373
5,9,39,"(112.5, 337.5, 4.834376816244601)",0.2152609902010477,742.9921875,-0.2280396695198115,0.5449093512532824,120.55169999803184
5,9,42,"(112.5, 287.5, 3.266470567666104)",0.2849378925083338,738.8185424804688,-0.2350739184982353,1.2502252130177407,119.55549999765935
5,9,45,"(112.5, 337.5, 4.834376816244601)",0.3201063147941034,742.2953491210938,-0.2275406626941211,0.7233186966380909,120.7512000000861
5,9,48,"(112.5, 387.5, 6.700045574866817)",0.1440708537526555,748.9496459960938,-0.2214687269018024,0.3937159736583447,121.10170000232756
5,9,51,"(112.5, 337.5, 4.834376816244601)",0.215978823316987,742.919677734375,-0.2280396695198116,0.5449093392045585,120.12089999916498
5,9,54,"(112.5, 287.5, 3.266470567666104)",0.2838770648778899,738.7152099609375,-0.2350739184982353,1.2502252195962116,121.10039999970468
5,9,57,"(112.5, 337.5, 4.834376816244601)",0.321908604493768,742.3397216796875,-0.227540662694121,0.7233186879012621,123.76599999697646
5,9,60,"(112.5, 387.5, 6.700045574866817)",0.1472265932852527,748.8726196289062,-0.2214687269018024,0.3937159805669014,123.4535000003234
5,9,63,"(112.5, 337.5, 4.834376816244601)",0.2139421318772948,742.9913330078125,-0.2280396695198115,0.5449093178932513,124.46529999942868
5,9,66,"(112.5, 287.5, 3.266470567666104)",0.2877765110157915,738.7991943359375,-0.2350739184982352,1.2502252448702742,126.00970000130474
5,9,69,"(112.5, 337.5, 4.834376816244601)",0.3185824311224447,742.4276733398438,-0.2275406626941211,0.7233186669935574,125.52460000006248
5,0,0,"(112.5, 212.5, 1.7023465120987893)",0.3656128773512602,736.95166015625,-0.2587811482339909,2.436716660435104,121.99839999811957
5,0,3,"(112.5, 262.5, 2.645266895480795)",0.2925539215148408,737.6741943359375,-0.2356590327820589,2.0137522214426604,120.14770000314456
5,0,6,"(112.5, 312.5, 3.997603125569143)",0.4238992758645948,739.9985961914062,-0.2469538524625308,1.2837897519254162,122.3504999979923
5,0,9,"(112.5, 362.5, 5.753213768936505)",0.2384151296222554,744.9658813476562,-0.2233939965485714,0.518240991615371,121.43970000033733
5,0,12,"(137.5, 387.5, 8.184609533832969)",0.3571710745663267,750.51708984375,-0.2280445863259761,0.6847683069554069,122.81460000303925
5,0,15,"(162.5, 362.5, 8.044975170611863)",0.5096791973133852,749.4934692382812,-0.2533887453380051,0.7743964259451229,122.71119999786606
5,0,18,"(187.5, 387.5, 11.364582883745452)",0.012063192278108,781.5147094726562,-0.2949055085071167,0.0114237224542035,121.71379999927012
5,0,21,"(212.5, 412.5, 15.910281935579775)",0.6768985199621883,776.2691650390625,-0.4255460525174445,0.5281356586142718,174.60279999795603
5,0,24,"(237.5, 437.5, 21.459341898515387)",0.0013330494006344,856.8884887695312,-1.1683404932304366,0.0012346225755565,121.26680000073976
5,1,0,"(112.5, 212.5, 1.7023465120987893)",0.3689620593311742,736.9780883789062,-0.2587811482339909,2.4367166446810105,122.62230000123964
5,1,3,"(112.5, 262.5, 2.645266895480795)",0.2916154667712874,737.614501953125,-0.2356590327820589,2.013752188630151,119.7667000014917
5,1,6,"(112.5, 312.5, 3.997603125569143)",0.4225862663357705,740.04296875,-0.2469538524625308,1.283789754626241,121.45030000101542
5,1,9,"(112.5, 362.5, 5.753213768936505)",0.234886655394745,744.9054565429688,-0.2233939965485714,0.5182409991806403,122.37099999765633
5,1,12,"(137.5, 387.5, 8.184609533832969)",0.3572994315624924,750.196533203125,-0.2280445863259761,0.6847683280420584,123.21200000224052
5,1,15,"(137.5, 337.5, 5.675677129206918)",0.1888218309364293,746.8597412109375,-0.2350248405181334,0.3539471295426689,120.29120000079274
5,1,18,"(137.5, 387.5, 8.184609533832969)",0.1791444122813043,756.1854248046875,-0.2214345319236959,0.2507497749747887,122.41979999816976
5,1,21,"(187.5, 387.5, 11.364582883745452)",0.0217990346593995,781.4027709960938,-0.2949069870170728,0.0268015527160685,124.03139999878476
5,1,24,"(187.5, 437.5, 16.502195647044346)",0.0012008528612521,817.1593017578125,-0.2493861937007836,0.0017476667907087,129.71509999988484
5,1,27,"(237.5, 437.5, 21.459341898515387)",0.0014707869365264,856.8884887695312,-1.1683404932304369,0.0012346246637175,121.68630000087433
5,2,0,"(112.5, 212.5, 1.7023465120987893)",0.3697804021603924,736.9443969726562,-0.258781148233991,2.436716647373786,122.63119999988704
5,2,3,"(112.5, 262.5, 2.645266895480795)",0.2933734983954431,737.6660766601562,-0.2356590327820588,2.013752212826465,121.48940000042784
5,2,6,"(112.5, 312.5, 3.997603125569143)",0.4231251907825216,740.0059814453125,-0.2469538524625308,1.2837897287072078,120.69079999855605
5,2,9,"(112.5, 362.5, 5.753213768936505)",0.2365187049161489,745.0104370117188,-0.2233939965485713,0.5182409583816645,120.70550000134972
5,2,12,"(112.5, 412.5, 7.580708003809701)",0.1800534932208993,749.4317626953125,-0.236430449566897,0.5693733273873184,118.83680000028107
5,2,15,"(112.5, 462.5, 8.613227892873539)",0.1305288201110339,747.3900756835938,-0.3006701848967331,0.182317017040638,123.0489999979909
5,2,18,"(137.5, 437.5, 10.499382396270086)",0.3496206121347486,758.9624633789062,-0.2730794894927678,0.346535481071933,121.538800001872
5,2,21,"(112.5, 412.5, 7.580708003809701)",0.0660786403680162,751.6458740234375,-0.2306685110033912,0.245161373064984,124.04439999954776
5,2,24,"(112.5, 462.5, 8.613227892873539)",0.1337207405929485,747.7333374023438,-0.3006549077927562,0.1858254259416916,125.30840000181342
5,2,27,"(87.5, 437.5, 6.482612700641647)",0.0295402608048465,745.6514892578125,-0.2460733434637816,0.0802464884685024,121.11199999708332
5,2,30,"(87.5, 437.5, 6.482612700641647)",0.0604410402675932,745.3507080078125,-0.2462324035830014,0.1690968815624139,121.66789999901084
5,2,33,"(112.5, 462.5, 8.613227892873539)",0.1455933760900815,748.0076904296875,-0.3007013773332118,0.2147074634046442,118.87670000214712
5,2,36,"(112.5, 412.5, 7.580708003809701)",0.0418719788047164,752.3943481445312,-0.2300728457210929,0.1441930780548868,121.54540000119596
5,2,39,"(137.5, 437.5, 10.499382396270086)",0.0818471227432626,763.8512573242188,-0.268436571746372,0.0980293307063292,120.2270000030694
5,2,42,"(162.5, 412.5, 11.634380720059667)",0.0251684809264516,777.6610717773438,-0.2207573307951117,0.0321444256677204,122.05900000117254
5,2,45,"(187.5, 437.5, 16.502195647044346)",0.0027815557770264,817.1593017578125,-0.2493861936949075,0.0014655073484787,117.9971999990812
5,2,48,"(237.5, 437.5, 21.459341898515387)",0.0010826235119799,856.8884887695312,-1.1683404932304369,0.0012346306993594,121.76809999800751
5,3,0,"(112.5, 212.5, 1.7023465120987893)",0.3699937933833053,737.0286254882812,-0.2587811482339909,2.436716644396251,121.85170000157086
5,3,3,"(112.5, 262.5, 2.645266895480795)",0.2928409584153898,737.6170043945312,-0.2356590327820588,2.0137522368077647,119.52970000129426
5,3,6,"(112.5, 312.5, 3.997603125569143)",0.4205420993140645,740.0403442382812,-0.2469538524625308,1.2837897485193095,121.3382999994792
5,3,9,"(112.5, 362.5, 5.753213768936505)",0.2369647191545658,744.9481201171875,-0.2233939965485713,0.5182409937325467,121.10240000038176
5,3,12,"(112.5, 362.5, 5.753213768936505)",0.2266322116139497,744.9966430664062,-0.223894015157408,0.4989081448762835,117.87419999745909
5,3,15,"(112.5, 362.5, 5.753213768936505)",0.2289024074845705,744.8943481445312,-0.2239946899770645,0.5027972802464358,123.32200000309967
5,3,18,"(137.5, 387.5, 8.184609533832969)",0.2069953477922959,755.7124633789062,-0.2215701440219662,0.3458335959712221,122.17570000211708
5,3,21,"(187.5, 387.5, 11.364582883745452)",0.0242241330448481,781.5167236328125,-0.2949070691489082,0.0271427963000238,122.35420000070008
5,3,24,"(187.5, 412.5, 13.941569591049829)",0.0775397884085397,793.3445434570312,-0.2403811470347573,0.085118470067881,120.26049999985844
5,3,27,"(237.5, 412.5, 16.71281874556001)",0.0200236874078644,818.211181640625,-0.2714192172749424,0.0147814154676497,124.86400000125286
5,3,30,"(237.5, 412.5, 16.71281874556001)",0.0259629910995817,814.2986450195312,-0.2714194229149971,0.0168683905962982,124.42340000052354
5,3,33,"(262.5, 387.5, 12.530028997518446)",0.7512679686734872,772.838623046875,-0.3840391344349143,0.6438071812166576,122.17349999991713
5,3,36,"(262.5, 437.5, 19.691492564685472)",0.0008337923944454,856.8884887695312,-2.2978238646255,0.001458441736979,122.9488000026322
5,4,0,"(112.5, 212.5, 1.7023465120987893)",0.3717556962819814,736.9739990234375,-0.258781148233991,2.43671664285642,122.3664999997709
5,4,3,"(112.5, 262.5, 2.645266895480795)",0.2892620862953188,737.6845092773438,-0.2356590327820588,2.013752238216549,120.36989999978688
5,4,6,"(112.5, 312.5, 3.997603125569143)",0.4210279281165864,740.0174560546875,-0.2469538524625308,1.2837897794110875,124.68429999717046
5,4,9,"(112.5, 362.5, 5.753213768936505)",0.2332327290456264,745.0775146484375,-0.2233939965485713,0.5182409742431611,124.98910000067552
5,4,12,"(112.5, 362.5, 5.753213768936505)",0.2286718925192104,745.0237426757812,-0.223894015157408,0.4989081523714573,124.4074999995064
5,4,15,"(137.5, 387.5, 8.184609533832969)",0.205463307519131,755.3642578125,-0.2215695799451897,0.3456965411177902,122.58859999928973
5,4,18,"(187.5, 387.5, 11.364582883745452)",0.028307693996428,781.3692016601562,-0.2949070691084665,0.0271426571971469,122.85870000050636
5,4,21,"(162.5, 387.5, 9.797797492156253)",0.0698905675612912,767.6993408203125,-0.2339931986550987,0.0918326528729262,124.8507000018435
5,4,24,"(187.5, 362.5, 9.103110310900643)",0.1581445030284227,764.8872680664062,-0.3103235885922869,0.1849041974319388,121.6562999979942
5,4,27,"(187.5, 387.5, 11.364582883745452)",0.012099408333646,781.5147094726562,-0.2949055257554253,0.0114492969085629,120.51309999878868
5,4,30,"(187.5, 437.5, 16.502195647044346)",0.0013092206609455,817.1593017578125,-0.2493861937015141,0.0017653492297449,120.44199999945704
5,4,33,"(237.5, 437.5, 21.459341898515387)",0.0008574548157666,856.8884887695312,-1.1683404932304369,0.0012346358826196,122.4672999996983
5,5,0,"(112.5, 212.5, 1.7023465120987893)",0.3736769080323273,736.9798583984375,-0.2587811482339909,2.436716617936057,121.50850000034552
5,5,3,"(112.5, 262.5, 2.645266895480795)",0.2922888459456978,737.6525268554688,-0.2356590327820589,2.0137522461558017,121.9132999976864
5,5,6,"(112.5, 312.5, 3.997603125569143)",0.4245396971875089,739.921630859375,-0.2469538524625308,1.2837897375058531,120.88260000018636
5,5,9,"(112.5, 362.5, 5.753213768936505)",0.2420106308944929,745.010009765625,-0.2233939965485713,0.5182410046746649,121.60120000044115
5,5,12,"(112.5, 362.5, 5.753213768936505)",0.2262204097384965,745.0137329101562,-0.223894015157408,0.4989081579324835,124.47659999816096
5,5,15,"(137.5, 387.5, 8.184609533832969)",0.2035958787284871,755.1410522460938,-0.2215695799451898,0.3456964818053687,122.32180000137303
5,5,18,"(137.5, 437.5, 10.499382396270086)",0.2197325119300431,758.605224609375,-0.2688432662890684,0.2398353861575528,122.5834000033501
5,5,21,"(187.5, 437.5, 16.502195647044346)",0.0009824094338012,817.1593017578125,-0.2493861936949334,0.0015234877990219,121.15190000258735
5,5,24,"(237.5, 437.5, 21.459341898515387)",0.0015922495417896,856.8884887695312,-1.1683404932304369,0.0012346164786096,120.86579999959211
5,6,0,"(112.5, 212.5, 1.7023465120987893)",0.3683863190859386,737.0014038085938,-0.2587811482339909,2.436716630709641,124.6623000006366
5,6,3,"(112.5, 262.5, 2.645266895480795)",0.292629435604795,737.6525268554688,-0.2356590327820589,2.0137522001775823,121.75700000079814
5,6,6,"(112.5, 312.5, 3.997603125569143)",0.4249008350932975,740.00634765625,-0.2469538524625308,1.283789755573291,125.7960999973875
5,6,9,"(112.5, 362.5, 5.753213768936505)",0.2418392021542689,745.086669921875,-0.2233939965485714,0.5182409815369292,122.26640000153566
5,6,12,"(137.5, 387.5, 8.184609533832969)",0.3598959731314526,750.5162963867188,-0.2280445863259761,0.6847682797096827,120.29790000087814
5,6,15,"(137.5, 337.5, 5.675677129206918)",0.1899209852313668,746.8258666992188,-0.2350248405181334,0.3539470992643722,123.12199999723816
5,6,18,"(137.5, 387.5, 8.184609533832969)",0.1778814617874849,756.3394165039062,-0.2214345319236958,0.2507497712060125,119.64809999699357
5,6,21,"(137.5, 437.5, 10.499382396270086)",0.2336036443008169,757.4432373046875,-0.2688575573028246,0.2416216569958134,123.13210000138496
5,6,24,"(87.5, 437.5, 6.482612700641647)",0.0300494853974422,745.6140747070312,-0.2460851013591324,0.0864720883504921,122.48170000020764
5,6,27,"(112.5, 462.5, 8.613227892873539)",0.1480110782111973,748.0601196289062,-0.3007004696341441,0.2147313633789119,124.34200000279816
5,6,30,"(112.5, 412.5, 7.580708003809701)",0.037338559123831,752.2692260742188,-0.2300727970063196,0.1441786090913657,127.06840000100784
5,6,33,"(112.5, 462.5, 8.613227892873539)",0.1351332016727351,747.2783813476562,-0.3006561376429342,0.1854939068687656,122.36839999968652
5,6,36,"(87.5, 437.5, 6.482612700641647)",0.0297770478083289,745.6314697265625,-0.2460655311016699,0.0814154970529751,121.8847000018286
5,6,39,"(137.5, 437.5, 10.499382396270086)",0.0675962865312409,765.1768188476562,-0.2684239977284249,0.0774279925110201,124.8133000008238
5,6,42,"(112.5, 412.5, 7.580708003809701)",0.0676430101718922,751.472900390625,-0.2307686724030784,0.2548201593607374,121.53269999907934
5,6,45,"(112.5, 462.5, 8.613227892873539)",0.1331974644366678,747.38232421875,-0.300654995493413,0.1858062518225033,120.7673999997496
5,6,48,"(87.5, 437.5, 6.482612700641647)",0.0307059354157211,745.53125,-0.2460655462453061,0.0814244236844384,121.42649999805144
5,6,51,"(112.5, 462.5, 8.613227892873539)",0.1487932590094679,748.0175170898438,-0.3006973778320225,0.216639506727486,117.17090000092868
5,6,54,"(112.5, 412.5, 7.580708003809701)",0.03960144229098,752.3336181640625,-0.2300727866706981,0.1441722166532074,121.89950000174576
5,6,57,"(137.5, 437.5, 10.499382396270086)",0.0576432780229705,764.1962890625,-0.268424902649871,0.0695404413239005,122.49370000063207
5,6,60,"(112.5, 412.5, 7.580708003809701)",0.0436642428380521,752.2526245117188,-0.2301099240943049,0.1566108967485275,122.86309999763034
5,6,63,"(112.5, 462.5, 8.613227892873539)",0.1314531398052325,747.643798828125,-0.300658588871153,0.1849456041964388,123.18739999682292
5,6,66,"(112.5, 412.5, 7.580708003809701)",0.0391869339410342,752.319091796875,-0.2300735635800815,0.1444645235278984,123.66429999747196
5,6,69,"(137.5, 437.5, 10.499382396270086)",0.0565804277327222,764.5188598632812,-0.2684249040404198,0.0695425902289551,124.59390000003624
5,7,0,"(112.5, 212.5, 1.7023465120987893)",0.3670535530957766,736.9354248046875,-0.258781148233991,2.4367166262573035,122.40190000011351
5,7,3,"(112.5, 262.5, 2.645266895480795)",0.2926752841409494,737.6275024414062,-0.2356590327820589,2.0137522311420266,121.08770000122604
5,7,6,"(112.5, 312.5, 3.997603125569143)",0.4242243830000974,740.00634765625,-0.2469538524625308,1.283789748002496,122.2382000014477
5,7,9,"(112.5, 362.5, 5.753213768936505)",0.2392233549614189,744.9163818359375,-0.2233939965485713,0.5182409910935042,122.0592999998189
5,7,12,"(112.5, 362.5, 5.753213768936505)",0.2252223253209465,745.1207275390625,-0.223894015157408,0.4989081624402318,125.8510000006936
5,7,15,"(112.5, 362.5, 5.753213768936505)",0.2296559336900153,744.9657592773438,-0.2239946899770645,0.5027972615607849,119.2408000024443
5,7,18,"(137.5, 387.5, 8.184609533832969)",0.2082951657079544,755.1104736328125,-0.2215701440219663,0.3458336099871482,121.3833000001614
5,7,21,"(137.5, 437.5, 10.499382396270086)",0.2313943936632275,757.8931884765625,-0.2688432666360915,0.2398353813092247,124.484099997062
5,7,24,"(112.5, 412.5, 7.580708003809701)",0.0450074746176456,752.2537231445312,-0.2301138252206219,0.1577771621734998,120.2240000020538
5,7,27,"(112.5, 462.5, 8.613227892873539)",0.1353655419015448,747.723388671875,-0.3006584024889499,0.1849874908081816,121.38649999906193
5,7,30,"(137.5, 437.5, 10.499382396270086)",0.3454365246370773,758.8211669921875,-0.2730795102281384,0.3465499928651222,122.1040999989782
5,7,33,"(112.5, 412.5, 7.580708003809701)",0.0692083312586998,751.6381225585938,-0.2306685110033912,0.2451613890032021,119.23000000024332
5,7,36,"(112.5, 462.5, 8.613227892873539)",0.134242368297514,747.9447631835938,-0.3006549077927561,0.1858253669745401,119.2618000022776
5,7,39,"(87.5, 437.5, 6.482612700641647)",0.0280917243778908,745.5990600585938,-0.2460733434637816,0.0802464947483179,123.8904999991064
5,7,42,"(87.5, 462.5, 6.711234702510277)",0.1250525491971261,743.289306640625,-0.2691845287711159,0.1692341390498805,120.41469999894616
5,7,45,"(87.5, 462.5, 6.711234702510277)",0.0792116666046814,743.2201538085938,-0.2690473486433387,0.117138964898698,125.78489999941668
5,7,48,"(112.5, 437.5, 8.264048786739911)",0.0353160061977149,753.3432006835938,-0.2570377153958114,0.0682703942125796,122.66839999938384
5,7,51,"(162.5, 437.5, 13.254586740016286)",0.2442087077379794,758.3826293945312,-0.2722365736352292,0.2548321417910655,125.03650000144262
5,7,54,"(162.5, 412.5, 11.634380720059667)",0.06853765664225,775.1209716796875,-0.2207830242571857,0.0898860306990518,128.5969999989902
5,7,57,"(187.5, 437.5, 16.502195647044346)",0.0018789603894618,817.1593017578125,-0.2493861936949075,0.0014644866243482,127.77450000066892
5,7,60,"(237.5, 437.5, 21.459341898515387)",0.0012109383241453,856.8884887695312,-1.1683404932304369,0.0012346322324361,125.83939999967696
5,8,0,"(112.5, 212.5, 1.7023465120987893)",0.3717738433084743,736.9675903320312,-0.2587811482339909,2.4367166678265457,123.03350000001956
5,8,3,"(112.5, 262.5, 2.645266895480795)",0.2918551068876299,737.5935668945312,-0.2356590327820589,2.0137522420238465,119.99319999813451
5,8,6,"(112.5, 312.5, 3.997603125569143)",0.4227845966320833,739.9440307617188,-0.2469538524625308,1.2837897264750002,120.3060000007099
5,8,9,"(112.5, 362.5, 5.753213768936505)",0.2377932197317625,745.03857421875,-0.2233939965485713,0.5182409452496889,122.76849999761907
5,8,12,"(137.5, 387.5, 8.184609533832969)",0.3596185820351154,750.40380859375,-0.2280445863259761,0.684768320929645,123.26689999827067
5,8,15,"(162.5, 362.5, 8.044975170611863)",0.5130250827211901,749.3523559570312,-0.2533887453380051,0.7743964106274095,127.14090000008582
5,8,18,"(187.5, 387.5, 11.364582883745452)",0.0132141423395084,781.5147094726562,-0.2949055233559823,0.0118127199003947,121.87129999801982
5,8,21,"(237.5, 387.5, 13.016039592385813)",1.0677058696154649,777.9012451171875,-0.7345811872007405,0.9435820020067164,188.26590000026044
5,8,24,"(237.5, 437.5, 21.459341898515387)",0.0011556043601656,856.8884887695312,-1.168340493230437,0.001234635973058,119.45810000179335
5,9,0,"(112.5, 212.5, 1.7023465120987893)",0.3687747301518165,736.9647216796875,-0.2587811482339909,2.4367166377046328,122.8302999988955
5,9,3,"(112.5, 262.5, 2.645266895480795)",0.2900981907119035,737.7132568359375,-0.2356590327820589,2.0137522065601736,124.09459999980754
5,9,6,"(112.5, 312.5, 3.997603125569143)",0.4175651404367579,739.9252319335938,-0.2469538524625308,1.283789763915705,119.70739999742364
5,9,9,"(112.5, 362.5, 5.753213768936505)",0.2386331223652544,744.9453735351562,-0.2233939965485713,0.5182409682119612,122.70809999972698
5,9,12,"(112.5, 362.5, 5.753213768936505)",0.2275004769099356,745.099365234375,-0.223894015157408,0.498908151547575,120.9013000006962
5,9,15,"(137.5, 387.5, 8.184609533832969)",0.2069173227451246,755.21337890625,-0.2215695799451898,0.345696541883407,120.64299999838111
5,9,18,"(137.5, 387.5, 8.184609533832969)",0.3063496144617591,751.685302734375,-0.2221889828119157,0.5022513402709446,121.24469999980649
5,9,21,"(187.5, 387.5, 11.364582883745452)",0.0252072007789053,781.4027709960938,-0.2949070866954258,0.0272123694962744,118.8810999992711
5,9,24,"(237.5, 387.5, 13.016039592385813)",1.0658173589879574,777.5264282226562,-0.7345811625031314,0.9435820309220666,173.1078000011621
5,9,27,"(237.5, 437.5, 21.459341898515387)",0.0023902633606126,856.8884887695312,-1.1683404932304369,0.0012346219842751,124.46099999942815
5,0,0,"(12.5, 12.5, 0.18196833376614466)",0.1145210665345976,362.0379028320313,-0.2335424239979614,2.725044748732841,122.66850000014529
5,0,3,"(37.5, 37.5, 0.2538960140809293)",0.0613176804735438,729.2105102539062,-0.2284816703660323,2.567184198025562,119.67970000114292
5,0,6,"(37.5, 87.5, 0.39785095890575445)",0.0694273373402933,732.4530029296875,-0.2276219047047071,2.4836226744581653,118.71809999865944
5,0,9,"(37.5, 137.5, 0.6157193847862111)",0.0864628929233922,733.013671875,-0.2301284006623841,2.443592595543964,119.29510000118172
5,0,12,"(37.5, 187.5, 0.9366991161239089)",0.1304492105828294,733.1388549804688,-0.234264426896697,2.4093877046307046,119.21490000167978
5,0,15,"(37.5, 237.5, 1.3909688886982803)",0.176536839235923,733.2101440429688,-0.2404042524571265,2.322608862855446,120.43590000030235
5,0,18,"(62.5, 262.5, 1.9784785325219891)",0.2362946528185019,735.6675415039062,-0.2390890672819618,2.1270940743590145,123.53559999974097
5,0,21,"(87.5, 237.5, 1.8749993990357805)",0.2113768750552988,736.8888549804688,-0.2323439184423162,2.054380643900679,120.47499999971478
5,0,24,"(112.5, 212.5, 1.7023465120987893)",0.2623406130220608,737.0559692382812,-0.24305296401705,2.241787662802932,124.64679999902728
5,0,27,"(112.5, 262.5, 2.645266895480795)",0.2830174493182113,737.7239379882812,-0.2351751796329713,1.968939600947784,125.084399998741
5,0,30,"(112.5, 312.5, 3.997603125569143)",0.4238024496902287,740.0552978515625,-0.2469265806600583,1.280321017486592,123.41919999744276
5,0,33,"(112.5, 362.5, 5.753213768936505)",0.2412765937147715,744.8126220703125,-0.2233939289222678,0.5182325689312598,121.81090000012772
5,0,36,"(112.5, 362.5, 5.753213768936505)",0.2274507287281841,744.9756469726562,-0.2238940027307524,0.4989079237572017,122.04750000091737
5,0,39,"(112.5, 362.5, 5.753213768936505)",0.2291821817318363,745.0006103515625,-0.2239946899770645,0.5027973004053927,119.07440000140924
5,0,42,"(112.5, 362.5, 5.753213768936505)",0.2320012361507885,744.9401245117188,-0.2239974719127987,0.5029867306875045,121.13390000013167
5,0,45,"(137.5, 387.5, 8.184609533832969)",0.3701197972425378,749.85107421875,-0.2285887057518144,0.7033673749846514,122.86930000118446
5,0,48,"(137.5, 337.5, 5.675677129206918)",0.1884011008007288,746.5986328125,-0.2350248253675576,0.3539579105621614,120.50970000200324
5,0,51,"(137.5, 337.5, 5.675677129206918)",0.4843526318573439,743.828125,-0.2433283093614589,0.8438710162664971,117.9082999988168
5,0,54,"(137.5, 387.5, 8.184609533832969)",0.1754765127856268,756.26220703125,-0.2214314074561966,0.2472071700876521,121.53589999797988
5,0,57,"(187.5, 387.5, 11.364582883745452)",0.0257922225906304,781.5167846679688,-0.2949069834738199,0.026790596047242,121.84829999750946
5,0,60,"(212.5, 362.5, 9.863883753989105)",0.7951832782828867,749.6965942382812,-0.3644945461663876,1.064168635357193,169.15199999857575
5,0,63,"(237.5, 387.5, 13.016039592385813)",0.6334428798203626,763.6373291015625,-0.7456494218291491,0.6412339880891998,171.83859999931883
5,0,66,"(237.5, 437.5, 21.459341898515387)",0.0018388378953895,856.8884887695312,-1.1683404932304369,0.0012346179294137,122.35079999663868
5,1,0,"(12.5, 12.5, 0.18196833376614466)",0.1155056494945364,362.056396484375,-0.2335424239979614,2.7250447746321163,123.1115000009595
5,1,3,"(37.5, 37.5, 0.2538960140809293)",0.0606914417794676,729.2259521484375,-0.2284100890707934,2.566080277590747,120.82789999840315
5,1,6,"(37.5, 87.5, 0.39785095890575445)",0.0676168392132461,732.4420776367188,-0.2276191736839872,2.4835741141861694,120.97050000011222
5,1,9,"(37.5, 137.5, 0.6157193847862111)",0.0860905339816323,733.0174560546875,-0.2301283688046635,2.443591631872432,121.1384000016551
5,1,12,"(37.5, 187.5, 0.9366991161239089)",0.1312308779405305,733.1327514648438,-0.2342644348833698,2.4093877848559058,123.54039999991072
5,1,15,"(37.5, 237.5, 1.3909688886982803)",0.1750890474012534,733.235107421875,-0.2404042524270698,2.322608843764815,123.1363999977475
5,1,18,"(87.5, 237.5, 1.8749993990357805)",0.2336370950582343,736.783203125,-0.2367007578064633,2.1555230916076606,119.78020000242395
5,1,21,"(87.5, 287.5, 2.8131085484191836)",0.2762341819767406,737.0098266601562,-0.2505594861455703,1.9150477925633151,126.85809999675256
5,1,24,"(87.5, 337.5, 4.042605949689198)",0.3536049654105137,740.121337890625,-0.2291881150489009,0.9464051003925612,122.88550000084795
5,1,27,"(112.5, 362.5, 5.753213768936505)",0.316154381835928,743.1826782226562,-0.2290388560375869,0.7343879852814642,118.43440000302508
5,1,30,"(137.5, 387.5, 8.184609533832969)",0.3613172373852721,750.3674926757812,-0.2282016191798349,0.6875621432828452,121.49589999899035
5,1,33,"(137.5, 337.5, 5.675677129206918)",0.1918855464066176,746.7965698242188,-0.2350251363001503,0.3539670784856136,118.00310000035095
5,1,36,"(187.5, 337.5, 7.2238068944948735)",0.551363718013578,753.1727294921875,-0.3037934101902346,0.7704923832313468,120.57869999989634
5,1,39,"(187.5, 387.5, 11.364582883745452)",0.0173560204341965,781.36767578125,-0.2949058863504546,0.0206184044307375,123.34109999937937
5,1,42,"(137.5, 387.5, 8.184609533832969)",0.1842772163104905,754.877197265625,-0.2217079212197302,0.315374284372174,120.32539999927394
5,1,45,"(137.5, 337.5, 5.675677129206918)",0.1909833297065443,746.8062744140625,-0.2350056844547423,0.3517043824191374,120.76990000059595
5,1,48,"(137.5, 337.5, 5.675677129206918)",0.5049701938619681,743.048828125,-0.2470823047678143,0.8677272213158795,121.42989999847488
5,1,51,"(137.5, 387.5, 8.184609533832969)",0.1762400618314897,756.3334350585938,-0.2214199011182946,0.2467124864479796,119.1536999976961
5,1,54,"(187.5, 387.5, 11.364582883745452)",0.0217321452512333,781.5147094726562,-0.294906985186305,0.0267958538950719,123.4958999993978
5,1,57,"(187.5, 437.5, 16.502195647044346)",0.0014034378515316,817.1593017578125,-0.2493861937007836,0.0017476805955307,127.02400000125635
5,1,60,"(237.5, 437.5, 21.459341898515387)",0.0014555542286749,856.8884887695312,-1.1683404932304366,0.0012346313125584,126.75330000274698
5,2,0,"(12.5, 12.5, 0.18196833376614466)",0.1149456415791788,362.0737609863281,-0.2335424239979614,2.7250448068869746,122.39240000053542
5,2,3,"(12.5, 62.5, 0.28363914902845005)",0.0640703659831724,547.7957763671875,-0.2277707556156199,2.57238700890073,120.11899999924935
5,2,6,"(62.5, 62.5, 0.35313588701570037)",0.0674801673656587,733.5809326171875,-0.2279489933124555,2.4720106625830565,118.57289999898056
5,2,9,"(62.5, 112.5, 0.556583440432868)",0.0839342187249179,735.0653686523438,-0.2282777469974365,2.4011465963596184,120.17800000103308
5,2,12,"(87.5, 137.5, 0.7760333427861217)",0.1076924127241468,736.2791748046875,-0.2300518051253476,2.3406452246083846,119.09450000166544
5,2,15,"(137.5, 137.5, 0.9239767104626037)",0.0923104384322384,736.8680419921875,-0.2281691623410326,2.200953827322884,122.05359999643406
5,2,18,"(187.5, 137.5, 1.0301064259405408)",0.1346562579788142,737.0067749023438,-0.2330980654782053,2.106915523864741,123.63259999983713
5,2,21,"(237.5, 137.5, 1.0684335817122816)",0.1244012045702973,737.0402221679688,-0.2276427794782011,1.903563768041099,121.96209999819985
5,2,24,"(262.5, 162.5, 1.3575429670008718)",0.1375475066118423,737.1861572265625,-0.2302030322055098,1.8800126165507287,122.71440000040457
5,2,27,"(212.5, 162.5, 1.3586399298398657)",0.1374847158244816,737.1275024414062,-0.229314830377258,1.914908959391445,123.84100000053876
5,2,30,"(262.5, 162.5, 1.3575429670008718)",0.1398885977413965,737.1751098632812,-0.2306305332583349,1.8747872214908683,123.7570000012056
5,2,33,"(287.5, 187.5, 1.6846716355053617)",0.1629762998343622,737.30517578125,-0.2307660586070063,1.993543429070045,120.76430000161054
5,2,36,"(237.5, 187.5, 1.761548008038559)",0.2023912598183946,737.275390625,-0.2361087759055346,1.99228415584359,117.84350000016276
5,2,39,"(187.5, 187.5, 1.6876002167496233)",0.141275315695834,737.1654663085938,-0.2291911571032817,2.046997536835513,120.4872999987856
5,2,42,"(187.5, 237.5, 2.7574493337721258)",0.3210465301922247,737.4237670898438,-0.2489004840983697,2.1093890975886858,117.97110000043176
5,2,45,"(187.5, 287.5, 4.484402965683246)",0.643789156250797,738.8915405273438,-0.2788687003005269,1.8657599560402889,121.76999999792316
5,2,48,"(187.5, 337.5, 7.2238068944948735)",0.8406285543278251,741.5264282226562,-0.2942298825196048,1.369065334172832,118.59539999932169
5,2,51,"(162.5, 362.5, 8.044975170611863)",0.6037863634198798,746.55810546875,-0.2576058992857716,0.9002337389994117,121.23829999836744
5,2,54,"(187.5, 387.5, 11.364582883745452)",0.0100594939370505,781.5147094726562,-0.2949055092507316,0.0115141842336284,121.12379999962286
5,2,57,"(212.5, 412.5, 15.910281935579775)",0.6822947511444357,777.3528442382812,-0.4255459959749227,0.528161560468413,177.1669000008842
5,2,60,"(237.5, 437.5, 21.459341898515387)",6.56320278313152e-07,856.8884887695312,-1.1683404932304369,0.0012346269570172,125.12860000060756
5,3,0,"(12.5, 12.5, 0.18196833376614466)",0.1169279203970653,362.0579528808594,-0.2335424239979614,2.725044765362134,124.3720000020403
5,3,3,"(62.5, 12.5, 0.22209701748718602)",0.0610054308473362,547.7914428710938,-0.2285622950283287,2.560887486536776,128.61319999865373
5,3,6,"(87.5, 37.5, 0.305944805296555)",0.062619988990398,732.4331665039062,-0.2286723787645298,2.4654225702410755,129.96729999940726
5,3,9,"(137.5, 37.5, 0.35115528165535553)",0.0700044969056286,733.014892578125,-0.2308145100391118,2.378949576228944,125.31260000105247
5,3,12,"(187.5, 37.5, 0.3821384361587196)",0.0811429536947059,733.0841674804688,-0.2297341469095143,2.2694947753786874,122.892999999749
5,3,15,"(212.5, 62.5, 0.5010030828558524)",0.0910325959510277,735.2874145507812,-0.2295072103928084,2.1580711717368466,124.492700000701
5,3,18,"(212.5, 112.5, 0.8251710721949009)",0.1223241217097449,736.8215942382812,-0.2286189301518742,2.0189118203983414,120.96530000053464
5,3,21,"(237.5, 137.5, 1.0684335817122816)",0.1241174609070417,737.0265502929688,-0.2278323230711142,1.9085603978653716,122.60190000233706
5,3,24,"(287.5, 137.5, 1.0285802416027139)",0.1061565962033378,737.0064086914062,-0.2274305815841666,1.894856775367299,123.73609999849576
5,3,27,"(262.5, 162.5, 1.3575429670008718)",0.1522726093518068,737.1959228515625,-0.2303879475612104,1.9101086878521896,120.18520000128774
5,3,30,"(212.5, 162.5, 1.3586399298398657)",0.1353775814559867,737.1199340820312,-0.229301108685187,1.9126836781994512,121.55429999984337
5,3,33,"(212.5, 212.5, 2.2358312589572185)",0.2199867788024196,737.3355712890625,-0.2351338547904155,2.0909454909721807,121.89409999700727
5,3,36,"(212.5, 262.5, 3.676099404721225)",0.5102026537775791,738.121337890625,-0.2682521298035752,2.1240403111327435,118.80960000053165
5,3,39,"(212.5, 312.5, 6.0337808765239185)",0.5428191822038015,742.4510498046875,-0.2472278525908541,1.4334361185213491,121.04270000054385
5,3,42,"(212.5, 362.5, 9.863883753989105)",0.2538997463593089,764.2525634765625,-0.2322901310842904,0.331322430055728,123.85649999851012
5,3,45,"(212.5, 412.5, 15.910281935579775)",0.3900447180319813,777.7897338867188,-0.3667315140260736,0.3049244099288373,121.2487000011606
5,3,48,"(237.5, 437.5, 21.459341898515387)",0.0003698887992586,856.8884887695312,-1.1683404932304369,0.0012346261700709,126.06760000198848
5,4,0,"(12.5, 12.5, 0.18196833376614466)",0.1155242261259765,362.0548095703125,-0.2335424239979614,2.7250447606118406,125.05679999958376
5,4,3,"(37.5, 37.5, 0.2538960140809293)",0.0614913028476821,729.21533203125,-0.2284816703660323,2.567184203061531,123.515999999654
5,4,6,"(87.5, 37.5, 0.305944805296555)",0.0646724431417771,732.446044921875,-0.228614339250059,2.464776901476573,122.96580000111136
5,4,9,"(87.5, 87.5, 0.48924148841142295)",0.0778841776657921,735.66162109375,-0.2275267791036817,2.371309804344532,120.95419999968726
5,4,12,"(112.5, 112.5, 0.6744671801974309)",0.0856104900934871,736.511962890625,-0.2275234739107476,2.2804121414101512,124.8946999985492
5,4,15,"(162.5, 112.5, 0.7707480035341532)",0.1035413796763449,736.7709350585938,-0.2313438706472958,2.1843380263677834,122.6792999987083
5,4,18,"(212.5, 112.5, 0.8251710721949009)",0.1220970751702773,736.8328247070312,-0.228467778054047,2.0190582007084146,122.9819000000134
5,4,21,"(262.5, 112.5, 0.8245972333394317)",0.0958179117342475,736.7811279296875,-0.2268077848133,1.9265467918339203,121.29619999905115
5,4,24,"(262.5, 162.5, 1.3575429670008718)",0.1387513098042599,737.1867065429688,-0.2302244305330858,1.887315173626538,122.08580000151414
5,4,27,"(212.5, 162.5, 1.3586399298398657)",0.1307943242412128,737.1429443359375,-0.2293043784672641,1.914091975171304,122.38640000214218
5,4,30,"(262.5, 162.5, 1.3575429670008718)",0.1397414324148042,737.1966552734375,-0.2306304418115902,1.8747853607700784,122.14309999762918
5,4,33,"(262.5, 162.5, 1.3575429670008718)",0.1510476654451792,737.190185546875,-0.2303381055058066,1.9089367059542892,122.13410000185831
5,4,36,"(212.5, 162.5, 1.3586399298398657)",0.1357815961146141,737.1362915039062,-0.2293173066643244,1.913726640890651,122.22779999865452
5,4,39,"(262.5, 162.5, 1.3575429670008718)",0.1420198796867824,737.1709594726562,-0.2306301592092745,1.8747867775101204,118.495200000325
5,4,42,"(262.5, 162.5, 1.3575429670008718)",0.1526543314365068,737.18408203125,-0.2303381086032553,1.90893692692249,118.26070000097388
5,4,45,"(212.5, 162.5, 1.3586399298398657)",0.1335513465508497,737.1416625976562,-0.2293173093203505,1.913726703694985,122.36729999858652
5,4,48,"(237.5, 187.5, 1.761548008038559)",0.1948307208698547,737.3137817382812,-0.2336247976088588,1.9985587592071816,125.6896000013512
5,4,51,"(287.5, 187.5, 1.6846716355053617)",0.1712899107189122,737.2146606445312,-0.2307867224581996,1.982604822712152,123.33429999853252
5,4,54,"(312.5, 212.5, 2.0303276744152)",0.199341332959844,737.2942504882812,-0.2340333739740726,2.079331683343591,125.17049999951269
5,4,57,"(312.5, 262.5, 3.266470567666104)",0.4526276675376405,737.5134887695312,-0.2654789171121169,2.0574795870609783,125.42570000005072
5,4,60,"(312.5, 312.5, 5.183930710700896)",0.6227870046548283,739.4891967773438,-0.2685242876030591,1.547908737921815,122.23810000068625
5,4,63,"(262.5, 312.5, 6.024387455566984)",0.5074513847947197,740.1519165039062,-0.2373866510547386,1.3846379628625851,120.67860000024666
5,4,66,"(262.5, 362.5, 9.841761282285685)",0.4081337398234601,751.0578002929688,-0.3047818632274927,0.5326417148755869,173.532000000705
5,4,69,"(212.5, 362.5, 9.863883753989105)",0.5041919142156759,750.4447021484375,-0.2519280480026962,0.6355594111369289,122.66230000022917
5,5,0,"(12.5, 12.5, 0.18196833376614466)",0.1198247458352132,362.05023193359375,-0.2335424239979614,2.725044776438492,124.07729999904404
5,5,3,"(37.5, 37.5, 0.2538960140809293)",0.0584900148525262,729.2091674804688,-0.2284100890707934,2.5660802633413677,120.95029999909455
5,5,6,"(37.5, 87.5, 0.39785095890575445)",0.0713881078154662,732.4390258789062,-0.2276191736839873,2.483574141266006,121.95150000115972
5,5,9,"(37.5, 137.5, 0.6157193847862111)",0.0873666517220268,733.0084838867188,-0.2301283688046635,2.443591630285148,121.8217999994522
5,5,12,"(87.5, 137.5, 0.7760333427861217)",0.1124325946395374,736.2758178710938,-0.2304468805513902,2.3464775608965387,123.53129999974044
5,5,15,"(137.5, 137.5, 0.9239767104626037)",0.0929828325040316,736.8405151367188,-0.2281698447743022,2.2009551033408488,119.01230000148644
5,5,18,"(187.5, 137.5, 1.0301064259405408)",0.1328899389373573,737.021484375,-0.2330980669778326,2.106913903102856,120.30610000147136
5,5,21,"(237.5, 137.5, 1.0684335817122816)",0.126048283535951,737.0260009765625,-0.2276427762034738,1.903563612059344,120.38610000308836
5,5,24,"(287.5, 137.5, 1.0285802416027139)",0.1072872150574084,736.9781494140625,-0.2274246726327376,1.8942548950888136,121.40110000109416
5,5,27,"(262.5, 162.5, 1.3575429670008718)",0.1549285393821992,737.1920166015625,-0.2303876173534426,1.910100361670568,120.54630000056932
5,5,30,"(212.5, 162.5, 1.3586399298398657)",0.1365300979634043,737.1505126953125,-0.2293011118097376,1.9126837749962584,125.48600000081932
5,5,33,"(262.5, 162.5, 1.3575429670008718)",0.1378302694128527,737.1647338867188,-0.2306299980562951,1.8747822007618904,123.78320000061647
5,5,36,"(262.5, 162.5, 1.3575429670008718)",0.1508101426338288,737.1718139648438,-0.2303381118470711,1.9089368902528625,122.54029999894556
5,5,39,"(212.5, 162.5, 1.3586399298398657)",0.1324263535207969,737.1495361328125,-0.2293173087533924,1.913726714760619,119.38450000161538
5,5,42,"(262.5, 162.5, 1.3575429670008718)",0.1385606930878176,737.1461791992188,-0.2306301592092708,1.8747867747898133,117.99570000221138
5,5,45,"(312.5, 162.5, 1.25251589677834)",0.1145910694933849,737.0625610351562,-0.2288175482924865,2.001833248246898,118.40480000319076
5,5,48,"(262.5, 162.5, 1.3575429670008718)",0.161280435970798,737.1973876953125,-0.230661745101829,1.910781651959342,122.50520000088729
5,5,51,"(212.5, 162.5, 1.3586399298398657)",0.1308728278925975,737.1624755859375,-0.2293010718009833,1.9119656074279976,119.70889999793144
5,5,54,"(262.5, 162.5, 1.3575429670008718)",0.1386158555940999,737.197021484375,-0.2306296851597463,1.8747780365572912,122.18270000084884
5,5,57,"(287.5, 187.5, 1.6846716355053617)",0.1617699556463602,737.2608642578125,-0.2307660581466226,1.9935440141838645,121.94000000090456
5,5,60,"(237.5, 187.5, 1.761548008038559)",0.2021192720854869,737.2725219726562,-0.2361087827017968,1.9922841300641532,121.25969999760856
5,5,63,"(187.5, 187.5, 1.6876002167496233)",0.1415445682450819,737.1760864257812,-0.2291911571032818,2.0469975386089376,120.3871999969124
5,5,66,"(187.5, 237.5, 2.7574493337721258)",0.3259282779573719,737.4176635742188,-0.2489004840983697,2.1093890607275885,120.19779999900491
5,5,69,"(187.5, 287.5, 4.484402965683246)",0.6452327522480683,738.9721069335938,-0.2788687003005269,1.8657599742676436,118.77159999858122
5,6,0,"(12.5, 12.5, 0.18196833376614466)",0.1131773282824383,362.0591430664063,-0.2335424239979614,2.725044769266664,125.37560000055235
5,6,3,"(62.5, 12.5, 0.22209701748718602)",0.0596394315972186,547.7889404296875,-0.2285622950283287,2.56088751475175,118.38469999929656
5,6,6,"(87.5, 37.5, 0.305944805296555)",0.0631701080884094,732.4471435546875,-0.2288109665487316,2.465858353286801,121.13899999894784
5,6,9,"(87.5, 87.5, 0.48924148841142295)",0.0761909899861035,735.6773071289062,-0.2275268907132761,2.3712639205075345,120.21180000010644
5,6,12,"(112.5, 112.5, 0.6744671801974309)",0.0844175185269263,736.5152587890625,-0.2275234584097887,2.280411148476974,123.30909999946016
5,6,15,"(112.5, 162.5, 1.0772911766684767)",0.1225576460281847,736.7859497070312,-0.230707405862502,2.238434454422368,121.19130000064617
5,6,18,"(112.5, 212.5, 1.7023465120987893)",0.2650467235755802,736.97607421875,-0.2472142005364569,2.271098102920736,123.02899999849616
5,6,21,"(112.5, 262.5, 2.645266895480795)",0.2865802260507857,737.6571655273438,-0.2353305195379664,1.9674756714736048,119.9529999976221
5,6,24,"(112.5, 312.5, 3.997603125569143)",0.418576118246158,739.938232421875,-0.2469235772868621,1.2802666668764178,120.94169999909354
5,6,27,"(112.5, 362.5, 5.753213768936505)",0.24396009920626,744.935546875,-0.2233939256758783,0.5182322871375424,118.9172000013059
5,6,30,"(137.5, 387.5, 8.184609533832969)",0.3521971889206773,750.5308837890625,-0.2280445666654652,0.6847676679451036,117.65310000191675
5,6,33,"(137.5, 337.5, 5.675677129206918)",0.1828429588728942,746.8817749023438,-0.2350248405181334,0.3539471200308294,121.14219999784837
5,6,36,"(137.5, 337.5, 5.675677129206918)",0.471342877883123,743.826416015625,-0.2433283007953652,0.8438709319422352,119.87760000192792
5,6,39,"(137.5, 387.5, 8.184609533832969)",0.1730812683868614,755.9823608398438,-0.2214314074561966,0.2472071633826885,123.44170000142184
5,6,42,"(187.5, 387.5, 11.364582883745452)",0.0261438749187552,781.5186767578125,-0.2949069834738199,0.0267905881951002,122.07090000083554
5,6,45,"(212.5, 387.5, 12.56601886791643)",0.5331149316307765,769.0656127929688,-0.4356714314304274,0.5235685584640688,170.93169999861857
5,6,48,"(237.5, 362.5, 10.136936791802604)",0.6642338959490612,753.2718505859375,-0.383904196901478,0.6394084681975631,126.2070999982825
5,6,51,"(212.5, 387.5, 12.56601886791643)",0.1206028916904037,778.3807373046875,-0.2228738025609261,0.1244515381600976,123.048799996468
5,6,54,"(237.5, 362.5, 10.136936791802604)",0.6488697712763498,753.9917602539062,-0.3822878525345374,0.6234864016125661,125.03209999704268
5,6,57,"(212.5, 387.5, 12.56601886791643)",0.1215113147689868,778.3132934570312,-0.2228731435276617,0.1243775169892035,121.32219999693916
5,6,60,"(237.5, 362.5, 10.136936791802604)",0.6453378988161916,754.1107177734375,-0.3822878162221372,0.6234851175742848,122.53849999979138
5,6,63,"(262.5, 337.5, 7.706480720276972)",0.6306340394181067,741.2595825195312,-0.2726542337236115,1.2112220964692446,119.79079999946408
5,6,66,"(237.5, 312.5, 6.148385304590252)",0.4594198442733713,740.0003051757812,-0.2534209159820637,1.1767764877965672,122.64100000174948
5,6,69,"(237.5, 362.5, 10.136936791802604)",0.5527792216944555,748.1988525390625,-0.3381648197351011,0.7123615627178935,173.58560000138823
5,7,0,"(12.5, 12.5, 0.18196833376614466)",0.1116786189577918,362.0529479980469,-0.2335424239979614,2.725044781079146,123.39990000327816
5,7,3,"(12.5, 62.5, 0.28363914902845005)",0.0626535713628585,547.7943115234375,-0.2277707556156199,2.5723870185584308,119.44479999874602
5,7,6,"(62.5, 62.5, 0.35313588701570037)",0.0678380143747324,733.5789184570312,-0.2279489933124555,2.4720106628898217,120.35960000139312
5,7,9,"(87.5, 87.5, 0.48924148841142295)",0.079293929015125,735.672607421875,-0.227537052648291,2.3726579428411028,123.14270000206308
5,7,12,"(87.5, 137.5, 0.7760333427861217)",0.1007311642445557,736.2540893554688,-0.2289627511441115,2.31652795660332,120.86970000018482
5,7,15,"(137.5, 137.5, 0.9239767104626037)",0.0897272986294685,736.8556518554688,-0.228167246113617,2.200916941817942,119.8208000023442
5,7,18,"(187.5, 137.5, 1.0301064259405408)",0.135135860671783,737.0252685546875,-0.2330979979278348,2.106919094041042,122.65819999811356
5,7,21,"(237.5, 137.5, 1.0684335817122816)",0.1263078253380756,737.0536499023438,-0.2276427875931605,1.9035639701222975,123.62109999958192
5,7,24,"(262.5, 162.5, 1.3575429670008718)",0.135106880448299,737.1842041015625,-0.2302030311402383,1.8800126593962616,120.81709999984014
5,7,27,"(237.5, 187.5, 1.761548008038559)",0.1812399165150936,737.3104858398438,-0.2331830124677449,1.9558515525205384,123.9586000010604
5,7,30,"(187.5, 187.5, 1.6876002167496233)",0.1404094608442227,737.1460571289062,-0.2291986877393776,2.049384560935189,121.36809999719844
5,7,33,"(187.5, 237.5, 2.7574493337721258)",0.3197757606180721,737.4461669921875,-0.2489022096536996,2.109375473895837,119.8952000013378
5,7,36,"(187.5, 287.5, 4.484402965683246)",0.6405128415756549,738.8953247070312,-0.2788686460649787,1.865760371100528,125.41600000258768
5,7,39,"(187.5, 337.5, 7.2238068944948735)",0.838281990103391,741.6243286132812,-0.2942298882486492,1.3690653272878732,121.29219999769704
5,7,42,"(137.5, 337.5, 5.675677129206918)",0.3658281707023941,745.0748291015625,-0.2391636664332466,0.6583955632836852,124.978399999236
5,7,45,"(112.5, 362.5, 5.753213768936505)",0.2765601704428739,743.806884765625,-0.2268477888694537,0.6505303171362519,119.30320000101348
5,7,48,"(112.5, 362.5, 5.753213768936505)",0.2298647832380824,745.0465087890625,-0.2238852491667348,0.4997790869240312,126.83259999903385
5,7,51,"(137.5, 387.5, 8.184609533832969)",0.2044290364529198,755.1046142578125,-0.221569473628292,0.3456815480416295,122.13460000202758
5,7,54,"(187.5, 387.5, 11.364582883745452)",0.0238863942644762,781.4830322265625,-0.2949070690944462,0.0271426584212908,122.81419999999343
5,7,57,"(212.5, 362.5, 9.863883753989105)",0.7964232190814354,749.551025390625,-0.3644956613617455,1.0642361630893464,170.3708999993978
5,7,60,"(237.5, 387.5, 13.016039592385813)",0.6423198308672975,763.560791015625,-0.7456494218291492,0.6412340687017385,172.65480000060052
5,7,63,"(237.5, 437.5, 21.459341898515387)",0.0025019257911103,856.8884887695312,-1.1683404932304369,0.0012346366972636,121.83680000089224
5,8,0,"(12.5, 12.5, 0.18196833376614466)",0.1191377308011697,362.0521240234375,-0.2335424239979614,2.725044801626583,123.34670000200276
5,8,3,"(62.5, 12.5, 0.22209701748718602)",0.0613241224718818,547.7940673828125,-0.2285622950283287,2.5608875115944945,120.34870000206864
5,8,6,"(112.5, 12.5, 0.25928464034296195)",0.0616203848138376,549.2417602539062,-0.229447686009595,2.4675084297116743,121.5916000001016
5,8,9,"(112.5, 62.5, 0.419239905687106)",0.074864721772002,735.0534057617188,-0.2296014568777198,2.3756217361101086,119.85490000006394
5,8,12,"(112.5, 112.5, 0.6744671801974309)",0.0841280984928206,736.505126953125,-0.227383877110291,2.2749982381088643,120.20050000137417
5,8,15,"(112.5, 162.5, 1.0772911766684767)",0.1253346525481173,736.7681274414062,-0.2307031357120191,2.238009791034466,123.59719999949448
5,8,18,"(112.5, 212.5, 1.7023465120987893)",0.2645941577020501,736.9811401367188,-0.2472157427112681,2.2710995077943474,121.6781999974046
5,8,21,"(112.5, 262.5, 2.645266895480795)",0.2854123782816171,737.7388916015625,-0.2353305126112287,1.9674755625114024,124.34860000212213
5,8,24,"(112.5, 312.5, 3.997603125569143)",0.4209385811223068,740.0614624023438,-0.246923577286862,1.2802666983706896,120.9530000014638
5,8,27,"(112.5, 362.5, 5.753213768936505)",0.2369109454904231,745.0533447265625,-0.2233939256758783,0.5182323022556748,125.03019999712706
5,8,30,"(137.5, 387.5, 8.184609533832969)",0.361378716169996,750.3461303710938,-0.2280445666654652,0.6847675913249556,119.91929999931016
5,8,33,"(137.5, 337.5, 5.675677129206918)",0.1954551465240383,746.6827392578125,-0.2350248405181334,0.3539470945371804,122.78359999982058
5,8,36,"(137.5, 387.5, 8.184609533832969)",0.1823483309152833,756.0033569335938,-0.2214345319236958,0.2507497825656365,120.19770000188146
5,8,39,"(187.5, 387.5, 11.364582883745452)",0.0236060072796522,781.4027709960938,-0.2949069870170728,0.0268015553497073,121.55689999781316
5,8,42,"(187.5, 387.5, 11.364582883745452)",0.0133886450081758,781.5147094726562,-0.2949055408563567,0.0139258475814408,120.2060999967216
5,8,45,"(187.5, 362.5, 9.103110310900643)",0.0907515793014635,767.0271606445312,-0.3103766925680052,0.1137108512909575,118.57909999889672
5,8,48,"(212.5, 387.5, 12.56601886791643)",0.2233986199727337,774.9454345703125,-0.2249309137674046,0.2199748352521482,121.9355999965046
5,8,51,"(237.5, 412.5, 16.71281874556001)",0.0825387720947343,805.7489013671875,-0.2714699869356146,0.0558811851635168,119.30710000160616
5,8,54,"(237.5, 412.5, 16.71281874556001)",0.0248059218929892,818.2105102539062,-0.2714196261083969,0.0183168637847706,118.9486000002944
5,8,57,"(237.5, 412.5, 16.71281874556001)",0.0247617322094478,818.2097778320312,-0.2714194490478288,0.0170786455633079,119.80430000039632
5,8,60,"(237.5, 412.5, 16.71281874556001)",0.0236869979314075,818.211181640625,-0.2714194437852192,0.0170052695302664,124.15690000125323
5,8,63,"(237.5, 412.5, 16.71281874556001)",0.0232436148223427,814.3013305664062,-0.2714194420131701,0.0169937517494662,123.32959999912418
5,8,66,"(237.5, 412.5, 16.71281874556001)",0.0260956734696711,814.29931640625,-0.2714194405454305,0.0170239005302309,123.83740000223042
5,8,69,"(237.5, 412.5, 16.71281874556001)",0.0249740030201494,818.1688232421875,-0.2714194415370772,0.0169906627356868,121.8378000012308
5,9,0,"(12.5, 12.5, 0.18196833376614466)",0.1137428392530387,362.0633544921875,-0.2335424239979613,2.7250447683074146,121.44899999839254
5,9,3,"(37.5, 37.5, 0.2538960140809293)",0.0608104957540789,729.2221069335938,-0.2284816703660323,2.567184169266175,121.09979999877396
5,9,6,"(37.5, 87.5, 0.39785095890575445)",0.0694645924034819,732.4495849609375,-0.2276219047047071,2.4836226920918083,121.60640000001877
5,9,9,"(37.5, 137.5, 0.6157193847862111)",0.0860327314542442,733.0049438476562,-0.2301284006623841,2.4435926195809983,124.71539999751258
5,9,12,"(62.5, 162.5, 0.8666422036722684)",0.1260914058251635,735.275146484375,-0.2342514598795662,2.403992531209779,121.33119999998598
5,9,15,"(112.5, 162.5, 1.0772911766684767)",0.1442462293587743,736.8275756835938,-0.232194949994824,2.279655403677274,121.58840000120108
5,9,18,"(162.5, 162.5, 1.2554782219517804)",0.1056490269820285,737.020751953125,-0.2294477218623797,2.1443754473722967,121.11690000165254
5,9,21,"(212.5, 162.5, 1.3586399298398657)",0.1684279263037093,737.1527099609375,-0.2331756503129171,2.026467450581141,120.25010000070324
5,9,24,"(262.5, 162.5, 1.3575429670008718)",0.1405313217108283,737.1708374023438,-0.2306373275943962,1.8732063659226552,119.7896000012406
5,9,27,"(312.5, 162.5, 1.25251589677834)",0.1158231610690089,737.1006469726562,-0.2288158895175841,2.00172236222865,119.65730000156329
5,9,30,"(262.5, 162.5, 1.3575429670008718)",0.1606151601287464,737.1962280273438,-0.2306616787269249,1.9107803435777648,119.25419999897711
5,9,33,"(212.5, 162.5, 1.3586399298398657)",0.13293411176413,737.1229248046875,-0.2293010772315724,1.911965614591755,120.91460000010557
5,9,36,"(237.5, 187.5, 1.761548008038559)",0.1959768060903612,737.2723388671875,-0.2336232179831855,1.9985382591533964,121.24709999989136
5,9,39,"(287.5, 187.5, 1.6846716355053617)",0.1698613813943248,737.2050170898438,-0.2307867070654221,1.9826046964648136,118.91969999851426
5,9,42,"(237.5, 187.5, 1.761548008038559)",0.1996617074600604,737.2423095703125,-0.2361173161960799,1.994217822295016,123.09520000053452
5,9,45,"(187.5, 187.5, 1.6876002167496233)",0.1402992675677078,737.17578125,-0.2291900776681744,2.0470349963469827,123.59939999805648
5,9,48,"(187.5, 237.5, 2.7574493337721258)",0.3264604934941795,737.399169921875,-0.2489005709482128,2.109389375812232,126.40859999737586
5,9,51,"(187.5, 287.5, 4.484402965683246)",0.641895102290414,738.8069458007812,-0.2788687012692282,1.8657600790251267,125.43369999912102
5,9,54,"(187.5, 337.5, 7.2238068944948735)",0.8364271446519944,741.6207885742188,-0.2942298806793461,1.3690653337619194,120.63499999931082
5,9,57,"(137.5, 337.5, 5.675677129206918)",0.3675055294913593,745.0770263671875,-0.2391636672812191,0.6583955654925071,126.1460999994597
5,9,60,"(137.5, 387.5, 8.184609533832969)",0.1783360407852373,756.3866577148438,-0.2214396025092535,0.25003100276778,123.53780000194092
5,9,63,"(187.5, 387.5, 11.364582883745452)",0.0252611895318631,781.4007568359375,-0.2949069834718583,0.0267905791896355,120.54729999726987
5,9,66,"(237.5, 387.5, 13.016039592385813)",1.0705770322922192,777.71533203125,-0.7345811625031314,0.9435820143198268,173.19320000024163
5,9,69,"(237.5, 437.5, 21.459341898515387)",0.0022832268555109,856.8884887695312,-1.1683404932304366,0.0012346329970034,119.11099999997532
5,0,0,"(137.5, 362.5, 6.88289330546234)",0.6949959916630479,740.7196044921875,-0.2455406374092363,1.357627262116528,121.60230000154117
5,0,3,"(162.5, 387.5, 9.797797492156253)",0.3357553243405092,761.558349609375,-0.2359342013083675,0.4254047661916562,123.07850000070177
5,0,6,"(212.5, 387.5, 12.56601886791643)",0.1311838272535773,789.2355346679688,-0.4749893796730592,0.1348728416765417,121.71999999918626
5,0,9,"(237.5, 387.5, 13.016039592385813)",0.0932806147646852,777.7969360351562,-0.3650844184774804,0.1066689337547543,122.10690000210889
5,0,12,"(237.5, 437.5, 21.459341898515387)",0.0009739243970468,856.8884887695312,-1.1683404932304369,0.001234624283284,121.79860000105693
5,1,0,"(137.5, 362.5, 6.88289330546234)",0.6884001194801105,740.6602783203125,-0.2455406374092362,1.357627262713339,122.05660000108765
5,1,3,"(112.5, 387.5, 6.700045574866817)",0.337472028979511,742.7577514648438,-0.2219543200323584,0.8082955082711965,130.33700000232784
5,1,6,"(112.5, 337.5, 4.834376816244601)",0.213344700890618,742.9019775390625,-0.2280562479766466,0.5443951055795265,120.85989999832236
5,1,9,"(112.5, 287.5, 3.266470567666104)",0.2823153429716122,738.802734375,-0.2350728313859747,1.2502093466596125,122.7123999997275
5,1,12,"(112.5, 337.5, 4.834376816244601)",0.3131950540629229,742.382568359375,-0.2275406411907144,0.7233179989990707,121.73790000088049
5,1,15,"(112.5, 387.5, 6.700045574866817)",0.1418606419918542,748.8597412109375,-0.2214687269018025,0.3937159928084894,125.63399999999092
5,1,18,"(112.5, 337.5, 4.834376816244601)",0.2091413810566477,743.0675048828125,-0.2280396695198116,0.5449093537975641,122.8332999999111
5,1,21,"(112.5, 287.5, 3.266470567666104)",0.2841308632229516,738.82470703125,-0.2350739184982353,1.250225207430188,133.87390000207233
5,1,24,"(112.5, 337.5, 4.834376816244601)",0.3227669623089841,742.3277587890625,-0.2275406626941211,0.7233186766238072,123.71100000018488
5,1,27,"(112.5, 387.5, 6.700045574866817)",0.1508017368575379,748.876220703125,-0.2214687269018025,0.3937159610304058,124.85319999905188
5,1,30,"(112.5, 337.5, 4.834376816244601)",0.2165446240929466,742.844970703125,-0.2280396695198115,0.5449093408856531,120.72840000109863
5,1,33,"(112.5, 287.5, 3.266470567666104)",0.2826912632371841,738.7446899414062,-0.2350739184982353,1.250225218572139,120.96170000222628
5,1,36,"(112.5, 337.5, 4.834376816244601)",0.3180963662210173,742.361328125,-0.227540662694121,0.7233186889919394,122.82029999914812
5,1,39,"(112.5, 387.5, 6.700045574866817)",0.1402076058820481,749.0977172851562,-0.2214687269018024,0.3937159422141068,120.20470000061324
5,1,42,"(137.5, 362.5, 6.88289330546234)",0.382487423160891,744.1910400390625,-0.2311638248500955,0.7060503413994841,120.68910000016332
5,1,45,"(137.5, 412.5, 9.458994007438445)",0.1838925373222682,758.3341674804688,-0.228164398700337,0.330022419513288,125.27480000062496
5,1,48,"(162.5, 437.5, 13.254586740016286)",0.0562494943010682,782.2015380859375,-0.2722365889202542,0.05770774319723,121.28089999896474
5,1,51,"(212.5, 437.5, 19.809611758762614)",0.0026897824642906,859.4910278320312,-0.2314689990645801,0.0013318645583373,122.53350000173668
5,2,0,"(137.5, 362.5, 6.88289330546234)",0.6926349611559428,740.5789184570312,-0.2455406374092363,1.357627309577934,122.45569999868168
5,2,3,"(112.5, 387.5, 6.700045574866817)",0.3356007437474583,742.6962890625,-0.2219543200323585,0.8082954729125434,121.13609999869368
5,2,6,"(112.5, 337.5, 4.834376816244601)",0.2140650224481125,742.9893188476562,-0.2280562479766465,0.5443951322329733,119.61149999842746
5,2,9,"(112.5, 287.5, 3.266470567666104)",0.2866740228925944,738.7764892578125,-0.2350728313859746,1.2502093481224923,120.70550000134972
5,2,12,"(112.5, 337.5, 4.834376816244601)",0.3228906814175391,742.4227905273438,-0.2275406411907144,0.7233179812254061,122.7367999999842
5,2,15,"(112.5, 387.5, 6.700045574866817)",0.1467415837635114,748.7546997070312,-0.2214687269018025,0.3937159639601379,120.3473000023223
5,2,18,"(137.5, 362.5, 6.88289330546234)",0.3772933519941541,744.2293090820312,-0.2311638248500954,0.7060502859178952,123.849199997494
5,2,21,"(137.5, 412.5, 9.458994007438445)",0.188669449951733,758.4650268554688,-0.228164398700337,0.3300223779270531,122.8493000016897
5,2,24,"(112.5, 437.5, 8.264048786739911)",0.167481828108044,752.610107421875,-0.2576763484390876,0.1802264695246003,120.30930000037188
5,2,27,"(112.5, 437.5, 8.264048786739911)",0.0491341341895981,752.3435668945312,-0.2570867145544043,0.0869095812947716,123.8822999985132
5,2,30,"(87.5, 462.5, 6.711234702510277)",0.2521711857841515,742.6195678710938,-0.2702946739838154,0.3007569434581276,121.86769999971148
5,2,33,"(112.5, 437.5, 8.264048786739911)",0.0389930266012019,753.0677490234375,-0.2570360339774624,0.0673361639176786,121.6098000004422
5,2,36,"(87.5, 462.5, 6.711234702510277)",0.262428080208838,742.8295288085938,-0.2703771503137399,0.3047214408090873,119.18050000167568
5,2,39,"(112.5, 437.5, 8.264048786739911)",0.0383740152956272,753.2716064453125,-0.2570360231333874,0.0673329071074511,121.15439999979571
5,2,42,"(162.5, 437.5, 13.254586740016286)",0.2446192470498646,757.7911987304688,-0.2722365722435831,0.2549218318742015,118.1935999993584
5,2,45,"(212.5, 437.5, 19.809611758762614)",0.0017441139385006,859.4910278320312,-0.2314689990645801,0.0013318494498194,122.08989999999176
5,3,0,"(137.5, 362.5, 6.88289330546234)",0.6929142321789868,740.5088500976562,-0.2455406374092363,1.35762730777885,120.35800000012388
5,3,3,"(162.5, 387.5, 9.797797492156253)",0.3354346079000904,761.6666259765625,-0.2359342013083675,0.4254047568461159,124.29229999906966
5,3,6,"(212.5, 387.5, 12.56601886791643)",0.1273853304304693,788.8023681640625,-0.4749893796730592,0.1348728880281854,121.43699999796809
5,3,9,"(237.5, 412.5, 16.71281874556001)",0.0808837994235164,809.7504272460938,-0.2714695316000264,0.0557233626191505,121.9825000007404
5,3,12,"(237.5, 412.5, 16.71281874556001)",0.0277989806044378,818.2097778320312,-0.27141962612304,0.0183169393596122,123.44870000015362
5,3,15,"(237.5, 412.5, 16.71281874556001)",0.0230040448832982,818.2097778320312,-0.2714194540543411,0.0171106597185876,120.19170000348822
5,3,18,"(237.5, 412.5, 16.71281874556001)",0.0249008815999974,818.2097778320312,-0.2714194417870573,0.0170319404935131,123.07110000256216
5,3,21,"(237.5, 412.5, 16.71281874556001)",0.0256114271427161,813.760986328125,-0.2714194393662285,0.017016249818157,122.59099999937462
5,3,24,"(237.5, 412.5, 16.71281874556001)",0.0284972725234496,818.2118530273438,-0.2714194442533047,0.0170083429240368,121.51660000017728
5,3,27,"(262.5, 387.5, 12.530028997518446)",0.7511177086808001,773.3661499023438,-0.384038697790638,0.6437959898918653,121.05359999986833
5,3,30,"(262.5, 437.5, 19.691492564685472)",0.0034310245879562,856.8884887695312,-2.2978238646255,0.0014584537334099,120.13669999942069
5,4,0,"(137.5, 362.5, 6.88289330546234)",0.6866553663894316,740.6183471679688,-0.2455406374092363,1.357627346010284,123.8377000008768
5,4,3,"(137.5, 412.5, 9.458994007438445)",0.2219204414328359,757.4901123046875,-0.2294896850709155,0.4048384039151025,122.32930000027407
5,4,6,"(112.5, 437.5, 8.264048786739911)",0.168159268072086,752.4673461914062,-0.2576983420037068,0.1816523826279344,122.00490000032003
5,4,9,"(112.5, 437.5, 8.264048786739911)",0.050418819874432,752.79248046875,-0.2570867327593534,0.0869140783193306,121.82580000080634
5,4,12,"(162.5, 437.5, 13.254586740016286)",0.236757128984226,759.0919799804688,-0.2722365652373879,0.2489539083794621,121.05529999826103
5,4,15,"(212.5, 437.5, 19.809611758762614)",0.0018562092395723,859.4910278320312,-0.2314689990645801,0.0013318489152466,120.34760000096868
5,5,0,"(137.5, 362.5, 6.88289330546234)",0.6881588005063694,740.6344604492188,-0.2455406374092363,1.3576273188181522,122.93890000000827
5,5,3,"(112.5, 387.5, 6.700045574866817)",0.3338492131884095,742.7315063476562,-0.2219543200323584,0.8082954585964863,122.730799997953
5,5,6,"(112.5, 337.5, 4.834376816244601)",0.2142811929351475,742.96240234375,-0.2280562479766465,0.5443951053325988,121.25880000166944
5,5,9,"(112.5, 287.5, 3.266470567666104)",0.2850849629417178,738.776123046875,-0.2350728313859747,1.2502093701629395,117.79089999981808
5,5,12,"(112.5, 337.5, 4.834376816244601)",0.3216398162726137,742.3436279296875,-0.2275406411907144,0.7233179575105816,120.36770000122488
5,5,15,"(112.5, 387.5, 6.700045574866817)",0.1438479311337621,748.7676391601562,-0.2214687269018025,0.3937159946205105,122.0102000006591
5,5,18,"(112.5, 337.5, 4.834376816244601)",0.2107302779510459,743.0105590820312,-0.2280396695198115,0.5449093368015537,121.85280000267085
5,5,21,"(112.5, 287.5, 3.266470567666104)",0.286484687781644,738.7081909179688,-0.2350739184982352,1.250225217240278,121.1185000029218
5,5,24,"(112.5, 337.5, 4.834376816244601)",0.3140521177777588,742.4769897460938,-0.2275406626941211,0.7233186569592628,124.02280000242172
5,5,27,"(112.5, 387.5, 6.700045574866817)",0.1434182312660256,749.0591430664062,-0.2214687269018025,0.3937159775802715,124.3700999984867
5,5,30,"(112.5, 337.5, 4.834376816244601)",0.2155321174237841,742.8070068359375,-0.2280396695198115,0.544909389679908,124.40199999764444
5,5,33,"(112.5, 287.5, 3.266470567666104)",0.2795967901345736,738.7564086914062,-0.2350739184982353,1.2502252158837266,121.41129999872646
5,5,36,"(112.5, 337.5, 4.834376816244601)",0.3197132691184131,742.4086303710938,-0.2275406626941211,0.7233186947486494,122.03710000176216
5,5,39,"(112.5, 387.5, 6.700045574866817)",0.1445580585037423,749.0313110351562,-0.2214687269018025,0.3937159802557284,120.87640000027022
5,5,42,"(112.5, 337.5, 4.834376816244601)",0.2154347084622793,742.9645385742188,-0.2280396695198115,0.5449093367711859,121.2020000020857
5,5,45,"(112.5, 287.5, 3.266470567666104)",0.2799160775226733,738.7362670898438,-0.2350739184982353,1.2502252258065716,121.799500000634
5,5,48,"(112.5, 337.5, 4.834376816244601)",0.3234880187657001,742.3978271484375,-0.2275406626941211,0.7233186459555614,122.31439999959548
5,5,51,"(112.5, 387.5, 6.700045574866817)",0.1476454642649755,748.9766235351562,-0.2214687269018024,0.3937159469911007,121.7443000023195
5,5,54,"(112.5, 337.5, 4.834376816244601)",0.2097708559362985,743.0242919921875,-0.2280396695198115,0.5449093185488053,119.90909999803988
5,5,57,"(112.5, 287.5, 3.266470567666104)",0.2783114747901699,738.7373657226562,-0.2350739184982354,1.2502252400881868,125.7143000002543
5,5,60,"(112.5, 337.5, 4.834376816244601)",0.3199787068255594,742.4108276367188,-0.2275406626941211,0.7233186887092067,126.27280000015162
5,5,63,"(112.5, 387.5, 6.700045574866817)",0.1437317643049627,748.8106689453125,-0.2214687269018024,0.3937159710464145,124.50130000070205
5,5,66,"(112.5, 337.5, 4.834376816244601)",0.2082027871130317,742.9563598632812,-0.2280396695198115,0.5449093156146013,125.52059999870836
5,5,69,"(112.5, 287.5, 3.266470567666104)",0.2866743714095398,738.7639770507812,-0.2350739184982353,1.2502252205653317,120.91149999832852
5,6,0,"(137.5, 362.5, 6.88289330546234)",0.6909004294848484,740.630126953125,-0.2455406374092363,1.3576272998494852,120.83110000094166
5,6,3,"(112.5, 387.5, 6.700045574866817)",0.3382556951025579,742.6181640625,-0.2219543200323584,0.8082954487264019,121.19580000216956
5,6,6,"(112.5, 337.5, 4.834376816244601)",0.2132048465359809,742.8812866210938,-0.2280562479766465,0.5443951252274164,119.48580000171204
5,6,9,"(112.5, 287.5, 3.266470567666104)",0.2783274742795872,738.7433471679688,-0.2350728313859746,1.2502093504938403,123.95090000063648
5,6,12,"(112.5, 337.5, 4.834376816244601)",0.3204381595291377,742.40185546875,-0.2275406411907144,0.7233179687988451,122.08910000117612
5,6,15,"(112.5, 387.5, 6.700045574866817)",0.1438121827026266,748.7728271484375,-0.2214687269018025,0.3937159872241346,122.74860000252374
5,6,18,"(137.5, 362.5, 6.88289330546234)",0.379143771115873,744.126220703125,-0.2311638248500955,0.7060503288128936,123.6094999985653
5,6,21,"(162.5, 387.5, 9.797797492156253)",0.2761664157811139,763.4591674804688,-0.2349322409326692,0.3475610289017714,120.18869999883464
5,6,24,"(187.5, 362.5, 9.103110310900643)",0.1644353521952349,764.9285888671875,-0.3103130779133086,0.1888874690937001,124.1450999987137
5,6,27,"(212.5, 387.5, 12.56601886791643)",0.2301182460176853,774.8211059570312,-0.2251116439643545,0.2247258727638628,120.14890000136802
5,6,30,"(237.5, 362.5, 10.136936791802604)",0.6496604230735533,753.65234375,-0.3823450205848695,0.6249468526597791,120.65029999939723
5,6,33,"(212.5, 387.5, 12.56601886791643)",0.1265998320726222,778.4505004882812,-0.2228732953883923,0.1243953175737558,120.93569999706231
5,6,36,"(237.5, 362.5, 10.136936791802604)",0.6412226288548029,754.03125,-0.3822878012906886,0.6234853965644764,121.8035999991116
5,6,39,"(212.5, 387.5, 12.56601886791643)",0.1213455267179943,778.4320068359375,-0.2228731433172569,0.1243775311356051,125.84739999874728
5,6,42,"(237.5, 362.5, 10.136936791802604)",0.6510312541671328,753.5576171875,-0.3822878162221371,0.6234850562682098,119.99169999762672
5,6,45,"(262.5, 337.5, 7.706480720276972)",0.6301344129025097,741.1234741210938,-0.2726542337236116,1.2112221534246828,121.68169999858948
5,6,48,"(237.5, 312.5, 6.148385304590252)",0.4588871662350651,740.0809936523438,-0.2534209159820637,1.1767765416187757,119.94599999889031
5,6,51,"(237.5, 362.5, 10.136936791802604)",0.5459941686816122,748.4057006835938,-0.3381648197351012,0.7123615898809933,171.14550000042072
5,6,54,"(287.5, 362.5, 9.065091200270214)",0.3592261536476567,753.7942504882812,-0.2248875696895117,0.5186107934668597,119.24150000049848
5,6,57,"(312.5, 337.5, 6.4720487778634865)",0.3522866686949168,745.2266845703125,-0.246637679597189,0.5660271479103774,120.42859999928623
5,6,60,"(362.5, 337.5, 4.801447242030367)",0.4766851242570167,739.441162109375,-0.2641136562746592,1.2326751174440271,123.20270000054734
5,6,63,"(362.5, 287.5, 3.2481324511568093)",0.2971397344164397,739.0545654296875,-0.2320076973044218,1.507008111260975,121.62900000112133
5,6,66,"(362.5, 337.5, 4.801447242030367)",0.5997156270747132,738.7538452148438,-0.3347810375088977,1.5418478096193802,120.00850000185892
5,6,69,"(337.5, 362.5, 6.836404624384365)",0.4310415508355855,745.7651977539062,-0.2350471649052853,0.7327686019855632,123.48689999998896
5,7,0,"(137.5, 362.5, 6.88289330546234)",0.6925539291936654,740.5148315429688,-0.2455406374092363,1.357627322870525,122.17529999907129
5,7,3,"(137.5, 412.5, 9.458994007438445)",0.2241688047864869,757.9219360351562,-0.2294896850709155,0.4048384446486044,126.46550000135905
5,7,6,"(162.5, 437.5, 13.254586740016286)",0.0542961052568402,781.0663452148438,-0.2722365891132707,0.0577260377809679,119.86549999710404
5,7,9,"(137.5, 412.5, 9.458994007438445)",0.0958482674436119,760.8641357421875,-0.226627778743266,0.1209231717625731,126.54679999832295
5,7,12,"(137.5, 362.5, 6.88289330546234)",0.1679102545678066,751.177490234375,-0.2283678804299284,0.2448103677856707,125.89980000120704
5,7,15,"(112.5, 387.5, 6.700045574866817)",0.2932983631654253,743.92626953125,-0.2214644910184013,0.6560590272880787,122.97820000094362
5,7,18,"(112.5, 337.5, 4.834376816244601)",0.2090184282055603,742.9271850585938,-0.2280423971059548,0.5428849938471354,121.10609999945154
5,7,21,"(112.5, 287.5, 3.266470567666104)",0.2851374814183796,738.7939453125,-0.2350720483977183,1.2501730408539626,123.7583000001905
5,7,24,"(112.5, 337.5, 4.834376816244601)",0.3206437297330806,742.3092651367188,-0.2275406536489915,0.7233170748178214,119.98709999897984
5,7,27,"(112.5, 387.5, 6.700045574866817)",0.1453740489296596,748.9752807617188,-0.2214687269018025,0.3937159449635851,121.02750000121888
5,7,30,"(112.5, 337.5, 4.834376816244601)",0.2175002715246647,742.9946899414062,-0.2280396695198115,0.5449093185183911,121.2020000020857
5,7,33,"(112.5, 287.5, 3.266470567666104)",0.2855122152562032,738.7069702148438,-0.2350739184982353,1.2502251714474553,120.85500000102913
5,7,36,"(112.5, 337.5, 4.834376816244601)",0.3188572382879424,742.357177734375,-0.2275406626941211,0.7233186785244619,122.08290000126
5,7,39,"(112.5, 387.5, 6.700045574866817)",0.145991058161875,748.7644653320312,-0.2214687269018025,0.3937159564413959,122.0065000015893
5,7,42,"(137.5, 362.5, 6.88289330546234)",0.3851483734083573,744.1255493164062,-0.2311638248500954,0.7060503368165136,121.24319999929868
5,7,45,"(137.5, 412.5, 9.458994007438445)",0.1856087182848748,758.42822265625,-0.228164398700337,0.3300223872415576,123.01799999841025
5,7,48,"(112.5, 437.5, 8.264048786739911)",0.164442568177114,752.5673217773438,-0.2576763484390876,0.1802264487101398,126.43870000101742
5,7,51,"(87.5, 462.5, 6.711234702510277)",0.0565282378386682,743.2529296875,-0.2690378768524785,0.0892118901285221,124.76729999980309
5,7,54,"(112.5, 437.5, 8.264048786739911)",0.1929226455348673,752.283935546875,-0.2580275349219438,0.2028292579058689,121.10150000080466
5,7,57,"(112.5, 437.5, 8.264048786739911)",0.0510980901373365,752.3278198242188,-0.2570845929432018,0.0863717718186038,121.73389999952632
5,7,60,"(162.5, 437.5, 13.254586740016286)",0.2394954810331474,759.3268432617188,-0.272236562550072,0.2489537749404571,120.54749999879276
5,7,63,"(212.5, 437.5, 19.809611758762614)",0.0007430432592841,859.4910278320312,-0.2314689990645801,0.0013318524461275,119.28119999720366
5,8,0,"(137.5, 362.5, 6.88289330546234)",0.6968405703537098,740.60986328125,-0.2455406374092363,1.3576272698356426,122.61020000005374
5,8,3,"(112.5, 387.5, 6.700045574866817)",0.3393946724923475,742.69091796875,-0.2219543200323585,0.8082954519074714,122.97749999925144
5,8,6,"(112.5, 337.5, 4.834376816244601)",0.2132545112647306,742.9473876953125,-0.2280562479766465,0.5443951411288779,120.84389999654375
5,8,9,"(112.5, 287.5, 3.266470567666104)",0.2833763253972885,738.8250122070312,-0.2350728313859747,1.2502093396815908,120.71219999779714
5,8,12,"(112.5, 337.5, 4.834376816244601)",0.3156849230925178,742.3842163085938,-0.2275406411907144,0.7233179655974967,121.8031999997038
5,8,15,"(112.5, 387.5, 6.700045574866817)",0.1451144992825078,748.9236450195312,-0.2214687269018025,0.3937159574345377,122.90520000169636
5,8,18,"(137.5, 362.5, 6.88289330546234)",0.3797181148658826,744.11669921875,-0.2311638248500955,0.706050358687719,118.46749999676832
5,8,21,"(162.5, 387.5, 9.797797492156253)",0.2819603566412161,763.1478271484375,-0.2349322409326692,0.3475609296300971,122.925400002714
5,8,24,"(187.5, 362.5, 9.103110310900643)",0.1619195683141059,764.9622192382812,-0.3103130779133086,0.1888875384308953,121.33879999964849
5,8,27,"(212.5, 387.5, 12.56601886791643)",0.2304714667520895,774.5075073242188,-0.2251116439643545,0.2247259086742278,122.65499999921305
5,8,30,"(237.5, 362.5, 10.136936791802604)",0.6508836093421776,753.934326171875,-0.3823450205848695,0.6249468890315634,122.16590000025462
5,8,33,"(212.5, 387.5, 12.56601886791643)",0.1244782013403815,778.224365234375,-0.2228732953883923,0.124395330167596,120.76669999805743
5,8,36,"(237.5, 362.5, 10.136936791802604)",0.6515770729845568,754.0439453125,-0.3822878012906886,0.6234853610947695,123.21869999868797
5,8,39,"(212.5, 387.5, 12.56601886791643)",0.1250522170132411,778.839599609375,-0.2228731433172569,0.1243775245073184,126.1543000000529
5,8,42,"(237.5, 362.5, 10.136936791802604)",0.6539325816821658,753.916259765625,-0.3822878162221372,0.6234850623589883,124.89429999914135
5,8,45,"(262.5, 337.5, 7.706480720276972)",0.6244487277477416,741.23388671875,-0.2726542337236114,1.2112221083054768,121.32600000040838
5,8,48,"(287.5, 312.5, 5.684209381380459)",0.5999725308102279,740.1427001953125,-0.2747888143327738,1.5397097422365618,121.93409999963478
5,8,51,"(287.5, 362.5, 9.065091200270214)",0.7046998301471349,755.758544921875,-0.3319752502079998,0.6932839634154748,122.16239999906976
5,8,54,"(287.5, 387.5, 11.306348749090457)",0.0099372385886591,781.5197143554688,-0.3035457813102454,0.0108040253208115,121.50459999975284
5,8,57,"(287.5, 437.5, 16.365669713099226)",0.0018308574417215,817.164306640625,-0.2384222362914507,0.001529530771887,121.60619999849588
5,8,60,"(312.5, 462.5, 14.033224262378283)",0.0023882535643306,814.9884033203125,-0.4542229404050897,0.0013899098118736,121.05069999961415
5,9,0,"(137.5, 362.5, 6.88289330546234)",0.6932431656324046,740.5758056640625,-0.2455406374092363,1.3576273364667486,128.22719999894616
5,9,3,"(137.5, 412.5, 9.458994007438445)",0.2278746974469978,757.7063598632812,-0.2294896850709155,0.4048384304281585,121.73339999935706
5,9,6,"(162.5, 437.5, 13.254586740016286)",0.0553112223600382,777.9168090820312,-0.2722365891132708,0.057725990849727,122.23070000254666
5,9,9,"(187.5, 462.5, 18.15511649450833)",0.0362933165513206,814.9467163085938,-0.5891736142729114,0.026333521283394,119.73940000098082
5,0,0,"(487.5, 487.5, 2.4370033062802148)",0.4828704776931434,362.5658874511719,-0.2867539643116593,2.471585645258132,120.05859999771928
5,0,3,"(437.5, 487.5, 4.012520353342856)",0.4636745750554094,550.5460815429688,-0.2592700530183733,1.1577610371662084,120.96250000104192
5,0,6,"(387.5, 487.5, 6.600725374454914)",0.2608877774987708,557.3145141601562,-0.2467636020913808,0.6968185422072596,121.04209999961311
5,0,9,"(337.5, 487.5, 10.834577821017316)",0.0331645812599525,586.5512084960938,-0.2593771835530066,0.0355359376501866,119.87170000065817
5,0,12,"(287.5, 487.5, 17.635701174636083)",0.003960401654807,607.22607421875,-0.2205645840901571,0.0019382698984354,120.4851000002236
5,1,0,"(487.5, 487.5, 2.4370033062802148)",0.4871004620000814,362.5294799804688,-0.2867539643116593,2.4715856351593293,122.64700000014273
5,1,3,"(437.5, 487.5, 4.012520353342856)",0.4633149433140756,550.3330688476562,-0.2592700530183733,1.1577610100677735,120.2779000013834
5,1,6,"(412.5, 462.5, 5.176557100199439)",0.378889261262472,739.51171875,-0.2600919189032285,0.6392506897494631,121.49919999865232
5,1,9,"(362.5, 462.5, 8.527721324025148)",0.3250513602650036,753.398681640625,-0.3127422211485374,0.4256157537833452,122.03099999896948
5,1,12,"(312.5, 462.5, 14.033224262378283)",0.002574879383639,814.9884033203125,-0.4542229404117405,0.0016851815264128,119.1359000004013
5,2,0,"(487.5, 487.5, 2.4370033062802148)",0.4851438374023525,362.5983581542969,-0.2867539643116592,2.4715856379829844,124.83540000175708
5,2,3,"(487.5, 437.5, 2.3962294749129978)",0.3243248758092677,548.5403442382812,-0.2386624822931507,1.870315961839756,119.83430000327644
5,2,6,"(437.5, 437.5, 3.9290738535618197)",0.2671424771334149,736.573974609375,-0.2291642288354992,1.3201353888739304,121.19969999912428
5,2,9,"(387.5, 437.5, 6.419652941837749)",0.4741638280536274,742.4680786132812,-0.2535251102313302,0.7132715382500526,122.01090000235126
5,2,12,"(337.5, 437.5, 10.400297021568935)",0.6077787348987932,753.9190673828125,-0.4292315720414416,0.4908402834399147,119.08029999904102
5,2,15,"(287.5, 437.5, 16.365669713099226)",0.6278666487260853,777.585693359375,-0.3181893000514608,0.4288578629795903,121.47030000051018
5,2,18,"(287.5, 437.5, 16.365669713099226)",0.0028188575714909,817.164306640625,-0.2384222364490825,0.0026090480885881,123.13039999935428
5,2,21,"(287.5, 437.5, 16.365669713099226)",0.0037756487133187,817.164306640625,-0.2384222363385895,0.0021960402931847,120.79910000102244
5,2,24,"(287.5, 437.5, 16.365669713099226)",0.0030396655309382,817.164306640625,-0.2384222363364073,0.0021827729698318,122.85950000295998
5,2,27,"(287.5, 437.5, 16.365669713099226)",0.002543671123043,817.164306640625,-0.2384222363361494,0.0021811461114232,122.71990000226651
5,2,30,"(287.5, 437.5, 16.365669713099226)",0.0025667746451314,817.164306640625,-0.2384222363359553,0.0021799539453972,139.20489999873098
5,2,33,"(287.5, 437.5, 16.365669713099226)",0.0022146232688374,817.164306640625,-0.2384222363364649,0.0021831342573721,122.9693999994197
5,2,36,"(312.5, 462.5, 14.033224262378283)",0.0026119245643293,814.9884033203125,-0.4542229404050747,0.0013867973773215,120.8385999998427
5,3,0,"(487.5, 487.5, 2.4370033062802148)",0.4821485701777662,362.5500793457031,-0.2867539643116591,2.471585586562695,126.21370000124443
5,3,3,"(462.5, 462.5, 3.1411719247664083)",0.2972851174426716,730.73681640625,-0.2352609454155416,1.583849392788578,119.20619999727931
5,3,6,"(412.5, 462.5, 5.176557100199439)",0.5509420154165561,737.4901123046875,-0.2734429824731039,0.9487727838088664,125.2383999999438
5,3,9,"(362.5, 462.5, 8.527721324025148)",0.3285629622650678,753.4569702148438,-0.3127384448548531,0.4188309686435706,123.16849999842816
5,3,12,"(312.5, 462.5, 14.033224262378283)",0.002799162206539,814.9884033203125,-0.4542229404117313,0.0016849602632036,121.0742000002938
5,4,0,"(487.5, 487.5, 2.4370033062802148)",0.4840121979641176,362.5079345703125,-0.2867539643116592,2.471585636002564,122.50440000207163
5,4,3,"(437.5, 487.5, 4.012520353342856)",0.4611456056185399,550.599853515625,-0.2592700530183733,1.1577609648536134,122.60579999929178
5,4,6,"(387.5, 487.5, 6.600725374454914)",0.2597180355499274,557.260498046875,-0.2467636020913808,0.6968185408393388,121.68630000087433
5,4,9,"(337.5, 487.5, 10.834577821017316)",0.0336467672496024,586.1439819335938,-0.2593771835530066,0.0355359132176276,124.26589999813586
5,4,12,"(287.5, 487.5, 17.635701174636083)",0.0009676537461025,607.22607421875,-0.220564584090157,0.0019382699746781,121.02120000054128
5,5,0,"(487.5, 487.5, 2.4370033062802148)",0.4868561019673718,362.60791015625,-0.2867539643116592,2.4715855898930585,121.0785000002943
5,5,3,"(487.5, 437.5, 2.3962294749129978)",0.3248757083948529,548.5577392578125,-0.2386624822931507,1.870315948421596,122.11160000151722
5,5,6,"(437.5, 437.5, 3.9290738535618197)",0.265318187939968,736.53662109375,-0.2291642288354992,1.3201353964273486,120.88999999832596
5,5,9,"(387.5, 437.5, 6.419652941837749)",0.4641442511925297,742.3739624023438,-0.2535251102313303,0.7132715337529143,120.0023000019428
5,5,12,"(337.5, 437.5, 10.400297021568935)",0.5917395327018985,754.0230712890625,-0.4292315720414414,0.4908403584803244,123.50159999914467
5,5,15,"(312.5, 437.5, 13.134116007120344)",0.1203976322912813,775.65234375,-0.3898295020752258,0.1173538038405214,127.0174000019324
5,5,18,"(262.5, 437.5, 19.691492564685472)",0.001210976373867,856.8884887695312,-2.2978238646245286,0.0012767142413815,125.75720000313596
5,6,0,"(487.5, 487.5, 2.4370033062802148)",0.4845276320935217,362.4981994628906,-0.2867539643116593,2.4715856490971424,123.69629999739118
5,6,3,"(487.5, 437.5, 2.3962294749129978)",0.3223973510401768,548.508056640625,-0.2386624822931507,1.8703159233516844,119.01769999894896
5,6,6,"(437.5, 437.5, 3.9290738535618197)",0.2613122434798279,736.4495239257812,-0.2291642288354992,1.320135399445615,122.164000000339
5,6,9,"(387.5, 437.5, 6.419652941837749)",0.4620303988082999,742.2998046875,-0.2535251102313302,0.7132714664058993,122.4478000003728
5,6,12,"(362.5, 462.5, 8.527721324025148)",0.4598294261309959,755.3956298828125,-0.3153760963246125,0.4941973064015653,125.12190000052216
5,6,15,"(312.5, 462.5, 14.033224262378283)",0.0027408692988037,814.9884033203125,-0.4542229404109241,0.0016677227528561,125.06589999975404
5,7,0,"(487.5, 487.5, 2.4370033062802148)",0.4868217779201485,362.5538635253906,-0.2867539643116593,2.4715856636614224,119.8385000025155
5,7,3,"(487.5, 437.5, 2.3962294749129978)",0.3259900264428078,548.4915771484375,-0.2386624822931507,1.8703159288469828,122.5510000003851
5,7,6,"(437.5, 437.5, 3.9290738535618197)",0.2622312570479871,736.3650512695312,-0.2291642288354993,1.3201354305361304,120.1452999994217
5,7,9,"(387.5, 437.5, 6.419652941837749)",0.4635695669058186,742.5242919921875,-0.2535251102313302,0.7132714586745998,121.78440000207048
5,7,12,"(337.5, 437.5, 10.400297021568935)",0.6019580672911886,754.1338500976562,-0.4292315720414416,0.4908402494156363,120.5640999978641
5,7,15,"(287.5, 437.5, 16.365669713099226)",0.6293954371209053,777.509765625,-0.3181893000514609,0.428857773310972,123.0878999995184
5,7,18,"(287.5, 437.5, 16.365669713099226)",0.0022859691072268,817.164306640625,-0.2384222364484653,0.0026075420938217,125.47650000124122
5,7,21,"(312.5, 437.5, 13.134116007120344)",0.4566645156244664,772.1551513671875,-0.4023809343109913,0.4015699218278242,126.1038999982702
5,7,24,"(262.5, 437.5, 19.691492564685472)",0.0027825288166047,856.8884887695312,-2.297823864624528,0.0012752110096724,118.14050000248244
5,8,0,"(487.5, 487.5, 2.4370033062802148)",0.4837889932177099,362.53753662109375,-0.2867539643116593,2.4715855634034187,123.03890000112006
5,8,3,"(437.5, 487.5, 4.012520353342856)",0.4577886506887303,550.427734375,-0.2592700530183734,1.157760986172491,118.54270000185352
5,8,6,"(387.5, 487.5, 6.600725374454914)",0.255304500869337,556.9952392578125,-0.2467636020913808,0.6968185496960678,120.32819999876664
5,8,9,"(337.5, 487.5, 10.834577821017316)",0.0356914990801033,586.1570434570312,-0.2593771835530066,0.0355359018872383,121.36389999795938
5,8,12,"(287.5, 487.5, 17.635701174636083)",0.003261817864014,607.22607421875,-0.2205645840901571,0.0019382767356674,122.24589999823364
5,9,0,"(487.5, 487.5, 2.4370033062802148)",0.4887449240153482,362.499267578125,-0.2867539643116593,2.471585617870573,125.12640000204556
5,9,3,"(487.5, 437.5, 2.3962294749129978)",0.3225826300470593,548.572021484375,-0.2386624822931507,1.870315953265556,121.09729999792762
5,9,6,"(437.5, 437.5, 3.9290738535618197)",0.2618717837449114,736.510009765625,-0.2291642288354992,1.3201354073272231,120.38570000004256
5,9,9,"(387.5, 437.5, 6.419652941837749)",0.4653507569036771,742.443115234375,-0.2535251102313302,0.7132715260317657,120.57540000023435
5,9,12,"(362.5, 462.5, 8.527721324025148)",0.4529829470667484,755.3400268554688,-0.3153760963246125,0.494197344350017,128.85969999842928
5,9,15,"(312.5, 462.5, 14.033224262378283)",0.0011657981933586,814.9884033203125,-0.454222940410924,0.0016677350074004,123.70839999857708
5,0,0,"(262.5, 487.5, 22.1418731987782)",0.0014907010512901,626.5459594726562,-0.4832441663066121,0.0012331416368276,122.35789999976988
5,1,0,"(262.5, 487.5, 22.1418731987782)",0.0018605143668233,626.5459594726562,-0.4832441663066121,0.001233136768605,121.0410999992746
5,2,0,"(262.5, 487.5, 22.1418731987782)",0.0031473339434147,626.5459594726562,-0.4832441663066122,0.0012331329587605,123.83649999901536
5,3,0,"(262.5, 487.5, 22.1418731987782)",0.0013137273439547,626.5459594726562,-0.4832441663066122,0.0012331441074879,124.31389999983368
5,4,0,"(262.5, 487.5, 22.1418731987782)",0.0018754806233787,626.5459594726562,-0.483244166306612,0.0012331359955845,123.315900000307
5,5,0,"(262.5, 487.5, 22.1418731987782)",0.0015105978898299,626.5459594726562,-0.4832441663066121,0.0012331293842422,122.99400000119932
5,6,0,"(262.5, 487.5, 22.1418731987782)",0.0007598282930451,626.5459594726562,-0.4832441663066121,0.0012331372359465,122.7790000011737
5,7,0,"(262.5, 487.5, 22.1418731987782)",0.0020746092015278,626.5459594726562,-0.4832441663066122,0.0012331444732834,122.85440000050583
5,8,0,"(262.5, 487.5, 22.1418731987782)",0.0014866039566824,626.5459594726562,-0.4832441663066121,0.0012331409888096,124.27609999940614
5,9,0,"(262.5, 487.5, 22.1418731987782)",0.0016091446403872,626.5459594726562,-0.4832441663066121,0.00123314321587,124.95249999847148
5,0,0,"(462.5, 487.5, 3.127296379115885)",0.5364949758681689,546.7304077148438,-0.273516815533517,2.1026452352669147,124.52399999892803
5,0,3,"(412.5, 487.5, 5.147226552974528)",0.3628464165650164,555.81787109375,-0.2460174941313317,0.6072198702853298,119.3435999994108
5,0,6,"(362.5, 487.5, 8.460406646791682)",0.4607969252689371,561.78759765625,-0.2619913106769002,0.6371085030178529,121.45080000118467
5,0,9,"(312.5, 487.5, 13.851283065501828)",0.0013438530370928,600.398193359375,-0.247657374901584,0.001399232475402,122.31370000154128
5,0,12,"(287.5, 462.5, 17.977012825427398)",0.1356201087132386,831.8748168945312,-0.5678956069423843,0.0922672229851151,119.35059999814256
5,1,0,"(462.5, 487.5, 3.127296379115885)",0.5407361288077509,546.6954956054688,-0.273516815533517,2.102645235968277,123.67529999755789
5,1,3,"(412.5, 487.5, 5.147226552974528)",0.3692055860251938,555.57958984375,-0.2460174941313316,0.6072199247349966,122.15919999653124
5,1,6,"(362.5, 487.5, 8.460406646791682)",0.4600628782242668,561.830810546875,-0.2619913106769,0.6371085168737988,119.4632000006095
5,1,9,"(312.5, 487.5, 13.851283065501828)",0.0019238491823522,600.398193359375,-0.247657374901584,0.001399259120199,121.47290000211795
5,1,12,"(287.5, 462.5, 17.977012825427398)",0.1363005963636399,832.0033569335938,-0.5678956069423843,0.0922672798242831,121.22049999743469
5,2,0,"(462.5, 487.5, 3.127296379115885)",0.5443033978589821,546.8134765625,-0.273516815533517,2.1026452783627225,124.55189999673166
5,2,3,"(412.5, 487.5, 5.147226552974528)",0.3681234053217436,555.6456909179688,-0.2460174941313317,0.6072199099918419,119.48169999959646
5,2,6,"(362.5, 487.5, 8.460406646791682)",0.4653495626900903,561.6350708007812,-0.2619913106769002,0.6371084926167486,123.03749999773572
5,2,9,"(312.5, 487.5, 13.851283065501828)",0.0022211438195832,600.398193359375,-0.247657374901584,0.0013992291261252,121.27479999981006
5,2,12,"(287.5, 462.5, 17.977012825427398)",0.1291637208115595,832.54541015625,-0.5678956069423841,0.0922671789421106,120.894200001203
5,3,0,"(462.5, 487.5, 3.127296379115885)",0.5449916171307035,546.720458984375,-0.273516815533517,2.102645300754697,122.28069999764556
5,3,3,"(412.5, 487.5, 5.147226552974528)",0.3672117604938941,555.8164672851562,-0.2460174941313317,0.6072198911677982,123.35850000090431
5,3,6,"(362.5, 487.5, 8.460406646791682)",0.4624211822623744,561.5689697265625,-0.2619913106769,0.6371085125102173,121.9602000019222
5,3,9,"(312.5, 487.5, 13.851283065501828)",0.0020991459618339,600.398193359375,-0.247657374901584,0.001399244669701,124.02160000056028
5,3,12,"(287.5, 462.5, 17.977012825427398)",0.1333062871696508,838.5418701171875,-0.5678956069423842,0.0922672836965102,125.05260000034468
5,4,0,"(462.5, 487.5, 3.127296379115885)",0.5388930139415206,546.7974853515625,-0.2735168155335169,2.1026451961415327,124.66679999852204
5,4,3,"(412.5, 487.5, 5.147226552974528)",0.3693696593246875,555.6253662109375,-0.2460174941313317,0.6072197424607945,122.8540999982215
5,4,6,"(362.5, 487.5, 8.460406646791682)",0.4673799450208644,562.0703125,-0.2619913106769,0.6371085547519688,121.1637000014889
5,4,9,"(312.5, 487.5, 13.851283065501828)",0.0022364737342047,600.398193359375,-0.247657374901584,0.0013992510734403,122.31160000010276
5,4,12,"(287.5, 462.5, 17.977012825427398)",0.1403219427615731,833.7738037109375,-0.5678956069423842,0.0922672201906767,125.73340000017195
5,5,0,"(462.5, 487.5, 3.127296379115885)",0.5348091385373123,546.7586059570312,-0.273516815533517,2.102645360478487,124.57050000011805
5,5,3,"(412.5, 487.5, 5.147226552974528)",0.3658260381073821,555.6592407226562,-0.2460174941313317,0.6072198610139881,124.02640000073006
5,5,6,"(362.5, 487.5, 8.460406646791682)",0.4693577633251245,561.7740478515625,-0.2619913106769,0.6371085263977256,123.6797999990813
5,5,9,"(312.5, 487.5, 13.851283065501828)",0.0016977993429438,600.398193359375,-0.247657374901584,0.0013992445057315,120.61360000006972
5,5,12,"(287.5, 462.5, 17.977012825427398)",0.140891267704059,837.7994384765625,-0.5678956069423843,0.0922671514018359,120.9208000000217
5,6,0,"(462.5, 487.5, 3.127296379115885)",0.5412048184520818,546.790283203125,-0.273516815533517,2.1026452723323885,122.80620000092313
5,6,3,"(462.5, 437.5, 3.0693002026442198)",0.2962030409897552,733.4940795898438,-0.2331474856785893,1.5019192504032053,124.9203999977908
5,6,6,"(437.5, 412.5, 3.7158125367455015)",0.3938275017574079,738.2266235351562,-0.2538177615105993,1.398605567114553,119.1097000009904
5,6,9,"(387.5, 412.5, 5.968521653217249)",0.4482918692192953,742.2427978515625,-0.2449036524036715,1.1683039742684325,123.02460000137216
5,6,12,"(337.5, 412.5, 9.377700043801939)",0.1427519924331742,766.3126831054688,-0.2724938249342912,0.1854349533845284,122.15899999864632
5,6,15,"(287.5, 412.5, 13.851283065501828)",0.0335121164262395,798.0101928710938,-0.2476575992307556,0.0407496880723203,121.71630000011646
5,6,18,"(262.5, 387.5, 12.530028997518446)",0.4488837861422797,758.810302734375,-0.4999707612235611,0.623710550636402,174.58569999871543
5,6,21,"(287.5, 362.5, 9.065091200270214)",0.6358003522637806,753.6724243164062,-0.3166515516554913,0.7551535744887184,120.50869999802671
5,6,24,"(337.5, 362.5, 6.836404624384365)",0.2111886573334464,750.45849609375,-0.2306258041833068,0.3171778032709835,121.36370000007446
5,6,27,"(362.5, 337.5, 4.801447242030367)",0.6236349799762144,738.9978637695312,-0.2843725098385081,1.3509939949585104,122.49949999750244
5,6,30,"(362.5, 387.5, 6.644563227708976)",0.8088299078813748,743.4732055664062,-0.3740536597454343,1.039974068643752,172.27439999987837
5,6,33,"(337.5, 412.5, 9.377700043801939)",0.3563296361916978,754.1166381835938,-0.2258251298957196,0.4910929062760033,123.54720000075758
5,6,36,"(287.5, 412.5, 13.851283065501828)",0.0377130329968305,796.9183959960938,-0.2476575992430706,0.0407846550202467,122.49229999724776
5,6,39,"(262.5, 387.5, 12.530028997518446)",0.4549911854570748,758.8386840820312,-0.4999707602896393,0.6237185821140327,175.0952000002144
5,6,42,"(262.5, 337.5, 7.706480720276972)",0.2324422422702002,751.4422607421875,-0.2383376235027887,0.3103265663798715,121.8421000012313
5,6,45,"(237.5, 312.5, 6.148385304590252)",0.3769664006091753,743.6441040039062,-0.2377402120028506,0.8366670410244359,122.86200000016834
5,6,48,"(237.5, 362.5, 10.136936791802604)",0.556646866469459,748.2197875976562,-0.3363248472433772,0.7204252500843349,173.18769999837968
5,6,51,"(287.5, 362.5, 9.065091200270214)",0.3655893037564022,753.6395874023438,-0.2248871023663756,0.5186189633610069,121.85800000224845
5,6,54,"(337.5, 362.5, 6.836404624384365)",0.2072649408957819,750.6288452148438,-0.2306176955024834,0.312514218327095,126.25340000158758
5,6,57,"(337.5, 312.5, 4.592532186196013)",0.3586003717511284,739.758056640625,-0.2363415717361979,1.125494130270638,126.46130000211996
5,6,60,"(337.5, 362.5, 6.836404624384365)",0.296129165570394,749.9028930664062,-0.2317982467481848,0.456500668448035,122.36620000112453
5,6,63,"(337.5, 412.5, 9.377700043801939)",0.1710678704984393,759.27685546875,-0.224974228061097,0.3161334478580615,121.80570000055012
5,6,66,"(362.5, 437.5, 8.184609533832969)",0.501306474250985,744.8062744140625,-0.2867130935991307,0.6685682301372244,119.85049999930196
5,6,69,"(312.5, 437.5, 13.134116007120344)",0.6546724118378922,763.7098999023438,-0.4361313801858538,0.6809088054480318,120.95480000061798
5,7,0,"(462.5, 487.5, 3.127296379115885)",0.5347252496453784,546.7357788085938,-0.2735168155335169,2.102645266185216,123.23830000241288
5,7,3,"(412.5, 487.5, 5.147226552974528)",0.3707365353826364,555.5986328125,-0.2460174941313317,0.6072198850254608,122.45090000214988
5,7,6,"(362.5, 487.5, 8.460406646791682)",0.4632771491678141,562.10791015625,-0.2619913106769,0.6371085078599237,121.30380000235164
5,7,9,"(312.5, 487.5, 13.851283065501828)",0.0026443121445152,600.398193359375,-0.247657374901584,0.0013992585785108,117.85640000016429
5,7,12,"(287.5, 462.5, 17.977012825427398)",0.1401220129510171,833.4849853515625,-0.5678956069423842,0.0922671663773319,118.99479999920004
5,8,0,"(462.5, 487.5, 3.127296379115885)",0.5337375681184334,546.798828125,-0.2735168155335169,2.1026452805836904,123.32919999971637
5,8,3,"(412.5, 487.5, 5.147226552974528)",0.3698054721676697,555.7102661132812,-0.2460174941313317,0.6072198333559325,121.53820000094127
5,8,6,"(362.5, 487.5, 8.460406646791682)",0.4556581570497945,562.1029052734375,-0.2619913106769001,0.637108482312201,122.66420000014476
5,8,9,"(337.5, 462.5, 10.942007264844266)",0.5482355909947454,761.4815673828125,-0.3661145845882416,0.5454662314634884,123.01099999967846
5,8,12,"(287.5, 462.5, 17.977012825427398)",0.0347658328909039,853.4103393554688,-0.5679102477281459,0.0222185448119874,121.61420000120415
5,9,0,"(462.5, 487.5, 3.127296379115885)",0.538853678970483,546.8268432617188,-0.273516815533517,2.102645354193267,122.70929999795044
5,9,3,"(412.5, 487.5, 5.147226552974528)",0.3652866539615836,555.6826782226562,-0.2460174941313317,0.6072198706089889,122.54480000046895
5,9,6,"(362.5, 487.5, 8.460406646791682)",0.4647163494593392,561.7728271484375,-0.2619913106769001,0.6371085354175413,120.0775999968755
5,9,9,"(337.5, 487.5, 10.834577821017316)",0.1500324446888441,581.7080688476562,-0.2596204268038034,0.134496169058647,123.88040000223556
5,9,12,"(287.5, 487.5, 17.635701174636083)",0.002853625483668,607.22607421875,-0.2205645840901571,0.0019382545372749,118.28130000139936
5,0,0,"(187.5, 387.5, 11.364582883745452)",0.2909171122999989,775.636962890625,-0.2969238325578725,0.3040902858472595,129.7182000016619
5,0,3,"(187.5, 437.5, 16.502195647044346)",0.0035999983093531,817.1593017578125,-0.2493861937414287,0.0021829102359488,120.65440000151284
5,0,6,"(237.5, 437.5, 21.459341898515387)",0.0023095664248701,856.8884887695312,-1.1683404932304366,0.0012346284743522,121.17200000284356
5,1,0,"(187.5, 387.5, 11.364582883745452)",0.2892964868863547,775.6898193359375,-0.2969238325578725,0.3040902074648386,127.12550000287592
5,1,3,"(237.5, 387.5, 13.016039592385813)",0.9880925346543968,764.0756225585938,-0.5824710383168539,1.005709186935119,120.34090000088328
5,1,6,"(237.5, 437.5, 21.459341898515387)",0.0008523260345482,856.8884887695312,-1.168340493230437,0.0012346236357468,118.14469999808352
5,2,0,"(187.5, 387.5, 11.364582883745452)",0.2920284828185753,774.824951171875,-0.2969238325578725,0.3040902855673465,122.87640000067768
5,2,3,"(212.5, 412.5, 15.910281935579775)",0.8750093711919342,764.63134765625,-0.4162218747282427,0.6862411061054401,172.88819999885163
5,2,6,"(237.5, 387.5, 13.016039592385813)",0.3036147725585162,808.704345703125,-0.7863786765882974,0.2462924330310444,126.15219999861438
5,2,9,"(237.5, 437.5, 21.459341898515387)",0.0019348577625312,856.8884887695312,-1.1683404932304369,0.0012346243682566,121.88360000072862
5,3,0,"(187.5, 387.5, 11.364582883745452)",0.2973261849079545,775.3304443359375,-0.2969238325578726,0.3040902052447136,122.71839999812072
5,3,3,"(187.5, 437.5, 16.502195647044346)",0.0029472104852975,817.1593017578125,-0.2493861937414287,0.0021829160683775,122.28329999925336
5,3,6,"(237.5, 437.5, 21.459341898515387)",0.0012516969228228,856.8884887695312,-1.1683404932304369,0.0012346221358071,125.2589000032458
5,4,0,"(187.5, 387.5, 11.364582883745452)",0.2921869052833357,774.9111938476562,-0.2969238325578725,0.3040902771184294,122.68970000150148
5,4,3,"(237.5, 387.5, 13.016039592385813)",0.987925925155067,764.40234375,-0.5824710383168539,1.0057091701607006,122.76449999990292
5,4,6,"(237.5, 437.5, 21.459341898515387)",0.0019484363411634,856.8884887695312,-1.168340493230437,0.0012346202932361,119.51940000290053
5,5,0,"(187.5, 387.5, 11.364582883745452)",0.2886931711688676,775.0645141601562,-0.2969238325578725,0.3040903165534902,124.09040000056848
5,5,3,"(237.5, 387.5, 13.016039592385813)",0.98864388975831,763.9230346679688,-0.5824710383168539,1.0057091958429891,119.39360000178569
5,5,6,"(237.5, 437.5, 21.459341898515387)",0.0021613912099027,856.8884887695312,-1.1683404932304369,0.0012346163094485,124.75350000022443
5,6,0,"(187.5, 387.5, 11.364582883745452)",0.2821785511598424,775.3316650390625,-0.2969238325578726,0.3040902637298789,121.94129999988944
5,6,3,"(237.5, 387.5, 13.016039592385813)",0.9916868270512232,764.1775512695312,-0.5824710383168539,1.0057091809809382,120.74329999813926
5,6,6,"(237.5, 437.5, 21.459341898515387)",0.0015906752759451,856.8884887695312,-1.1683404932304369,0.0012346242816234,120.98779999723774
5,7,0,"(187.5, 387.5, 11.364582883745452)",0.2833157138615327,775.0670166015625,-0.2969238325578726,0.3040902815276527,122.69730000116397
5,7,3,"(237.5, 387.5, 13.016039592385813)",0.9836838876990968,763.5518798828125,-0.582471038316854,1.0057091788305357,119.69759999919916
5,7,6,"(237.5, 437.5, 21.459341898515387)",0.0020612524588575,856.8884887695312,-1.1683404932304369,0.00123461986754,120.13160000060452
5,8,0,"(187.5, 387.5, 11.364582883745452)",0.2848201813163432,774.9967651367188,-0.2969238325578725,0.3040902395435428,120.67739999838524
5,8,3,"(237.5, 387.5, 13.016039592385813)",0.991728551777443,764.1631469726562,-0.5824710383168539,1.0057092125911424,124.19500000032713
5,8,6,"(237.5, 437.5, 21.459341898515387)",0.0021609931038705,856.8884887695312,-1.168340493230437,0.0012346288877789,122.05630000244128
5,9,0,"(187.5, 387.5, 11.364582883745452)",0.2872923827532957,775.49609375,-0.2969238325578725,0.3040902632505676,122.0469999971101
5,9,3,"(187.5, 437.5, 16.502195647044346)",0.0034209455076585,817.1593017578125,-0.2493861937414287,0.0021829090325032,122.861699997884
5,9,6,"(237.5, 437.5, 21.459341898515387)",0.0015887804000758,856.8884887695312,-1.168340493230437,0.0012346216432622,122.47189999834518
5,0,0,"(212.5, 487.5, 22.32743679833657)",0.0033912156932486,607.22607421875,-1.750514562212205,0.0013907337753911,123.2588000020769
5,1,0,"(212.5, 487.5, 22.32743679833657)",0.0012388408165529,607.22607421875,-1.750514562212208,0.0013907358847811,123.11350000163657
5,2,0,"(212.5, 487.5, 22.32743679833657)",0.0023316529811202,607.22607421875,-1.7505145622122036,0.001390742513923,123.01599999773316
5,3,0,"(212.5, 487.5, 22.32743679833657)",0.0016229311693945,607.22607421875,-1.7505145622122045,0.0013907494608617,121.04360000012092
5,4,0,"(212.5, 487.5, 22.32743679833657)",0.0021500027656603,607.22607421875,-1.7505145622122058,0.0013907470440458,121.35809999745106
5,5,0,"(212.5, 487.5, 22.32743679833657)",0.001789719833502,607.22607421875,-1.7505145622122082,0.0013907445801482,121.92019999929472
5,6,0,"(212.5, 487.5, 22.32743679833657)",0.0005657453879562,607.22607421875,-1.7505145622122045,0.001390752920025,123.2982000001357
5,7,0,"(212.5, 487.5, 22.32743679833657)",0.0010621952158015,607.22607421875,-1.7505145622122051,0.0013907477078279,123.52549999923212
5,8,0,"(212.5, 487.5, 22.32743679833657)",0.0016098829770443,607.22607421875,-1.7505145622122065,0.0013907420048859,122.846500002197
5,9,0,"(212.5, 487.5, 22.32743679833657)",0.001690090651874,607.22607421875,-1.7505145622122058,0.0013907527912782,121.75650000062888
