resolution,trial,step,observation,info_gain,pred_divergence,expected_accuracy,expected_Qs_entropy,inference_time_ms
2,0,0,"(437.5, 412.5, 3.7158125367455015)",0.0447484330557286,734.9554443359375,-1.2801502106436158,1.6770997832559629,86.63669999805279
2,0,3,"(437.5, 362.5, 3.0693002026442198)",0.0803482100290063,736.9508056640625,-0.4603598008232607,0.5395528401098548,86.63930000329856
2,0,6,"(437.5, 312.5, 2.3288409680820936)",0.6418184698180052,736.2557373046875,-0.7056900217487893,1.7754389528169665,85.17370000117808
2,0,9,"(437.5, 312.5, 2.3288409680820936)",0.0832842826270417,735.4624633789062,-0.6435412505335107,1.1841143675336148,86.25040000333684
2,0,12,"(437.5, 312.5, 2.3288409680820936)",0.0849796774153496,735.4832153320312,-0.6439082890772211,1.1857932380680605,86.61539999957313
2,0,15,"(412.5, 287.5, 2.3680192003946603)",0.0296512016298136,736.6926879882812,-0.5632973857516136,1.044825635972631,88.91270000094664
2,0,18,"(412.5, 312.5, 2.8190600723806885)",0.2350513435101304,737.0420532226562,-0.6921599825751303,1.1023463640653632,88.10230000017327
2,0,21,"(387.5, 287.5, 2.795360823982221)",0.0393400518162619,737.444580078125,-0.5751993237974511,0.9807436086345496,90.84729999813136
2,0,24,"(387.5, 287.5, 2.795360823982221)",0.0442202280440467,737.4976196289062,-0.5662941564847928,0.796007514884063,86.2383999992744
2,0,27,"(387.5, 287.5, 2.795360823982221)",0.0439537996232073,737.4825439453125,-0.5661960873576448,0.7934943855175824,87.58939999825088
2,0,30,"(387.5, 287.5, 2.795360823982221)",0.0423202315451565,737.5054931640625,-0.5661944993234888,0.7934537979217186,87.5971000023128
2,0,33,"(387.5, 287.5, 2.795360823982221)",0.0409013266282671,737.5090942382812,-0.5661944817698861,0.7934530843218813,89.81909999783966
2,0,36,"(412.5, 312.5, 2.8190600723806885)",0.3330092370320818,737.2305908203125,-0.6917036819236531,1.1639447445402262,85.53000000028987
2,0,39,"(387.5, 287.5, 2.795360823982221)",0.0372214034417214,737.4602661132812,-0.5750546498020015,0.9781969964751104,89.46120000109659
2,0,42,"(387.5, 312.5, 3.371997408476144)",0.5473011963537587,738.436279296875,-0.7249969304222168,1.4577455891386433,85.34879999933764
2,0,45,"(362.5, 287.5, 3.2481324511568093)",0.0653396778333843,738.2374877929688,-0.5516574452308719,0.7499910652372069,85.79260000260547
2,0,48,"(362.5, 287.5, 3.2481324511568093)",0.0915324385688476,738.370361328125,-0.5460693122604914,0.6194024508999468,88.3401999999478
2,0,51,"(387.5, 312.5, 3.371997408476144)",0.1880769694946975,737.8292846679688,-0.7373164568448196,0.8342924170051925,87.37769999788725
2,0,54,"(387.5, 312.5, 3.371997408476144)",0.3016700760431399,738.12548828125,-0.7348437630958712,1.0304467644185231,86.8296000007831
2,0,57,"(387.5, 312.5, 3.371997408476144)",0.315414212656658,738.0653686523438,-0.7347828815198304,1.034811148532233,89.0488999975787
2,0,60,"(387.5, 312.5, 3.371997408476144)",0.308287175845067,738.0662841796875,-0.7347818878525046,1.0348822040534016,89.61620000263792
2,0,63,"(362.5, 287.5, 3.2481324511568093)",0.0671990456660784,738.2954711914062,-0.5517043444669169,0.75082687688154,88.07510000042384
2,0,66,"(337.5, 312.5, 4.592532186196013)",0.3227696110397875,738.8434448242188,-0.6350983290134726,1.4526373538321955,124.57870000071124
2,0,69,"(337.5, 262.5, 2.964249814698708)",0.0308997108825579,738.759033203125,-0.4271380941078228,0.8275460643719307,84.82669999648351
2,1,0,"(437.5, 412.5, 3.7158125367455015)",0.0441384754680724,734.9349975585938,-1.2801502106436151,1.6770997807946224,89.80180000071414
2,1,3,"(437.5, 362.5, 3.0693002026442198)",0.0805240480946863,736.8915405273438,-0.4603598008232608,0.5395528621875352,86.72359999764012
2,1,6,"(437.5, 312.5, 2.3288409680820936)",0.6376992103755995,736.2335815429688,-0.7056900217487893,1.7754389189684625,88.25369999976829
2,1,9,"(412.5, 287.5, 2.3680192003946603)",0.0227158831578937,736.6458129882812,-0.572853374871523,1.2057586753333194,88.31529999952181
2,1,12,"(412.5, 312.5, 2.8190600723806885)",0.2376991170775256,737.0414428710938,-0.6921204738708704,1.095777249478664,85.43690000078641
2,1,15,"(412.5, 312.5, 2.8190600723806885)",0.1362971999728989,736.8674926757812,-0.6927086827720981,0.9684834579516262,85.70319999853382
2,1,18,"(412.5, 287.5, 2.3680192003946603)",0.0345994314766983,736.67919921875,-0.561229437944554,0.9960488141425854,88.93589999934193
2,1,21,"(387.5, 312.5, 3.371997408476144)",0.4213556475619325,738.2539672851562,-0.7326770681422526,1.2606585527855183,88.07560000059311
2,1,24,"(412.5, 287.5, 2.3680192003946603)",0.0251420970031609,736.678466796875,-0.5618035236040182,0.995458000487746,86.41359999819542
2,1,27,"(362.5, 287.5, 3.2481324511568093)",0.0595480700366984,738.227783203125,-0.5573810866672744,0.8466075079259362,94.38159999990604
2,1,30,"(362.5, 287.5, 3.2481324511568093)",0.0953756360674183,738.3767700195312,-0.5460868724516936,0.6191901071460094,85.45040000171866
2,1,33,"(337.5, 312.5, 4.592532186196013)",0.3255464659942153,738.9144897460938,-0.6320712364372987,1.463069973039833,119.90289999812376
2,1,36,"(337.5, 262.5, 2.964249814698708)",0.0315071913723607,738.742431640625,-0.427137472141727,0.8274738936736608,86.6377000020293
2,1,39,"(337.5, 312.5, 4.592532186196013)",0.1571910821255121,739.7581176757812,-0.7117705559910984,0.728028428941696,96.92730000097072
2,1,42,"(337.5, 262.5, 2.964249814698708)",0.0315565854510798,738.7781372070312,-0.4271508696145805,0.8289926709195137,85.30729999984032
2,1,45,"(337.5, 312.5, 4.592532186196013)",0.1526377432892944,739.7012329101562,-0.7117743107323222,0.7279139203252541,101.0798999996041
2,1,48,"(337.5, 262.5, 2.964249814698708)",0.0295916176374006,738.771240234375,-0.4271508843633353,0.8289929254340387,86.30589999665972
2,1,51,"(337.5, 312.5, 4.592532186196013)",0.1537997824864274,739.7543334960938,-0.7117743107323226,0.7279139393752081,97.69770000275456
2,1,54,"(337.5, 262.5, 2.964249814698708)",0.0308815860106728,738.7567138671875,-0.4271508843633353,0.8289929196929444,85.43839999765623
2,1,57,"(337.5, 312.5, 4.592532186196013)",0.1524806269283179,739.7286376953125,-0.7117743107323227,0.7279139508684873,96.47929999846384
2,1,60,"(337.5, 262.5, 2.964249814698708)",0.0321963161433696,738.7743530273438,-0.4271508843633352,0.8289929181335317,83.7638999983028
2,1,63,"(337.5, 312.5, 4.592532186196013)",0.1549215767224489,739.7080078125,-0.7117743107323224,0.727913913114607,99.5543999997608
2,1,66,"(362.5, 287.5, 3.2481324511568093)",0.0824222492662422,738.3867797851562,-0.5456561874731466,0.5883030269832171,84.39630000066245
2,1,69,"(337.5, 312.5, 4.592532186196013)",0.3281484386017147,738.9635009765625,-0.6323759839306283,1.4619604271479898,122.85730000076
2,2,0,"(437.5, 412.5, 3.7158125367455015)",0.0448139678218615,734.962646484375,-1.2801502106436156,1.6770997694800294,85.350199999084
2,2,3,"(437.5, 362.5, 3.0693002026442198)",0.077446993960339,736.9490356445312,-0.4603598008232608,0.5395528588880104,82.34559999982594
2,2,6,"(437.5, 312.5, 2.3288409680820936)",0.6345937260125991,736.2954711914062,-0.7056900217487893,1.7754389034846767,86.50180000040564
2,2,9,"(412.5, 287.5, 2.3680192003946603)",0.0229400236961857,736.6483764648438,-0.5728533748715229,1.205758680519358,86.37459999954444
2,2,12,"(412.5, 287.5, 2.3680192003946603)",0.0257563713411115,736.6718139648438,-0.564516949917061,1.0619163779944047,86.40809999997145
2,2,15,"(412.5, 312.5, 2.8190600723806885)",0.2431299901292181,737.0706176757812,-0.6921107758287491,1.0985016558291674,87.79510000022128
2,2,18,"(387.5, 287.5, 2.795360823982221)",0.0366466242244094,737.4583740234375,-0.575199715929344,0.980748405679141,87.38090000042575
2,2,21,"(362.5, 312.5, 3.972924796908688)",0.5677241275352417,739.4962768554688,-0.6205976837517111,1.6219685421408394,85.92940000016824
2,2,24,"(362.5, 287.5, 3.2481324511568093)",0.0710372777925016,738.3499145507812,-0.5479616718741159,0.6629599766896433,86.56120000159717
2,2,27,"(362.5, 287.5, 3.2481324511568093)",0.089993911261845,738.4389038085938,-0.5460469472159598,0.6188653078236426,87.02249999987544
2,2,30,"(387.5, 312.5, 3.371997408476144)",0.1900253347031203,737.8839721679688,-0.7373156665050783,0.8343149597107622,88.86809999967227
2,2,33,"(387.5, 312.5, 3.371997408476144)",0.3089011528886664,738.13671875,-0.7348437539085825,1.0304477471476332,88.65069999956177
2,2,36,"(387.5, 262.5, 2.2927863351327353)",0.0121182986765425,737.2807006835938,-0.4765687414129524,1.2064832623707344,88.606900000741
2,2,39,"(387.5, 312.5, 3.371997408476144)",0.0611203990615071,737.7255249023438,-0.739610417366005,0.6132345427699412,84.96010000089882
2,2,42,"(362.5, 287.5, 3.2481324511568093)",0.1274479379334162,738.4888916015625,-0.5458721188627831,0.6435528710891419,84.090100001049
2,2,45,"(362.5, 312.5, 3.972924796908688)",0.3673040251394298,738.9378051757812,-0.7331075042033368,1.1640726364811411,124.46759999875212
2,2,48,"(362.5, 262.5, 2.6317000424023482)",0.0189381657053907,737.935302734375,-0.4558771199890949,1.0151519185765117,86.0501999995904
2,2,51,"(362.5, 312.5, 3.972924796908688)",0.101891668135132,738.7164916992188,-0.7569275455180471,0.5235001012948322,87.5644999978249
2,2,54,"(387.5, 287.5, 2.795360823982221)",0.0383531293979015,737.5146484375,-0.5647039613233338,0.7407563298843772,87.65649999986636
2,2,57,"(362.5, 312.5, 3.972924796908688)",0.292096795112191,738.929443359375,-0.7444885413761756,1.001304720717616,112.81109999981707
2,2,60,"(362.5, 287.5, 3.2481324511568093)",0.0721012751005251,738.354736328125,-0.5479984652895153,0.6633652435827114,90.96780000254512
2,2,63,"(362.5, 287.5, 3.2481324511568093)",0.0952080720453627,738.396728515625,-0.5460471792939796,0.6188575822869216,84.52309999847785
2,2,66,"(362.5, 287.5, 3.2481324511568093)",0.0528573709763538,738.1981811523438,-0.5602067888911164,0.8766462482849836,87.40649999890593
2,2,69,"(362.5, 287.5, 3.2481324511568093)",0.088669581175906,738.4113159179688,-0.5460829371927348,0.6165310328664143,86.1536000011256
2,3,0,"(437.5, 412.5, 3.7158125367455015)",0.0446375821138125,734.9328002929688,-1.2801502106436158,1.6770997830819965,86.81110000179615
2,3,3,"(437.5, 362.5, 3.0693002026442198)",0.0794182508713625,736.939453125,-0.4603598008232607,0.5395528430491434,87.42619999975432
2,3,6,"(437.5, 312.5, 2.3288409680820936)",0.637054282905267,736.2444458007812,-0.7056900217487894,1.775438898172155,87.51960000154213
2,3,9,"(412.5, 287.5, 2.3680192003946603)",0.0239422780506638,736.6514892578125,-0.572853374871523,1.205758660986098,90.3346999984933
2,3,12,"(387.5, 312.5, 3.371997408476144)",0.4086808168141575,738.2116088867188,-0.733024564706962,1.244877994943633,85.21720000135247
2,3,15,"(387.5, 262.5, 2.2927863351327353)",0.0116934313909234,737.2764282226562,-0.4765887790703449,1.2075273082558733,86.00370000203839
2,3,18,"(387.5, 312.5, 3.371997408476144)",0.0631604695417876,737.7031860351562,-0.7396107203742464,0.6132436429773398,84.25139999962994
2,3,21,"(362.5, 287.5, 3.2481324511568093)",0.1252900986229716,738.4447631835938,-0.5458721217474256,0.6435529285305568,85.99189999949886
2,3,24,"(362.5, 287.5, 3.2481324511568093)",0.0618634849334454,738.2701416015625,-0.5544241108499016,0.7965527217352243,86.27210000122432
2,3,27,"(362.5, 287.5, 3.2481324511568093)",0.0889194243730051,738.41943359375,-0.5460784817579538,0.6191997937023149,90.96990000034566
2,3,30,"(337.5, 312.5, 4.592532186196013)",0.3317269442893062,738.9151611328125,-0.6320540883838782,1.4631280090281096,123.824300000706
2,3,33,"(337.5, 262.5, 2.964249814698708)",0.0299103173574739,738.76171875,-0.4271374565744443,0.827473657799587,86.72570000271662
2,3,36,"(337.5, 312.5, 4.592532186196013)",0.1566092807188252,739.6949462890625,-0.7117705559910983,0.7280283990642232,96.19050000037532
2,3,39,"(337.5, 262.5, 2.964249814698708)",0.0285763674134223,738.7637329101562,-0.4271508696145804,0.828992675616663,86.33320000080857
2,3,42,"(337.5, 312.5, 4.592532186196013)",0.1537599719099993,739.7598876953125,-0.7117743107323224,0.7279139213167548,99.20640000200363
2,3,45,"(362.5, 287.5, 3.2481324511568093)",0.0833231172733694,738.3999633789062,-0.5456561874731466,0.5883030485265535,86.87640000061947
2,3,48,"(362.5, 287.5, 3.2481324511568093)",0.0542388603684129,738.1913452148438,-0.5601713397689063,0.8760737979741564,88.09019999898737
2,3,51,"(362.5, 287.5, 3.2481324511568093)",0.0917495683440346,738.4239501953125,-0.5460828126333732,0.6165260154242175,88.10900000025867
2,3,54,"(362.5, 287.5, 3.2481324511568093)",0.0591609329161207,738.252197265625,-0.5544785428681537,0.7974867981658799,86.8399999999383
2,3,57,"(362.5, 287.5, 3.2481324511568093)",0.0934462250788566,738.4352416992188,-0.5460786519069863,0.6191974806011789,86.9447000004584
2,3,60,"(362.5, 287.5, 3.2481324511568093)",0.0565281955487997,738.20947265625,-0.5602104639432933,0.8767051952870435,85.24680000118678
2,3,63,"(362.5, 287.5, 3.2481324511568093)",0.0905064010991208,738.4027709960938,-0.5460829519738808,0.6165315422677657,88.48399999988033
2,3,66,"(362.5, 287.5, 3.2481324511568093)",0.0553695879087739,738.20263671875,-0.5602122529433029,0.8767340124313154,88.97300000171526
2,3,69,"(362.5, 287.5, 3.2481324511568093)",0.0908983836590279,738.3956298828125,-0.5460829618014218,0.6165317312814768,88.42120000190334
2,4,0,"(437.5, 412.5, 3.7158125367455015)",0.0450660457810351,734.93603515625,-1.2801502106436156,1.677099778674697,85.83859999998822
2,4,3,"(437.5, 362.5, 3.0693002026442198)",0.0774671912372436,737.0048828125,-0.4603598008232608,0.5395528410037076,86.11709999968298
2,4,6,"(437.5, 312.5, 2.3288409680820936)",0.6368024671250495,736.2737426757812,-0.7056900217487893,1.7754388971578683,87.3862000007648
2,4,9,"(437.5, 287.5, 1.9802988879790537)",0.0143436294072271,735.402099609375,-0.5492254620688013,1.308204277737178,85.33140000145067
2,4,12,"(412.5, 312.5, 2.8190600723806885)",0.0833176933469594,736.8046264648438,-0.6969906895119451,0.9401882989022312,89.77519999825745
2,4,15,"(387.5, 287.5, 2.795360823982221)",0.0397593247852448,737.4218139648438,-0.5753453120149759,0.9830850518939755,88.63769999879878
2,4,18,"(362.5, 312.5, 3.972924796908688)",0.2839985907130541,738.8411254882812,-0.7449692825282309,0.9932260581410438,109.84199999802512
2,4,21,"(387.5, 287.5, 2.795360823982221)",0.0393495022040455,737.5148315429688,-0.5646785509185452,0.7403613336858748,85.61850000114646
2,4,24,"(387.5, 287.5, 2.795360823982221)",0.0413918191870621,737.5372314453125,-0.566167270148831,0.7925614298525182,86.88880000045174
2,4,27,"(387.5, 287.5, 2.795360823982221)",0.0454200239058491,737.5413818359375,-0.5661940395350388,0.7934385836927047,87.18370000133291
2,4,30,"(362.5, 312.5, 3.972924796908688)",0.298143169099241,738.9174194335938,-0.7443835805267559,1.0035487355953234,112.35019999730866
2,4,33,"(362.5, 262.5, 2.6317000424023482)",0.0184398238130603,737.9270629882812,-0.4558868268490956,1.0158269504474875,88.94960000179708
2,4,36,"(362.5, 312.5, 3.972924796908688)",0.1069881631730771,738.7049560546875,-0.7569276330828429,0.5234916381298405,88.58219999819994
2,4,39,"(362.5, 262.5, 2.6317000424023482)",0.0196156508131137,737.9310913085938,-0.4559048738579658,1.0170782511330287,86.31229999809875
2,4,42,"(362.5, 312.5, 3.972924796908688)",0.1087298064070397,738.7186279296875,-0.7569280242976207,0.5234330989900082,86.99060000071768
2,4,45,"(362.5, 262.5, 2.6317000424023482)",0.0191326868029099,737.9115600585938,-0.4559049010812895,1.01707852648368,86.00519999890821
2,4,48,"(362.5, 312.5, 3.972924796908688)",0.1076833596931067,738.676513671875,-0.7569280242976207,0.5234331028034491,84.63040000060573
2,4,51,"(362.5, 287.5, 3.2481324511568093)",0.0697199720786362,738.32861328125,-0.5480177199268683,0.662893259347236,89.95669999785605
2,4,54,"(362.5, 287.5, 3.2481324511568093)",0.0940026694766772,738.3525390625,-0.5460472069330474,0.6188347424128299,87.12750000267988
2,4,57,"(387.5, 312.5, 3.371997408476144)",0.1850118702128269,737.8131713867188,-0.7373156527329371,0.8343123888174875,87.07199999844306
2,4,60,"(362.5, 287.5, 3.2481324511568093)",0.0652266517917452,738.2824096679688,-0.5517434473922792,0.7514691785985677,84.95539999785251
2,4,63,"(337.5, 312.5, 4.592532186196013)",0.3229750928651345,738.8865966796875,-0.6351238059184257,1.4525451461553165,124.30650000169408
2,4,66,"(337.5, 262.5, 2.964249814698708)",0.0300648685552878,738.766845703125,-0.4271381110903128,0.827546325565803,85.75869999913266
2,4,69,"(337.5, 312.5, 4.592532186196013)",0.1551432787168856,739.7018432617188,-0.7117706301440172,0.7280263471641673,99.26030000133323
2,5,0,"(437.5, 412.5, 3.7158125367455015)",0.0440778470781376,734.9397583007812,-1.2801502106436158,1.6770997737333668,85.40549999815994
2,5,3,"(437.5, 362.5, 3.0693002026442198)",0.0783582230615449,736.9493408203125,-0.4603598008232608,0.5395528572504429,86.28699999826495
2,5,6,"(437.5, 312.5, 2.3288409680820936)",0.6406857323998116,736.2371215820312,-0.7056900217487893,1.7754388998856916,86.27210000122432
2,5,9,"(437.5, 287.5, 1.9802988879790537)",0.0166346196000146,735.39892578125,-0.5492254620688012,1.308204249279015,83.18009999857168
2,5,12,"(437.5, 287.5, 1.9802988879790537)",0.0163190550618702,735.4070434570312,-0.5473660974482769,1.279349204143308,83.55560000200057
2,5,15,"(412.5, 312.5, 2.8190600723806885)",0.205375988679151,736.9362182617188,-0.6955920816753784,1.11785369349648,86.42699999836623
2,5,18,"(412.5, 312.5, 2.8190600723806885)",0.1420956279937157,736.8567504882812,-0.6927760822456805,0.969290507376126,86.98269999877084
2,5,21,"(412.5, 312.5, 2.8190600723806885)",0.1346333704807827,736.8531494140625,-0.6927400110201741,0.9672740605336028,87.10680000149296
2,5,24,"(387.5, 287.5, 2.795360823982221)",0.0370682408009596,737.4542236328125,-0.5752575590570713,0.9816623969574,87.91810000184341
2,5,27,"(387.5, 312.5, 3.371997408476144)",0.5485379852813639,738.3848266601562,-0.7250038889606694,1.457570621991937,86.65210000253865
2,5,30,"(387.5, 312.5, 3.371997408476144)",0.3108750460927827,738.158935546875,-0.734715460357207,1.0393224382868276,84.33380000133184
2,5,33,"(387.5, 287.5, 2.795360823982221)",0.0370166660160886,737.4940185546875,-0.5694829351788684,0.8676307838456411,85.63849999700324
2,5,36,"(362.5, 312.5, 3.972924796908688)",0.294550691282091,738.904052734375,-0.7447631349509399,0.9967075529011707,109.56079999959913
2,5,39,"(362.5, 262.5, 2.6317000424023482)",0.0191949606688957,737.9379272460938,-0.455887231186959,1.015854258581843,88.65309999964666
2,5,42,"(362.5, 312.5, 3.972924796908688)",0.1013697560621577,738.6849975585938,-0.7569276339188713,0.5234913086367071,88.61400000023423
2,5,45,"(362.5, 262.5, 2.6317000424023482)",0.0190892963879812,737.9260864257812,-0.4559048738579658,1.0170782432351653,86.0108000015316
2,5,48,"(362.5, 312.5, 3.972924796908688)",0.1065605637897096,738.719482421875,-0.756928024297621,0.5234330901119176,85.66489999793703
2,5,51,"(362.5, 262.5, 2.6317000424023482)",0.0186239044169418,737.931884765625,-0.4559049010812896,1.0170785301402658,86.05360000001383
2,5,54,"(362.5, 312.5, 3.972924796908688)",0.1089970334866475,738.7066040039062,-0.7569280242976208,0.5234331223908606,87.99720000024536
2,5,57,"(362.5, 262.5, 2.6317000424023482)",0.0187329180995535,737.9382934570312,-0.4559049010812895,1.0170785221781629,87.11989999937941
2,5,60,"(362.5, 312.5, 3.972924796908688)",0.1073364179738687,738.7085571289062,-0.756928024297621,0.5234331187436762,87.41159999772208
2,5,63,"(362.5, 262.5, 2.6317000424023482)",0.019276903072458,737.9259643554688,-0.4559049010812895,1.01707852576122,84.7408000008727
2,5,66,"(362.5, 312.5, 3.972924796908688)",0.1025474415814202,738.7504272460938,-0.7569280242976207,0.5234331078243942,86.61479999864241
2,5,69,"(362.5, 262.5, 2.6317000424023482)",0.0188085620764504,737.936767578125,-0.4559049010812896,1.017078526608637,86.31009999953676
2,6,0,"(437.5, 412.5, 3.7158125367455015)",0.0441334050054222,734.9443359375,-1.2801502106436156,1.677099778200005,89.28349999769125
2,6,3,"(437.5, 362.5, 3.0693002026442198)",0.0799791350545005,736.9283447265625,-0.4603598008232608,0.5395528419006407,88.35810000164201
2,6,6,"(437.5, 312.5, 2.3288409680820936)",0.6385516654342688,736.2861328125,-0.7056900217487891,1.7754389777895865,90.817700001935
2,6,9,"(437.5, 262.5, 1.6629239389874948)",0.0033141899216787,735.3732299804688,-0.4791660861951352,1.4280549721006872,87.5330999988364
2,6,12,"(437.5, 312.5, 2.3288409680820936)",0.0335818948657567,735.4422607421875,-0.6498967610559037,1.16651683870492,85.85459999812883
2,6,15,"(412.5, 287.5, 2.3680192003946603)",0.0299888912852778,736.6826782226562,-0.5633518875177849,1.0454875463573403,87.30759999889415
2,6,18,"(412.5, 312.5, 2.8190600723806885)",0.2379956852757166,737.0530395507812,-0.6921577277443203,1.102170639168131,87.9346000001533
2,6,21,"(412.5, 312.5, 2.8190600723806885)",0.1417790781847969,736.8836059570312,-0.6927072483049768,0.9685187648502942,88.2579999997688
2,6,24,"(387.5, 287.5, 2.795360823982221)",0.039941867676562,737.4579467773438,-0.5752565919721344,0.981647158188906,89.60920000026817
2,6,27,"(387.5, 312.5, 3.371997408476144)",0.5518029361058301,738.441650390625,-0.7250038278603882,1.4575725734596163,91.28920000148356
2,6,30,"(387.5, 312.5, 3.371997408476144)",0.3075094289416557,738.1112670898438,-0.734715460357207,1.039322442966517,84.73180000146385
2,6,33,"(387.5, 312.5, 3.371997408476144)",0.3048524844489412,738.0879516601562,-0.7347807672493234,1.0349553026234375,84.91940000021714
2,6,36,"(387.5, 262.5, 2.2927863351327353)",0.0111740824320664,737.27490234375,-0.476568311087312,1.2064604665627494,86.63339999839081
2,6,39,"(387.5, 312.5, 3.371997408476144)",0.066226436653287,737.7191772460938,-0.7396103964928955,0.6132342973740391,86.63679999881424
2,6,42,"(362.5, 287.5, 3.2481324511568093)",0.1236832348333773,738.43798828125,-0.5458721188627831,0.6435528731945876,91.516499996942
2,6,45,"(362.5, 312.5, 3.972924796908688)",0.3602394784287871,738.9038696289062,-0.7331075042033369,1.1640726549326492,127.74200000058045
2,6,48,"(362.5, 262.5, 2.6317000424023482)",0.0192133706238566,737.918212890625,-0.4558771199890949,1.015151909023895,86.48949999769684
2,6,51,"(362.5, 312.5, 3.972924796908688)",0.1024769187938458,738.7329711914062,-0.7569275455180471,0.5235000926369708,85.87749999787775
2,6,54,"(362.5, 287.5, 3.2481324511568093)",0.0735273522159374,738.344482421875,-0.5480176984905433,0.6628932786941173,87.01809999911347
2,6,57,"(337.5, 312.5, 4.592532186196013)",0.3285887551402737,738.9011840820312,-0.6337357091526344,1.4573904966571267,122.71489999693586
2,6,60,"(337.5, 262.5, 2.964249814698708)",0.029730569795542,738.7764892578125,-0.4271377867759237,0.8275090017965254,88.65259999947739
2,6,63,"(337.5, 312.5, 4.592532186196013)",0.1483363116080754,739.80224609375,-0.711770592087144,0.7280273330550198,101.65589999814983
2,6,66,"(337.5, 262.5, 2.964249814698708)",0.0309018538367574,738.7579345703125,-0.4271508696145804,0.82899267088982,88.00930000143126
2,6,69,"(337.5, 312.5, 4.592532186196013)",0.1487508354742413,739.734619140625,-0.7117743107323227,0.7279139354548223,99.11410000131582
2,7,0,"(437.5, 412.5, 3.7158125367455015)",0.0448221903659029,734.9541015625,-1.2801502106436156,1.6770997723116292,87.1326999986195
2,7,3,"(437.5, 362.5, 3.0693002026442198)",0.078623511862861,736.9517822265625,-0.4603598008232606,0.5395528440669148,87.27369999905932
2,7,6,"(437.5, 312.5, 2.3288409680820936)",0.6314565555497138,736.2896118164062,-0.7056900217487893,1.7754388796949254,89.2493999999715
2,7,9,"(412.5, 287.5, 2.3680192003946603)",0.0234241781350858,736.649169921875,-0.5728533748715229,1.2057586785695285,88.55690000200411
2,7,12,"(387.5, 312.5, 3.371997408476144)",0.1451626334909333,737.7334594726562,-0.7387167610525956,0.772255156321528,89.59300000060466
2,7,15,"(362.5, 287.5, 3.2481324511568093)",0.0694554998471609,738.2921752929688,-0.5517772760279641,0.7520963688344392,88.33809999850928
2,7,18,"(362.5, 287.5, 3.2481324511568093)",0.0926827330563521,738.4091186523438,-0.5460697405930782,0.6193978503725035,85.28079999814508
2,7,21,"(387.5, 312.5, 3.371997408476144)",0.182522752177206,737.8652954101562,-0.737316451869822,0.8342910607870601,88.22070000314852
2,7,24,"(362.5, 287.5, 3.2481324511568093)",0.0667562000841915,738.278076171875,-0.5517434640160819,0.7514697359617524,86.27100000012433
2,7,27,"(362.5, 287.5, 3.2481324511568093)",0.0894776952774511,738.4290771484375,-0.5460695981357657,0.619397870075074,85.22570000059204
2,7,30,"(362.5, 287.5, 3.2481324511568093)",0.0567357837433318,738.1566772460938,-0.5602092727712601,0.8766859395332997,87.02339999945252
2,7,33,"(362.5, 287.5, 3.2481324511568093)",0.0913663076817195,738.36181640625,-0.5460829422257779,0.6165314233888401,87.86109999709879
2,7,36,"(362.5, 287.5, 3.2481324511568093)",0.0557641515222146,738.1957397460938,-0.5602122529433029,0.8767340163281511,85.09410000260687
2,7,39,"(362.5, 287.5, 3.2481324511568093)",0.0877278946949134,738.380859375,-0.5460829618014218,0.6165317508594172,87.20309999989695
2,7,42,"(362.5, 287.5, 3.2481324511568093)",0.0544009149438519,738.2041625976562,-0.5602122562716925,0.8767340757584391,88.20620000187773
2,7,45,"(362.5, 287.5, 3.2481324511568093)",0.0972077664168325,738.4080810546875,-0.5460829618014217,0.6165317174789209,89.92289999878267
2,7,48,"(362.5, 287.5, 3.2481324511568093)",0.0969554670284137,738.390380859375,-0.5460268562937224,0.6184397734341479,88.64810000159196
2,7,51,"(362.5, 312.5, 3.972924796908688)",0.3566147548638105,738.9892578125,-0.7336323562832717,1.157863076460891,121.2310000009893
2,7,54,"(362.5, 262.5, 2.6317000424023482)",0.0189679108899353,737.927978515625,-0.4558774469169077,1.0151732982200232,84.96910000030766
2,7,57,"(362.5, 312.5, 3.972924796908688)",0.104226895895729,738.709716796875,-0.7569275447756489,0.5234998135101107,83.64219999930356
2,7,60,"(362.5, 287.5, 3.2481324511568093)",0.0733567937547784,738.314208984375,-0.5480176984905433,0.6628932686406603,88.97419999993872
2,7,63,"(337.5, 287.5, 3.7025046815464644)",0.1282409953797307,739.3566284179688,-0.5018486090151413,0.725106946683863,85.51409999927273
2,7,66,"(337.5, 287.5, 3.7025046815464644)",0.0848004290328774,739.226806640625,-0.5071759165883342,0.7248643216164004,91.43569999650936
2,7,69,"(337.5, 287.5, 3.7025046815464644)",0.2348999931311713,739.8140869140625,-0.5032574617296696,0.7619189513149929,91.8509000002814
2,8,0,"(437.5, 412.5, 3.7158125367455015)",0.0453033083020594,734.9218139648438,-1.2801502106436156,1.677099774051376,87.49530000204686
2,8,3,"(437.5, 362.5, 3.0693002026442198)",0.0788198106688918,736.9313354492188,-0.4603598008232608,0.5395528503040727,87.4325000004319
2,8,6,"(437.5, 312.5, 2.3288409680820936)",0.6421523347740874,736.2906494140625,-0.7056900217487893,1.7754388782236803,87.09919999819249
2,8,9,"(437.5, 287.5, 1.9802988879790537)",0.0162733707732292,735.4083862304688,-0.5492254620688013,1.3082042687259117,86.05180000085966
2,8,12,"(412.5, 312.5, 2.8190600723806885)",0.2008871173215057,736.9505004882812,-0.6955892394467151,1.115655455382834,87.29690000109258
2,8,15,"(412.5, 287.5, 2.3680192003946603)",0.0336909268309815,736.6803588867188,-0.5612597065130022,0.9969968050298064,87.26860000024317
2,8,18,"(387.5, 312.5, 3.371997408476144)",0.4154396623661796,738.2424926757812,-0.7326756643612169,1.260749900603926,86.98989999902551
2,8,21,"(362.5, 287.5, 3.2481324511568093)",0.0668589546129085,738.3160400390625,-0.5517331151350703,0.751751301908989,87.21499999955995
2,8,24,"(362.5, 287.5, 3.2481324511568093)",0.09421467096463,738.3897705078125,-0.5460696481844468,0.6194172649743875,84.76829999926849
2,8,27,"(362.5, 287.5, 3.2481324511568093)",0.0920915943975529,738.4124145507812,-0.5460266696043259,0.618489501279537,85.66459999929066
2,8,30,"(362.5, 287.5, 3.2481324511568093)",0.0540605970323451,738.2144165039062,-0.5602044525941112,0.8766081986889451,86.57940000193776
2,8,33,"(362.5, 287.5, 3.2481324511568093)",0.0879700084271007,738.3857421875,-0.5460829419495369,0.6165306254794428,86.81780000188155
2,8,36,"(362.5, 287.5, 3.2481324511568093)",0.0898776196656957,738.410400390625,-0.5460268562937223,0.6184397372520376,89.98369999972056
2,8,39,"(362.5, 312.5, 3.972924796908688)",0.3613906252706385,738.9588623046875,-0.7336323562832718,1.1578630874904006,122.78839999999036
2,8,42,"(362.5, 262.5, 2.6317000424023482)",0.0193707496699809,737.9344482421875,-0.4558774469169077,1.0151732964250548,87.5778999979957
2,8,45,"(362.5, 312.5, 3.972924796908688)",0.1049493232114414,738.6951293945312,-0.7569275447756489,0.5234997788521998,89.2850999989605
2,8,48,"(362.5, 262.5, 2.6317000424023482)",0.0201188602303446,737.9232788085938,-0.4559048582208167,1.0170781028647191,88.38219999961439
2,8,51,"(362.5, 312.5, 3.972924796908688)",0.107494990871176,738.7294311523438,-0.756928024297621,0.523433135190668,83.96379999976489
2,8,54,"(387.5, 287.5, 2.795360823982221)",0.0375745921328944,737.512939453125,-0.5647039639518212,0.7407567392856836,88.371100002405
2,8,57,"(362.5, 312.5, 3.972924796908688)",0.2946876245177867,738.86767578125,-0.7444885327383269,1.001304631764064,110.5697000020882
2,8,60,"(387.5, 287.5, 2.795360823982221)",0.0394887446178922,737.5171508789062,-0.5646768887080104,0.7403092936359409,85.69590000115568
2,8,63,"(387.5, 287.5, 2.795360823982221)",0.0433935160557442,737.4915161132812,-0.566167216500943,0.7925605744476343,88.48959999886574
2,8,66,"(362.5, 312.5, 3.972924796908688)",0.2994637638601465,738.888916015625,-0.7443851115534196,1.0035160101672498,109.84589999861782
2,8,69,"(362.5, 262.5, 2.6317000424023482)",0.0183577989890976,737.91943359375,-0.4558868362541405,1.0158266452099325,85.39020000171149
2,9,0,"(437.5, 412.5, 3.7158125367455015)",0.0466160547359978,734.9347534179688,-1.2801502106436156,1.6770997691975364,87.08570000089821
2,9,3,"(437.5, 362.5, 3.0693002026442198)",0.0784331757146948,736.9639892578125,-0.4603598008232608,0.5395528332322539,88.48049999869545
2,9,6,"(437.5, 312.5, 2.3288409680820936)",0.637534137935453,736.3345336914062,-0.7056900217487894,1.775438901706533,86.206800002401
2,9,9,"(437.5, 312.5, 2.3288409680820936)",0.086012700973852,735.4740600585938,-0.6435412505335107,1.18411442355209,89.40429999711341
2,9,12,"(412.5, 287.5, 2.3680192003946603)",0.0303688797656836,736.662353515625,-0.5632936012186187,1.0447490652829694,85.24670000042534
2,9,15,"(387.5, 312.5, 3.371997408476144)",0.1479095847791922,737.7677001953125,-0.7386566927340188,0.7759164534472804,87.72529999987455
2,9,18,"(387.5, 287.5, 2.795360823982221)",0.0373933303408213,737.4892578125,-0.5695755928511723,0.8696144271781138,87.45940000153496
2,9,21,"(387.5, 287.5, 2.795360823982221)",0.0463676861330845,737.5061645507812,-0.5662405365163498,0.7945434688122988,86.24939999936032
2,9,24,"(387.5, 312.5, 3.371997408476144)",0.5533903416290168,738.3951416015625,-0.7245437601430306,1.469048775136276,86.19040000121458
2,9,27,"(387.5, 312.5, 3.371997408476144)",0.3045258003291911,738.0947265625,-0.734713444357128,1.0394460600238833,87.95309999914025
2,9,30,"(387.5, 312.5, 3.371997408476144)",0.3051049981394202,738.1238403320312,-0.7347807440278414,1.0349570810721478,88.59930000107852
2,9,33,"(387.5, 287.5, 2.795360823982221)",0.0387107069903706,737.4883422851562,-0.5694839126498288,0.8676514893217906,85.43090000239317
2,9,36,"(387.5, 287.5, 2.795360823982221)",0.0432923798156042,737.511962890625,-0.5662394673822324,0.7945179187219193,86.09279999654973
2,9,39,"(387.5, 287.5, 2.795360823982221)",0.0361015594966974,737.39404296875,-0.583355449122552,1.0944668786119989,85.93919999839272
2,9,42,"(362.5, 312.5, 3.972924796908688)",0.5672236617367358,739.4265747070312,-0.6286053242043331,1.619879925857885,98.2164000015473
2,9,45,"(362.5, 262.5, 2.6317000424023482)",0.0187369621419734,737.9325561523438,-0.4558516501990999,1.013374229413536,86.20559999690158
2,9,48,"(362.5, 312.5, 3.972924796908688)",0.1058318309027001,738.7323608398438,-0.7569273087483922,0.5235297767735445,86.16319999782718
2,9,51,"(362.5, 287.5, 3.2481324511568093)",0.0717062989319982,738.3486938476562,-0.5480176751464069,0.6628931920775791,89.06710000155726
2,9,54,"(362.5, 287.5, 3.2481324511568093)",0.0942694923925977,738.3746948242188,-0.5460472036523469,0.6188346786015695,86.9431999999506
2,9,57,"(337.5, 312.5, 4.592532186196013)",0.3307286349557023,738.90576171875,-0.6320058917913868,1.4632902912070256,121.80830000215792
2,9,60,"(337.5, 262.5, 2.964249814698708)",0.0295301492533411,738.7608032226562,-0.427137476120732,0.8274727659049036,86.57450000100653
2,9,63,"(337.5, 312.5, 4.592532186196013)",0.1513358252550093,739.7392578125,-0.7117705480895694,0.7280284610679705,97.8276999994705
2,9,66,"(337.5, 262.5, 2.964249814698708)",0.0312196302652983,738.7604370117188,-0.4271508696145804,0.8289926789693203,86.42369999870425
2,9,69,"(337.5, 312.5, 4.592532186196013)",0.1499644316550336,739.7454223632812,-0.7117743107323226,0.727913928908429,97.20179999931132
2,0,0,"(37.5, 437.5, 3.968016468858607)",0.0232651563820037,731.521240234375,-1.854671346322317,1.7510720386040353,86.2596000006306
2,0,3,"(37.5, 387.5, 3.4504418791542615)",0.0308306292621319,733.7435913085938,-0.8443507836387216,0.4373219605093479,85.85619999939809
2,0,6,"(37.5, 337.5, 2.720263300914144)",0.1065419758654633,735.6690673828125,-0.4294493345219783,0.3924162900758915,85.71270000174991
2,0,9,"(37.5, 287.5, 1.9949445653352311)",0.1009120788175337,733.1996459960938,-0.6313822785406727,1.348519126447936,82.9462000001513
2,0,12,"(37.5, 287.5, 1.9949445653352311)",0.0106516388686811,733.1181640625,-0.6425439905576068,1.4152416981305984,87.21769999829121
2,0,15,"(37.5, 287.5, 1.9949445653352311)",0.022073042735755,733.1243896484375,-0.6376106043789838,1.369639140555809,90.03179999854183
2,0,18,"(37.5, 262.5, 1.6744753499793261)",0.0030051864305262,733.1097412109375,-0.5388939001138988,1.464127696806715,84.77790000324603
2,0,21,"(37.5, 212.5, 1.1455527701376642)",0.0077234634602895,733.1112670898438,-0.4336542160010383,1.4965096129941515,87.82480000081705
2,0,24,"(37.5, 187.5, 0.9366991161239089)",0.0171817782930796,733.0963134765625,-0.4208841005588601,1.497733033629375,88.41759999995702
2,0,27,"(62.5, 162.5, 0.8666422036722684)",0.0602457559638588,735.3316650390625,-0.4309090446648924,1.531249251984885,84.74809999825084
2,0,30,"(112.5, 162.5, 1.0772911766684767)",0.1475437897093634,737.0694580078125,-0.4445704592389439,1.2369755171172738,84.7987999986799
2,0,33,"(162.5, 162.5, 1.2554782219517804)",0.0781337491787036,737.3465576171875,-0.4232288486768814,0.3058823081337026,87.71130000241101
2,0,36,"(162.5, 162.5, 1.2554782219517804)",0.0509571676052776,737.3430786132812,-0.4228955834278733,0.2054040459526734,85.91130000058911
2,0,39,"(187.5, 187.5, 1.6876002167496233)",0.0442219774881477,738.1142578125,-0.4456836812613239,0.1609700471018583,87.78619999793591
2,0,42,"(187.5, 187.5, 1.6876002167496233)",0.0341824549887756,738.1063232421875,-0.4456649460466694,0.1316530195423604,87.01499999733642
2,0,45,"(187.5, 187.5, 1.6876002167496233)",0.0357766919157841,738.1062622070312,-0.4456744942194224,0.1496008813209428,87.79479999793693
2,0,48,"(187.5, 187.5, 1.6876002167496233)",0.0297169813056276,738.1124267578125,-0.4456642929460164,0.1213396276793642,86.23560000341968
2,0,51,"(187.5, 187.5, 1.6876002167496233)",0.0368927853988378,738.1116943359375,-0.4456759010487391,0.1434892372544164,89.67739999934565
2,0,54,"(187.5, 187.5, 1.6876002167496233)",0.0322259958217357,738.1040649414062,-0.4456641030326633,0.1210833050488397,89.02329999909853
2,0,57,"(187.5, 187.5, 1.6876002167496233)",0.0369546857457641,738.1090087890625,-0.4456759017170978,0.1434878248702477,88.07619999788585
2,0,60,"(187.5, 187.5, 1.6876002167496233)",0.030857926019223,738.1092529296875,-0.4456641029467784,0.1210831762310559,86.27859999978682
2,0,63,"(162.5, 162.5, 1.2554782219517804)",0.0559245288053322,737.333984375,-0.4229046770889039,0.2154581466575136,87.3040000005858
2,0,66,"(162.5, 162.5, 1.2554782219517804)",0.0512815808059472,737.3394775390625,-0.4228942188578038,0.204410426415678,89.50799999729497
2,0,69,"(187.5, 187.5, 1.6876002167496233)",0.0404377592591308,738.1275634765625,-0.445683661305244,0.160955114096173,86.53860000049463
2,1,0,"(37.5, 437.5, 3.968016468858607)",0.0248272844396593,731.5159912109375,-1.8546713463223168,1.7510720582658543,86.50169999964419
2,1,3,"(37.5, 387.5, 3.4504418791542615)",0.0299385839451013,733.7467041015625,-0.8443507836387215,0.4373219603804055,89.39409999948111
2,1,6,"(37.5, 337.5, 2.720263300914144)",0.1017778121726622,735.6657104492188,-0.4294493345219783,0.392416328935121,88.83929999865359
2,1,9,"(37.5, 287.5, 1.9949445653352311)",0.1034970725429976,733.1998291015625,-0.6313822785406726,1.3485191190356718,85.85969999694498
2,1,12,"(37.5, 287.5, 1.9949445653352311)",0.0223757928588141,733.1273803710938,-0.6374130827453333,1.3678730701115596,85.13049999965006
2,1,15,"(62.5, 312.5, 2.84003211203415)",0.2916732939480514,735.8306884765625,-0.8777541262028599,1.388902372510832,88.8505000002624
2,1,18,"(87.5, 287.5, 2.8131085484191836)",0.0493465936597242,736.6771850585938,-0.7404036945982445,1.064290261936501,87.46489999975893
2,1,21,"(87.5, 287.5, 2.8131085484191836)",0.0870554788508499,736.75634765625,-0.7313735294742418,0.9268973626012208,86.98960000037914
2,1,24,"(112.5, 312.5, 3.997603125569143)",0.6618213374233408,740.303466796875,-0.6748548692256156,1.5742587506651131,89.85179999945103
2,1,27,"(87.5, 287.5, 2.8131085484191836)",0.0691415643702734,736.7451782226562,-0.7289500377808881,0.8368614510481698,85.52639999834355
2,1,30,"(137.5, 287.5, 3.720264207629609)",0.1274019039048108,738.3734741210938,-0.7309782656443299,0.7459239715002224,86.08930000264081
2,1,33,"(137.5, 287.5, 3.720264207629609)",0.0511282472964344,738.3464965820312,-0.7328166587547094,0.6608960760826065,86.78919999874779
2,1,36,"(137.5, 287.5, 3.720264207629609)",0.4973249103942177,739.4205322265625,-0.7566171516995064,1.112940022933708,88.36339999834308
2,1,39,"(112.5, 312.5, 3.997603125569143)",0.5479659905802592,741.5797119140625,-0.5741268138409836,1.314176248745069,85.38570000018808
2,1,42,"(87.5, 287.5, 2.8131085484191836)",0.072275287031637,736.7435913085938,-0.728915700986245,0.8360819938304984,85.83920000091894
2,1,45,"(112.5, 312.5, 3.997603125569143)",0.6627307536391915,740.3153076171875,-0.6766720572736058,1.5768527572200253,88.8807999981509
2,1,48,"(112.5, 262.5, 2.645266895480795)",0.0102050651205543,737.3125,-0.567504449413498,1.0176561157252733,83.7108999985503
2,1,51,"(112.5, 312.5, 3.997603125569143)",0.30214113576283,738.173583984375,-1.0822341825845962,0.948829752341232,121.87730000005104
2,1,54,"(87.5, 287.5, 2.8131085484191836)",0.0663662058054686,736.7313232421875,-0.7289626491859971,0.8357794192020664,85.55600000181585
2,1,57,"(112.5, 312.5, 3.997603125569143)",0.664457281392098,740.3629760742188,-0.676852812000658,1.577133022502076,84.58130000144592
2,1,60,"(112.5, 262.5, 2.645266895480795)",0.0108848410334964,737.3218994140625,-0.567504450384552,1.0176565786237963,88.40580000105547
2,1,63,"(112.5, 312.5, 3.997603125569143)",0.301692869238222,738.1149291992188,-1.0822342074390747,0.9488296273403956,123.88429999919026
2,1,66,"(112.5, 262.5, 2.645266895480795)",0.01016290157617,737.3070678710938,-0.5675187487112836,1.0184314131037715,85.63320000030217
2,1,69,"(112.5, 312.5, 3.997603125569143)",0.2998111099979258,738.1907348632812,-1.0822506211334553,0.94864904116586,122.05630000244128
2,2,0,"(37.5, 437.5, 3.968016468858607)",0.0240151056701307,731.5226440429688,-1.8546713463223168,1.751072054125797,85.70710000276449
2,2,3,"(37.5, 387.5, 3.4504418791542615)",0.0299655658520548,733.7415161132812,-0.8443507836387216,0.4373219577075749,85.265800000343
2,2,6,"(37.5, 337.5, 2.720263300914144)",0.1000134585279759,735.6834716796875,-0.4294493345219783,0.3924162963710961,87.49360000001616
2,2,9,"(37.5, 287.5, 1.9949445653352311)",0.0956792084353277,733.1822509765625,-0.6313822785406726,1.3485191203197562,84.81039999969653
2,2,12,"(37.5, 287.5, 1.9949445653352311)",0.0110513669290497,733.1161499023438,-0.6425439905576068,1.415241710008937,88.8195999978052
2,2,15,"(62.5, 312.5, 2.84003211203415)",0.7060010449463913,736.4349975585938,-0.829950922501928,1.9538096573269936,87.61339999909978
2,2,18,"(62.5, 312.5, 2.84003211203415)",0.5396875385135759,736.1661376953125,-0.856664688027984,1.7027086150266737,89.2292999997153
2,2,21,"(37.5, 287.5, 1.9949445653352311)",0.0353131187489084,733.1348876953125,-0.6331190412944537,1.3093464394433156,82.75449999928242
2,2,24,"(37.5, 287.5, 1.9949445653352311)",0.0220353304476704,733.1215209960938,-0.6395339402477499,1.4000938527601765,85.28649999789195
2,2,27,"(37.5, 287.5, 1.9949445653352311)",0.0108841024568911,733.115478515625,-0.6427154894486189,1.4170029148667944,88.64859999812325
2,2,30,"(62.5, 312.5, 2.84003211203415)",0.2791808751756225,735.7691040039062,-0.8781013043467927,1.3782248755423268,87.05550000013318
2,2,33,"(87.5, 287.5, 2.8131085484191836)",0.049420057983654,736.6913452148438,-0.7404050165582883,1.0642942194155378,86.11190000010538
2,2,36,"(112.5, 312.5, 3.997603125569143)",0.6688032889145469,740.208740234375,-0.6802145064727128,1.5828445902774713,88.08389999830979
2,2,39,"(137.5, 287.5, 3.720264207629609)",0.2263394389047744,738.6205444335938,-0.7303244654880605,0.8218587417590323,85.5180000035034
2,2,42,"(137.5, 287.5, 3.720264207629609)",0.0507053494655722,738.307861328125,-0.7327260994304454,0.6591271685301499,84.06640000248444
2,2,45,"(137.5, 287.5, 3.720264207629609)",0.4925727475197436,739.3890380859375,-0.7566349696498563,1.11307860113135,86.03040000161855
2,2,48,"(112.5, 287.5, 3.266470567666104)",0.0982229147786752,737.5927734375,-0.7530542574832804,0.7517199651783588,90.20030000101542
2,2,51,"(137.5, 287.5, 3.720264207629609)",0.1328651614337201,738.4157104492188,-0.7303011520767211,0.7420106784118489,85.82419999947888
2,2,54,"(162.5, 262.5, 3.2775456166337156)",0.0342350566203534,738.7057495117188,-0.4754983326461613,0.9200602516043428,89.76600000096369
2,2,57,"(187.5, 287.5, 4.484402965683246)",0.1869692451322963,740.5711669921875,-0.49985621222773,0.7976510661573689,89.72189999985858
2,2,60,"(162.5, 262.5, 3.2775456166337156)",0.0322629691390734,738.7625732421875,-0.4742392900233874,0.8492806656151465,86.23219999935827
2,2,63,"(162.5, 312.5, 5.206150757863988)",0.3478940536177348,738.9046630859375,-0.8277368504774699,1.5246225914033258,120.18610000086484
2,2,66,"(162.5, 262.5, 3.2775456166337156)",0.0241433233878818,738.9058227539062,-0.4713233995923744,0.5969403400457008,87.04600000055507
2,2,69,"(162.5, 312.5, 5.206150757863988)",0.3496952501956161,738.8887329101562,-0.8260085723485739,1.5252888267847111,127.09890000041923
2,3,0,"(37.5, 437.5, 3.968016468858607)",0.0245091912841834,731.5198974609375,-1.8546713463223172,1.75107202836942,87.89980000074138
2,3,3,"(37.5, 387.5, 3.4504418791542615)",0.0314855591409946,733.7432250976562,-0.8443507836387215,0.4373219701841066,88.41550000215648
2,3,6,"(37.5, 337.5, 2.720263300914144)",0.1002373546667574,735.6514282226562,-0.4294493345219783,0.392416280511805,87.52409999942756
2,3,9,"(37.5, 287.5, 1.9949445653352311)",0.0971813253514063,733.1891479492188,-0.6313822785406729,1.348519081104428,85.80340000116848
2,3,12,"(37.5, 287.5, 1.9949445653352311)",0.0280069519066514,733.1258544921875,-0.640942813892414,1.4228920391276128,86.80090000052587
2,3,15,"(62.5, 287.5, 2.3844185310708723)",0.0250183588793351,735.4072875976562,-0.6969198085096173,1.271525792936118,86.37670000098296
2,3,18,"(62.5, 287.5, 2.3844185310708723)",0.0513716288770551,735.4417114257812,-0.6885464722493121,1.1728807229681442,86.4356999991287
2,3,21,"(87.5, 312.5, 3.3952550877786836)",0.5552390578979044,737.5285034179688,-0.9416514159522184,1.537605791323035,125.62890000117476
2,3,24,"(87.5, 287.5, 2.8131085484191836)",0.0570848492971411,736.7153930664062,-0.7343866581117156,0.9590227595207256,85.10940000269329
2,3,27,"(112.5, 287.5, 3.266470567666104)",0.0640224996007177,737.5032958984375,-0.7577883905857958,0.8267069537249302,86.78169999984675
2,3,30,"(112.5, 287.5, 3.266470567666104)",0.0868834968422809,737.5565185546875,-0.7542086689687821,0.7690269347407972,85.75280000150087
2,3,33,"(137.5, 262.5, 2.9770964423387296)",0.0199485231646372,737.9085083007812,-0.5367241055208652,1.0604530023875334,84.46700000058627
2,3,36,"(137.5, 312.5, 4.617102976724376)",0.5080691300851728,739.1089477539062,-0.957500704231082,1.448523930177779,123.71669999993172
2,3,39,"(137.5, 262.5, 2.9770964423387296)",0.0160005140852287,737.9864501953125,-0.5315777485309129,0.7831886393783379,92.48610000213375
2,3,42,"(137.5, 312.5, 4.617102976724376)",0.5056643817497481,739.114990234375,-0.95248449639668,1.456312870650304,124.1821000003256
2,3,45,"(137.5, 262.5, 2.9770964423387296)",0.0153087896149796,737.9986572265625,-0.5315769400971697,0.7831261743768247,88.82969999831403
2,3,48,"(137.5, 312.5, 4.617102976724376)",0.5059059761930814,739.0498046875,-0.952483320743982,1.4563146793397392,122.57959999988088
2,3,51,"(137.5, 262.5, 2.9770964423387296)",0.0155445945908249,738.0010986328125,-0.5315769671488858,0.7831258721706741,88.73719999974128
2,3,54,"(137.5, 312.5, 4.617102976724376)",0.5110663922538792,739.1083374023438,-0.952483320743982,1.4563146987729672,121.4070999994874
2,3,57,"(137.5, 262.5, 2.9770964423387296)",0.0159972335930058,737.9932861328125,-0.5315769671488859,0.7831258758051312,83.92129999992903
2,3,60,"(137.5, 312.5, 4.617102976724376)",0.5058002031339667,739.0553588867188,-0.952483320743982,1.456314688708333,121.633999999176
2,3,63,"(112.5, 287.5, 3.266470567666104)",0.1520815899391997,737.7284545898438,-0.7506291912413005,0.7022470745050297,85.82709999973304
2,3,66,"(112.5, 287.5, 3.266470567666104)",0.0306441436569345,737.4849243164062,-0.7636411505367962,0.8704054648571873,89.5851000022958
2,3,69,"(112.5, 287.5, 3.266470567666104)",0.1848195631662077,737.8031616210938,-0.7522896557171367,0.7851415510790777,86.44990000175312
2,4,0,"(37.5, 437.5, 3.968016468858607)",0.0247692361260892,731.531494140625,-1.854671346322317,1.751072051089407,85.42390000002342
2,4,3,"(37.5, 387.5, 3.4504418791542615)",0.0304368492584696,733.7127075195312,-0.8443507836387217,0.4373219683701657,88.91819999917061
2,4,6,"(37.5, 337.5, 2.720263300914144)",0.102948280712589,735.6644287109375,-0.4294493345219783,0.3924162541850375,85.64240000123391
2,4,9,"(37.5, 287.5, 1.9949445653352311)",0.0880934054522841,733.1718139648438,-0.6313822785406727,1.3485190380913314,87.15670000310638
2,4,12,"(37.5, 287.5, 1.9949445653352311)",0.0101479703129123,733.118896484375,-0.6425439905576066,1.4152417186245316,87.73540000038338
2,4,15,"(37.5, 312.5, 2.347164439776079)",0.4635907876317744,733.6199340820312,-0.7689923677692039,1.8592765315977915,89.20080000098096
2,4,18,"(37.5, 262.5, 1.6744753499793261)",0.0027152341517431,733.1109008789062,-0.5382054206857959,1.442530077088883,87.07610000055865
2,4,21,"(62.5, 287.5, 2.3844185310708723)",0.0127109016411236,735.401123046875,-0.7051190983361276,1.3463442222934734,89.45430000312626
2,4,24,"(87.5, 312.5, 3.3952550877786836)",0.5243165112581246,737.5136108398438,-0.949518994684162,1.49410281315857,123.78099999841652
2,4,27,"(62.5, 287.5, 2.3844185310708723)",0.0432944914119055,735.4443359375,-0.6854282950422418,1.0883626688175423,84.56870000009076
2,4,30,"(62.5, 287.5, 2.3844185310708723)",0.0126982937460882,735.3991088867188,-0.7009647739380387,1.3018552188190782,86.69379999992088
2,4,33,"(37.5, 312.5, 2.347164439776079)",0.5232636830416989,733.656982421875,-0.764056179896738,1.8553172629024857,87.23810000083176
2,4,36,"(62.5, 287.5, 2.3844185310708723)",0.0395127414465251,735.4122924804688,-0.696445091336767,1.281449655152541,88.26240000053076
2,4,39,"(87.5, 312.5, 3.3952550877786836)",0.5539353535494652,737.5794067382812,-0.9429151604246692,1.531876381880524,121.47209999966437
2,4,42,"(87.5, 262.5, 2.3062152958190487)",0.0057995182824918,736.596435546875,-0.5752930151532539,1.227885157940685,84.88159999978961
2,4,45,"(87.5, 312.5, 3.3952550877786836)",0.1545622842760381,736.9285888671875,-0.9957133515672426,0.8737569390425385,85.97960000042804
2,4,48,"(112.5, 287.5, 3.266470567666104)",0.3197726412677652,738.08935546875,-0.7610090418229172,0.9495307054428872,88.05829999982961
2,4,51,"(62.5, 287.5, 2.3844185310708723)",0.0324919661219381,735.42333984375,-0.6880326869882281,1.1265595935404469,85.10060000116937
2,4,54,"(87.5, 312.5, 3.3952550877786836)",0.5474133617923684,737.48681640625,-0.9437011351970952,1.5261644258415037,125.7508999988204
2,4,57,"(87.5, 262.5, 2.3062152958190487)",0.0071739948551757,736.6029052734375,-0.5752921578387605,1.2278480103645038,86.02199999950244
2,4,60,"(87.5, 312.5, 3.3952550877786836)",0.1566241619304552,736.9296264648438,-0.9957133660945284,0.873756164972397,85.95729999797186
2,4,63,"(62.5, 287.5, 2.3844185310708723)",0.0418582289200968,735.4336547851562,-0.6854540715420369,1.0880799565582977,85.85239999956684
2,4,66,"(62.5, 287.5, 2.3844185310708723)",0.054562828265523,735.42919921875,-0.6883801856943762,1.170235236954363,91.98699999979
2,4,69,"(62.5, 312.5, 2.84003211203415)",0.2826765109770871,735.7898559570312,-0.8766136323762642,1.363419287291519,90.87880000151928
2,5,0,"(37.5, 437.5, 3.968016468858607)",0.0251169600561322,731.5194702148438,-1.8546713463223168,1.7510720560812962,85.86570000261418
2,5,3,"(37.5, 387.5, 3.4504418791542615)",0.0305605851107873,733.7258911132812,-0.8443507836387216,0.4373219657779384,89.69340000112425
2,5,6,"(37.5, 337.5, 2.720263300914144)",0.1048480957050893,735.6919555664062,-0.4294493345219783,0.3924162770869173,87.92489999905229
2,5,9,"(37.5, 287.5, 1.9949445653352311)",0.0991247981637075,733.203125,-0.6313822785406727,1.3485190829906024,87.18950000184122
2,5,12,"(87.5, 287.5, 2.8131085484191836)",0.0404965712771026,736.6729736328125,-0.7458656265576289,1.1264468044374965,87.26400000159629
2,5,15,"(112.5, 312.5, 3.997603125569143)",0.6702701015737906,740.4577026367188,-0.6841278346605616,1.5886944624792625,86.48379999794997
2,5,18,"(112.5, 262.5, 2.645266895480795)",0.0100503393799886,737.3125,-0.5675061747823296,1.0177516740855646,86.94850000028964
2,5,21,"(112.5, 312.5, 3.997603125569143)",0.303408527667412,738.0639038085938,-1.082234446160356,0.9488272720654372,122.8640000008454
2,5,24,"(112.5, 262.5, 2.645266895480795)",0.0100042932322744,737.3189086914062,-0.5675187702197821,1.0184315677852978,87.27379999982077
2,5,27,"(112.5, 312.5, 3.997603125569143)",0.300069202979247,738.1409912109375,-1.082250621133455,0.9486490847579578,127.18429999949876
2,5,30,"(112.5, 287.5, 3.266470567666104)",0.1187586813969027,737.6109008789062,-0.7528183775141117,0.7606238743433561,82.89560000048368
2,5,33,"(112.5, 287.5, 3.266470567666104)",0.0307620317347521,737.4755859375,-0.7638351833794033,0.8735535492203864,84.28090000234079
2,5,36,"(112.5, 287.5, 3.266470567666104)",0.1769778630556672,737.7269287109375,-0.7522897959246101,0.7851481161971876,90.0392000003194
2,5,39,"(112.5, 287.5, 3.266470567666104)",0.0310287130023886,737.47509765625,-0.7637174479208384,0.8716837999759731,87.16090000234544
2,5,42,"(112.5, 287.5, 3.266470567666104)",0.1795633635803332,737.7193603515625,-0.7522901878057255,0.7851639108615689,86.70129999882192
2,5,45,"(112.5, 287.5, 3.266470567666104)",0.0306359876331373,737.4876098632812,-0.763717422185608,0.8716833375065357,86.85089999926277
2,5,48,"(112.5, 287.5, 3.266470567666104)",0.1823089292969882,737.7637329101562,-0.7522901878057255,0.7851639489593576,86.87869999994291
2,5,51,"(112.5, 287.5, 3.266470567666104)",0.0292352380929707,737.4822387695312,-0.7637174221856079,0.8716833464197514,87.2566000034567
2,5,54,"(112.5, 287.5, 3.266470567666104)",0.1830529778154361,737.7504272460938,-0.7522901878057254,0.7851639343263558,86.95929999885266
2,5,57,"(112.5, 287.5, 3.266470567666104)",0.032480609541272,737.4691772460938,-0.7637174221856081,0.8716833580894913,87.41590000136057
2,5,60,"(112.5, 287.5, 3.266470567666104)",0.1776110283623134,737.7049560546875,-0.7522901878057254,0.7851638998597756,84.56330000262824
2,5,63,"(137.5, 287.5, 3.720264207629609)",0.1333918614065853,738.42236328125,-0.7302661188517073,0.7425739416619219,86.79420000044047
2,5,66,"(137.5, 287.5, 3.720264207629609)",0.0509285382240996,738.3009643554688,-0.7327981180221823,0.6605217585169406,85.10949999981676
2,5,69,"(162.5, 262.5, 3.2775456166337156)",0.0331513081319877,738.71923828125,-0.4755337237059586,0.9217888885606412,86.00030000161496
2,6,0,"(37.5, 437.5, 3.968016468858607)",0.024478429556991,731.525634765625,-1.8546713463223168,1.751072048972945,88.18429999882937
2,6,3,"(37.5, 387.5, 3.4504418791542615)",0.0305503998465864,733.7369384765625,-0.8443507836387215,0.4373219541923384,85.77560000048834
2,6,6,"(37.5, 337.5, 2.720263300914144)",0.1023374056633357,735.6646118164062,-0.4294493345219782,0.3924163125697722,86.45210000031511
2,6,9,"(37.5, 287.5, 1.9949445653352311)",0.0995674050717925,733.1920776367188,-0.6313822785406727,1.3485190288578308,85.53859999665292
2,6,12,"(37.5, 287.5, 1.9949445653352311)",0.0117279096562273,733.11865234375,-0.6425439905576066,1.4152416926827542,85.98059999712859
2,6,15,"(62.5, 312.5, 2.84003211203415)",0.2812465248260372,735.80810546875,-0.8780946261345463,1.3783752278384354,88.44130000215955
2,6,18,"(87.5, 287.5, 2.8131085484191836)",0.0515865283698321,736.7005615234375,-0.7404049879337379,1.0642938899352663,89.12340000097174
2,6,21,"(112.5, 312.5, 3.997603125569143)",0.6669477723654159,740.2969360351562,-0.6802145064727128,1.582844584077234,87.46130000145058
2,6,24,"(112.5, 262.5, 2.645266895480795)",0.0098286010196918,737.3106079101562,-0.5675058233016954,1.0177305849230414,86.30530000300496
2,6,27,"(112.5, 312.5, 3.997603125569143)",0.2987175319036732,738.1072387695312,-1.08223435303919,0.9488284146961508,120.1400999998441
2,6,30,"(112.5, 262.5, 2.645266895480795)",0.0101966787739821,737.3193969726562,-0.5675187702197821,1.0184315685624463,86.67649999915739
2,6,33,"(112.5, 312.5, 3.997603125569143)",0.3017269847665621,738.1096801757812,-1.082250621133455,0.9486490274226336,122.2766999999294
2,6,36,"(87.5, 287.5, 2.8131085484191836)",0.0708701181081371,736.7387084960938,-0.7289626632609271,0.8357790923247207,84.98450000115554
2,6,39,"(112.5, 312.5, 3.997603125569143)",0.6629614003493577,740.3045654296875,-0.676852812000658,1.577133009470231,89.173699998355
2,6,42,"(112.5, 262.5, 2.645266895480795)",0.0109382167430824,737.30615234375,-0.5675044503845519,1.0176565881487798,83.96999999968102
2,6,45,"(112.5, 312.5, 3.997603125569143)",0.3032308509464806,738.0426025390625,-1.0822342074390745,0.94882958295061,118.62889999974868
2,6,48,"(112.5, 262.5, 2.645266895480795)",0.0102137616711658,737.3112182617188,-0.5675187487112835,1.018431407064357,85.79430000099819
2,6,51,"(112.5, 312.5, 3.997603125569143)",0.3064733399952205,738.1123046875,-1.0822506211334548,0.9486490387486216,121.41900000278838
2,6,54,"(112.5, 287.5, 3.266470567666104)",0.1160686718524814,737.64404296875,-0.7528183775141117,0.7606239077461575,85.69820000047912
2,6,57,"(112.5, 262.5, 2.645266895480795)",0.0127762583151236,737.2880859375,-0.5712277760330222,1.1822173529811923,88.24580000145943
2,6,60,"(112.5, 312.5, 3.997603125569143)",0.2913261915962206,738.1466674804688,-1.0828133740934869,0.9430687802812489,122.39509999926668
2,6,63,"(87.5, 287.5, 2.8131085484191836)",0.072004843267722,736.74462890625,-0.7289636110989935,0.8357981378094604,86.05630000238307
2,6,66,"(62.5, 312.5, 2.84003211203415)",0.3020004561340912,735.8432006835938,-0.874471488138894,1.3552238006033,85.54989999902318
2,6,69,"(62.5, 312.5, 2.84003211203415)",0.5297375335955259,736.0938720703125,-0.8574440301520533,1.6916840547783487,84.47979999982635
2,7,0,"(37.5, 437.5, 3.968016468858607)",0.0246586281561755,731.52783203125,-1.8546713463223168,1.751072041593282,86.49009999862756
2,7,3,"(37.5, 387.5, 3.4504418791542615)",0.030930337156048,733.7440185546875,-0.8443507836387216,0.4373219771915608,86.6755999995803
2,7,6,"(37.5, 337.5, 2.720263300914144)",0.102668681193918,735.6698608398438,-0.4294493345219783,0.3924163092796965,85.81649999905494
2,7,9,"(37.5, 287.5, 1.9949445653352311)",0.0949905304935268,733.192138671875,-0.6313822785406726,1.3485190919494778,87.2629000004963
2,7,12,"(37.5, 287.5, 1.9949445653352311)",0.0111961353088285,733.1171875,-0.6425439905576067,1.4152417207030314,89.30949999921722
2,7,15,"(37.5, 287.5, 1.9949445653352311)",0.0451860597671233,733.150390625,-0.6356509712167575,1.3744628322104908,86.41110000098706
2,7,18,"(62.5, 287.5, 2.3844185310708723)",0.0295425502514524,735.4103393554688,-0.699461394240937,1.3067020697707137,85.62259999962407
2,7,21,"(87.5, 312.5, 3.3952550877786836)",0.551077786904763,737.5283203125,-0.9440918889063517,1.525662245007383,122.09129999973813
2,7,24,"(87.5, 287.5, 2.8131085484191836)",0.0580403025956893,736.708984375,-0.7343885271753052,0.9590489471560432,89.75250000003143
2,7,27,"(137.5, 287.5, 3.720264207629609)",0.1264940143575344,738.3836059570312,-0.7310349316271928,0.7467523803161209,87.73719999953755
2,7,30,"(162.5, 262.5, 3.2775456166337156)",0.0346561896083202,738.7001342773438,-0.4755103493366721,0.9206802262251572,89.2065999978513
2,7,33,"(162.5, 312.5, 5.206150757863988)",0.3473375897643221,738.9762573242188,-0.8292639161711342,1.5238805334695456,122.26210000153516
2,7,36,"(162.5, 262.5, 3.2775456166337156)",0.024934090264952,738.8871459960938,-0.4713234916865164,0.5969526110523901,83.24309999807156
2,7,39,"(162.5, 312.5, 5.206150757863988)",0.3476191389773426,738.93212890625,-0.8260088844052577,1.5252886889009538,122.42129999867755
2,7,42,"(162.5, 262.5, 3.2775456166337156)",0.0251977507046036,738.90478515625,-0.4713229761262666,0.5968863783704282,85.01430000251275
2,7,45,"(162.5, 312.5, 5.206150757863988)",0.3495289892670258,738.8462524414062,-0.8260080398189739,1.5252890050042311,121.03500000011992
2,7,48,"(162.5, 262.5, 3.2775456166337156)",0.0267428881944509,738.9033813476562,-0.4713229761262666,0.5968863703805987,86.20700000028592
2,7,51,"(162.5, 312.5, 5.206150757863988)",0.3476938243276694,738.8444213867188,-0.8260080398189737,1.52528901690804,130.932699998084
2,7,54,"(162.5, 262.5, 3.2775456166337156)",0.0256434150495926,738.9017944335938,-0.4713229761262665,0.59688638540899,87.77560000089579
2,7,57,"(162.5, 312.5, 5.206150757863988)",0.3484731590439631,738.9400024414062,-0.8260080398189739,1.52528901264525,126.62079999790876
2,7,60,"(162.5, 262.5, 3.2775456166337156)",0.0247594747689796,738.9011840820312,-0.4713229761262666,0.5968863765472713,85.74529999896185
2,7,63,"(162.5, 312.5, 5.206150757863988)",0.3479302179508994,738.909912109375,-0.8260080398189739,1.5252890018229166,121.092100001988
2,7,66,"(162.5, 262.5, 3.2775456166337156)",0.0234438923974438,738.920654296875,-0.4713229761262666,0.5968863799869508,86.29040000232635
2,7,69,"(162.5, 312.5, 5.206150757863988)",0.3466033798485086,738.8432006835938,-0.8260080398189739,1.5252889984115807,122.65000000115832
2,8,0,"(37.5, 437.5, 3.968016468858607)",0.0251920041575362,731.5236206054688,-1.8546713463223168,1.7510720375047537,86.99279999927967
2,8,3,"(37.5, 387.5, 3.4504418791542615)",0.0294319531479863,733.74951171875,-0.8443507836387217,0.4373219652210706,95.63319999870146
2,8,6,"(37.5, 337.5, 2.720263300914144)",0.1037874426597442,735.6286010742188,-0.4294493345219783,0.3924163069120117,88.39409999927739
2,8,9,"(37.5, 287.5, 1.9949445653352311)",0.0943387668724095,733.1969604492188,-0.6313822785406726,1.3485191391888869,89.24320000005537
2,8,12,"(37.5, 287.5, 1.9949445653352311)",0.0115323858360184,733.1179809570312,-0.6425439905576066,1.415241711169562,86.54009999736445
2,8,15,"(37.5, 287.5, 1.9949445653352311)",0.0488893356338116,733.1365966796875,-0.6356509712167575,1.3744628441171989,86.79759999722592
2,8,18,"(87.5, 287.5, 2.8131085484191836)",0.0377558609437212,736.6845092773438,-0.7459852896992684,1.1277151480925156,87.63290000206325
2,8,21,"(87.5, 287.5, 2.8131085484191836)",0.0811770199269216,736.7361450195312,-0.7314123424135655,0.9271604919495924,87.01139999902807
2,8,24,"(87.5, 312.5, 3.3952550877786836)",0.5809781981358638,737.5593872070312,-0.9348266816371156,1.556397250846809,125.61830000049667
2,8,27,"(87.5, 262.5, 2.3062152958190487)",0.0057756729056175,736.5960693359375,-0.5752808252446734,1.227354278586246,87.35689999957685
2,8,30,"(87.5, 312.5, 3.3952550877786836)",0.1549208424608096,736.938720703125,-0.9957130772467482,0.8737550330057535,89.64489999925718
2,8,33,"(112.5, 287.5, 3.266470567666104)",0.0898707905607658,737.5516967773438,-0.7568349949728979,0.8389156415953363,85.82400000159396
2,8,36,"(112.5, 287.5, 3.266470567666104)",0.0651547416158397,737.5280151367188,-0.7589853009948845,0.8459558399388246,87.77410000038799
2,8,39,"(112.5, 287.5, 3.266470567666104)",0.1862275015062214,737.7635498046875,-0.7525003173791833,0.793723480111003,84.4357999994827
2,8,42,"(62.5, 287.5, 2.3844185310708723)",0.0303488564390789,735.4290771484375,-0.6880815141127578,1.1273178253142435,88.67150000151014
2,8,45,"(87.5, 287.5, 2.8131085484191836)",0.0410370661755968,736.6884155273438,-0.7410158452255976,1.054378969329297,86.65549999932409
2,8,48,"(87.5, 312.5, 3.3952550877786836)",0.5626791414958005,737.5599365234375,-0.938208195772297,1.5410318463147217,125.60369999846444
2,8,51,"(112.5, 287.5, 3.266470567666104)",0.0942051873608916,737.5574340820312,-0.7568062275223761,0.8401526062742786,95.16859999712324
2,8,54,"(112.5, 287.5, 3.266470567666104)",0.1891402487261909,737.7611694335938,-0.7525449217450153,0.7954104482909857,87.43010000034701
2,8,57,"(112.5, 287.5, 3.266470567666104)",0.0290916211040944,737.479248046875,-0.7637151151945383,0.8716511853334261,86.03819999916595
2,8,60,"(137.5, 262.5, 2.9770964423387296)",0.020211021902633,737.9126586914062,-0.536833928386738,1.0647329327358512,86.62710000135121
2,8,63,"(137.5, 312.5, 4.617102976724376)",0.505411514073796,739.1809692382812,-0.9578451607652396,1.4479537589449571,119.7820999987016
2,8,66,"(137.5, 262.5, 2.9770964423387296)",0.016600204500798,737.9993896484375,-0.5315777719807814,0.7831894878887727,85.76969999921857
2,8,69,"(137.5, 312.5, 4.617102976724376)",0.5069682558148147,738.988037109375,-0.952484670842312,1.456312593291614,124.08159999904456
2,9,0,"(37.5, 437.5, 3.968016468858607)",0.0252962768521558,731.5175170898438,-1.8546713463223172,1.7510720317416937,85.25350000127219
2,9,3,"(37.5, 387.5, 3.4504418791542615)",0.0300141081135373,733.7433471679688,-0.8443507836387217,0.437321950979348,86.49150000201189
2,9,6,"(37.5, 337.5, 2.720263300914144)",0.1000380909313594,735.654052734375,-0.4294493345219783,0.3924162790205558,91.18430000307852
2,9,9,"(37.5, 287.5, 1.9949445653352311)",0.0931679244989142,733.1878662109375,-0.6313822785406726,1.3485190838107954,86.07209999900078
2,9,12,"(37.5, 287.5, 1.9949445653352311)",0.0094727137214385,733.122314453125,-0.6425439905576067,1.41524170371558,94.36590000041178
2,9,15,"(87.5, 287.5, 2.8131085484191836)",0.0371539859994354,736.6708374023438,-0.7461295253726002,1.1285893004786007,86.8942999986757
2,9,18,"(137.5, 287.5, 3.720264207629609)",0.1207747437253406,738.4027709960938,-0.7310996762675841,0.7468454876399627,86.57360000142944
2,9,21,"(137.5, 287.5, 3.720264207629609)",0.1466951386015287,738.4139404296875,-0.7297224093521401,0.745850010392279,87.48070000001462
2,9,24,"(137.5, 287.5, 3.720264207629609)",0.0543717249129393,738.319580078125,-0.7327793671672685,0.660138343299574,88.48470000157249
2,9,27,"(137.5, 287.5, 3.720264207629609)",0.495528736254187,739.37255859375,-0.7566226657263377,1.112981943511454,82.25110000057612
2,9,30,"(137.5, 287.5, 3.720264207629609)",0.0535931503249361,738.3077392578125,-0.7325358970899536,0.6550462461344848,87.90000000226428
2,9,33,"(137.5, 287.5, 3.720264207629609)",0.22789621103472,738.6310424804688,-0.7299799926556939,0.8068397535859959,87.81400000225403
2,9,36,"(137.5, 287.5, 3.720264207629609)",0.0517431771166801,738.3189697265625,-0.7327001885556808,0.6585400873267179,88.4016000018164
2,9,39,"(137.5, 287.5, 3.720264207629609)",0.4910968987559806,739.3125610351562,-0.7566354812038857,1.1130800298141192,89.78919999935897
2,9,42,"(137.5, 287.5, 3.720264207629609)",0.0521071364256725,738.3052978515625,-0.7325358451250779,0.6550458809839651,84.89620000182185
2,9,45,"(137.5, 287.5, 3.720264207629609)",0.4959109572037452,739.3989868164062,-0.7566537757361402,1.1132131459251475,87.70150000054855
2,9,48,"(87.5, 287.5, 2.8131085484191836)",0.0453531073582976,736.7067260742188,-0.7319584987913461,0.8932688856735926,84.97210000132327
2,9,51,"(112.5, 262.5, 2.645266895480795)",0.0115051806106493,737.2833251953125,-0.5724235032243513,1.2231763313102988,85.66430000064429
2,9,54,"(112.5, 312.5, 3.997603125569143)",0.2925665224325801,738.0205078125,-1.0829212296831356,0.9420354883745294,123.91909999860218
2,9,57,"(112.5, 262.5, 2.645266895480795)",0.0105073402545254,737.329833984375,-0.5675197395685903,1.0184829829880329,84.99549999760347
2,9,60,"(112.5, 312.5, 3.997603125569143)",0.3062524489952629,738.0839233398438,-1.0822507469420368,0.9486474659225896,121.1643999995431
2,9,63,"(112.5, 262.5, 2.645266895480795)",0.0101381358890761,737.3095092773438,-0.5675187855021363,1.0184315783656983,81.5275000022666
2,9,66,"(112.5, 312.5, 3.997603125569143)",0.3055890910525565,738.1298217773438,-1.0822506211334548,0.948649030072897,121.9872999972722
2,9,69,"(87.5, 287.5, 2.8131085484191836)",0.0723551756476748,736.7345581054688,-0.728962663260927,0.8357790899580319,85.52179999969667
2,0,0,"(12.5, 437.5, 3.099809189999389)",0.03473032410364,547.8533325195312,-1.2118287375262058,1.879366612790007,87.42830000119284
2,0,3,"(12.5, 387.5, 2.7344809963379078)",0.0469591626604083,549.85498046875,-0.5965806870092498,0.6391420731341327,89.28150000065216
2,0,6,"(12.5, 337.5, 2.201752559048532)",0.1903317465224473,551.1619262695312,-0.4634385777540868,0.7745160707901718,87.89219999744091
2,0,9,"(12.5, 287.5, 1.651479509158393)",0.1049462858502309,549.5093383789062,-0.5806891546292893,1.5289392514690427,83.0069999974512
2,0,12,"(37.5, 262.5, 1.6744753499793261)",0.002441129806151,733.1077270507812,-0.5391149543228607,1.4700868319893594,85.35439999832306
2,0,15,"(37.5, 312.5, 2.347164439776079)",0.0827955785261415,733.1602783203125,-0.7758431476569283,1.3449931514350348,85.20249999855878
2,0,18,"(37.5, 262.5, 1.6744753499793261)",0.0032741858806796,733.1116943359375,-0.5382323645453699,1.4434700795337778,86.0939000012877
2,0,21,"(12.5, 287.5, 1.651479509158393)",0.0082323675531947,549.4368896484375,-0.5861784571830901,1.4765676164077837,89.56879999823286
2,0,24,"(12.5, 287.5, 1.651479509158393)",0.0578565137174693,549.4691162109375,-0.5824678502586067,1.5055376723328533,89.45160000075703
2,0,27,"(12.5, 287.5, 1.651479509158393)",0.012618155617817,549.4358520507812,-0.5855746745691263,1.4807008587881352,86.38219999920693
2,0,30,"(62.5, 287.5, 2.3844185310708723)",0.0279857982061894,735.3982543945312,-0.7006546128705978,1.322395243679753,88.11990000322112
2,0,33,"(87.5, 312.5, 3.3952550877786836)",0.5450666147769863,737.6155395507812,-0.9439872203372938,1.5263978425583635,123.62170000051265
2,0,36,"(112.5, 287.5, 3.266470567666104)",0.0933828670882603,737.551513671875,-0.7568216585553125,0.8404566505986871,87.15230000234442
2,0,39,"(112.5, 287.5, 3.266470567666104)",0.0323692905035625,737.4886474609375,-0.7639853277873663,0.8759702715326053,87.47399999992922
2,0,42,"(137.5, 312.5, 4.617102976724376)",0.3282354484353309,742.1659545898438,-0.4619253977895677,0.960737936365008,87.50590000272496
2,0,45,"(137.5, 262.5, 2.9770964423387296)",0.0159843019855985,738.0079956054688,-0.5315675961506353,0.7824079405435312,88.75049999915063
2,0,48,"(137.5, 312.5, 4.617102976724376)",0.5084356429510746,739.114501953125,-0.9523473878156716,1.456531745217077,123.05369999739924
2,0,51,"(137.5, 262.5, 2.9770964423387296)",0.0161230585802922,738.0034790039062,-0.5315769631450089,0.7831257319885424,85.82179999939399
2,0,54,"(137.5, 312.5, 4.617102976724376)",0.5086646747905131,739.05517578125,-0.952483221287782,1.4563148487284672,123.03509999765085
2,0,57,"(137.5, 262.5, 2.9770964423387296)",0.015121093146071,738.00830078125,-0.5315769671488858,0.7831258736706234,85.76990000074147
2,0,60,"(137.5, 312.5, 4.617102976724376)",0.5100196836922204,739.0256958007812,-0.952483320743982,1.4563147096774824,121.99650000184192
2,0,63,"(137.5, 262.5, 2.9770964423387296)",0.0155754654266347,738.0096435546875,-0.5315769671488859,0.7831258801198431,86.62270000058925
2,0,66,"(137.5, 312.5, 4.617102976724376)",0.5097037243643334,739.0493774414062,-0.952483320743982,1.4563146948277963,124.47570000222186
2,0,69,"(137.5, 262.5, 2.9770964423387296)",0.0155284709746745,737.9923095703125,-0.5315769671488859,0.7831258752014614,84.81659999961266
2,1,0,"(12.5, 437.5, 3.099809189999389)",0.0377230432037466,547.8519287109375,-1.2118287375262058,1.8793666194167695,85.44260000053328
2,1,3,"(12.5, 387.5, 2.7344809963379078)",0.0467590864915016,549.8338012695312,-0.5965806870092498,0.639142075582907,85.5197999990196
2,1,6,"(12.5, 337.5, 2.201752559048532)",0.1890574917228825,551.1363525390625,-0.4634385777540867,0.7745161148807603,86.44149999963702
2,1,9,"(12.5, 287.5, 1.651479509158393)",0.103073657508183,549.510498046875,-0.5806891546292893,1.5289392491554257,82.80730000115
2,1,12,"(12.5, 287.5, 1.651479509158393)",0.0144972781843324,549.4386596679688,-0.5855324881962175,1.480386222691955,84.13809999910882
2,1,15,"(12.5, 262.5, 1.40120900590784)",0.0032674229937833,549.4385986328125,-0.5118535941307809,1.4884782444290057,86.39989999937825
2,1,18,"(37.5, 287.5, 1.9949445653352311)",0.0087909114664629,733.1179809570312,-0.644727805578043,1.4351221444085729,87.33810000194353
2,1,21,"(62.5, 287.5, 2.3844185310708723)",0.026111169976891,735.4070434570312,-0.6969876078947304,1.2716522901681937,90.4167000007874
2,1,24,"(87.5, 312.5, 3.3952550877786836)",0.5441952064266186,737.5712890625,-0.9443351667289328,1.52396811942777,122.27209999764456
2,1,27,"(62.5, 287.5, 2.3844185310708723)",0.0408703409108683,735.4337768554688,-0.6854271952673768,1.088363901090581,88.0421000001661
2,1,30,"(62.5, 287.5, 2.3844185310708723)",0.0133795677585752,735.3897705078125,-0.700964685665065,1.3018549446525085,85.464800002228
2,1,33,"(87.5, 312.5, 3.3952550877786836)",0.5313391698802595,737.548828125,-0.948891095216398,1.497508657472095,126.25710000065736
2,1,36,"(87.5, 262.5, 2.3062152958190487)",0.0066217270181958,736.5958251953125,-0.5752933840549235,1.2279010457462405,87.7303999986907
2,1,39,"(87.5, 312.5, 3.3952550877786836)",0.161503640902501,736.9760131835938,-0.9957133978710776,0.8737542162837112,86.31029999742168
2,1,42,"(87.5, 287.5, 2.8131085484191836)",0.0543040756456007,736.6885375976562,-0.7344139620627831,0.9584876963214176,89.36189999803901
2,1,45,"(87.5, 287.5, 2.8131085484191836)",0.0377873605796316,736.6881713867188,-0.7393028802052873,1.0268431092182584,88.05439999923692
2,1,48,"(112.5, 312.5, 3.997603125569143)",0.6688136351713936,740.2158813476562,-0.683759871741779,1.5879342367763298,85.8760999981314
2,1,51,"(112.5, 262.5, 2.645266895480795)",0.010375429995332,737.32177734375,-0.5675057225619855,1.0177259049580132,85.73310000065248
2,1,54,"(112.5, 312.5, 3.997603125569143)",0.301268110994964,738.1189575195312,-1.0822344427687094,0.948827289447589,122.55290000030072
2,1,57,"(112.5, 287.5, 3.266470567666104)",0.1138437807706104,737.59521484375,-0.7528183738069525,0.7606243212189702,86.85400000103982
2,1,60,"(137.5, 287.5, 3.720264207629609)",0.1662085255523217,738.5261840820312,-0.7293925340843234,0.7554623412942656,91.89040000273964
2,1,63,"(137.5, 287.5, 3.720264207629609)",0.049065344776069,738.316650390625,-0.7327599326068129,0.6597529266876655,91.581300002872
2,1,66,"(137.5, 287.5, 3.720264207629609)",0.2313179053117847,738.6787719726562,-0.7299783961862143,0.8067877570289052,88.10490000178106
2,1,69,"(137.5, 287.5, 3.720264207629609)",0.0520738430415023,738.3142700195312,-0.7327002571609995,0.6585412539394053,87.42200000051525
2,2,0,"(12.5, 437.5, 3.099809189999389)",0.0392407852547904,547.8565063476562,-1.2118287375262058,1.879366583255602,87.45639999688137
2,2,3,"(12.5, 387.5, 2.7344809963379078)",0.0484959999544891,549.8396606445312,-0.5965806870092497,0.6391420718833941,84.92699999987963
2,2,6,"(12.5, 337.5, 2.201752559048532)",0.1935527869812224,551.1170043945312,-0.4634385777540867,0.774516076781917,87.06309999979567
2,2,9,"(12.5, 287.5, 1.651479509158393)",0.1068254701857322,549.5420532226562,-0.5806891546292894,1.528939181463331,86.33199999894714
2,2,12,"(12.5, 287.5, 1.651479509158393)",0.0153822367050521,549.4370727539062,-0.5855324881962176,1.4803862165161077,91.93249999952968
2,2,15,"(62.5, 287.5, 2.3844185310708723)",0.0292290148273596,735.4034423828125,-0.7006534079160872,1.322384345330042,88.52410000326927
2,2,18,"(87.5, 312.5, 3.3952550877786836)",0.6367372842576293,740.9125366210938,-0.6762883299572908,1.4768928415043767,85.83100000032573
2,2,21,"(87.5, 262.5, 2.3062152958190487)",0.0057422470316478,736.5953979492188,-0.575271873606319,1.2269657294231555,85.75149999887799
2,2,24,"(87.5, 312.5, 3.3952550877786836)",0.1519857773412403,736.8917236328125,-0.9957120984355402,0.8738146988589901,86.8759000004502
2,2,27,"(62.5, 287.5, 2.3844185310708723)",0.0434258008504801,735.432861328125,-0.6854540611176588,1.0880797930966493,85.9563000012713
2,2,30,"(112.5, 287.5, 3.266470567666104)",0.0631890234872574,737.47705078125,-0.761921712152808,0.8929147110324471,89.43360000193934
2,2,33,"(112.5, 287.5, 3.266470567666104)",0.0866867456726668,737.5657958984375,-0.7542452632681098,0.7697158631807931,85.8555000013439
2,2,36,"(112.5, 287.5, 3.266470567666104)",0.0297474242202425,737.4917602539062,-0.7639040531229992,0.8746394437167193,83.68390000032377
2,2,39,"(162.5, 287.5, 4.140142738102741)",0.2558853941964802,739.7376708984375,-0.6407034138663037,0.8967759329822759,85.39210000162711
2,2,42,"(162.5, 287.5, 4.140142738102741)",0.0975497140585386,739.4583129882812,-0.6394165245202349,0.5922188860241462,89.87189999970724
2,2,45,"(162.5, 262.5, 3.2775456166337156)",0.0320307259569275,738.7295532226562,-0.4746923875919515,0.8761852497848556,85.16270000109216
2,2,48,"(162.5, 312.5, 5.206150757863988)",0.3463506962888719,738.9214477539062,-0.8283569218812263,1.5243246838690578,124.89070000083302
2,2,51,"(162.5, 262.5, 3.2775456166337156)",0.0257928016796749,738.8841552734375,-0.4713234492890797,0.5969450267156902,87.4800999990839
2,2,54,"(162.5, 312.5, 5.206150757863988)",0.3501730341945773,738.8245849609375,-0.8260086773948689,1.5252887108733608,124.2777000006754
2,2,57,"(162.5, 262.5, 3.2775456166337156)",0.0263018709164237,738.892822265625,-0.4713229761262666,0.5968863885141699,87.91410000048927
2,2,60,"(162.5, 312.5, 5.206150757863988)",0.3476047293570025,738.9276123046875,-0.8260080398189739,1.525289003655832,123.63859999823036
2,2,63,"(162.5, 262.5, 3.2775456166337156)",0.0231766094702677,738.9188232421875,-0.4713229761262665,0.5968863778202999,85.02349999980652
2,2,66,"(162.5, 312.5, 5.206150757863988)",0.3476196787388146,738.8253173828125,-0.8260080398189737,1.525289005672307,124.3862999981502
2,2,69,"(162.5, 262.5, 3.2775456166337156)",0.0261006959055902,738.9192504882812,-0.4713229761262666,0.596886374954445,87.41269999882206
2,3,0,"(12.5, 437.5, 3.099809189999389)",0.037434143632617,547.854736328125,-1.2118287375262058,1.8793666064037935,86.16229999825009
2,3,3,"(12.5, 387.5, 2.7344809963379078)",0.0469746208306431,549.8529663085938,-0.5965806870092496,0.6391420680508134,90.71319999929985
2,3,6,"(12.5, 337.5, 2.201752559048532)",0.1919572642964767,551.1082153320312,-0.4634385777540868,0.7745160647112964,89.27369999946677
2,3,9,"(12.5, 287.5, 1.651479509158393)",0.1036294117396217,549.515380859375,-0.5806891546292894,1.5289392070987198,86.76249999916763
2,3,12,"(37.5, 287.5, 1.9949445653352311)",0.0290529344117081,733.1231689453125,-0.6418656032708026,1.4362620633654322,84.36259999871254
2,3,15,"(62.5, 312.5, 2.84003211203415)",0.2912979571936514,735.80126953125,-0.8777810431765044,1.3920466181383606,85.65210000233492
2,3,18,"(87.5, 287.5, 2.8131085484191836)",0.0478586344152444,736.6931762695312,-0.7404048264908096,1.0643124997991422,94.21699999802512
2,3,21,"(112.5, 262.5, 2.645266895480795)",0.0120641298497755,737.279541015625,-0.5725175300095313,1.226209966612898,87.51730000221869
2,3,24,"(112.5, 312.5, 3.997603125569143)",0.2997359638874625,738.1342163085938,-1.0829216018198369,0.9420470338389604,123.80029999985707
2,3,27,"(87.5, 287.5, 2.8131085484191836)",0.069518382467086,736.7293701171875,-0.7289638546478605,0.8358040698425803,83.8843999990786
2,3,30,"(87.5, 287.5, 2.8131085484191836)",0.0201674067125318,736.6632690429688,-0.7470331550573613,1.1133048987720584,87.55550000205403
2,3,33,"(87.5, 312.5, 3.3952550877786836)",0.5405169532818233,741.4279174804688,-0.6451537779525068,1.2414720203329397,87.25160000176402
2,3,36,"(112.5, 287.5, 3.266470567666104)",0.0956667657832611,737.5593872070312,-0.7567219490757596,0.8399681615018355,83.64540000184206
2,3,39,"(112.5, 262.5, 2.645266895480795)",0.0113089216037932,737.288330078125,-0.5713050854034823,1.1850072462204533,86.20610000070883
2,3,42,"(112.5, 312.5, 3.997603125569143)",0.3032015813662186,738.05517578125,-1.0828175038176284,0.9430357354228128,124.19710000176563
2,3,45,"(112.5, 262.5, 2.645266895480795)",0.0106924084343797,737.3197021484375,-0.5675195269602197,1.0184733350261694,85.19240000168793
2,3,48,"(112.5, 312.5, 3.997603125569143)",0.299087689958865,738.0560913085938,-1.082250759313081,0.9486476931179731,122.89150000287918
2,3,51,"(112.5, 262.5, 2.645266895480795)",0.0102004291832714,737.3080444335938,-0.5675187855021363,1.0184315788936344,85.80200000142213
2,3,54,"(112.5, 312.5, 3.997603125569143)",0.2988523319344815,738.1353149414062,-1.082250621133455,0.9486490256277976,125.38470000072266
2,3,57,"(112.5, 262.5, 2.645266895480795)",0.0095450139063924,737.3161010742188,-0.5675187855021363,1.0184315810476317,87.13709999938146
2,3,60,"(112.5, 312.5, 3.997603125569143)",0.3030075211147391,738.0963745117188,-1.082250621133455,0.9486490014423372,124.0433999992092
2,3,63,"(87.5, 287.5, 2.8131085484191836)",0.0690524449745705,736.741943359375,-0.7289626632609268,0.8357790804359773,85.02669999870704
2,3,66,"(137.5, 287.5, 3.720264207629609)",0.1254358738158797,738.3844604492188,-0.730978248922889,0.7458803512125192,88.55590000166558
2,3,69,"(137.5, 287.5, 3.720264207629609)",0.0495655689468138,738.3092651367188,-0.7328166656856743,0.6608960755517865,87.96409999922616
2,4,0,"(12.5, 437.5, 3.099809189999389)",0.0385171475985868,547.8580932617188,-1.2118287375262056,1.8793665946413012,87.325200001942
2,4,3,"(12.5, 387.5, 2.7344809963379078)",0.0469121942436923,549.8467407226562,-0.5965806870092498,0.6391420471604082,85.52580000105081
2,4,6,"(12.5, 337.5, 2.201752559048532)",0.1900379631435476,551.1473388671875,-0.4634385777540868,0.774516086067401,85.13569999922765
2,4,9,"(12.5, 287.5, 1.651479509158393)",0.1036425657466092,549.5098876953125,-0.5806891546292893,1.5289392318816408,85.27139999932842
2,4,12,"(12.5, 262.5, 1.40120900590784)",0.0014485570869556,549.4382934570312,-0.5121994939330458,1.4945017588481444,91.64099999907194
2,4,15,"(12.5, 312.5, 1.921414531489189)",0.0855089279301848,549.4680786132812,-0.6807836609330398,1.5282387318848945,86.87999999892781
2,4,18,"(12.5, 262.5, 1.40120900590784)",0.0040326086408301,549.439208984375,-0.5115676585087098,1.4810445196098432,86.62719999847468
2,4,21,"(12.5, 312.5, 1.921414531489189)",0.0868792914047256,549.4815063476562,-0.6807224458689508,1.5309643906551338,86.57279999897582
2,4,24,"(37.5, 287.5, 1.9949445653352311)",0.0669973304414719,733.144775390625,-0.6352048028868481,1.3978214083550633,85.94470000025467
2,4,27,"(62.5, 287.5, 2.3844185310708723)",0.0291589605484045,735.3997192382812,-0.6994480010342063,1.3067151736894804,89.1948999997112
2,4,30,"(87.5, 312.5, 3.3952550877786836)",0.6359986652790725,740.7302856445312,-0.676411416573659,1.4775039468666928,87.78499999971245
2,4,33,"(112.5, 287.5, 3.266470567666104)",0.0921452608893119,737.5540771484375,-0.7567980890536995,0.8414359246352185,88.9859000017168
2,4,36,"(112.5, 287.5, 3.266470567666104)",0.0681184234847746,737.5279541015625,-0.7589843313173729,0.8459717502180882,90.0489000014204
2,4,39,"(112.5, 287.5, 3.266470567666104)",0.1880732397413954,737.765380859375,-0.7525003336899478,0.7937257644469606,86.50800000032177
2,4,42,"(112.5, 262.5, 2.645266895480795)",0.0116635819637611,737.2910766601562,-0.5711651068583351,1.179940591039795,87.89880000040284
2,4,45,"(112.5, 312.5, 3.997603125569143)",0.2997864457382231,738.0473022460938,-1.082804956386808,0.9431541052341929,129.9618000011833
2,4,48,"(112.5, 262.5, 2.645266895480795)",0.0098417786840963,737.315673828125,-0.5675195067605653,1.0184719572043277,85.11129999897094
2,4,51,"(112.5, 312.5, 3.997603125569143)",0.3070590089402189,738.1593627929688,-1.0822507593130806,0.9486477587848416,125.22199999875738
2,4,54,"(112.5, 262.5, 2.645266895480795)",0.009733602381787,737.3054809570312,-0.5675187855021363,1.018431580044282,90.0906999995641
2,4,57,"(112.5, 312.5, 3.997603125569143)",0.3008220981412692,738.16455078125,-1.0822506211334553,0.948649019505138,123.47290000252542
2,4,60,"(112.5, 262.5, 2.645266895480795)",0.0095827895242349,737.3126831054688,-0.5675187855021362,1.0184315815624136,87.24330000040936
2,4,63,"(112.5, 312.5, 3.997603125569143)",0.3051876693054309,738.1541748046875,-1.082250621133455,0.9486490244890752,124.75350000022443
2,4,66,"(137.5, 287.5, 3.720264207629609)",0.2250780137668881,738.6130981445312,-0.7301580596149377,0.8152499184629696,84.31280000149854
2,4,69,"(87.5, 287.5, 2.8131085484191836)",0.0506794799724442,736.7120971679688,-0.7321953111677758,0.8985963382361437,86.8040999994264
2,5,0,"(12.5, 437.5, 3.099809189999389)",0.0370409404059343,547.8600463867188,-1.2118287375262058,1.8793666078743896,84.18170000004466
2,5,3,"(12.5, 387.5, 2.7344809963379078)",0.0465192066589195,549.8328247070312,-0.5965806870092498,0.6391420684926932,88.54710000014165
2,5,6,"(12.5, 337.5, 2.201752559048532)",0.1919738457374171,551.1351318359375,-0.4634385777540867,0.774516109359724,90.17120000135036
2,5,9,"(12.5, 287.5, 1.651479509158393)",0.1083633948169665,549.5614013671875,-0.5806891546292893,1.5289392490930234,84.02090000163298
2,5,12,"(62.5, 287.5, 2.3844185310708723)",0.0271323248821195,735.403564453125,-0.7004844636651092,1.3213311710566715,88.11450000212062
2,5,15,"(112.5, 287.5, 3.266470567666104)",0.0658143995883834,737.5013427734375,-0.7621236011953602,0.8959620469610722,86.36290000140434
2,5,18,"(112.5, 287.5, 3.266470567666104)",0.0892438873945196,737.5685424804688,-0.7542468351316873,0.7697459698637791,87.08499999920605
2,5,21,"(87.5, 312.5, 3.3952550877786836)",0.6292608482430709,737.6336669921875,-0.9152730043207942,1.6221823061846166,124.78819999887492
2,5,24,"(112.5, 287.5, 3.266470567666104)",0.0913074623190919,737.5393676757812,-0.7567853661967122,0.839852586927568,89.57759999975679
2,5,27,"(87.5, 287.5, 2.8131085484191836)",0.0386555542927912,736.6971435546875,-0.7372581733597434,0.993273035429678,87.18889999727253
2,5,30,"(112.5, 312.5, 3.997603125569143)",0.6658796284560796,740.3065185546875,-0.68293635264249,1.5866672427053714,86.7805000016233
2,5,33,"(137.5, 287.5, 3.720264207629609)",0.2299569976274958,738.670166015625,-0.7303234549630181,0.8218206025637571,85.21560000008321
2,5,36,"(137.5, 287.5, 3.720264207629609)",0.0523256820899996,738.3357543945312,-0.7327260883087281,0.6591270793313911,87.45269999781158
2,5,39,"(137.5, 287.5, 3.720264207629609)",0.493006682431775,739.3712158203125,-0.756634946202672,1.113078517155904,85.82349999778671
2,5,42,"(137.5, 287.5, 3.720264207629609)",0.0510098266401703,738.3422241210938,-0.7325358673581326,0.6550460802000908,88.3654999997816
2,5,45,"(137.5, 287.5, 3.720264207629609)",0.4956894142584314,739.3549194335938,-0.7566537757361403,1.113213141475042,88.08659999704105
2,5,48,"(137.5, 287.5, 3.720264207629609)",0.0514673796590263,738.3301391601562,-0.7325358188253522,0.6550450553389454,83.46280000114348
2,5,51,"(137.5, 287.5, 3.720264207629609)",0.4989344968211653,739.4129028320312,-0.7566537884480806,1.1132131844831423,86.79489999849466
2,5,54,"(137.5, 287.5, 3.720264207629609)",0.0532709871547918,738.309814453125,-0.7325358188253525,0.65504502359544,86.81849999993574
2,5,57,"(137.5, 287.5, 3.720264207629609)",0.4961904883183684,739.368408203125,-0.7566537884480805,1.1132131574739923,87.22109999871464
2,5,60,"(137.5, 287.5, 3.720264207629609)",0.0466680730729804,738.2999877929688,-0.7325358188253525,0.655045037713579,87.17979999710224
2,5,63,"(137.5, 287.5, 3.720264207629609)",0.4916741518597421,739.3842163085938,-0.7566537884480807,1.1132132033712845,85.70880000115721
2,5,66,"(137.5, 287.5, 3.720264207629609)",0.0514223784552899,738.33056640625,-0.7325358188253523,0.6550450375126554,87.58810000290396
2,5,69,"(137.5, 287.5, 3.720264207629609)",0.4904553557473965,739.2222900390625,-0.7566537884480806,1.1132131972404704,88.40819999750238
2,6,0,"(12.5, 437.5, 3.099809189999389)",0.0355552189027877,547.8641967773438,-1.2118287375262056,1.8793665927587215,87.15189999929862
2,6,3,"(12.5, 387.5, 2.7344809963379078)",0.0471118371937557,549.8446655273438,-0.5965806870092498,0.6391420635379146,92.85169999930076
2,6,6,"(12.5, 337.5, 2.201752559048532)",0.1913795393301136,551.0594482421875,-0.4634385777540867,0.7745160363550943,89.87820000038482
2,6,9,"(12.5, 287.5, 1.651479509158393)",0.1079750472795642,549.5226440429688,-0.5806891546292893,1.5289391908835932,91.2605999983498
2,6,12,"(37.5, 287.5, 1.9949445653352311)",0.0240852797888765,733.1193237304688,-0.6403775853181192,1.413822494932109,86.33259999987786
2,6,15,"(62.5, 287.5, 2.3844185310708723)",0.029239160813988,735.406005859375,-0.6995657298375043,1.3077025212422366,88.14770000026328
2,6,18,"(87.5, 312.5, 3.3952550877786836)",0.551716471214384,737.556884765625,-0.9441218169865202,1.5255055563541775,124.34610000127576
2,6,21,"(87.5, 287.5, 2.8131085484191836)",0.0564558785796339,736.7088012695312,-0.7343885178737857,0.95904909443615,88.02959999957238
2,6,24,"(137.5, 287.5, 3.720264207629609)",0.1189209985205592,738.3858642578125,-0.7310349399649624,0.7467523765873026,89.96959999785759
2,6,27,"(137.5, 287.5, 3.720264207629609)",0.0538036146497195,738.311279296875,-0.7328179436761187,0.6609230505580658,88.27340000061668
2,6,30,"(137.5, 287.5, 3.720264207629609)",0.4914230889096478,739.3648071289062,-0.756617052746469,1.112939179840676,87.84949999972014
2,6,33,"(137.5, 287.5, 3.720264207629609)",0.0502091668613869,738.3446044921875,-0.7325359024974906,0.6550464935913374,85.3330999998434
2,6,36,"(162.5, 262.5, 3.2775456166337156)",0.0339281314384673,738.7230224609375,-0.4755309586415829,0.9216475330381848,83.64730000175769
2,6,39,"(162.5, 312.5, 5.206150757863988)",0.3472260693767119,739.0001220703125,-0.8294840694298445,1.5237652336055685,123.5207999998238
2,6,42,"(162.5, 262.5, 3.2775456166337156)",0.0248169646612921,738.9241333007812,-0.4713234691689008,0.5969529560076584,84.36969999820576
2,6,45,"(162.5, 312.5, 5.206150757863988)",0.3495953491897954,738.8738403320312,-0.8260089946252959,1.5252886106548718,126.22750000082306
2,6,48,"(162.5, 262.5, 3.2775456166337156)",0.0263765699438855,738.9183959960938,-0.4713229761262666,0.5968863860419843,87.12809999997262
2,6,51,"(162.5, 312.5, 5.206150757863988)",0.3479039540296414,738.9102172851562,-0.826008039818974,1.5252889950319632,122.57310000131838
2,6,54,"(162.5, 262.5, 3.2775456166337156)",0.0248163893588053,738.8931274414062,-0.4713229761262666,0.5968863764182791,85.33680000255117
2,6,57,"(162.5, 312.5, 5.206150757863988)",0.3469764845986287,738.851318359375,-0.8260080398189739,1.5252889999665389,122.7292999974452
2,6,60,"(162.5, 262.5, 3.2775456166337156)",0.0263991773791108,738.8985595703125,-0.4713229761262666,0.5968863623629295,84.16550000038114
2,6,63,"(187.5, 287.5, 4.484402965683246)",0.1870652763638257,740.6553344726562,-0.4998269489758465,0.799122185326194,85.72699999785982
2,6,66,"(187.5, 287.5, 4.484402965683246)",0.1781429981882561,740.6489868164062,-0.5008026712804005,0.8126182339080443,88.53779999844846
2,6,69,"(187.5, 287.5, 4.484402965683246)",0.1791197271476834,740.6656494140625,-0.5008232271452893,0.8129368551050122,84.22749999954249
2,7,0,"(12.5, 437.5, 3.099809189999389)",0.0395519096154642,547.8583374023438,-1.2118287375262058,1.8793666015653707,84.85190000283183
2,7,3,"(12.5, 387.5, 2.7344809963379078)",0.0475625365279618,549.8350219726562,-0.5965806870092497,0.6391420827210564,88.312700001552
2,7,6,"(12.5, 337.5, 2.201752559048532)",0.1924532742275235,551.1204833984375,-0.4634385777540867,0.7745160547264144,86.1655000007886
2,7,9,"(12.5, 287.5, 1.651479509158393)",0.1044032630674192,549.5116577148438,-0.5806891546292892,1.5289392471001293,84.61399999941932
2,7,12,"(12.5, 287.5, 1.651479509158393)",0.0128464973751961,549.4376220703125,-0.5855324881962176,1.480386200297002,87.71189999970375
2,7,15,"(37.5, 287.5, 1.9949445653352311)",0.027175889706237,733.1200561523438,-0.6420008752528589,1.4366352795004076,87.57989999867277
2,7,18,"(62.5, 312.5, 2.84003211203415)",0.717900364996627,736.4816284179688,-0.8268301863592168,1.963719403564333,86.81950000027427
2,7,21,"(62.5, 287.5, 2.3844185310708723)",0.0373126391319091,735.4110717773438,-0.6914012233553687,1.2029035421372367,84.8448999968241
2,7,24,"(62.5, 287.5, 2.3844185310708723)",0.029910674098569,735.4143676757812,-0.6920973656855085,1.1982127746570912,87.38070000254083
2,7,27,"(62.5, 287.5, 2.3844185310708723)",0.0141811516551026,735.3970336914062,-0.7011316055903963,1.3037899955340249,87.35599999999977
2,7,30,"(112.5, 287.5, 3.266470567666104)",0.0624463092579993,737.488525390625,-0.7621289244689051,0.8942334812207683,93.24589999960152
2,7,33,"(137.5, 287.5, 3.720264207629609)",0.1665146728925002,738.5045776367188,-0.7294177208016359,0.7540457838058016,87.65979999952833
2,7,36,"(137.5, 287.5, 3.720264207629609)",0.0513172805225336,738.2833862304688,-0.7327621458466658,0.6597973201329462,88.61160000014934
2,7,39,"(162.5, 262.5, 3.2775456166337156)",0.035090200406154,738.7039794921875,-0.4755333228514193,0.921769828701471,84.67459999883431
2,7,42,"(162.5, 312.5, 5.206150757863988)",0.3480050003217702,738.9505004882812,-0.8294862010494373,1.52376414552776,120.55890000192448
2,7,45,"(162.5, 262.5, 3.2775456166337156)",0.025800634413039,738.912109375,-0.4713234691689008,0.5969529509186529,86.62499999991269
2,7,48,"(162.5, 312.5, 5.206150757863988)",0.3480557755769695,738.834716796875,-0.8260089946252958,1.5252886107119392,123.20910000198636
2,7,51,"(162.5, 262.5, 3.2775456166337156)",0.0234498208971314,738.8881225585938,-0.4713229761262665,0.5968863823463345,85.27400000093621
2,7,54,"(162.5, 312.5, 5.206150757863988)",0.3476402498287745,738.9262084960938,-0.8260080398189739,1.5252890031298514,127.024800000072
2,7,57,"(162.5, 262.5, 3.2775456166337156)",0.0265903467994381,738.8909301757812,-0.4713229761262666,0.5968863662275896,85.17779999965569
2,7,60,"(162.5, 312.5, 5.206150757863988)",0.3480723767032072,738.8645629882812,-0.826008039818974,1.5252889996190058,120.85769999976036
2,7,63,"(162.5, 262.5, 3.2775456166337156)",0.0251319140616669,738.9036865234375,-0.4713229761262666,0.596886379042222,86.60840000084136
2,7,66,"(162.5, 312.5, 5.206150757863988)",0.3489847146598635,738.892822265625,-0.8260080398189737,1.5252890052902033,122.51480000122685
2,7,69,"(162.5, 262.5, 3.2775456166337156)",0.0244545169055169,738.9052734375,-0.4713229761262666,0.5968863751364908,85.55770000020857
2,8,0,"(12.5, 437.5, 3.099809189999389)",0.0361889458755691,547.8604125976562,-1.2118287375262056,1.8793666066565569,87.94080000006943
2,8,3,"(12.5, 387.5, 2.7344809963379078)",0.0473126872212181,549.8589477539062,-0.5965806870092497,0.63914207735635,84.72750000146334
2,8,6,"(12.5, 337.5, 2.201752559048532)",0.1887508137766309,551.1430053710938,-0.4634385777540867,0.7745160613370711,90.55539999826578
2,8,9,"(12.5, 287.5, 1.651479509158393)",0.1093627910250536,549.5047607421875,-0.5806891546292893,1.5289392221984015,84.27979999760282
2,8,12,"(37.5, 312.5, 2.347164439776079)",0.2004731905706052,733.34228515625,-0.7745543366020898,1.5289547046013852,87.89709999837214
2,8,15,"(37.5, 262.5, 1.6744753499793261)",0.002270628764012,733.1116943359375,-0.5382282581249574,1.4433356038095215,88.34370000113267
2,8,18,"(37.5, 212.5, 1.1455527701376642)",0.0063291945181572,733.1097412109375,-0.4336675935740472,1.496621601644594,87.68459999919287
2,8,21,"(62.5, 187.5, 1.074866029298603)",0.0310527353036955,735.3650512695312,-0.4228903015447137,1.501681189177113,89.38199999829521
2,8,24,"(112.5, 187.5, 1.356447175660002)",0.1108794965240607,737.1373291015625,-0.4446078276029233,1.461980884333881,88.01880000100937
2,8,27,"(162.5, 187.5, 1.5999036101857014)",0.1214718847807468,737.7302856445312,-0.4249317282091046,0.5736392898746053,85.2335999989009
2,8,30,"(187.5, 162.5, 1.3188200407831676)",0.0302633542519491,737.6461791992188,-0.4481564014252482,0.1516834435122781,85.26210000127321
2,8,33,"(187.5, 212.5, 2.1581048160551872)",0.0323122315265786,738.7118530273438,-0.4352009273168798,0.1936776291198399,86.46679999947082
2,8,36,"(212.5, 187.5, 1.743039893786265)",0.0225511092634356,738.7085571289062,-0.5163200164904912,0.1338147130184422,85.81829999820911
2,8,39,"(187.5, 212.5, 2.1581048160551872)",0.028659598286334,738.7220458984375,-0.4351680572108216,0.1747061519891985,86.38040000005276
2,8,42,"(187.5, 162.5, 1.3188200407831676)",0.0282962088840264,737.6387329101562,-0.4481446263892356,0.1410297370812637,87.03099999911501
2,8,45,"(162.5, 187.5, 1.5999036101857014)",0.0456928206942465,737.6431274414062,-0.4183209748111645,0.221702447879975,85.80369999981485
2,8,48,"(212.5, 187.5, 1.743039893786265)",0.0244326554327439,738.7080078125,-0.5163310427426996,0.1424642042173516,86.18650000062189
2,8,51,"(212.5, 237.5, 2.8673241576271007)",0.0359377712700739,740.7081298828125,-0.5000480330417885,0.2753156393503098,86.30350000021281
2,8,54,"(212.5, 187.5, 1.743039893786265)",0.0225607263536284,738.7198486328125,-0.5163295703001111,0.1428023423778719,89.2773000014131
2,8,57,"(212.5, 237.5, 2.8673241576271007)",0.0323268712038266,740.6896362304688,-0.5000493546529473,0.2758598289696363,92.83080000022892
2,8,60,"(212.5, 187.5, 1.743039893786265)",0.0230149899236667,738.714111328125,-0.516329569650751,0.1428024590024964,87.53989999968326
2,8,63,"(187.5, 212.5, 2.1581048160551872)",0.0318739710655585,738.7059936523438,-0.4351618849158869,0.1694659282939423,90.19049999915296
2,8,66,"(237.5, 212.5, 2.261871450534782)",0.0278212154785185,740.7168579101562,-0.7130899681489353,0.2359891875488832,88.24919999824488
2,8,69,"(212.5, 237.5, 2.8673241576271007)",0.0365722613893211,740.7210693359375,-0.5000657222122125,0.2859522069482639,87.51459999984945
2,9,0,"(12.5, 437.5, 3.099809189999389)",0.0377989416051312,547.8523559570312,-1.2118287375262058,1.879366593984859,86.32109999962267
2,9,3,"(12.5, 387.5, 2.7344809963379078)",0.0471978774933865,549.8318481445312,-0.5965806870092497,0.6391420526506938,86.99610000257962
2,9,6,"(12.5, 337.5, 2.201752559048532)",0.1909900912393404,551.1654663085938,-0.4634385777540868,0.7745160716690497,86.81269999942742
2,9,9,"(12.5, 287.5, 1.651479509158393)",0.1038183592721812,549.5126953125,-0.5806891546292892,1.5289392528388772,86.14910000324016
2,9,12,"(12.5, 287.5, 1.651479509158393)",0.0329509290839749,549.4417114257812,-0.5841682455547195,1.4946651462992124,86.55649999855086
2,9,15,"(37.5, 287.5, 1.9949445653352311)",0.0249879535262072,733.1170654296875,-0.6419691657436872,1.4368236630892477,88.05700000084471
2,9,18,"(12.5, 262.5, 1.40120900590784)",0.0039686286562782,549.4388427734375,-0.5116931896623532,1.483719074568182,87.88079999794718
2,9,21,"(12.5, 287.5, 1.651479509158393)",0.0097689026281735,549.4351196289062,-0.5863640429907224,1.4810064548150312,85.36259999891627
2,9,24,"(12.5, 287.5, 1.651479509158393)",0.0320969915511326,549.441650390625,-0.5842733562074551,1.4939888675355943,87.1036999997159
2,9,27,"(12.5, 262.5, 1.40120900590784)",0.0041533998725595,549.43896484375,-0.5118480774481593,1.4883764198615692,88.46289999928558
2,9,30,"(12.5, 212.5, 0.9776732428382818)",0.0049637883964378,549.4381103515625,-0.4336040384041292,1.499053287241065,87.35629999864614
2,9,33,"(37.5, 187.5, 0.9366991161239089)",0.0167844903716334,733.1016845703125,-0.4209193315385038,1.4990884230493695,85.95509999940987
2,9,36,"(87.5, 187.5, 1.2167243398877836)",0.0596876493634798,736.5408935546875,-0.4304536600267359,1.5041960655170752,87.48589999959222
2,9,39,"(137.5, 187.5, 1.486849047589336)",0.1600472267221613,737.488525390625,-0.4444250167109231,1.1752423445349467,86.13649999824702
2,9,42,"(162.5, 162.5, 1.2554782219517804)",0.0723489381005214,737.3712768554688,-0.4232062583806282,0.2853418176590143,86.87499999723514
2,9,45,"(187.5, 187.5, 1.6876002167496233)",0.0391746330129324,738.1082763671875,-0.4456709230875612,0.1416854533199301,89.0384999984235
2,9,48,"(187.5, 187.5, 1.6876002167496233)",0.0390135455270062,738.1029663085938,-0.4456765223229095,0.1441292156329928,90.62080000148852
2,9,51,"(187.5, 187.5, 1.6876002167496233)",0.032314730866387,738.1002197265625,-0.4456641048776976,0.1210880404625133,86.5691999970295
2,9,54,"(187.5, 187.5, 1.6876002167496233)",0.0375243410411761,738.1114501953125,-0.4456759019413725,0.143487942666727,85.43449999706354
2,9,57,"(187.5, 187.5, 1.6876002167496233)",0.0340163765129523,738.1103515625,-0.4456641029467785,0.121083158812785,83.5893000003125
2,9,60,"(212.5, 212.5, 2.2358312589572185)",0.0370724536357887,739.6052856445312,-0.5193958357252055,0.1568600093366577,89.13169999868842
2,9,63,"(187.5, 187.5, 1.6876002167496233)",0.0332485092790048,738.1107788085938,-0.4456653447412017,0.1232182676255057,85.12580000024172
2,9,66,"(187.5, 187.5, 1.6876002167496233)",0.0382152391420559,738.1094970703125,-0.4456740549482119,0.1491939588708145,86.10419999968144
2,9,69,"(187.5, 187.5, 1.6876002167496233)",0.0348733319958122,738.1150512695312,-0.4456642931938993,0.1213377393339645,85.49740000307793
2,0,0,"(112.5, 212.5, 1.7023465120987893)",0.0674006458738988,737.2106323242188,-0.4260005398023419,1.5265582905898605,86.21779999884893
2,0,3,"(137.5, 187.5, 1.486849047589336)",0.1611586277138375,737.4716796875,-0.4462966470367777,1.1961988615680377,85.87619999889284
2,0,6,"(187.5, 187.5, 1.6876002167496233)",0.0445025777403239,738.107421875,-0.4457427702694522,0.1781807682727026,87.29070000117645
2,0,9,"(187.5, 187.5, 1.6876002167496233)",0.0341657686869431,738.1041870117188,-0.4456646060827476,0.1313551661663301,85.28470000237576
2,0,12,"(187.5, 187.5, 1.6876002167496233)",0.0372245930896292,738.111083984375,-0.4456764212354385,0.1439555861437586,87.65979999952833
2,0,15,"(187.5, 187.5, 1.6876002167496233)",0.0337891619661496,738.10986328125,-0.4456646454465072,0.1312489599532897,92.25590000278316
2,0,18,"(162.5, 187.5, 1.5999036101857014)",0.061574576480502,737.6591186523438,-0.418933499316836,0.3196346303838293,83.60890000039944
2,0,21,"(187.5, 162.5, 1.3188200407831676)",0.0359497520485465,737.6351318359375,-0.4481864372925477,0.1741497071442188,89.6893999997701
2,0,24,"(162.5, 187.5, 1.5999036101857014)",0.0397946828087032,737.6444702148438,-0.4182744225272845,0.1947837328472168,86.09259999866481
2,0,27,"(187.5, 187.5, 1.6876002167496233)",0.036252514895468,738.1104125976562,-0.4456631829808231,0.1403174648522721,84.76769999833778
2,0,30,"(162.5, 162.5, 1.2554782219517804)",0.0455674734984742,737.3381958007812,-0.4228746628363305,0.1904011730316868,89.07240000189631
2,0,33,"(162.5, 162.5, 1.2554782219517804)",0.0683157717072621,737.3405151367188,-0.4229805914165574,0.2646624361028982,89.3887000020186
2,0,36,"(187.5, 187.5, 1.6876002167496233)",0.0363705397217146,738.1068725585938,-0.4456713788818909,0.1420074128745778,88.65670000159298
2,0,39,"(212.5, 212.5, 2.2358312589572185)",0.036375706224911,739.5985107421875,-0.5193967121388234,0.157555331510441,89.82399999877089
2,0,42,"(212.5, 212.5, 2.2358312589572185)",0.0309244191724536,739.5780029296875,-0.5193817348693173,0.1347785699327917,86.6502999997465
2,0,45,"(187.5, 187.5, 1.6876002167496233)",0.0372139720237103,738.1072998046875,-0.4456779642571606,0.1460428137312334,88.21929999976419
2,0,48,"(187.5, 187.5, 1.6876002167496233)",0.0344189308924694,738.111572265625,-0.4456646726699558,0.1312835729811988,86.57730000049924
2,0,51,"(162.5, 162.5, 1.2554782219517804)",0.0554431118428278,737.3419189453125,-0.422906160231729,0.2160943358885508,88.86960000018007
2,0,54,"(187.5, 162.5, 1.3188200407831676)",0.0425568845716292,737.6422729492188,-0.4483971609674811,0.226020134874332,86.62059999915073
2,0,57,"(187.5, 187.5, 1.6876002167496233)",0.0340734631664541,738.1114501953125,-0.4456596430731238,0.130483872147462,83.93679999790038
2,0,60,"(187.5, 187.5, 1.6876002167496233)",0.0355318950040642,738.103515625,-0.4456767302510198,0.1441797198834624,85.25740000186488
2,0,63,"(187.5, 187.5, 1.6876002167496233)",0.0317028065363226,738.1122436523438,-0.4456641003288317,0.1210843501002167,88.38829999876907
2,0,66,"(187.5, 187.5, 1.6876002167496233)",0.0403484826175036,738.1065063476562,-0.4456740147151569,0.1491522203709228,87.01019999716664
2,0,69,"(187.5, 187.5, 1.6876002167496233)",0.0351327977267994,738.1082153320312,-0.4456648714544483,0.1314922832022739,86.37559999988298
2,1,0,"(112.5, 212.5, 1.7023465120987893)",0.0679990882089095,737.1824951171875,-0.426000539802342,1.5265582970000824,87.53069999875152
2,1,3,"(137.5, 187.5, 1.486849047589336)",0.1612055799356272,737.52294921875,-0.4462966470367777,1.1961988826614078,85.99120000144467
2,1,6,"(162.5, 162.5, 1.2554782219517804)",0.0656430042568742,737.3438110351562,-0.4231322712319219,0.2575772877296671,86.0988999993424
2,1,9,"(187.5, 187.5, 1.6876002167496233)",0.0369451496409363,738.1155395507812,-0.4456705221200085,0.1412183270377108,86.93540000240318
2,1,12,"(187.5, 187.5, 1.6876002167496233)",0.038808039612936,738.1132202148438,-0.4456765198056145,0.1441247041238159,85.45199999934994
2,1,15,"(187.5, 187.5, 1.6876002167496233)",0.0283447023778989,738.109375,-0.4456641047611679,0.1210879164975134,86.19069999986095
2,1,18,"(187.5, 187.5, 1.6876002167496233)",0.0378039442054658,738.1138916015625,-0.4456740146909342,0.1491522408131667,84.1389999986859
2,1,21,"(187.5, 187.5, 1.6876002167496233)",0.0320240991197116,738.1112060546875,-0.4456642927633308,0.1213372220580401,86.90379999825382
2,1,24,"(162.5, 162.5, 1.2554782219517804)",0.0521560032528544,737.3475952148438,-0.4229046869251582,0.215460617339356,87.1378999981971
2,1,27,"(162.5, 137.5, 0.9841255842166583)",0.064016243139491,737.1004638671875,-0.4256979638670816,0.3470293245903667,90.40509999977075
2,1,30,"(162.5, 187.5, 1.5999036101857014)",0.0538822350998659,737.6402587890625,-0.418444770679222,0.2618509789625161,87.34309999999823
2,1,33,"(187.5, 162.5, 1.3188200407831676)",0.0337090958764572,737.6416625976562,-0.4481891150278939,0.1754573856700232,89.32060000006459
2,1,36,"(162.5, 187.5, 1.5999036101857014)",0.0390345221276983,737.6498413085938,-0.4182744156397739,0.1947770843476908,87.67319999969914
2,1,39,"(187.5, 162.5, 1.3188200407831676)",0.0294484088133558,737.6419067382812,-0.4481588520625417,0.1531607902426236,89.27480000056676
2,1,42,"(187.5, 187.5, 1.6876002167496233)",0.0353902454130338,738.108154296875,-0.4456593915771167,0.1303450968045086,87.38979999907315
2,1,45,"(187.5, 187.5, 1.6876002167496233)",0.0370010107798736,738.1051025390625,-0.4456747715127301,0.1498093943755767,87.00500000122702
2,1,48,"(187.5, 212.5, 2.1581048160551872)",0.0421637454765938,738.6940307617188,-0.435335776894139,0.2385672134042308,86.33080000072368
2,1,51,"(237.5, 212.5, 2.261871450534782)",0.0300364139675949,740.701904296875,-0.7130882712073672,0.2354855772843688,86.66399999856367
2,1,54,"(187.5, 212.5, 2.1581048160551872)",0.0311926074610188,738.7098999023438,-0.4351743815879459,0.1816768884663317,88.17410000119708
2,1,57,"(212.5, 187.5, 1.743039893786265)",0.0204473282457849,738.71533203125,-0.5163203477215695,0.1340973191072214,86.52219999930821
2,1,60,"(187.5, 212.5, 2.1581048160551872)",0.0293952983855413,738.7113037109375,-0.4351680479171498,0.1747033181512584,86.21080000011716
2,1,63,"(212.5, 187.5, 1.743039893786265)",0.0205568475150682,738.7166137695312,-0.5163160355783616,0.1296444432322954,87.30280000236235
2,1,66,"(162.5, 187.5, 1.5999036101857014)",0.0387259739722032,737.643310546875,-0.4182423577332145,0.1720114736861075,87.58940000188886
2,1,69,"(162.5, 137.5, 0.9841255842166583)",0.051899350979103,737.08935546875,-0.4250527790824048,0.2598894371751413,90.22790000017268
2,2,0,"(112.5, 212.5, 1.7023465120987893)",0.0675472831647671,737.1726684570312,-0.4260005398023419,1.526558287191945,86.3671000006434
2,2,3,"(137.5, 187.5, 1.486849047589336)",0.1604595053250224,737.4511108398438,-0.4462966470367776,1.1961988821268166,87.06850000089617
2,2,6,"(162.5, 162.5, 1.2554782219517804)",0.0677728844913585,737.3547973632812,-0.4231322712319219,0.2575772521206857,87.08630000182893
2,2,9,"(187.5, 187.5, 1.6876002167496233)",0.0366094485882724,738.1083984375,-0.4456705221200085,0.1412183280831632,85.83659999931115
2,2,12,"(187.5, 187.5, 1.6876002167496233)",0.0372120911945222,738.1012573242188,-0.4456765198056145,0.1441246959345649,88.59419999862439
2,2,15,"(212.5, 212.5, 2.2358312589572185)",0.0308970995708232,739.6148071289062,-0.5193800693981518,0.1324502189201163,84.54139999957988
2,2,18,"(187.5, 212.5, 2.1581048160551872)",0.0611717326914581,738.7057495117188,-0.4361847024179277,0.3502256225284583,87.42960000017774
2,2,21,"(212.5, 187.5, 1.743039893786265)",0.023496688830595,738.7144775390625,-0.5163148709015657,0.1286035284024592,86.11910000036005
2,2,24,"(162.5, 187.5, 1.5999036101857014)",0.0360616810455056,737.6488037109375,-0.4182423813672614,0.1720334106905159,84.89360000021406
2,2,27,"(212.5, 187.5, 1.743039893786265)",0.0227672102063492,738.70654296875,-0.5163306696096472,0.142135712354099,84.65390000128536
2,2,30,"(187.5, 212.5, 2.1581048160551872)",0.0283035224133909,738.7078247070312,-0.4351678693943169,0.1746056449406632,87.72129999852041
2,2,33,"(187.5, 162.5, 1.3188200407831676)",0.0293219336852627,737.6390991210938,-0.448144629685611,0.1410315856989255,88.1085000000894
2,2,36,"(187.5, 212.5, 2.1581048160551872)",0.0342638327634279,738.70556640625,-0.4352009033373116,0.1936331908425781,86.539999996603
2,2,39,"(187.5, 162.5, 1.3188200407831676)",0.0290556607630808,737.6502685546875,-0.4481445693706931,0.1410099541058848,86.64759999737726
2,2,42,"(187.5, 212.5, 2.1581048160551872)",0.0344321451005229,738.6941528320312,-0.4352009224614299,0.1936384501478442,85.53219999885187
2,2,45,"(237.5, 212.5, 2.261871450534782)",0.0261161567016443,740.7205200195312,-0.713089935123703,0.2360050813870298,87.55879999807803
2,2,48,"(187.5, 212.5, 2.1581048160551872)",0.0320416452773759,738.7094116210938,-0.4351743545575094,0.181667885082716,89.73790000163717
2,2,51,"(187.5, 162.5, 1.3188200407831676)",0.0251944550571775,737.6450805664062,-0.4481448424234046,0.1412618522608465,87.91180000116583
2,2,54,"(162.5, 187.5, 1.5999036101857014)",0.0398026330967507,737.6521606445312,-0.41827385306204,0.1943252697848323,87.14030000191997
2,2,57,"(162.5, 187.5, 1.5999036101857014)",0.0555352104049715,737.647705078125,-0.4185841207583128,0.2745737732540193,84.84899999893969
2,2,60,"(187.5, 162.5, 1.3188200407831676)",0.0291663563683095,737.6483154296875,-0.4481580484043673,0.1527094360290501,86.69920000102138
2,2,63,"(162.5, 187.5, 1.5999036101857014)",0.0397127909991589,737.6414184570312,-0.4182738328806686,0.1943609032718277,85.57540000037989
2,2,66,"(212.5, 187.5, 1.743039893786265)",0.0248396831965055,738.7224731445312,-0.5163306685682527,0.1421601195981693,86.9667999977537
2,2,69,"(212.5, 237.5, 2.8673241576271007)",0.0366574803926677,740.6854858398438,-0.5000480209428935,0.2753059209657473,93.173500001285
2,3,0,"(112.5, 212.5, 1.7023465120987893)",0.0672425465758753,737.1983642578125,-0.4260005398023419,1.5265582802825062,88.01170000151615
2,3,3,"(137.5, 187.5, 1.486849047589336)",0.1631343927289724,737.5009765625,-0.448309580240641,1.21467949978222,88.7302000010095
2,3,6,"(187.5, 187.5, 1.6876002167496233)",0.0454082809989343,738.1156005859375,-0.4457428376980519,0.1778805633554499,89.05930000037188
2,3,9,"(187.5, 187.5, 1.6876002167496233)",0.0310460175809167,738.112060546875,-0.4456639979145004,0.1211238289604345,86.04530000229715
2,3,12,"(187.5, 187.5, 1.6876002167496233)",0.037831712802193,738.1040649414062,-0.445674025162744,0.1491590616576823,87.70709999953397
2,3,15,"(162.5, 162.5, 1.2554782219517804)",0.0460914131327073,737.34326171875,-0.4228742938970632,0.1903282357694583,89.20349999971222
2,3,18,"(162.5, 162.5, 1.2554782219517804)",0.0575490339750657,737.3413696289062,-0.4229360770657934,0.2319967475226336,92.72630000123172
2,3,21,"(187.5, 187.5, 1.6876002167496233)",0.0388753258256348,738.1118774414062,-0.4456709933267276,0.141534908804822,84.87249999961932
2,3,24,"(187.5, 187.5, 1.6876002167496233)",0.036700564880273,738.1082763671875,-0.4456765096118928,0.1441211956058099,84.84719999978552
2,3,27,"(212.5, 212.5, 2.2358312589572185)",0.0315454609285991,739.6198120117188,-0.5193800695693722,0.1324503452982383,85.79229999668314
2,3,30,"(212.5, 212.5, 2.2358312589572185)",0.0408217015684914,739.6011352539062,-0.5194362575881308,0.1857316900849057,87.16879999701632
2,3,33,"(212.5, 212.5, 2.2358312589572185)",0.0290447503187473,739.6063232421875,-0.5193819367358348,0.1350928124746533,86.30540000012843
2,3,36,"(212.5, 212.5, 2.2358312589572185)",0.0427786554156982,739.59423828125,-0.5194363500872539,0.1857915635670431,91.42059999794584
2,3,39,"(187.5, 187.5, 1.6876002167496233)",0.0318532752995332,738.112060546875,-0.4456655179801958,0.1235121058031509,85.66409999912139
2,3,42,"(187.5, 187.5, 1.6876002167496233)",0.0374521280389823,738.1095581054688,-0.4456759221502639,0.1435347224952768,84.60460000060266
2,3,45,"(212.5, 212.5, 2.2358312589572185)",0.0293811731058219,739.6129760742188,-0.5193800674609389,0.1324457505334357,86.57899999889196
2,3,48,"(187.5, 187.5, 1.6876002167496233)",0.0396283777100381,738.1153564453125,-0.44567792997015,0.1460014495632795,85.93349999864586
2,3,51,"(187.5, 187.5, 1.6876002167496233)",0.0312332822865049,738.1089477539062,-0.4456641292855496,0.121117613273003,87.95129999998608
2,3,54,"(212.5, 212.5, 2.2358312589572185)",0.03194407595534,739.607666015625,-0.5193958367052052,0.1568607128639711,89.41590000176802
2,3,57,"(212.5, 212.5, 2.2358312589572185)",0.0355111453521581,739.6089477539062,-0.5194133002493123,0.1600306822841924,85.28320000186795
2,3,60,"(212.5, 212.5, 2.2358312589572185)",0.0328698067856821,739.6141357421875,-0.5193988006437996,0.1598971476634845,89.93170000030659
2,3,63,"(212.5, 212.5, 2.2358312589572185)",0.0342715926877495,739.6146240234375,-0.5194133707564126,0.1600838243192567,85.88679999957094
2,3,66,"(187.5, 187.5, 1.6876002167496233)",0.0384502650101783,738.11181640625,-0.4456780740267591,0.1462761864179748,88.0847000007634
2,3,69,"(187.5, 162.5, 1.3188200407831676)",0.0325897222992291,737.63623046875,-0.4481875666696188,0.1673282132510469,85.95720000084839
2,4,0,"(112.5, 212.5, 1.7023465120987893)",0.0699027928351121,737.2160034179688,-0.426000539802342,1.5265582762979295,85.83989999897312
2,4,3,"(137.5, 187.5, 1.486849047589336)",0.1625171934641041,737.4593505859375,-0.4462966470367776,1.1961988723528307,84.77570000104606
2,4,6,"(187.5, 187.5, 1.6876002167496233)",0.0447865867447008,738.1130981445312,-0.4457427702694522,0.178180739422868,88.19360000052257
2,4,9,"(187.5, 187.5, 1.6876002167496233)",0.0301603943533762,738.108642578125,-0.4456640111036458,0.1211367446552803,85.77530000184197
2,4,12,"(187.5, 187.5, 1.6876002167496233)",0.0381200207459089,738.1106567382812,-0.4456759139093099,0.1434953958617657,86.79470000060974
2,4,15,"(187.5, 187.5, 1.6876002167496233)",0.0302532320330734,738.1063232421875,-0.4456641029201029,0.1210832015185774,90.19800000169198
2,4,18,"(187.5, 187.5, 1.6876002167496233)",0.0385376012768902,738.1021728515625,-0.4456740144560141,0.149152007447499,88.45170000131475
2,4,21,"(187.5, 137.5, 1.0301064259405408)",0.0404177508281513,737.2944946289062,-0.4460090970510491,0.3334146125821147,86.62550000008196
2,4,24,"(187.5, 187.5, 1.6876002167496233)",0.0395556307555983,738.10986328125,-0.4456934600715397,0.1424234700689338,85.4791000019759
2,4,27,"(187.5, 187.5, 1.6876002167496233)",0.0408525601167667,738.1074829101562,-0.4456737894427897,0.1490963379179954,84.9287999990338
2,4,30,"(187.5, 187.5, 1.6876002167496233)",0.033800089282979,738.11669921875,-0.4456648653213657,0.1314962895403921,90.2955000019574
2,4,33,"(137.5, 187.5, 1.486849047589336)",0.0694504031436828,737.31005859375,-0.4161552163304111,0.5485748078545042,86.16280000205734
2,4,36,"(187.5, 187.5, 1.6876002167496233)",0.0463172436485153,738.1106567382812,-0.4457385961278828,0.1768512468172779,86.1373999978241
2,4,39,"(187.5, 187.5, 1.6876002167496233)",0.0344056964410239,738.1107788085938,-0.4456646163550241,0.1313583095867573,88.79119999983232
2,4,42,"(187.5, 187.5, 1.6876002167496233)",0.0373067661810154,738.1052856445312,-0.4456744901437405,0.1496030783021781,86.34119999987888
2,4,45,"(187.5, 187.5, 1.6876002167496233)",0.0288211110211004,738.1116333007812,-0.4456642928092671,0.121339497201425,84.79989999977988
2,4,48,"(162.5, 187.5, 1.5999036101857014)",0.0635503285842566,737.6505737304688,-0.4189209974938655,0.3182455166333613,87.12119999836432
2,4,51,"(187.5, 162.5, 1.3188200407831676)",0.0276639772192378,737.64208984375,-0.4481577483960643,0.1525307021619875,85.32279999781167
2,4,54,"(137.5, 162.5, 1.173168873178471)",0.0606814898705873,737.094482421875,-0.4144768889238295,0.2974101001899132,86.79860000120243
2,4,57,"(162.5, 137.5, 0.9841255842166583)",0.0577946589302914,737.1139526367188,-0.4251732571824471,0.2934423095620351,84.77470000070753
2,4,60,"(162.5, 187.5, 1.5999036101857014)",0.0538328063980164,737.6405029296875,-0.4184504122026693,0.2630034584130605,87.57589999731863
2,4,63,"(187.5, 162.5, 1.3188200407831676)",0.0274765518477027,737.6366577148438,-0.4481593669383529,0.1536709190051009,84.76209999935236
2,4,66,"(162.5, 187.5, 1.5999036101857014)",0.0375659680455539,737.6428833007812,-0.4182738306261047,0.1943605007842663,83.18900000085705
2,4,69,"(187.5, 162.5, 1.3188200407831676)",0.0325702253221266,737.6416625976562,-0.4481588548912412,0.1531554644168528,87.5590999967244
2,5,0,"(112.5, 212.5, 1.7023465120987893)",0.0654660017196134,737.2217407226562,-0.426000539802342,1.526558316702169,86.78560000043944
2,5,3,"(137.5, 187.5, 1.486849047589336)",0.1634588539987331,737.4795532226562,-0.4462966470367777,1.196198882638321,93.12340000178664
2,5,6,"(162.5, 162.5, 1.2554782219517804)",0.0676688300393551,737.3560180664062,-0.4231322712319219,0.2575772827396992,85.54290000029141
2,5,9,"(187.5, 187.5, 1.6876002167496233)",0.0374567535955305,738.10986328125,-0.4456705221200085,0.1412183133571674,86.9665000027453
2,5,12,"(162.5, 187.5, 1.5999036101857014)",0.0454364307892544,737.65185546875,-0.4183734343120591,0.2307551376881293,85.18069999990985
2,5,15,"(187.5, 162.5, 1.3188200407831676)",0.0319886765425646,737.644287109375,-0.4481584436415224,0.1529328772001053,86.14029999807826
2,5,18,"(187.5, 212.5, 2.1581048160551872)",0.0320371144883447,738.7008056640625,-0.4352008430639817,0.193637329196679,86.56640000117477
2,5,21,"(212.5, 187.5, 1.743039893786265)",0.0234304165181201,738.7119750976562,-0.5163200172346635,0.1338150552709481,88.50229999734438
2,5,24,"(162.5, 187.5, 1.5999036101857014)",0.0368604890935675,737.6429443359375,-0.4182424327308249,0.1721040853340366,84.75330000146641
2,5,27,"(212.5, 187.5, 1.743039893786265)",0.0234024024460763,738.7124633789062,-0.5163306727512793,0.1421370450544855,86.78929999950924
2,5,30,"(187.5, 212.5, 2.1581048160551872)",0.0348683015279722,738.7115478515625,-0.4351678694204953,0.1746056584012756,83.56210000056308
2,5,33,"(187.5, 162.5, 1.3188200407831676)",0.0287184789624176,737.6441040039062,-0.448144629685611,0.1410315766231977,86.01690000068629
2,5,36,"(162.5, 187.5, 1.5999036101857014)",0.0469754106665216,737.640380859375,-0.4183209745526075,0.2217023918550684,86.76759999798378
2,5,39,"(187.5, 162.5, 1.3188200407831676)",0.0338968853692526,737.6323852539062,-0.4481888559473166,0.1752341002654454,87.85189999980503
2,5,42,"(187.5, 212.5, 2.1581048160551872)",0.0351508321477912,738.697509765625,-0.4352015503720575,0.1940517642916832,87.38950000042678
2,5,45,"(212.5, 187.5, 1.743039893786265)",0.02156571273075,738.714111328125,-0.5163200109244155,0.1338198891079813,84.45810000193887
2,5,48,"(162.5, 187.5, 1.5999036101857014)",0.0344614904855428,737.6428833007812,-0.4182424329245381,0.1721042621677408,87.61009999943781
2,5,51,"(212.5, 187.5, 1.743039893786265)",0.024934122277897,738.7080078125,-0.5163306727512792,0.1421370585753861,83.35860000079265
2,5,54,"(162.5, 187.5, 1.5999036101857014)",0.0370864396415387,737.6405029296875,-0.4182423075198894,0.172034372548344,85.3430000024673
2,5,57,"(187.5, 162.5, 1.3188200407831676)",0.0330404131525781,737.6414794921875,-0.4481882374795654,0.1748017533128951,88.18369999789866
2,5,60,"(187.5, 212.5, 2.1581048160551872)",0.0344991549111242,738.7206420898438,-0.4352015457476033,0.1940380493110534,86.89930000036838
2,5,63,"(212.5, 187.5, 1.743039893786265)",0.0221379539992325,738.7101440429688,-0.5163200108520286,0.1338198678282631,88.79800000067917
2,5,66,"(187.5, 212.5, 2.1581048160551872)",0.0338054603911703,738.7151489257812,-0.4351615952577449,0.169228047633014,85.30149999933201
2,5,69,"(212.5, 187.5, 1.743039893786265)",0.0211934459423849,738.7131958007812,-0.516320020266761,0.133790493764312,85.75040000141598
2,6,0,"(112.5, 212.5, 1.7023465120987893)",0.0650443946585228,737.1895141601562,-0.426000539802342,1.526558289403104,89.16020000106073
2,6,3,"(137.5, 187.5, 1.486849047589336)",0.1603964673379614,737.349365234375,-0.4462966470367777,1.1961988872989462,89.31709999887971
2,6,6,"(162.5, 162.5, 1.2554782219517804)",0.074897176434043,737.3554077148438,-0.4232067446103049,0.2855370767407205,88.71170000202255
2,6,9,"(187.5, 187.5, 1.6876002167496233)",0.0364853635303278,738.111083984375,-0.4456709267610757,0.1416885816748521,86.11459999883664
2,6,12,"(162.5, 187.5, 1.5999036101857014)",0.0634868441333424,737.6396484375,-0.418937017142922,0.3200495855980284,85.18679999906453
2,6,15,"(187.5, 162.5, 1.3188200407831676)",0.0357272422747975,737.6399536132812,-0.4481864457339269,0.1741531626852512,86.54200000091805
2,6,18,"(162.5, 187.5, 1.5999036101857014)",0.042230202700995,737.6455078125,-0.418274422690114,0.1947838330452355,87.5964999977441
2,6,21,"(187.5, 162.5, 1.3188200407831676)",0.0368196905027864,737.6395263671875,-0.4481882421399568,0.1748674770572851,86.59580000312417
2,6,24,"(162.5, 187.5, 1.5999036101857014)",0.0403140809226968,737.6421508789062,-0.4182743880446616,0.1947619660014487,89.18739999717218
2,6,27,"(187.5, 162.5, 1.3188200407831676)",0.0290867436068535,737.638427734375,-0.4481588518777211,0.1531606787391476,86.8328999968071
2,6,30,"(187.5, 162.5, 1.3188200407831676)",0.0420818315305898,737.6390380859375,-0.4483347974137388,0.2158841967913427,86.47669999845675
2,6,33,"(187.5, 187.5, 1.6876002167496233)",0.0338533134541939,738.1027221679688,-0.4456596340733541,0.1306177361325907,85.76480000192532
2,6,36,"(187.5, 187.5, 1.6876002167496233)",0.0304882364188028,738.1082763671875,-0.4456647681578524,0.1216180323067027,87.53269999942859
2,6,39,"(187.5, 187.5, 1.6876002167496233)",0.0331902620467846,738.1079711914062,-0.4456758776453592,0.1434772057269483,85.9783999985666
2,6,42,"(187.5, 187.5, 1.6876002167496233)",0.031955620607363,738.1041870117188,-0.4456641031493846,0.1210833171498638,91.38769999844952
2,6,45,"(187.5, 187.5, 1.6876002167496233)",0.0352176841480631,738.1112060546875,-0.4456759017170978,0.1434878388603657,85.5130999989342
2,6,48,"(187.5, 187.5, 1.6876002167496233)",0.0332202628024736,738.1070556640625,-0.4456641029467784,0.1210831718663295,85.94359999915469
2,6,51,"(212.5, 212.5, 2.2358312589572185)",0.0340048881978148,739.6072387695312,-0.5193958357252055,0.1568600115738223,90.00920000107726
2,6,54,"(212.5, 212.5, 2.2358312589572185)",0.0287660443532376,739.6172485351562,-0.5193817317471077,0.1347732579742261,86.2645999986853
2,6,57,"(187.5, 187.5, 1.6876002167496233)",0.0359556629356962,738.1030883789062,-0.4456779640170081,0.1460426680273646,88.63469999778317
2,6,60,"(212.5, 212.5, 2.2358312589572185)",0.0303065659723905,739.60693359375,-0.5193801050207187,0.1324832595012347,87.06470000106492
2,6,63,"(212.5, 212.5, 2.2358312589572185)",0.0404209963638146,739.6091918945312,-0.5194362589357973,0.1857323610164948,84.28020000064862
2,6,66,"(212.5, 212.5, 2.2358312589572185)",0.0349645415715808,739.61328125,-0.5194137675388866,0.1604037925148177,86.35549999962677
2,6,69,"(187.5, 212.5, 2.1581048160551872)",0.0431584211918769,738.693359375,-0.4353650293528612,0.2470511149690901,88.27670000027865
2,7,0,"(112.5, 212.5, 1.7023465120987893)",0.0664928019506112,737.2060546875,-0.426000539802342,1.5265582853372823,86.28669999961858
2,7,3,"(137.5, 187.5, 1.486849047589336)",0.1619410836338653,737.5033569335938,-0.4462966470367777,1.1961988977252636,87.4751000010292
2,7,6,"(187.5, 187.5, 1.6876002167496233)",0.0472587320224418,738.1187744140625,-0.4457427702694521,0.1781807514051142,87.6023000018904
2,7,9,"(187.5, 187.5, 1.6876002167496233)",0.0304306233370794,738.0964965820312,-0.4456640111036457,0.1211367579247175,85.73579999938374
2,7,12,"(212.5, 212.5, 2.2358312589572185)",0.034562874985961,739.6129150390625,-0.5193958530896683,0.1568682563917895,86.2658999976702
2,7,15,"(187.5, 187.5, 1.6876002167496233)",0.0315844213898644,738.119384765625,-0.4456653447002327,0.1232182941786205,86.86410000154865
2,7,18,"(212.5, 212.5, 2.2358312589572185)",0.0354783325419763,739.6023559570312,-0.5193958973680779,0.1569041102420117,89.46540000033565
2,7,21,"(212.5, 212.5, 2.2358312589572185)",0.0348579595356024,739.6156616210938,-0.5194133016486739,0.1600313811373865,86.73500000077183
2,7,24,"(187.5, 187.5, 1.6876002167496233)",0.0392351103911998,738.1065673828125,-0.445678073243737,0.1462754786702931,89.05589999994845
2,7,27,"(187.5, 187.5, 1.6876002167496233)",0.0305286301199547,738.1092529296875,-0.4456641348127985,0.1211235223210781,87.13409999836585
2,7,30,"(187.5, 187.5, 1.6876002167496233)",0.038259985407329,738.1089477539062,-0.4456759024553505,0.1434885593572189,87.12170000217156
2,7,33,"(187.5, 187.5, 1.6876002167496233)",0.0296718998489428,738.1140747070312,-0.4456641029467785,0.1210831874808247,83.642300000065
2,7,36,"(187.5, 187.5, 1.6876002167496233)",0.0420760775438647,738.11669921875,-0.4456740144560141,0.1491520385765861,89.40459999939776
2,7,39,"(212.5, 162.5, 1.3586399298398657)",0.0338283983786338,738.0158081054688,-0.5021357514642,0.3263744276235947,88.60880000065663
2,7,42,"(187.5, 187.5, 1.6876002167496233)",0.039077024529512,738.1141357421875,-0.4456928791723657,0.1338443920600114,89.03649999774643
2,7,45,"(212.5, 212.5, 2.2358312589572185)",0.0361314073873079,739.6135864257812,-0.5193945718544053,0.1560810152341306,86.50560000023688
2,7,48,"(187.5, 187.5, 1.6876002167496233)",0.0320492680146627,738.103271484375,-0.4456653509866081,0.1232196980756753,85.52380000037374
2,7,51,"(212.5, 212.5, 2.2358312589572185)",0.0343634588429622,739.6071166992188,-0.5193958968642911,0.156903976649428,86.65190000101575
2,7,54,"(237.5, 212.5, 2.261871450534782)",0.0331727440590876,740.6694946289062,-0.713361776194071,0.298683886428927,87.82060000157799
2,7,57,"(187.5, 212.5, 2.1581048160551872)",0.0328574624136247,738.6982421875,-0.4351735887937389,0.1812617899409064,88.7648000025365
2,7,60,"(212.5, 187.5, 1.743039893786265)",0.0205580628059678,738.7039184570312,-0.5163162614189071,0.1298816303895368,86.16090000214172
2,7,63,"(187.5, 212.5, 2.1581048160551872)",0.0308892850701147,738.7057495117188,-0.4351614937448319,0.1691374429608235,85.93800000016927
2,7,66,"(237.5, 212.5, 2.261871450534782)",0.0268603231430111,740.716796875,-0.7130899433244535,0.2359833284628258,85.34049999798299
2,7,69,"(187.5, 212.5, 2.1581048160551872)",0.03543243360853,738.70849609375,-0.4351743375854687,0.1816615317945311,83.57279999836464
2,8,0,"(112.5, 212.5, 1.7023465120987893)",0.0679631357237236,737.1903076171875,-0.426000539802342,1.5265582913909934,86.61819999906584
2,8,3,"(137.5, 187.5, 1.486849047589336)",0.1613278208711127,737.4774169921875,-0.4462966470367776,1.1961988830035188,88.56489999743644
2,8,6,"(187.5, 187.5, 1.6876002167496233)",0.0450572670161664,738.1129760742188,-0.4457427702694522,0.1781807635565416,86.38879999853089
2,8,9,"(187.5, 187.5, 1.6876002167496233)",0.0285814856382017,738.1068725585938,-0.4456640111036458,0.1211367389073371,85.5846999984351
2,8,12,"(162.5, 162.5, 1.2554782219517804)",0.0520387039626585,737.3400268554688,-0.4229047140073863,0.2154682861060071,88.93380000154139
2,8,15,"(187.5, 187.5, 1.6876002167496233)",0.0368856093422843,738.1049194335938,-0.4456708848409806,0.1413655341709982,86.62100000219652
2,8,18,"(187.5, 187.5, 1.6876002167496233)",0.0416171483975417,738.1083374023438,-0.4456746085162748,0.1497730726551349,87.03560000139987
2,8,21,"(162.5, 162.5, 1.2554782219517804)",0.0468513094417343,737.3445434570312,-0.4228742905918706,0.1903363835376751,84.4801000021107
2,8,24,"(162.5, 162.5, 1.2554782219517804)",0.0580108187185823,737.3474731445312,-0.4229360780120602,0.2319971305572563,92.57599999909873
2,8,27,"(187.5, 187.5, 1.6876002167496233)",0.0356759003766515,738.10693359375,-0.4456709933273591,0.1415350096566059,87.29949999906239
2,8,30,"(187.5, 187.5, 1.6876002167496233)",0.0403342789673426,738.1135864257812,-0.4456765096118928,0.1441211979438124,85.62040000106208
2,8,33,"(187.5, 187.5, 1.6876002167496233)",0.0293226027800333,738.1103515625,-0.4456641048748276,0.1210879758017004,91.00409999882686
2,8,36,"(187.5, 187.5, 1.6876002167496233)",0.0386563571703059,738.1093139648438,-0.4456759019034823,0.1434879351273051,85.7404000016686
2,8,39,"(212.5, 162.5, 1.3586399298398657)",0.0363319965078443,738.0094604492188,-0.502126623174642,0.3253580691625249,90.16930000143476
2,8,42,"(162.5, 162.5, 1.2554782219517804)",0.0530266272449554,737.3511962890625,-0.4229670489876737,0.1941177214609736,86.0471999985748
2,8,45,"(162.5, 162.5, 1.2554782219517804)",0.056715911092659,737.335205078125,-0.4229305962858543,0.2303136026516833,95.62640000149258
2,8,48,"(187.5, 187.5, 1.6876002167496233)",0.0345262602748565,738.1029663085938,-0.4456709996474466,0.1415314759087105,86.56340000015916
2,8,51,"(187.5, 187.5, 1.6876002167496233)",0.0356359096358215,738.092529296875,-0.4456765392235101,0.1441208566922903,85.08380000057514
2,8,54,"(187.5, 187.5, 1.6876002167496233)",0.0319575629933598,738.114013671875,-0.4456641048975618,0.1210880017852423,87.37439999822527
2,8,57,"(162.5, 162.5, 1.2554782219517804)",0.0540740922976323,737.3404541015625,-0.4229046778911803,0.2154584061561033,88.70670000032987
2,8,60,"(162.5, 162.5, 1.2554782219517804)",0.0510821956360393,737.3348388671875,-0.4228942188578037,0.204410464524886,89.60729999671457
2,8,63,"(162.5, 162.5, 1.2554782219517804)",0.0602574343694694,737.3372802734375,-0.4229366136052775,0.2322642252093008,88.26010000120732
2,8,66,"(187.5, 162.5, 1.3188200407831676)",0.0433572582839213,737.647705078125,-0.4483984638419697,0.226292107451155,87.21470000091358
2,8,69,"(187.5, 212.5, 2.1581048160551872)",0.0350737316580561,738.7120361328125,-0.4351977675408326,0.1922074536026822,86.40160000140895
2,9,0,"(112.5, 212.5, 1.7023465120987893)",0.0676901963326321,737.1806640625,-0.4260005398023419,1.5265583070938278,88.49589999954333
2,9,3,"(137.5, 187.5, 1.486849047589336)",0.1636019961812868,737.4324951171875,-0.4483095802406409,1.2146795105984458,85.5980999986059
2,9,6,"(187.5, 187.5, 1.6876002167496233)",0.0504947568263657,738.1004638671875,-0.4457428376980518,0.1778806117866974,86.11430000019027
2,9,9,"(212.5, 212.5, 2.2358312589572185)",0.0287195836715775,739.6175537109375,-0.5193799505474919,0.1324892739719875,86.87510000163456
2,9,12,"(212.5, 212.5, 2.2358312589572185)",0.0445924964292562,739.58984375,-0.5194362919554197,0.1857412910939383,87.72959999987506
2,9,15,"(187.5, 187.5, 1.6876002167496233)",0.0332768674323602,738.1074829101562,-0.4456655174571116,0.1235115053258081,87.041800001316
2,9,18,"(162.5, 212.5, 2.0359929489759456)",0.0652856494415581,738.0418090820312,-0.4163060392294925,0.5866649931914494,86.2611000011384
2,9,21,"(162.5, 162.5, 1.2554782219517804)",0.0644235212440734,737.341064453125,-0.4231344594164831,0.2470970115333944,86.35169999979553
2,9,24,"(187.5, 187.5, 1.6876002167496233)",0.0339718193020893,738.1084594726562,-0.4456702104999618,0.1408639423567863,87.89639999667997
2,9,27,"(162.5, 162.5, 1.2554782219517804)",0.0542108115624201,737.34716796875,-0.4229066245322404,0.216348968739737,89.67499999926076
2,9,30,"(187.5, 187.5, 1.6876002167496233)",0.0372929283776389,738.1032104492188,-0.4456708876061639,0.1413714676281812,87.99789999829954
2,9,33,"(187.5, 187.5, 1.6876002167496233)",0.0358122849150962,738.1063842773438,-0.445676536820495,0.1441183974880924,85.11120000184746
2,9,36,"(162.5, 162.5, 1.2554782219517804)",0.0467848891087649,737.34228515625,-0.422873644683909,0.1899835029978551,86.95000000079744
2,9,39,"(162.5, 162.5, 1.2554782219517804)",0.0586788359060504,737.3465576171875,-0.422936080005127,0.2319944278113012,87.09230000022217
2,9,42,"(162.5, 162.5, 1.2554782219517804)",0.0519825890902279,737.332275390625,-0.4228946060489131,0.2046517971845085,88.1227999998373
2,9,45,"(162.5, 187.5, 1.5999036101857014)",0.0738327042358317,737.6408081054688,-0.4191664867012661,0.3446813573195688,90.92059999966295
2,9,48,"(187.5, 162.5, 1.3188200407831676)",0.029553322426156,737.640625,-0.4481579625495313,0.1527146360620586,85.09829999820795
2,9,51,"(162.5, 187.5, 1.5999036101857014)",0.0472112986209853,737.6416015625,-0.418320949534403,0.2217561400342096,87.43329999924754
2,9,54,"(162.5, 137.5, 0.9841255842166583)",0.047820713820327,737.0903930664062,-0.425054194450925,0.2606106834902216,86.4170999993803
2,9,57,"(162.5, 187.5, 1.5999036101857014)",0.0553858616802604,737.6500244140625,-0.4184499461613078,0.2627985009029007,87.71400000114227
2,9,60,"(187.5, 162.5, 1.3188200407831676)",0.0381097650957613,737.6487426757812,-0.4481890757828072,0.1754423978883073,84.91109999886248
2,9,63,"(162.5, 187.5, 1.5999036101857014)",0.0399801520454068,737.6458740234375,-0.4182744163235222,0.1947772779687051,87.74260000063805
2,9,66,"(187.5, 162.5, 1.3188200407831676)",0.0319453528027758,737.6430053710938,-0.4481588520625418,0.1531607753566586,91.0875000008673
2,9,69,"(187.5, 212.5, 2.1581048160551872)",0.0348374491451509,738.7010498046875,-0.4352008187297683,0.1936277499414029,87.10649999920861
2,0,0,"(12.5, 12.5, 0.18196833376614466)",0.0259414511311003,361.989990234375,-0.4400333392204605,2.3744152833011043,88.52830000250833
2,0,3,"(12.5, 62.5, 0.28363914902845005)",0.0538949310888688,547.8142700195312,-0.4463852592693178,2.2886222209114373,87.49059999900055
2,0,6,"(12.5, 112.5, 0.4366052607899271)",0.0893561915978811,549.3047485351562,-0.4336808261532014,1.983634515374653,90.90159999686875
2,0,9,"(37.5, 137.5, 0.6157193847862111)",0.0800826074463403,733.0452270507812,-0.4290133070392286,1.6926899780664355,88.01870000024792
2,0,12,"(62.5, 162.5, 0.8666422036722684)",0.0658717228741848,735.3215942382812,-0.4305181461211171,1.5438061122484503,87.57709999918006
2,0,15,"(112.5, 162.5, 1.0772911766684767)",0.1475877749316583,737.0474243164062,-0.4445440752547067,1.2369016281112453,84.54619999974966
2,0,18,"(162.5, 162.5, 1.2554782219517804)",0.072657053005221,737.3402709960938,-0.4232288503086713,0.3058900108721779,86.93739999944228
2,0,21,"(162.5, 162.5, 1.2554782219517804)",0.0474550495873605,737.3358154296875,-0.4228955841660348,0.2054042319218962,86.0179999981483
2,0,24,"(162.5, 162.5, 1.2554782219517804)",0.058045969429003,737.3473510742188,-0.4229366820891939,0.2322854359212765,88.51379999759956
2,0,27,"(187.5, 187.5, 1.6876002167496233)",0.0374213217736859,738.10693359375,-0.4456709959191491,0.1415377926636717,89.20500000022002
2,0,30,"(187.5, 187.5, 1.6876002167496233)",0.0394795160683887,738.1052856445312,-0.4456746115407367,0.1497761772623467,88.91990000120131
2,0,33,"(162.5, 162.5, 1.2554782219517804)",0.0490041322656645,737.3430786132812,-0.4228742906794736,0.1903364263184139,87.53109999815933
2,0,36,"(162.5, 162.5, 1.2554782219517804)",0.0590998617111976,737.3410034179688,-0.4229360780120602,0.2319971214862107,86.37810000072932
2,0,39,"(187.5, 187.5, 1.6876002167496233)",0.0383220515560695,738.1119995117188,-0.4456709933273591,0.1415349961405445,84.47979999982635
2,0,42,"(212.5, 212.5, 2.2358312589572185)",0.0355218685124978,739.5943603515625,-0.5193967085618177,0.1575504269932662,88.15460000187159
2,0,45,"(212.5, 212.5, 2.2358312589572185)",0.0290157346389039,739.6021118164062,-0.5193817347279034,0.1347784341224534,87.86370000234456
2,0,48,"(212.5, 212.5, 2.2358312589572185)",0.0411707165660883,739.591552734375,-0.5194363296269929,0.1857836254859835,87.91829999972833
2,0,51,"(187.5, 187.5, 1.6876002167496233)",0.030354655478769,738.1044311523438,-0.445665517953165,0.12351203722564,86.80120000281022
2,0,54,"(187.5, 212.5, 2.1581048160551872)",0.0414135560450097,738.704833984375,-0.4353214247298126,0.2348581680269208,85.81799999956274
2,0,57,"(212.5, 187.5, 1.743039893786265)",0.0221269799058654,738.7156372070312,-0.5163197191736346,0.1335597257376167,87.31030000126339
2,0,60,"(187.5, 212.5, 2.1581048160551872)",0.0300451994852935,738.7039184570312,-0.4351616150963208,0.1692358337892275,84.10279999952763
2,0,63,"(212.5, 187.5, 1.743039893786265)",0.0229816533896123,738.7176513671875,-0.5163200200958735,0.133790418702267,89.74640000087675
2,0,66,"(162.5, 187.5, 1.5999036101857014)",0.0366260589491494,737.6390380859375,-0.4182424225162919,0.1720987214956431,87.95850000024075
2,0,69,"(187.5, 162.5, 1.3188200407831676)",0.0284472989756777,737.6427001953125,-0.4481588558991932,0.1531005036479539,86.26699999877019
2,1,0,"(12.5, 12.5, 0.18196833376614466)",0.0271269339703511,361.9932556152344,-0.4400333392204605,2.3744152777636525,88.64400000311434
2,1,3,"(12.5, 62.5, 0.28363914902845005)",0.0533702734191616,547.79833984375,-0.446385259269318,2.288622207542013,85.76109999921755
2,1,6,"(12.5, 112.5, 0.4366052607899271)",0.0863888825169425,549.3164672851562,-0.4336808261532013,1.9836345066478969,88.7014999971143
2,1,9,"(12.5, 162.5, 0.6608693861221441)",0.0601224962082368,549.4263305664062,-0.4191193521375783,1.6331904773103918,87.90980000048876
2,1,12,"(62.5, 162.5, 0.8666422036722684)",0.0633257535546951,735.3285522460938,-0.4308002365738639,1.5427208467751012,88.07220000016969
2,1,15,"(112.5, 162.5, 1.0772911766684767)",0.1488343268950973,736.9828491210938,-0.4445629210863225,1.2370702022939026,85.538399998768
2,1,18,"(162.5, 162.5, 1.2554782219517804)",0.0781545304903623,737.3504028320312,-0.4232288545962514,0.3058889647414367,87.96570000049542
2,1,21,"(187.5, 187.5, 1.6876002167496233)",0.0372507413703328,738.1028442382812,-0.4456712665285992,0.1420635270812925,85.83580000049551
2,1,24,"(187.5, 187.5, 1.6876002167496233)",0.0411266310619749,738.11083984375,-0.44567462370205,0.1497870739914104,86.70030000212137
2,1,27,"(187.5, 187.5, 1.6876002167496233)",0.0329373354244903,738.1070556640625,-0.4456642948292063,0.1213420433254751,89.05960000265623
2,1,30,"(162.5, 162.5, 1.2554782219517804)",0.051316655268244,737.3408203125,-0.4229046876994322,0.2154608165802846,87.99619999990682
2,1,33,"(187.5, 187.5, 1.6876002167496233)",0.0368710467314763,738.1066284179688,-0.4456708849588691,0.1413655461015055,89.01239999977406
2,1,36,"(162.5, 162.5, 1.2554782219517804)",0.0539973346261699,737.3539428710938,-0.4229065873987671,0.2163453533905445,85.29509999789298
2,1,39,"(162.5, 162.5, 1.2554782219517804)",0.0610842416551057,737.3379516601562,-0.4229399980883498,0.2444144622289936,90.39320000010775
2,1,42,"(162.5, 162.5, 1.2554782219517804)",0.0617052585075973,737.3462524414062,-0.4229846151197712,0.2660201379917859,87.83079999921029
2,1,45,"(187.5, 187.5, 1.6876002167496233)",0.0363387497590858,738.110595703125,-0.4456713849576308,0.1420166885881586,90.183899999829
2,1,48,"(187.5, 187.5, 1.6876002167496233)",0.035768249266274,738.1097412109375,-0.445674614483283,0.1497814181826215,88.03579999948852
2,1,51,"(162.5, 162.5, 1.2554782219517804)",0.048670928680494,737.34423828125,-0.4228742910777809,0.1903366356871904,86.19869999893126
2,1,54,"(162.5, 162.5, 1.2554782219517804)",0.058419175651281,737.339599609375,-0.4229360780120601,0.2319971320709906,86.9843000000401
2,1,57,"(187.5, 162.5, 1.3188200407831676)",0.0382880232800508,737.6411743164062,-0.4482760563649117,0.2061126084300911,85.48289999816916
2,1,60,"(137.5, 162.5, 1.173168873178471)",0.059997975933158,737.1017456054688,-0.4144773220376147,0.297886114392535,89.1077000014775
2,1,63,"(187.5, 162.5, 1.3188200407831676)",0.0385349853243006,737.6414794921875,-0.4482468819470697,0.2004811019138788,84.21200000157114
2,1,66,"(162.5, 187.5, 1.5999036101857014)",0.0433119931021063,737.6447143554688,-0.4183220893719617,0.2223933341460627,88.83479999713018
2,1,69,"(187.5, 162.5, 1.3188200407831676)",0.0289307603421146,737.6377563476562,-0.4481592270330622,0.1534966397671018,88.87410000170348
2,2,0,"(12.5, 12.5, 0.18196833376614466)",0.0247719301383813,361.990234375,-0.4400333392204604,2.3744152731137285,87.17320000141626
2,2,3,"(12.5, 62.5, 0.28363914902845005)",0.0532441270032921,547.7965698242188,-0.4463852592693179,2.2886222052526746,85.96530000068014
2,2,6,"(12.5, 112.5, 0.4366052607899271)",0.0873298514427675,549.2958374023438,-0.4336808261532014,1.9836345057254516,85.71019999726559
2,2,9,"(12.5, 162.5, 0.6608693861221441)",0.0593385741640742,549.4345092773438,-0.4191193521375783,1.6331904345911508,86.46529999896302
2,2,12,"(12.5, 187.5, 0.8065005705408667)",0.0187920609189303,549.4331665039062,-0.4209845039606714,1.5260719089874186,87.00559999851976
2,2,15,"(12.5, 187.5, 0.8065005705408667)",0.0168776293760522,549.4300537109375,-0.4208911776954651,1.511480197813,89.08510000037495
2,2,18,"(37.5, 187.5, 0.9366991161239089)",0.0206321035240376,733.0982055664062,-0.421027763436734,1.5096596384988112,84.77710000079242
2,2,21,"(62.5, 162.5, 0.8666422036722684)",0.0601720504343976,735.3267211914062,-0.4309055969869378,1.531933533788107,87.19339999879594
2,2,24,"(112.5, 162.5, 1.0772911766684767)",0.1484931889580775,737.0299682617188,-0.4445702382171234,1.236984725064876,87.30439999999362
2,2,27,"(162.5, 162.5, 1.2554782219517804)",0.0747264121881812,737.3622436523438,-0.423228849234481,0.3058827719449227,87.15460000166786
2,2,30,"(187.5, 187.5, 1.6876002167496233)",0.0360115156767016,738.1121215820312,-0.4456712663748726,0.1420634476010737,86.05810000153724
2,2,33,"(212.5, 212.5, 2.2358312589572185)",0.035101347531608,739.6030883789062,-0.5193967276176534,0.1575623614112553,84.76499999960652
2,2,36,"(212.5, 212.5, 2.2358312589572185)",0.0341205995343045,739.6039428710938,-0.5194133067770081,0.1600365957242241,87.24879999863333
2,2,39,"(212.5, 212.5, 2.2358312589572185)",0.043014820156007,739.6065063476562,-0.5194366240736036,0.1860709294459811,86.7954000023019
2,2,42,"(212.5, 212.5, 2.2358312589572185)",0.0350081148317538,739.6011352539062,-0.5194137864149281,0.1604119070917183,85.31270000094082
2,2,45,"(212.5, 212.5, 2.2358312589572185)",0.0454118294075803,739.5951538085938,-0.5194366448397547,0.1860790700972214,90.64159999979891
2,2,48,"(187.5, 187.5, 1.6876002167496233)",0.0309889016367708,738.1100463867188,-0.4456654933974961,0.1235177303244378,83.92049999747542
2,2,51,"(187.5, 187.5, 1.6876002167496233)",0.0402018597461257,738.1077270507812,-0.4456759101426209,0.1435347772255389,87.47020000009798
2,2,54,"(187.5, 187.5, 1.6876002167496233)",0.0299441236689646,738.1012573242188,-0.4456641034141773,0.1210838121968228,87.08750000005239
2,2,57,"(187.5, 187.5, 1.6876002167496233)",0.0370198982800841,738.1016235351562,-0.4456740144910175,0.1491520965943234,91.115200000786
2,2,60,"(187.5, 212.5, 2.1581048160551872)",0.0435046536117376,738.6917114257812,-0.4353356697364176,0.2385398150598922,93.8270000006014
2,2,63,"(212.5, 187.5, 1.743039893786265)",0.0223629565367237,738.7059936523438,-0.5163196865633268,0.133544819552477,87.65090000088094
2,2,66,"(187.5, 187.5, 1.6876002167496233)",0.0356179619023191,738.1055297851562,-0.4456583115442217,0.1229833164141837,88.46540000013192
2,2,69,"(187.5, 187.5, 1.6876002167496233)",0.0362775986204805,738.1083984375,-0.445676463894418,0.1439380703696545,87.04689999649418
2,3,0,"(12.5, 12.5, 0.18196833376614466)",0.0265075986799512,361.9911804199219,-0.4400333392204604,2.374415273388526,86.41939999870374
2,3,3,"(62.5, 12.5, 0.22209701748718602)",0.052798162811077,547.8157348632812,-0.4504623978963378,2.262284966277229,86.04899999772897
2,3,6,"(112.5, 12.5, 0.25928464034296195)",0.0758612966534905,549.2947998046875,-0.4388626091336772,1.859176429758924,87.0147999994515
2,3,9,"(162.5, 12.5, 0.28824787881908587)",0.0333386503471131,549.4207153320312,-0.4327860913538628,1.5350350258795138,85.7151000018348
2,3,12,"(187.5, 37.5, 0.3821384361587196)",0.0162682059024043,733.093017578125,-0.4430222239997695,1.4688828782218342,87.33620000202791
2,3,15,"(187.5, 87.5, 0.6277479464004823)",0.0492414826355981,736.4976806640625,-0.4630779319590473,1.289706750211301,88.89520000229822
2,3,18,"(162.5, 112.5, 0.7707480035341532)",0.0885123344754427,736.9054565429688,-0.438025553999963,0.8040435579566206,89.97100000124192
2,3,21,"(162.5, 162.5, 1.2554782219517804)",0.067289180615253,737.3447265625,-0.4230757883693435,0.2636655407852655,86.4252999999735
2,3,24,"(162.5, 162.5, 1.2554782219517804)",0.0592844624537179,737.3383178710938,-0.4229377343947721,0.2329682321098759,88.0762999986473
2,3,27,"(187.5, 162.5, 1.3188200407831676)",0.0451153468086017,737.6420288085938,-0.4483985303441158,0.2263106221942094,84.96590000140714
2,3,30,"(137.5, 162.5, 1.173168873178471)",0.0600070191993123,737.1062622070312,-0.4144715451137313,0.2962067831217196,86.33399999962421
2,3,33,"(187.5, 162.5, 1.3188200407831676)",0.039152134695128,737.6465454101562,-0.448246912601404,0.2004839541720885,88.07100000194623
2,3,36,"(162.5, 187.5, 1.5999036101857014)",0.0397215847067329,737.6435546875,-0.4182745352013864,0.1949301572687463,88.65969999897061
2,3,39,"(187.5, 162.5, 1.3188200407831676)",0.034528824762564,737.6477661132812,-0.4481882606326289,0.1748738778292047,84.7143999999389
2,3,42,"(162.5, 187.5, 1.5999036101857014)",0.0479085521486293,737.649658203125,-0.418321854401809,0.2222019366782219,90.15619999991031
2,3,45,"(187.5, 162.5, 1.3188200407831676)",0.0344455656251422,737.6412353515625,-0.4481888527143485,0.1752440695412986,87.33079999728943
2,3,48,"(187.5, 187.5, 1.6876002167496233)",0.0332800439287254,738.1072998046875,-0.4456595022937257,0.1306313026052162,86.14189999934752
2,3,51,"(162.5, 162.5, 1.2554782219517804)",0.0560163111619769,737.3380126953125,-0.4229071764661571,0.2164076171780297,87.64719999817316
2,3,54,"(187.5, 187.5, 1.6876002167496233)",0.0379337252666938,738.1100463867188,-0.4456708819678095,0.1413681557748866,88.31459999782965
2,3,57,"(187.5, 187.5, 1.6876002167496233)",0.034823189068504,738.1096801757812,-0.4456765368922837,0.1441185005977699,87.31160000024829
2,3,60,"(187.5, 187.5, 1.6876002167496233)",0.0307413326920523,738.1107788085938,-0.4456641048738973,0.1210879950850856,90.5423999975028
2,3,63,"(187.5, 187.5, 1.6876002167496233)",0.0400908633389859,738.1021728515625,-0.4456759019034823,0.1434879332026178,86.80959999765037
2,3,66,"(187.5, 187.5, 1.6876002167496233)",0.028781900104738,738.1087646484375,-0.4456641029467784,0.1210831868204281,86.28279999902588
2,3,69,"(187.5, 187.5, 1.6876002167496233)",0.0386567899028724,738.0995483398438,-0.4456759017170979,0.1434877998843751,86.57929999753833
2,4,0,"(12.5, 12.5, 0.18196833376614466)",0.0257605806887568,361.9875183105469,-0.4400333392204605,2.374415271707839,88.61389999947278
2,4,3,"(12.5, 62.5, 0.28363914902845005)",0.0530774249281969,547.7962646484375,-0.4463852592693179,2.2886222114078665,88.36019999944256
2,4,6,"(12.5, 112.5, 0.4366052607899271)",0.0872266417650283,549.3203125,-0.4336808261532014,1.983634511588509,85.46449999994365
2,4,9,"(12.5, 162.5, 0.6608693861221441)",0.0591489462857751,549.4295043945312,-0.4191193521375783,1.6331904462092035,86.06389999840758
2,4,12,"(37.5, 187.5, 0.9366991161239089)",0.020648889832949,733.0935668945312,-0.4210946707310634,1.5132982251276084,89.12450000207173
2,4,15,"(87.5, 187.5, 1.2167243398877836)",0.0602656843391877,736.5225830078125,-0.4304514104228163,1.504266355973416,87.4480999991647
2,4,18,"(137.5, 187.5, 1.486849047589336)",0.1583598065001749,737.4573364257812,-0.4444247152903258,1.175240604895919,94.79420000207028
2,4,21,"(187.5, 187.5, 1.6876002167496233)",0.0474313445003201,738.0979614257812,-0.4457426575770983,0.1780674754717718,92.01159999793164
2,4,24,"(187.5, 187.5, 1.6876002167496233)",0.0315368293164584,738.1068115234375,-0.4456640083868121,0.1211339079916039,87.24609999990207
2,4,27,"(187.5, 187.5, 1.6876002167496233)",0.0360084289100851,738.1112670898438,-0.4456759138953942,0.1434953313592598,85.58669999911217
2,4,30,"(187.5, 187.5, 1.6876002167496233)",0.0349597450576853,738.1192626953125,-0.4456641029201029,0.1210831996359524,86.1707000003662
2,4,33,"(187.5, 187.5, 1.6876002167496233)",0.0385977044659789,738.105224609375,-0.4456759017170978,0.1434878127236721,85.03589999963879
2,4,36,"(212.5, 212.5, 2.2358312589572185)",0.0278867034655934,739.6019897460938,-0.5193800667774733,0.1324450875380345,85.646599996835
2,4,39,"(212.5, 212.5, 2.2358312589572185)",0.041732992429435,739.5911865234375,-0.5194362569786519,0.1857315189874769,90.33389999967768
2,4,42,"(187.5, 187.5, 1.6876002167496233)",0.0331377872106208,738.1153564453125,-0.4456655174962368,0.1235115179062532,89.51890000025742
2,4,45,"(162.5, 162.5, 1.2554782219517804)",0.0551273512810282,737.3353881835938,-0.4229048002728149,0.2155272647579754,84.4848999986425
2,4,48,"(162.5, 162.5, 1.2554782219517804)",0.050722266568201,737.3419189453125,-0.4228942209572184,0.2044115015462151,85.45579999918118
2,4,51,"(162.5, 162.5, 1.2554782219517804)",0.056793222881528,737.3425903320312,-0.4229366136052775,0.2322642419526425,85.61449999979232
2,4,54,"(187.5, 187.5, 1.6876002167496233)",0.0370402383653037,738.1021728515625,-0.4456709957831498,0.1415376632631595,84.8837999983516
2,4,57,"(187.5, 187.5, 1.6876002167496233)",0.0398373827434084,738.10595703125,-0.4456765096519033,0.1441212392173022,86.60959999906481
2,4,60,"(212.5, 212.5, 2.2358312589572185)",0.0310753771249729,739.6088256835938,-0.5193800695693723,0.1324503663717465,88.86379999967176
2,4,63,"(212.5, 212.5, 2.2358312589572185)",0.0410504287952992,739.6035766601562,-0.5194362575881308,0.185731725698804,87.10450000216952
2,4,66,"(212.5, 212.5, 2.2358312589572185)",0.0369640249102136,739.6019897460938,-0.5194137675388866,0.1604037682331475,87.01559999826713
2,4,69,"(187.5, 187.5, 1.6876002167496233)",0.0373780396053513,738.1069946289062,-0.445678081197688,0.1462819987252752,93.90450000137209
2,5,0,"(12.5, 12.5, 0.18196833376614466)",0.0258263142977744,361.994140625,-0.4400333392204604,2.374415270954304,92.42399999857298
2,5,3,"(62.5, 12.5, 0.22209701748718602)",0.0526171493359061,547.8131713867188,-0.4504623978963378,2.262284971419787,98.18299999824376
2,5,6,"(112.5, 12.5, 0.25928464034296195)",0.0748242736473358,549.2939453125,-0.4388626091336771,1.8591764203032368,101.1021999984223
2,5,9,"(162.5, 12.5, 0.28824787881908587)",0.0338320904333474,549.42431640625,-0.4327860913538627,1.535035020851649,95.10450000016137
2,5,12,"(162.5, 37.5, 0.36885431762662557)",0.031348718200533,733.0714111328125,-0.4419801811417647,1.4710908854363571,92.78910000284668
2,5,15,"(162.5, 87.5, 0.6032065562571883)",0.0744845325392282,736.4462280273438,-0.4505781726178615,1.185055106777396,84.68060000086552
2,5,18,"(162.5, 137.5, 0.9841255842166583)",0.092902091182608,737.1494140625,-0.4287781362617694,0.4997840517057472,85.11980000184849
2,5,21,"(162.5, 187.5, 1.5999036101857014)",0.0570081814691988,737.6326293945312,-0.4184393609639737,0.2608117536434386,85.03239999845391
2,5,24,"(187.5, 162.5, 1.3188200407831676)",0.0329316348005592,737.6385498046875,-0.4481891639309312,0.1754713302728689,86.29120000114199
2,5,27,"(187.5, 212.5, 2.1581048160551872)",0.0339038729646452,738.7125854492188,-0.435201579710415,0.1940605015589397,88.20310000010068
2,5,30,"(212.5, 187.5, 1.743039893786265)",0.0201989255227279,738.7163696289062,-0.5163159722656933,0.129605522631771,86.29389999987325
2,5,33,"(187.5, 187.5, 1.6876002167496233)",0.0321219170806347,738.111328125,-0.4456582803172518,0.1229197636531012,84.63710000069113
2,5,36,"(187.5, 187.5, 1.6876002167496233)",0.0400055559564825,738.107421875,-0.4456764624066805,0.1439368060167546,89.02769999986049
2,5,39,"(187.5, 187.5, 1.6876002167496233)",0.0331010325547034,738.1121215820312,-0.445664100078152,0.1210830112606428,88.07829999932437
2,5,42,"(187.5, 187.5, 1.6876002167496233)",0.0360631824249382,738.1067504882812,-0.4456759018987686,0.1434879041365525,86.91219999673194
2,5,45,"(187.5, 187.5, 1.6876002167496233)",0.0345025127913557,738.1099853515625,-0.4456641029467783,0.1210831506546536,94.96560000116006
2,5,48,"(187.5, 187.5, 1.6876002167496233)",0.0364278186497786,738.10888671875,-0.4456759017170977,0.1434878228338675,86.7580000012822
2,5,51,"(162.5, 162.5, 1.2554782219517804)",0.0450112312950947,737.3406982421875,-0.4228736368368876,0.1899753867252391,85.0998999994772
2,5,54,"(162.5, 162.5, 1.2554782219517804)",0.0518983455714752,737.336181640625,-0.4229360790870156,0.2319942599280252,86.18480000222917
2,5,57,"(187.5, 162.5, 1.3188200407831676)",0.0410855832752746,737.6392822265625,-0.4482760554048811,0.206112399138253,85.99649999814574
2,5,60,"(187.5, 212.5, 2.1581048160551872)",0.0346701915329642,738.703369140625,-0.4352008606992582,0.1937587701773778,87.82780000183266
2,5,63,"(187.5, 162.5, 1.3188200407831676)",0.0284574791979101,737.640625,-0.4481445784000562,0.141023610229403,85.0696000015887
2,5,66,"(162.5, 187.5, 1.5999036101857014)",0.0462197145215973,737.6343383789062,-0.4183209705181955,0.2217078344899521,90.94919999915874
2,5,69,"(212.5, 187.5, 1.743039893786265)",0.0226712731639096,738.7120971679688,-0.5163310426693208,0.1424641740369794,84.99659999870346
2,6,0,"(12.5, 12.5, 0.18196833376614466)",0.0254505554133315,361.9918518066406,-0.4400333392204605,2.3744152780940557,86.62320000075852
2,6,3,"(12.5, 62.5, 0.28363914902845005)",0.0537504235008335,547.8023681640625,-0.4463852592693179,2.288622206319348,88.45470000233036
2,6,6,"(12.5, 112.5, 0.4366052607899271)",0.0896818508756037,549.3155517578125,-0.4336808261532015,1.98363453898354,91.28840000266791
2,6,9,"(37.5, 137.5, 0.6157193847862111)",0.0811128638196488,733.0374145507812,-0.4290133070392286,1.6926900113436345,86.6359999999986
2,6,12,"(37.5, 187.5, 0.9366991161239089)",0.0225207133719375,733.0997924804688,-0.4214728024810936,1.5216134448765763,88.28080000239424
2,6,15,"(62.5, 162.5, 0.8666422036722684)",0.0610554756985615,735.349365234375,-0.4308943319217923,1.532107093570494,87.80820000174572
2,6,18,"(112.5, 162.5, 1.0772911766684767)",0.1472659702868579,737.0429077148438,-0.4445694853728806,1.2369804994412144,89.19000000241795
2,6,21,"(162.5, 162.5, 1.2554782219517804)",0.0776891425827561,737.34423828125,-0.4232288489247714,0.3058829336376666,86.47760000167182
2,6,24,"(187.5, 187.5, 1.6876002167496233)",0.0356359722747913,738.106689453125,-0.4456712663748727,0.1420634571040223,86.9870999995328
2,6,27,"(187.5, 187.5, 1.6876002167496233)",0.0378069395424177,738.1012573242188,-0.44567462370205,0.1497870959214488,88.52249999836204
2,6,30,"(162.5, 162.5, 1.2554782219517804)",0.0475843610535356,737.3458251953125,-0.42287429101994,0.1903366616742933,92.60580000045591
2,6,33,"(187.5, 187.5, 1.6876002167496233)",0.0418498442624187,738.1077880859375,-0.445683520760974,0.1607674094468084,88.30540000053588
2,6,36,"(187.5, 187.5, 1.6876002167496233)",0.0327931951775139,738.1107177734375,-0.4456643738202767,0.1214830520122445,85.03720000226167
2,6,39,"(212.5, 212.5, 2.2358312589572185)",0.0375488843960709,739.591552734375,-0.5193958389092033,0.1568644852748644,87.51630000188015
2,6,42,"(212.5, 212.5, 2.2358312589572185)",0.0350255340589106,739.6022338867188,-0.5194133005593916,0.1600308703583263,87.09939999971539
2,6,45,"(187.5, 187.5, 1.6876002167496233)",0.0353441906105948,738.10107421875,-0.445678073243737,0.1462754859311529,87.74880000055418
2,6,48,"(212.5, 212.5, 2.2358312589572185)",0.0310548824633019,739.6138916015625,-0.5193801123462496,0.1324891506516365,88.03619999889634
2,6,51,"(212.5, 212.5, 2.2358312589572185)",0.0373897098365079,739.5960693359375,-0.5194362590526753,0.1857324151063118,88.55309999853489
2,6,54,"(187.5, 187.5, 1.6876002167496233)",0.0284643381034944,738.1107177734375,-0.4456655174962368,0.1235115203825082,86.95340000122087
2,6,57,"(187.5, 187.5, 1.6876002167496233)",0.0376992565396938,738.1171875,-0.445675922148685,0.1435347215919263,83.36019999842392
2,6,60,"(162.5, 162.5, 1.2554782219517804)",0.0483482713591567,737.3358764648438,-0.4228736385943059,0.1899764008681977,86.84829999765498
2,6,63,"(162.5, 162.5, 1.2554782219517804)",0.0583621494564276,737.3348388671875,-0.4229360790870156,0.2319942386648898,88.50399999937508
2,6,66,"(187.5, 187.5, 1.6876002167496233)",0.0351028387183652,738.1130981445312,-0.4456709932140488,0.1415348610576851,86.54659999956493
2,6,69,"(212.5, 212.5, 2.2358312589572185)",0.0367045346736552,739.600830078125,-0.5193967085573754,0.1575504275526085,87.14600000166683
2,7,0,"(12.5, 12.5, 0.18196833376614466)",0.0258994392448979,361.9907531738281,-0.4400333392204605,2.374415266587755,87.01709999877494
2,7,3,"(12.5, 62.5, 0.28363914902845005)",0.053231655525888,547.81005859375,-0.4463852592693179,2.288622222693664,97.0884999987902
2,7,6,"(12.5, 112.5, 0.4366052607899271)",0.0898460033391426,549.3168334960938,-0.4336808261532014,1.9836345216066784,84.32320000065374
2,7,9,"(37.5, 137.5, 0.6157193847862111)",0.0780933118873091,733.0459594726562,-0.4290133070392286,1.6926899864194898,87.04479999869363
2,7,12,"(62.5, 162.5, 0.8666422036722684)",0.0653502905334298,735.3190307617188,-0.4305181461211171,1.5438061170091355,87.20779999930528
2,7,15,"(112.5, 162.5, 1.0772911766684767)",0.1478674622236771,737.0369873046875,-0.4445440752547067,1.2369016126009873,85.455100001127
2,7,18,"(162.5, 162.5, 1.2554782219517804)",0.077719238200783,737.34814453125,-0.4232288503086714,0.3058900123379449,86.9875000025786
2,7,21,"(187.5, 187.5, 1.6876002167496233)",0.0382641705518601,738.10693359375,-0.4456712665575357,0.1420635643673636,86.22149999791873
2,7,24,"(187.5, 187.5, 1.6876002167496233)",0.0379209648234838,738.10595703125,-0.4456765230203174,0.1441321372719531,85.98910000000615
2,7,27,"(187.5, 162.5, 1.3188200407831676)",0.0406437330101434,737.634521484375,-0.4483271826993997,0.2095626027376246,87.28870000049938
2,7,30,"(187.5, 187.5, 1.6876002167496233)",0.0334055687147584,738.101318359375,-0.4456595995102114,0.1303268994634897,86.69030000237399
2,7,33,"(187.5, 187.5, 1.6876002167496233)",0.0389896993828595,738.11669921875,-0.4456747801241628,0.1497982543730069,88.86079999865615
2,7,36,"(212.5, 187.5, 1.743039893786265)",0.0276670812111629,738.7073974609375,-0.5163611071732109,0.1593262829012654,89.1758000034315
2,7,39,"(187.5, 212.5, 2.1581048160551872)",0.0332215731483819,738.7030639648438,-0.4351671906000944,0.1741631642301453,84.93600000292645
2,7,42,"(212.5, 187.5, 1.743039893786265)",0.0206495553594349,738.7188110351562,-0.5163200845980195,0.1338660013277492,86.48320000065723
2,7,45,"(187.5, 212.5, 2.1581048160551872)",0.0360127398686897,738.7009887695312,-0.4351680447190427,0.1747012581591948,86.80919999824255
2,7,48,"(187.5, 162.5, 1.3188200407831676)",0.0292175745335834,737.6388549804688,-0.4481446263887397,0.1410297139776718,87.15849999862257
2,7,51,"(137.5, 162.5, 1.173168873178471)",0.0574862599763249,737.086669921875,-0.414476801624001,0.2972917125980105,85.41069999773754
2,7,54,"(162.5, 137.5, 0.9841255842166583)",0.0551145920166289,737.0982666015625,-0.4251732153972238,0.293437005225943,87.19199999904959
2,7,57,"(162.5, 162.5, 1.2554782219517804)",0.0628318053726094,737.3475952148438,-0.4230056578739276,0.2556681632966856,84.8863999999594
2,7,60,"(187.5, 187.5, 1.6876002167496233)",0.0389676045827912,738.1116333007812,-0.445684228616621,0.1615575057469861,84.4491999996535
2,7,63,"(187.5, 187.5, 1.6876002167496233)",0.0347387144272343,738.1067504882812,-0.4456649517307856,0.1316607517559506,88.38260000266018
2,7,66,"(162.5, 162.5, 1.2554782219517804)",0.0528649064685189,737.345947265625,-0.4229061671239911,0.216100270377008,90.0156000025163
2,7,69,"(187.5, 187.5, 1.6876002167496233)",0.0361518403970044,738.1128540039062,-0.4456708855077604,0.1413690206592354,85.25009999721078
2,8,0,"(12.5, 12.5, 0.18196833376614466)",0.0261464730912684,361.9873352050781,-0.4400333392204605,2.374415253621151,87.10769999743206
2,8,3,"(62.5, 12.5, 0.22209701748718602)",0.053516522145398,547.8042602539062,-0.4504623978963379,2.262284964981625,88.10770000127377
2,8,6,"(112.5, 12.5, 0.25928464034296195)",0.0743429948299926,549.2910766601562,-0.4388626091336771,1.859176408003116,84.20960000148625
2,8,9,"(162.5, 12.5, 0.28824787881908587)",0.0342630611735138,549.4176635742188,-0.4327860913538628,1.5350350446464265,83.44899999792688
2,8,12,"(162.5, 62.5, 0.47180880263826486)",0.0500280765994449,735.3117065429688,-0.4499311442093245,1.3808040777255954,88.83090000017546
2,8,15,"(162.5, 112.5, 0.7707480035341532)",0.0997344208102448,736.9420776367188,-0.4404522464636762,0.8586688491506334,86.54820000083419
2,8,18,"(162.5, 162.5, 1.2554782219517804)",0.0655114806255841,737.3408813476562,-0.4230771899314972,0.2652091490380561,92.46700000221608
2,8,21,"(162.5, 162.5, 1.2554782219517804)",0.0573502571780535,737.3370361328125,-0.4229378482434704,0.2330169356414544,89.6286000024702
2,8,24,"(162.5, 162.5, 1.2554782219517804)",0.065252110991923,737.3452758789062,-0.4229406105022408,0.2447106136038499,85.92230000067502
2,8,27,"(187.5, 187.5, 1.6876002167496233)",0.0442773343335014,738.1048583984375,-0.4456844609748897,0.1616454296737279,88.95219999976689
2,8,30,"(162.5, 162.5, 1.2554782219517804)",0.046557254049407,737.3409423828125,-0.422874585477959,0.1905660584165676,89.11689999877126
2,8,33,"(162.5, 162.5, 1.2554782219517804)",0.0636408156889782,737.3406982421875,-0.4229806381796419,0.2646716481823629,90.4396000005363
2,8,36,"(162.5, 162.5, 1.2554782219517804)",0.0522003922853794,737.3402709960938,-0.4228959568775156,0.2053274968850003,86.16470000197296
2,8,39,"(137.5, 187.5, 1.486849047589336)",0.0831999290830129,737.356689453125,-0.4176127159082151,0.6338687698504418,88.4738999993715
2,8,42,"(187.5, 187.5, 1.6876002167496233)",0.0481058059978875,738.106689453125,-0.4457393215599155,0.1773536272231611,85.26189999975031
2,8,45,"(187.5, 187.5, 1.6876002167496233)",0.0305853761889742,738.1104125976562,-0.4456640308151694,0.1211513307033861,89.13210000173422
2,8,48,"(162.5, 162.5, 1.2554782219517804)",0.0514645261193628,737.3406982421875,-0.4229047130282206,0.215468262979215,87.2118999977829
2,8,51,"(187.5, 187.5, 1.6876002167496233)",0.0356600164225696,738.1084594726562,-0.4456708848409807,0.1413655625212788,88.67669999744976
2,8,54,"(187.5, 187.5, 1.6876002167496233)",0.0369219629772837,738.1080322265625,-0.4456765365922509,0.1441182573001273,86.59780000016326
2,8,57,"(162.5, 162.5, 1.2554782219517804)",0.0467734721672544,737.33740234375,-0.422873644683909,0.1899835053254055,89.91180000157328
2,8,60,"(162.5, 162.5, 1.2554782219517804)",0.0534596080602326,737.3485107421875,-0.4229360800051269,0.2319944513121876,88.3627000002889
2,8,63,"(187.5, 187.5, 1.6876002167496233)",0.0373784396359428,738.105224609375,-0.4456709932140488,0.1415348609759103,90.49379999851226
2,8,66,"(187.5, 187.5, 1.6876002167496233)",0.0385288276041095,738.1185913085938,-0.4456765096118928,0.1441212329695233,86.58969999669353
2,8,69,"(212.5, 212.5, 2.2358312589572185)",0.0287672024366592,739.614990234375,-0.5193800695693723,0.1324503558834473,87.11290000064764
2,9,0,"(12.5, 12.5, 0.18196833376614466)",0.0256501770777208,361.9866333007813,-0.4400333392204605,2.3744152666824205,85.69699999861768
2,9,3,"(12.5, 62.5, 0.28363914902845005)",0.0538071505823424,547.8015747070312,-0.446385259269318,2.2886222290135376,89.76330000223243
2,9,6,"(12.5, 112.5, 0.4366052607899271)",0.0883293763349213,549.3082275390625,-0.4336808261532014,1.9836345286306425,85.38469999984954
2,9,9,"(37.5, 137.5, 0.6157193847862111)",0.0801932238227473,733.0440063476562,-0.4290133070392285,1.6926900097746695,86.88169999732054
2,9,12,"(37.5, 187.5, 0.9366991161239089)",0.0228958914321171,733.103759765625,-0.4214728024810936,1.5216134418397658,84.64610000009998
2,9,15,"(87.5, 187.5, 1.2167243398877836)",0.0598126966138835,736.5210571289062,-0.4304465586546159,1.504264535495318,85.85769999990589
2,9,18,"(137.5, 187.5, 1.486849047589336)",0.15902841127737,737.4209594726562,-0.4444240753454286,1.1752336623724222,85.97640000152751
2,9,21,"(162.5, 162.5, 1.2554782219517804)",0.0673663115078125,737.3405151367188,-0.4231318976887852,0.2574163741197633,86.70319999873755
2,9,24,"(212.5, 162.5, 1.3586399298398657)",0.0372289259509739,738.0291748046875,-0.5023720200770722,0.3504078755058973,87.24209999854793
2,9,27,"(187.5, 187.5, 1.6876002167496233)",0.0378189998987017,738.1052856445312,-0.4456930589209864,0.1339958534081383,87.1173000014096
2,9,30,"(187.5, 187.5, 1.6876002167496233)",0.0379650787320035,738.1056518554688,-0.4456732219260654,0.148506577235799,86.71299999696203
2,9,33,"(187.5, 187.5, 1.6876002167496233)",0.0323886332864384,738.1119384765625,-0.4456648646808608,0.1314921046889333,85.98019999772077
2,9,36,"(187.5, 187.5, 1.6876002167496233)",0.039027966057403,738.107666015625,-0.4456764076218647,0.1439489996049077,85.72590000039781
2,9,39,"(187.5, 187.5, 1.6876002167496233)",0.0340854606331329,738.10986328125,-0.4456646455287157,0.1312489802165668,87.28920000066864
2,9,42,"(187.5, 187.5, 1.6876002167496233)",0.0355148614434658,738.109619140625,-0.4456764090175151,0.1439480953539105,89.5870999993349
2,9,45,"(187.5, 187.5, 1.6876002167496233)",0.0328113529948623,738.111083984375,-0.4456646454613702,0.1312489472798131,84.79249999800231
2,9,48,"(187.5, 187.5, 1.6876002167496233)",0.0371636029052423,738.1094970703125,-0.4456744918029203,0.1495962052597657,88.57710000302177
2,9,51,"(187.5, 187.5, 1.6876002167496233)",0.0327898975132145,738.1026611328125,-0.4456642928294586,0.1213394546579363,88.70899999965332
2,9,54,"(187.5, 187.5, 1.6876002167496233)",0.0378816027253115,738.1145629882812,-0.4456740141950217,0.1491538841186904,88.99419999943348
2,9,57,"(212.5, 212.5, 2.2358312589572185)",0.0289902229686464,739.61181640625,-0.5193803565368281,0.1327221174631099,84.93190000081086
2,9,60,"(212.5, 212.5, 2.2358312589572185)",0.0334299892055893,739.6063842773438,-0.5193985682420476,0.1596002041598299,88.86459999848739
2,9,63,"(212.5, 212.5, 2.2358312589572185)",0.0357657927491984,739.5994873046875,-0.5194133523003315,0.1600758828241713,85.42110000053071
2,9,66,"(187.5, 187.5, 1.6876002167496233)",0.0370920766546867,738.109619140625,-0.4456780739808846,0.1462761422295857,86.15220000137924
2,9,69,"(187.5, 187.5, 1.6876002167496233)",0.0309779561264163,738.1105346679688,-0.4456641348127985,0.1211235031780185,84.50290000109817
2,0,0,"(137.5, 362.5, 6.88289330546234)",0.0815665097893069,737.7263793945312,-3.357596138231333,1.5275506185799423,86.69779999763705
2,0,3,"(187.5, 362.5, 9.103110310900643)",0.0010663376989917,743.5701904296875,-3.9913259286766576,0.0010616992026136,88.19740000035381
2,0,6,"(187.5, 362.5, 9.103110310900643)",0.0009298481144081,743.5701904296875,-3.991325928676566,0.0009468714714625,86.01510000153212
2,0,9,"(162.5, 387.5, 9.797797492156253)",0.0272523120540741,740.7197265625,-7.201305227772411,0.039053987641283,86.7541000006895
2,0,12,"(162.5, 387.5, 9.797797492156253)",0.100533356275143,740.7838745117188,-7.201933884837349,0.1482931318191958,86.5680999995675
2,0,15,"(137.5, 387.5, 8.184609533832969)",0.0019961518087836,739.0115356445312,-5.522822893943852,0.015339525675497,85.86490000016056
2,0,18,"(162.5, 412.5, 11.634380720059667)",1.003517439074767,767.3812866210938,-10.305538347262097,1.4404624709987686,121.56590000085998
2,0,21,"(112.5, 412.5, 7.580708003809701)",0.0189379084733268,737.3414306640625,-5.639474556064486,0.0141308985747419,89.5405999981449
2,0,24,"(162.5, 412.5, 11.634380720059667)",1.3735306456431298,645.638916015625,-2.4554990618875667,0.5145689123755854,86.38459999929182
2,0,27,"(137.5, 387.5, 8.184609533832969)",0.0003583806444878,739.0115356445312,-5.5228227318145935,0.004942621009564,88.19550000043819
2,0,30,"(137.5, 337.5, 5.675677129206918)",0.0980902902299898,739.95068359375,-1.2081352162582766,0.6681126091843672,86.96290000079898
2,0,33,"(137.5, 287.5, 3.720264207629609)",0.8157196990433455,740.8766479492188,-0.8874207159191627,1.5196492594651505,88.14759999950184
2,0,36,"(137.5, 287.5, 3.720264207629609)",0.0511842047025516,738.2882080078125,-0.7322476304521218,0.6484918616484383,85.66170000267448
2,0,39,"(162.5, 262.5, 3.2775456166337156)",0.0350201747684243,738.6953125,-0.475527815533988,0.9214860433416784,89.0819999985979
2,0,42,"(162.5, 312.5, 5.206150757863988)",0.3473489382996289,738.9597778320312,-0.8294829882806664,1.5237656662512564,124.212599999737
2,0,45,"(162.5, 262.5, 3.2775456166337156)",0.0248749393821704,738.9031982421875,-0.4713234691689008,0.5969529489831692,84.83899999919231
2,0,48,"(162.5, 312.5, 5.206150757863988)",0.34807556222025,738.9025268554688,-0.8260089946252958,1.5252886122150502,122.29509999815492
2,0,51,"(162.5, 262.5, 3.2775456166337156)",0.022724403142573,738.91552734375,-0.4713229761262665,0.5968863796846933,87.64720000181114
2,0,54,"(162.5, 312.5, 5.206150757863988)",0.3466128388105897,738.9404296875,-0.8260080398189739,1.525289000943876,120.82329999975629
2,0,57,"(162.5, 262.5, 3.2775456166337156)",0.0240336258914985,738.908935546875,-0.4713229761262665,0.596886388776768,86.37539999836008
2,0,60,"(162.5, 312.5, 5.206150757863988)",0.3473713093288429,738.8441162109375,-0.826008039818974,1.5252890046447394,124.89060000007156
2,0,63,"(162.5, 262.5, 3.2775456166337156)",0.0259617855043517,738.8988647460938,-0.4713229761262666,0.5968863797298047,86.48510000057286
2,0,66,"(162.5, 312.5, 5.206150757863988)",0.3474214096277533,738.9000244140625,-0.8260080398189739,1.5252890009740934,122.10290000075474
2,0,69,"(162.5, 262.5, 3.2775456166337156)",0.0244710180839065,738.9119262695312,-0.4713229761262665,0.5968863693456801,84.60920000288752
2,1,0,"(137.5, 362.5, 6.88289330546234)",0.0808901195830141,737.7434692382812,-3.357596138231333,1.527550616792177,87.02059999995981
2,1,3,"(187.5, 362.5, 9.103110310900643)",0.001354417000037,743.5701904296875,-3.9913259286766585,0.001061696293012,87.14390000022831
2,1,6,"(162.5, 337.5, 6.503826249283008)",0.0162267725097224,740.617431640625,-2.0271575949081613,0.1410568708087838,86.09459999934188
2,1,9,"(212.5, 337.5, 7.7206787211523045)",0.0019017512668151,747.119873046875,-1.1563744852294864,0.0030552501926353,84.8206000009668
2,1,12,"(162.5, 337.5, 6.503826249283008)",0.0218665685967847,740.5964965820312,-2.0271576132897677,0.1876566267972015,86.2972000031732
2,1,15,"(212.5, 337.5, 7.7206787211523045)",0.0019102495546714,747.119873046875,-1.1563744852296154,0.003059765121323,87.56890000222484
2,1,18,"(162.5, 337.5, 6.503826249283008)",0.0221188558906841,740.5926513671875,-2.0271576942106733,0.1876706573350728,85.61940000072354
2,1,21,"(212.5, 337.5, 7.7206787211523045)",0.0016468395472017,747.119873046875,-1.1563744852296154,0.0030597557131915,90.19249999983003
2,1,24,"(212.5, 337.5, 7.7206787211523045)",0.0112620029770893,747.119873046875,-1.1563745781493011,0.0164931060936664,84.32009999887669
2,1,27,"(187.5, 362.5, 9.103110310900643)",0.0015102174343772,743.5701904296875,-3.991325928676798,0.0011178374142418,92.94280000176514
2,1,30,"(162.5, 337.5, 6.503826249283008)",0.0142685325797339,740.608154296875,-2.0271577138273758,0.1277481526225605,84.1500000024098
2,1,33,"(137.5, 312.5, 4.617102976724376)",0.0767491116751028,743.2821044921875,-0.4142377290649799,0.2419407382389743,86.17439999943599
2,1,36,"(137.5, 262.5, 2.9770964423387296)",0.0145811476452039,738.015869140625,-0.5312184565113965,0.754032272915711,87.46379999865894
2,1,39,"(137.5, 312.5, 4.617102976724376)",0.5061127481186753,739.0325317382812,-0.9521760958948996,1.4567559421973124,122.6341000001412
2,1,42,"(137.5, 262.5, 2.9770964423387296)",0.0165743660975261,737.9978637695312,-0.531576881255029,0.7831184956882865,86.09879999858094
2,1,45,"(137.5, 312.5, 4.617102976724376)",0.5071307837171327,739.048828125,-0.952483221231813,1.4563148175992409,123.48209999981918
2,1,48,"(137.5, 262.5, 2.9770964423387296)",0.0157565175214443,738.005615234375,-0.5315769671488858,0.7831258783593233,85.6604000000516
2,1,51,"(137.5, 312.5, 4.617102976724376)",0.5077620309514099,739.0221557617188,-0.952483320743982,1.4563146798079352,120.6148999990546
2,1,54,"(137.5, 262.5, 2.9770964423387296)",0.0157242496416924,738.0028076171875,-0.5315769671488859,0.7831258695088255,82.70350000020699
2,1,57,"(137.5, 312.5, 4.617102976724376)",0.5075341402132939,739.017822265625,-0.952483320743982,1.456314678943008,123.45360000108484
2,1,60,"(137.5, 262.5, 2.9770964423387296)",0.0152845407057094,738.0059204101562,-0.5315769671488859,0.7831258792958065,84.95630000106758
2,1,63,"(137.5, 312.5, 4.617102976724376)",0.5099105620929791,739.0214233398438,-0.952483320743982,1.456314705887848,126.85159999819008
2,1,66,"(137.5, 262.5, 2.9770964423387296)",0.0156389880658891,738.0037841796875,-0.5315769671488859,0.7831258703501232,88.46070000072359
2,1,69,"(137.5, 312.5, 4.617102976724376)",0.5097556048574321,738.9830322265625,-0.952483320743982,1.4563146924028751,120.30659999800264
2,2,0,"(137.5, 362.5, 6.88289330546234)",0.0812985598664122,737.7352905273438,-3.357596138231333,1.527550622547317,86.34069999970961
2,2,3,"(187.5, 362.5, 9.103110310900643)",0.0006387804598889,743.5701904296875,-3.9913259286766585,0.0010616990131317,85.9323000004224
2,2,6,"(187.5, 362.5, 9.103110310900643)",0.0008578287929517,743.5701904296875,-3.991325928676565,0.0009468708757378,88.90850000170758
2,2,9,"(162.5, 337.5, 6.503826249283008)",0.0168591160933443,740.6223754882812,-2.0271576386494625,0.1381252608592914,88.78059999915422
2,2,12,"(162.5, 287.5, 4.140142738102741)",0.7186214801924631,741.5192260742188,-0.7243915505408764,1.535366284287326,89.46269999796641
2,2,15,"(162.5, 287.5, 4.140142738102741)",0.0974525835389685,739.416259765625,-0.6390569018414997,0.5818227883232165,88.01239999957033
2,2,18,"(137.5, 262.5, 2.9770964423387296)",0.0181899255292548,737.9421997070312,-0.534575282792053,0.9662491674881358,88.2277000018803
2,2,21,"(137.5, 312.5, 4.617102976724376)",0.5061011159447661,738.9614868164062,-0.955434040821192,1.4518120483017725,129.2856000000029
2,2,24,"(137.5, 262.5, 2.9770964423387296)",0.0154356390266475,737.9970703125,-0.531577507082337,0.7831687864710669,87.00599999792757
2,2,27,"(137.5, 312.5, 4.617102976724376)",0.5105709792098222,739.1165161132812,-0.9524840607497268,1.456313588911761,123.40860000040266
2,2,30,"(137.5, 262.5, 2.9770964423387296)",0.0159357769322474,737.998046875,-0.5315769400971697,0.7831261777658105,87.40300000135903
2,2,33,"(137.5, 312.5, 4.617102976724376)",0.5123899386785108,739.1099243164062,-0.952483320743982,1.456314703776918,130.33180000275024
2,2,36,"(137.5, 262.5, 2.9770964423387296)",0.0154973518441953,738.0078735351562,-0.5315769671488859,0.7831258721486701,86.56239999982063
2,2,39,"(137.5, 312.5, 4.617102976724376)",0.5069826971471277,739.0679321289062,-0.952483320743982,1.4563146885188707,121.26290000014706
2,2,42,"(137.5, 262.5, 2.9770964423387296)",0.0157966839184179,738.0147705078125,-0.5315769671488859,0.7831258765137509,85.42409999790834
2,2,45,"(137.5, 312.5, 4.617102976724376)",0.5101557905204691,739.11865234375,-0.952483320743982,1.4563146988818252,122.37789999926464
2,2,48,"(137.5, 262.5, 2.9770964423387296)",0.0153367804002143,738.0042114257812,-0.5315769671488857,0.7831258709671005,85.59859999877517
2,2,51,"(137.5, 312.5, 4.617102976724376)",0.5057802737064092,739.0188598632812,-0.952483320743982,1.4563146895079095,122.17479999890202
2,2,54,"(137.5, 262.5, 2.9770964423387296)",0.0155004450578579,737.9926147460938,-0.5315769671488859,0.7831258714283837,86.63119999982882
2,2,57,"(137.5, 312.5, 4.617102976724376)",0.5066747559998026,739.1319580078125,-0.952483320743982,1.4563147233172495,127.20319999789352
2,2,60,"(137.5, 262.5, 2.9770964423387296)",0.0149976738011035,737.9990844726562,-0.5315769671488858,0.7831258707417316,85.51339999758056
2,2,63,"(137.5, 312.5, 4.617102976724376)",0.5080041958576836,739.1050415039062,-0.952483320743982,1.456314716104445,123.13329999960844
2,2,66,"(137.5, 262.5, 2.9770964423387296)",0.0152703683433133,738.00439453125,-0.531576967148886,0.783125869820573,87.03769999920041
2,2,69,"(137.5, 312.5, 4.617102976724376)",0.5074864776678859,738.9878540039062,-0.952483320743982,1.4563147192293993,122.3707999997714
2,3,0,"(137.5, 362.5, 6.88289330546234)",0.0813049899141098,737.7122802734375,-3.357596138231333,1.5275506269760986,86.90899999783142
2,3,3,"(137.5, 312.5, 4.617102976724376)",0.0796127939095047,743.2081298828125,-0.414373562099193,0.2599745939969358,87.51259999917238
2,3,6,"(137.5, 262.5, 2.9770964423387296)",0.015805174492302,737.9943237304688,-0.5313047792288753,0.7612603849135859,88.4501000000455
2,3,9,"(137.5, 312.5, 4.617102976724376)",0.5089531110198151,739.1063842773438,-0.9521850653469192,1.4567545958427146,125.1708999989205
2,3,12,"(137.5, 262.5, 2.9770964423387296)",0.0155746392006792,737.9962158203125,-0.5315769040622947,0.7831204796209073,83.15829999992275
2,3,15,"(137.5, 312.5, 4.617102976724376)",0.5077557500440253,739.0621337890625,-0.9524831072365584,1.4563150152648634,121.72519999876386
2,3,18,"(137.5, 262.5, 2.9770964423387296)",0.0149482428767621,738.00537109375,-0.5315769400971698,0.7831261761935245,87.44469999874127
2,3,21,"(137.5, 312.5, 4.617102976724376)",0.5069203564386939,739.0816040039062,-0.952483320743982,1.4563146830504872,123.54840000261902
2,3,24,"(137.5, 262.5, 2.9770964423387296)",0.0150552261780745,738.0033569335938,-0.5315769671488859,0.7831258755931867,85.83659999931115
2,3,27,"(137.5, 312.5, 4.617102976724376)",0.5088718949535211,739.039306640625,-0.952483320743982,1.4563146832630314,119.48349999875064
2,3,30,"(112.5, 287.5, 3.266470567666104)",0.1584382487337704,737.7421875,-0.7506291912413005,0.7022470425437456,87.75320000131615
2,3,33,"(137.5, 287.5, 3.720264207629609)",0.1646750196458338,738.4904174804688,-0.7293578352773823,0.7550441511272256,93.5501000021759
2,3,36,"(137.5, 262.5, 2.9770964423387296)",0.0191915642994576,737.9249267578125,-0.5355652165240009,1.0122914913641985,87.58989999842015
2,3,39,"(137.5, 312.5, 4.617102976724376)",0.5049246921357085,739.0762329101562,-0.9563252091807968,1.450409434110964,122.91700000059792
2,3,42,"(137.5, 262.5, 2.9770964423387296)",0.0155361571749445,738.0069580078125,-0.5315776204464103,0.7831786322790809,86.67459999924176
2,3,45,"(137.5, 312.5, 4.617102976724376)",0.5096135502388585,739.0264282226562,-0.9524841914343412,1.456313375346273,126.21600000056787
2,3,48,"(137.5, 262.5, 2.9770964423387296)",0.0164211801118535,738.0064697265625,-0.5315769671488859,0.7831258774258749,84.45470000151545
2,3,51,"(137.5, 312.5, 4.617102976724376)",0.5093234676119741,739.0647583007812,-0.952483320743982,1.456314695481522,124.63040000147883
2,3,54,"(137.5, 262.5, 2.9770964423387296)",0.014928342946109,738.0158081054688,-0.5315769671488858,0.7831258741989512,87.03769999920041
2,3,57,"(137.5, 312.5, 4.617102976724376)",0.5101847242840053,739.0504760742188,-0.952483320743982,1.4563146757923018,125.2057000019704
2,3,60,"(137.5, 262.5, 2.9770964423387296)",0.0151332113402765,738.0103759765625,-0.5315769671488859,0.783125874806485,85.19359999991138
2,3,63,"(137.5, 312.5, 4.617102976724376)",0.5053713973629241,739.070556640625,-0.952483320743982,1.4563146844995232,119.53759999960312
2,3,66,"(137.5, 262.5, 2.9770964423387296)",0.0154298896000476,737.9899291992188,-0.5315769671488859,0.7831258696414051,88.53549999912502
2,3,69,"(137.5, 312.5, 4.617102976724376)",0.5125403347989723,739.082275390625,-0.952483320743982,1.4563146710510668,131.12249999903725
2,4,0,"(137.5, 362.5, 6.88289330546234)",0.082907385755989,737.7103271484375,-3.357596138231333,1.5275506348035788,87.0095999998739
2,4,3,"(187.5, 362.5, 9.103110310900643)",0.0008769826892608,743.5701904296875,-3.9913259286766585,0.0010616981093974,86.29039999868837
2,4,6,"(212.5, 362.5, 9.863883753989105)",0.0600778780153562,786.9409790039062,-1.5349539126188834,0.1087322237619926,89.92809999836027
2,4,9,"(162.5, 362.5, 8.044975170611863)",0.0010146503252906,740.8639526367188,-3.918199927095702,0.0035371548885515,87.63379999800236
2,4,12,"(187.5, 337.5, 7.2238068944948735)",0.0109516729992353,743.1387329101562,-1.776582748897088,0.0598222479949124,86.82570000019041
2,4,15,"(187.5, 337.5, 7.2238068944948735)",0.0006670441140974,743.1393432617188,-1.776577650331873,0.0070254590856251,87.8554000009899
2,4,18,"(187.5, 337.5, 7.2238068944948735)",0.0011566557475288,743.1393432617188,-1.7765776469989234,0.0043352275995222,85.3876000001037
2,4,21,"(187.5, 337.5, 7.2238068944948735)",0.0009825555897218,743.1393432617188,-1.7765776469989234,0.0043352307743926,85.209599998052
2,4,24,"(187.5, 337.5, 7.2238068944948735)",0.0006937905396759,743.1393432617188,-1.7765776469989234,0.0043352349182633,89.20349999971222
2,4,27,"(187.5, 337.5, 7.2238068944948735)",0.0124158313072126,743.1393432617188,-1.7765836958675618,0.0624865887046455,87.32989999771235
2,4,30,"(187.5, 337.5, 7.2238068944948735)",0.0020712674458032,743.1393432617188,-1.7765776503420774,0.0070301620466186,85.89760000177193
2,4,33,"(187.5, 337.5, 7.2238068944948735)",0.0016168062012001,743.1393432617188,-1.7765776469989236,0.0043352314031099,83.34909999757656
2,4,36,"(187.5, 337.5, 7.2238068944948735)",0.0020505677249022,743.1393432617188,-1.7765776497532246,0.0067424748895621,87.01870000004419
2,4,39,"(187.5, 362.5, 9.103110310900643)",0.0023926483525351,743.5701904296875,-3.991325928676567,0.0009525155579257,87.99200000066776
2,4,42,"(162.5, 337.5, 6.503826249283008)",0.0167019563122401,740.6267700195312,-2.0271576420489947,0.1289884810835893,86.67849999983446
2,4,45,"(162.5, 287.5, 4.140142738102741)",0.7188499010876253,741.783203125,-0.7242012242037128,1.5353214280766805,85.4739000023983
2,4,48,"(162.5, 287.5, 4.140142738102741)",0.0970356695704024,739.474853515625,-0.6390568945565234,0.5818204067251634,87.5330999988364
2,4,51,"(137.5, 262.5, 2.9770964423387296)",0.0177662383655652,737.9426879882812,-0.5345752827920532,0.9662491698322616,86.59769999940181
2,4,54,"(137.5, 312.5, 4.617102976724376)",0.5064771611265168,739.0589599609375,-0.9554340408211917,1.4518120598233475,121.46800000118674
2,4,57,"(137.5, 262.5, 2.9770964423387296)",0.0151570815194985,737.994873046875,-0.5315775070823371,0.7831687831513693,84.83189999969909
2,4,60,"(137.5, 312.5, 4.617102976724376)",0.5034897592470405,738.9087524414062,-0.952484060749727,1.4563135839743444,123.30590000055965
2,4,63,"(137.5, 262.5, 2.9770964423387296)",0.0146146655625977,737.999267578125,-0.5315769400971698,0.7831261841490545,87.96179999990272
2,4,66,"(137.5, 312.5, 4.617102976724376)",0.5094501208351239,739.14501953125,-0.952483320743982,1.4563147007935189,126.12839999928838
2,4,69,"(137.5, 262.5, 2.9770964423387296)",0.0152448969784711,738.0076904296875,-0.5315769671488859,0.7831258768280981,85.74240000234568
2,5,0,"(137.5, 362.5, 6.88289330546234)",0.0820995628757492,737.7083740234375,-3.357596138231333,1.5275506239474246,86.74479999899631
2,5,3,"(137.5, 312.5, 4.617102976724376)",0.082754300996929,743.1130981445312,-0.414373562099193,0.2599745724127683,86.37149999776739
2,5,6,"(137.5, 262.5, 2.9770964423387296)",0.0157464887148831,738.007568359375,-0.5313047792288752,0.7612603732469863,86.07320000010077
2,5,9,"(137.5, 312.5, 4.617102976724376)",0.511556785714057,738.99072265625,-0.9521850653469194,1.456754582840532,123.95699999979117
2,5,12,"(137.5, 262.5, 2.9770964423387296)",0.0155479776598857,737.9962158203125,-0.5315769040622946,0.7831204862971215,86.83079999900656
2,5,15,"(137.5, 312.5, 4.617102976724376)",0.5042384072438455,739.1189575195312,-0.9524831072365584,1.4563149921493086,126.2142000014137
2,5,18,"(137.5, 262.5, 2.9770964423387296)",0.0150882923565246,738.0123291015625,-0.5315769400971697,0.7831261774661369,85.25649999864982
2,5,21,"(137.5, 312.5, 4.617102976724376)",0.5071691610553319,739.0771484375,-0.952483320743982,1.4563146900269062,122.17720000262489
2,5,24,"(137.5, 262.5, 2.9770964423387296)",0.0149374678910993,737.9976196289062,-0.5315769671488859,0.7831258712647102,85.4970999971556
2,5,27,"(137.5, 312.5, 4.617102976724376)",0.5096277476000133,739.1455688476562,-0.952483320743982,1.4563146763325383,126.53479999789852
2,5,30,"(137.5, 262.5, 2.9770964423387296)",0.0162910902977225,737.9892578125,-0.531576967148886,0.7831258836155206,84.07209999859333
2,5,33,"(137.5, 312.5, 4.617102976724376)",0.5090783600851152,739.1376953125,-0.952483320743982,1.456314678155512,122.67040000006092
2,5,36,"(137.5, 262.5, 2.9770964423387296)",0.0159269587094865,738.0018920898438,-0.531576967148886,0.783125867646591,86.66530000118655
2,5,39,"(137.5, 312.5, 4.617102976724376)",0.5063465078948743,739.1065673828125,-0.952483320743982,1.4563146910686282,123.4355999986292
2,5,42,"(137.5, 262.5, 2.9770964423387296)",0.0148589442161696,738.0029296875,-0.5315769671488859,0.7831258717783586,86.21849999690312
2,5,45,"(137.5, 312.5, 4.617102976724376)",0.5089174481229337,739.034912109375,-0.952483320743982,1.4563146874214017,120.5788000006578
2,5,48,"(137.5, 262.5, 2.9770964423387296)",0.0161245203747377,738.0045166015625,-0.531576967148886,0.7831258636328448,88.1943999993382
2,5,51,"(137.5, 312.5, 4.617102976724376)",0.5082213392347595,739.0404052734375,-0.952483320743982,1.456314693315425,120.7711000024574
2,5,54,"(137.5, 262.5, 2.9770964423387296)",0.0151858249092026,737.9996948242188,-0.5315769671488859,0.783125869333711,84.87329999843496
2,5,57,"(137.5, 312.5, 4.617102976724376)",0.5072015776259182,739.0572509765625,-0.952483320743982,1.4563146781428202,124.30099999983211
2,5,60,"(137.5, 262.5, 2.9770964423387296)",0.0156360861065349,738.0082397460938,-0.5315769671488859,0.7831258763924779,88.00680000058492
2,5,63,"(137.5, 312.5, 4.617102976724376)",0.512537119378878,739.1196899414062,-0.952483320743982,1.456314720348925,122.06940000032772
2,5,66,"(137.5, 262.5, 2.9770964423387296)",0.0151501919383821,738.0079345703125,-0.5315769671488859,0.7831258691090595,85.92380000118283
2,5,69,"(137.5, 312.5, 4.617102976724376)",0.511936588285882,739.0307006835938,-0.952483320743982,1.4563146730466674,121.939000000566
2,6,0,"(137.5, 362.5, 6.88289330546234)",0.0811063001568035,737.7266235351562,-3.357596138231333,1.5275506203390086,88.32329999859212
2,6,3,"(137.5, 312.5, 4.617102976724376)",0.0805798839701678,743.244140625,-0.414373562099193,0.2599745689361687,85.86060000016005
2,6,6,"(112.5, 287.5, 3.266470567666104)",0.3888823452579855,738.2955932617188,-0.7698663509224771,0.9631723257910648,89.02690000104485
2,6,9,"(112.5, 287.5, 3.266470567666104)",0.0309755223773189,737.4966430664062,-0.7634360647495351,0.8671202928408687,86.19890000045416
2,6,12,"(112.5, 287.5, 3.266470567666104)",0.1816410091967763,737.7491455078125,-0.7522903451432439,0.7851706714583628,86.91120000003139
2,6,15,"(112.5, 287.5, 3.266470567666104)",0.0313574032702986,737.4758911132812,-0.7637173362941341,0.8716822126440856,87.41949999966891
2,6,18,"(112.5, 287.5, 3.266470567666104)",0.181176264528197,737.7511596679688,-0.7522901827401886,0.7851638738062128,84.18840000013006
2,6,21,"(112.5, 312.5, 3.997603125569143)",0.6218788002829991,740.9185791015625,-0.6272421077332812,1.4768050769347685,86.43350000056671
2,6,24,"(112.5, 262.5, 2.645266895480795)",0.0100186956334867,737.3120727539062,-0.5674927309988117,1.0170196648892416,85.48309999969206
2,6,27,"(112.5, 312.5, 3.997603125569143)",0.3011939208663937,738.088623046875,-1.0822324878446017,0.9488461731065022,123.88049999935902
2,6,30,"(112.5, 262.5, 2.645266895480795)",0.0092239792401334,737.326416015625,-0.5675187780371013,1.0184312034664575,87.54229999976815
2,6,33,"(112.5, 312.5, 3.997603125569143)",0.2964062571351138,738.1122436523438,-1.0822506211334553,0.9486490197831458,125.42340000072728
2,6,36,"(112.5, 262.5, 2.645266895480795)",0.0100912095094829,737.320556640625,-0.5675187855021363,1.0184315802245236,86.03109999967273
2,6,39,"(112.5, 312.5, 3.997603125569143)",0.3042262860026756,738.1471557617188,-1.0822506211334553,0.9486490189911596,124.48289999883856
2,6,42,"(112.5, 262.5, 2.645266895480795)",0.0093759198769352,737.3155517578125,-0.5675187855021363,1.0184315808160622,96.12180000112858
2,6,45,"(112.5, 312.5, 3.997603125569143)",0.3064686995415555,738.1314697265625,-1.0822506211334548,0.948649041344046,125.1617999987502
2,6,48,"(112.5, 287.5, 3.266470567666104)",0.1089470301819123,737.5840454101562,-0.7528183775141117,0.7606238948165267,84.45099999880767
2,6,51,"(112.5, 287.5, 3.266470567666104)",0.0325264494840864,737.4708862304688,-0.7638351833794034,0.8735535415240492,88.11799999966752
2,6,54,"(112.5, 287.5, 3.266470567666104)",0.1785133263643586,737.73828125,-0.7522897959246101,0.7851481259353406,92.09779999946475
2,6,57,"(137.5, 287.5, 3.720264207629609)",0.1633051473277587,738.4786987304688,-0.7293863478295699,0.7564248927822925,87.22209999905317
2,6,60,"(137.5, 287.5, 3.720264207629609)",0.1493925815537391,738.447509765625,-0.7296993222447123,0.7461203144052803,87.80230000047595
2,6,63,"(137.5, 287.5, 3.720264207629609)",0.0484998509280605,738.32373046875,-0.7327783990236533,0.6601187044987855,86.12169999832986
2,6,66,"(162.5, 262.5, 3.2775456166337156)",0.0335782766170174,738.7012939453125,-0.4755335008012621,0.9217785296706538,85.15849999821512
2,6,69,"(162.5, 312.5, 5.206150757863988)",0.3480317634539241,738.955322265625,-0.82948634941727,1.5237640858873658,124.2337999974552
2,7,0,"(137.5, 362.5, 6.88289330546234)",0.0816842946810419,737.762939453125,-3.357596138231333,1.527550622377548,87.45559999806574
2,7,3,"(187.5, 362.5, 9.103110310900643)",0.0012632002007767,743.5701904296875,-3.991325928676658,0.0010617020948238,88.44820000012987
2,7,6,"(162.5, 337.5, 6.503826249283008)",0.0133951076515454,740.6275634765625,-2.0271575877429964,0.1304600568248715,89.42689999821596
2,7,9,"(162.5, 287.5, 4.140142738102741)",0.718527681659518,741.5900268554688,-0.7242327880542647,1.535329190310387,86.66230000017094
2,7,12,"(162.5, 287.5, 4.140142738102741)",0.09681228046645,739.4205932617188,-0.639056895765542,0.5818207721171114,84.54580000034184
2,7,15,"(112.5, 287.5, 3.266470567666104)",0.111635167468712,737.5925903320312,-0.7524259426590919,0.7411312664510178,86.43989999836776
2,7,18,"(112.5, 287.5, 3.266470567666104)",0.1913136604156146,737.7279052734375,-0.7525352154835133,0.7948607269768432,83.95830000154092
2,7,21,"(112.5, 287.5, 3.266470567666104)",0.0306157293135284,737.4696044921875,-0.7637124886759291,0.8716084993692873,89.06769999885
2,7,24,"(112.5, 287.5, 3.266470567666104)",0.1771492264220674,737.73388671875,-0.7522902512992035,0.7851661663656336,87.61260000028415
2,7,27,"(112.5, 287.5, 3.266470567666104)",0.0761850220871172,737.5214233398438,-0.7563596888244384,0.802842991612392,91.74210000128367
2,7,30,"(112.5, 287.5, 3.266470567666104)",0.1921595321115331,737.779296875,-0.7525090163803608,0.794005296289911,85.91100000194274
2,7,33,"(112.5, 287.5, 3.266470567666104)",0.0762254443888694,737.5567016601562,-0.7563584130467108,0.8028602928407951,84.64009999806876
2,7,36,"(87.5, 312.5, 3.3952550877786836)",0.6272387828100935,737.6397094726562,-0.9161793534529078,1.619352172921065,121.2439999981143
2,7,39,"(112.5, 287.5, 3.266470567666104)",0.0878764038530385,737.5377197265625,-0.756785960409029,0.8398609850013762,86.76610000111395
2,7,42,"(112.5, 287.5, 3.266470567666104)",0.1851875888486721,737.7727661132812,-0.7525449920657492,0.7954130759239865,87.30289999948582
2,7,45,"(112.5, 287.5, 3.266470567666104)",0.0303321612208802,737.4886474609375,-0.7637151330393055,0.8716508845497639,86.96760000020731
2,7,48,"(112.5, 287.5, 3.266470567666104)",0.1811318200714434,737.7404174804688,-0.7522902151915134,0.7851664664332697,86.74289999908069
2,7,51,"(112.5, 287.5, 3.266470567666104)",0.1867416763242738,737.7644653320312,-0.7525786546643672,0.7963865589122481,87.58149999994203
2,7,54,"(112.5, 287.5, 3.266470567666104)",0.0649288228669347,737.52001953125,-0.7587873582241771,0.8427747671892483,85.27139999932842
2,7,57,"(112.5, 287.5, 3.266470567666104)",0.0904654733738107,737.5897216796875,-0.7542185904496609,0.769192789331536,84.0252000016335
2,7,60,"(112.5, 287.5, 3.266470567666104)",0.0302417047008555,737.4808349609375,-0.7639030083535188,0.8746230468857221,86.31180000156746
2,7,63,"(112.5, 287.5, 3.266470567666104)",0.1835529299092516,737.7659912109375,-0.7522895409363505,0.7851365061642702,85.8924999993178
2,7,66,"(112.5, 287.5, 3.266470567666104)",0.076409000781888,737.5318603515625,-0.756359730393498,0.8028433163800137,89.04339999935473
2,7,69,"(112.5, 287.5, 3.266470567666104)",0.0701972738008512,737.5277099609375,-0.7565056773288465,0.8049561042660606,87.3027000016009
2,8,0,"(137.5, 362.5, 6.88289330546234)",0.0821137021080103,737.7489013671875,-3.357596138231333,1.5275506224093278,85.41120000154478
2,8,3,"(187.5, 362.5, 9.103110310900643)",0.0014669210054925,743.5701904296875,-3.991325928676658,0.0010617014133489,85.9768999980588
2,8,6,"(162.5, 337.5, 6.503826249283008)",0.0136992608610237,740.62255859375,-2.027157587742996,0.1304600565739351,85.50169999944046
2,8,9,"(187.5, 362.5, 9.103110310900643)",0.0002218992748242,743.5701904296875,-3.991325928676612,0.0010269153236828,87.70410000215634
2,8,12,"(162.5, 337.5, 6.503826249283008)",0.0147434014524317,740.6240844726562,-2.0271576103488718,0.1406702138199125,90.65799999734736
2,8,15,"(212.5, 337.5, 7.7206787211523045)",0.0011723180686184,747.119873046875,-1.1563744852294855,0.0030551167009811,88.11659999992116
2,8,18,"(187.5, 362.5, 9.103110310900643)",0.000593588728409,743.5701904296875,-3.9913259286767686,0.001107733638851,84.44139999846811
2,8,21,"(162.5, 387.5, 9.797797492156253)",0.0337573605305642,740.7237548828125,-7.2013051081822494,0.0396214435633127,85.70790000158013
2,8,24,"(162.5, 337.5, 6.503826249283008)",0.0177229582097926,740.6116333007812,-2.027157617851978,0.1472643069207687,86.09590000196476
2,8,27,"(212.5, 337.5, 7.7206787211523045)",0.0014852624467824,747.119873046875,-1.1563744852295057,0.0030558559944413,88.5368000017479
2,8,30,"(187.5, 337.5, 7.2238068944948735)",0.0017326503201673,743.1393432617188,-1.7765776469989232,0.0043352363859471,87.46500000052038
2,8,33,"(187.5, 362.5, 9.103110310900643)",0.0018233217217491,743.5701904296875,-3.991325928676566,0.0009517033697538,90.31519999916782
2,8,36,"(212.5, 387.5, 12.56601886791643)",0.0014742766211291,786.824462890625,-0.4186252684082783,0.0009082984869121,84.65400000204681
2,8,39,"(187.5, 412.5, 13.941569591049829)",0.0023170002233073,798.0051879882812,-0.4630628473980711,0.0009082695750643,86.3500000014028
2,8,42,"(137.5, 412.5, 9.458994007438445)",0.6021520143448759,741.3383178710938,-8.466868543543427,0.6798995194624213,85.85319999838248
2,8,45,"(137.5, 387.5, 8.184609533832969)",0.0025909635221139,739.0115356445312,-5.522822694662993,0.0218945507448351,85.65710000038962
2,8,48,"(162.5, 412.5, 11.634380720059667)",1.0039999915979356,766.6062622070312,-10.312165828921888,1.4395305249137325,122.91539999932866
2,8,51,"(162.5, 412.5, 11.634380720059667)",0.0025778963992794,819.2732543945312,-6.751253981766685,0.0009214914955559,86.78510000027018
2,8,54,"(162.5, 387.5, 9.797797492156253)",1.6961078171070203,560.8936157226562,-2.2895899824006145,0.7710782627462208,87.06949999759672
2,8,57,"(162.5, 337.5, 6.503826249283008)",0.0580481657221416,740.095703125,-2.0271577001265677,0.4739073128299382,85.96310000211815
2,8,60,"(162.5, 287.5, 4.140142738102741)",0.7189861978399945,741.7575073242188,-0.727729267697965,1.5363415815623398,88.05130000109784
2,8,63,"(162.5, 287.5, 4.140142738102741)",0.0999047641360014,739.4342651367188,-0.6390623539281529,0.5820629318789031,85.42920000036247
2,8,66,"(187.5, 262.5, 3.519235619237839)",0.072900864365481,739.7279052734375,-0.4207307475214359,0.9108556385390923,88.3575000007113
2,8,69,"(187.5, 312.5, 5.701335627950545)",0.1506243365249594,739.6572875976562,-0.8309374264420395,0.9713057581350464,87.32469999813475
2,9,0,"(137.5, 362.5, 6.88289330546234)",0.0822988089090282,737.7344970703125,-3.357596138231334,1.527550626765275,86.59840000109398
2,9,3,"(137.5, 312.5, 4.617102976724376)",0.0823187561464643,743.170654296875,-0.414373562099193,0.2599745741603803,87.68589999817777
2,9,6,"(112.5, 287.5, 3.266470567666104)",0.3972797810755071,738.30859375,-0.7698663509224769,0.9631723330260938,87.77180000106455
2,9,9,"(112.5, 287.5, 3.266470567666104)",0.0312453473561229,737.4690551757812,-0.7634360647495351,0.8671202994719807,86.23569999690517
2,9,12,"(112.5, 287.5, 3.266470567666104)",0.1773822288382697,737.7386474609375,-0.7522903451432439,0.7851706770782828,87.17840000099386
2,9,15,"(112.5, 287.5, 3.266470567666104)",0.0316895864395854,737.4921875,-0.7637173362941341,0.8716822105528009,85.87469999838504
2,9,18,"(112.5, 287.5, 3.266470567666104)",0.1780246679042419,737.7199096679688,-0.7522901827401884,0.7851639291314075,91.23600000020816
2,9,21,"(137.5, 287.5, 3.720264207629609)",0.1364442687473135,738.4508056640625,-0.7302661188517073,0.7425739358679967,92.32739999788464
2,9,24,"(137.5, 287.5, 3.720264207629609)",0.0525917063816928,738.31298828125,-0.7327981180221823,0.6605217631155442,84.78330000070855
2,9,27,"(162.5, 262.5, 3.2775456166337156)",0.0336942261783665,738.725341796875,-0.4755337237059586,0.9217888833841772,85.1528999992297
2,9,30,"(187.5, 287.5, 4.484402965683246)",0.1812415388775978,740.6002807617188,-0.499856013459593,0.7974175050341592,88.77060000304482
2,9,33,"(187.5, 287.5, 4.484402965683246)",0.1755392763989952,740.7182006835938,-0.5008035287156012,0.8126026057311402,92.9294999987178
2,9,36,"(162.5, 262.5, 3.2775456166337156)",0.0322266142509279,738.7576293945312,-0.4742727038193112,0.8513519144679278,87.69889999894076
2,9,39,"(162.5, 312.5, 5.206150757863988)",0.346746231927384,738.9035034179688,-0.8277447572006271,1.524619878786026,128.88540000130888
2,9,42,"(162.5, 262.5, 3.2775456166337156)",0.0245670285717797,738.9054565429688,-0.4713233813622537,0.5969408304031858,82.78639999844017
2,9,45,"(162.5, 312.5, 5.206150757863988)",0.3470625669547779,738.9234008789062,-0.8260085723485739,1.5252888214283469,124.42190000001574
2,9,48,"(162.5, 262.5, 3.2775456166337156)",0.023372768289837,738.9042358398438,-0.4713229761262666,0.5968863702649446,83.86249999966822
2,9,51,"(162.5, 312.5, 5.206150757863988)",0.3491006354756233,738.9415893554688,-0.8260080398189739,1.5252890047971883,126.24240000150166
2,9,54,"(162.5, 262.5, 3.2775456166337156)",0.0252080947978755,738.908203125,-0.4713229761262666,0.5968863728318605,86.66150000135531
2,9,57,"(187.5, 287.5, 4.484402965683246)",0.186540493152065,740.6419677734375,-0.4998269489758465,0.7991222158117038,87.60609999808366
2,9,60,"(187.5, 287.5, 4.484402965683246)",0.1796083620811872,740.6256713867188,-0.5008026712804005,0.812618235424814,87.58440000019618
2,9,63,"(187.5, 287.5, 4.484402965683246)",0.1806743002047399,740.6254272460938,-0.5008232271452894,0.8129368382530069,87.82910000081756
2,9,66,"(187.5, 287.5, 4.484402965683246)",0.1746984046182139,740.6671752929688,-0.5008235624469421,0.8129419305208448,84.53459999873303
2,9,69,"(187.5, 287.5, 4.484402965683246)",0.1812390450991093,740.6204833984375,-0.5008235715157842,0.812942112942654,86.95300000181305
2,0,0,"(487.5, 487.5, 2.4370033062802148)",0.0807634460632285,362.0320739746094,-0.9932105915237052,2.2795417766067123,87.47759999823757
2,0,3,"(487.5, 437.5, 2.3962294749129978)",0.0223086914570477,547.8727416992188,-0.7505362943654077,1.549359970908323,86.95280000029015
2,0,6,"(487.5, 387.5, 2.139763984685619)",0.0785723690578153,549.7453002929688,-0.4578516225097283,1.0504050404905183,89.36850000100094
2,0,9,"(487.5, 337.5, 1.7553492373438715)",0.4554417590331298,550.4920043945312,-0.5794364050516151,1.878197475052642,87.05470000131754
2,0,12,"(487.5, 287.5, 1.3444703254931378)",0.0337346775232726,549.4451293945312,-0.494328995267679,1.483047691628216,91.74830000119982
2,0,15,"(462.5, 262.5, 1.3909688886982803)",0.0018771649233266,733.10888671875,-0.4696971947478758,1.4859116698421595,85.42550000129268
2,0,18,"(487.5, 287.5, 1.3444703254931378)",0.0049926560931147,549.4376831054688,-0.4976376820365042,1.4875130222055128,82.878699999128
2,0,21,"(462.5, 312.5, 1.9057706001378085)",0.0513087292377679,733.138916015625,-0.5975395571302136,1.3986427462516553,86.73459999772604
2,0,24,"(462.5, 262.5, 1.3909688886982803)",0.0021568069534213,733.1103515625,-0.4692513288968277,1.4719740037005322,91.5038999992248
2,0,27,"(437.5, 287.5, 1.9802988879790537)",0.0130069741234789,735.3858032226562,-0.5583360013305811,1.420435319877688,87.85749999879044
2,0,30,"(412.5, 312.5, 2.8190600723806885)",0.1925473362095517,736.9830322265625,-0.6955861406540537,1.1068781517739932,87.38300000186427
2,0,33,"(412.5, 312.5, 2.8190600723806885)",0.1389982864539747,736.8516845703125,-0.6927772752271181,0.969186718087053,87.98169999863603
2,0,36,"(412.5, 312.5, 2.8190600723806885)",0.1401310432090286,736.8755493164062,-0.6927400147623431,0.9672725597497962,85.18139999796404
2,0,39,"(387.5, 287.5, 2.795360823982221)",0.0393486123086473,737.4501342773438,-0.5752575590570715,0.981662431485122,86.79819999815663
2,0,42,"(412.5, 312.5, 2.8190600723806885)",0.3246598176734387,737.2571411132812,-0.6915175052645908,1.1569698831469064,91.86960000079124
2,0,45,"(412.5, 312.5, 2.8190600723806885)",0.1345748340319382,736.8807373046875,-0.6926109885692803,0.9674207570826036,93.03360000194516
2,0,48,"(387.5, 287.5, 2.795360823982221)",0.0405252239700412,737.4390869140625,-0.5752542795093236,0.9816067145151196,86.24020000206656
2,0,51,"(362.5, 312.5, 3.972924796908688)",0.2880421995210784,738.8552856445312,-0.7449620902067867,0.9933594277954036,111.8581999980961
2,0,54,"(387.5, 287.5, 2.795360823982221)",0.0384906168822161,737.5320434570312,-0.5646785255164837,0.7403611464944069,85.39069999824278
2,0,57,"(362.5, 287.5, 3.2481324511568093)",0.0612827472433495,738.2113037109375,-0.5559977505562563,0.8231467730831261,86.33329999793204
2,0,60,"(337.5, 312.5, 4.592532186196013)",0.3246109596652426,738.9070434570312,-0.6372934726850659,1.4445308535703694,125.40250000165544
2,0,63,"(337.5, 262.5, 2.964249814698708)",0.0305627486551159,738.7470092773438,-0.4271383492466764,0.8275725321170764,87.09190000081435
2,0,66,"(337.5, 312.5, 4.592532186196013)",0.1483355429530968,739.7184448242188,-0.7117706706048577,0.7280247310415856,108.07320000094478
2,0,69,"(337.5, 262.5, 2.964249814698708)",0.0293283834938132,738.7470703125,-0.4271508696145805,0.8289926694009814,87.37649999966379
2,1,0,"(487.5, 487.5, 2.4370033062802148)",0.0895506842491097,362.048095703125,-0.9932105915237052,2.2795417620334777,87.3174000007566
2,1,3,"(437.5, 487.5, 4.012520353342856)",0.0157113544465721,547.9207153320312,-1.9345902413953997,0.9751848758247066,88.08430000135559
2,1,6,"(412.5, 487.5, 5.147226552974528)",0.2516050165659047,549.5928955078125,-2.912990815526517,0.4990799491571915,89.1620000002149
2,1,9,"(387.5, 487.5, 6.600725374454914)",0.003540063287265,568.3601684570312,-2.064656531644934,0.002600503413762,88.77360000042245
2,1,12,"(387.5, 487.5, 6.600725374454914)",0.0025726285732017,568.3601684570312,-2.064656533602069,0.0054250631414718,88.40170000257785
2,1,15,"(387.5, 462.5, 6.644563227708976)",0.5376050773363009,736.8745727539062,-4.446660422789171,0.7894238498926033,86.75229999789735
2,1,18,"(387.5, 487.5, 6.600725374454914)",0.003355460669248,568.3601684570312,-2.0646565320856727,0.0039158296497279,88.82960000119056
2,1,21,"(387.5, 462.5, 6.644563227708976)",0.5378022241800655,736.6118774414062,-4.448164437459869,0.7946644767176699,86.91000000180793
2,1,24,"(387.5, 462.5, 6.644563227708976)",0.0017032403179162,733.795654296875,-4.377006428649084,0.0268293221226522,86.65769999788608
2,1,27,"(412.5, 462.5, 5.176557100199439)",0.0015579726518899,732.9434204101562,-2.7972479938744863,0.0823882614183267,88.4498999985226
2,1,30,"(412.5, 462.5, 5.176557100199439)",0.00868441425776,732.9332885742188,-2.7982109006185603,0.3080236171690726,87.60759999859147
2,1,33,"(362.5, 462.5, 8.527721324025148)",0.0081094405672931,783.13330078125,-3.031143200806483,0.0142181829789583,86.74650000102702
2,1,36,"(362.5, 462.5, 8.527721324025148)",0.0014667542769052,783.13330078125,-3.031143072111812,0.0009065982588095,89.37330000117072
2,1,39,"(337.5, 437.5, 10.400297021568935)",0.0003256087366833,796.9451904296875,-3.317130060919116,0.0009078598776519,85.98450000135927
2,1,42,"(312.5, 412.5, 11.543004562335339)",0.0022805581603378,798.0051879882812,-1.916521617886066,0.0009082698081395,84.78929999910179
2,1,45,"(337.5, 387.5, 8.122025837780313)",0.0016426850367803,740.7197265625,-4.039922801778472,0.0011578977960528,86.75140000195825
2,1,48,"(337.5, 387.5, 8.122025837780313)",0.0008178236309015,740.7197265625,-4.039922801778424,0.0011429589991993,90.75560000201222
2,1,51,"(337.5, 412.5, 9.377700043801939)",0.0013783279815903,740.0572509765625,-6.526863285602253,0.0009083190093592,86.63890000025276
2,1,54,"(337.5, 412.5, 9.377700043801939)",0.1433497918939116,740.1915283203125,-6.5289976380101775,0.2042153611374926,86.59290000287001
2,1,57,"(337.5, 412.5, 9.377700043801939)",0.0020507210001231,740.0572509765625,-6.526863285602253,0.0009083220207334,87.62489999935497
2,1,60,"(337.5, 412.5, 9.377700043801939)",0.0018647585629799,740.0572509765625,-6.526863285602253,0.0009083283639062,85.9481000006781
2,1,63,"(337.5, 412.5, 9.377700043801939)",0.0011694552997682,740.0572509765625,-6.5268632856022535,0.000908325326694,85.21350000228267
2,1,66,"(337.5, 412.5, 9.377700043801939)",0.0003086675888331,740.0572509765625,-6.526863285602253,0.0009083230822684,87.25780000168015
2,1,69,"(337.5, 412.5, 9.377700043801939)",0.0010427439044326,740.0572509765625,-6.5268632856022535,0.0009083314707856,86.43759999904432
2,2,0,"(487.5, 487.5, 2.4370033062802148)",0.0858759298274459,362.0439758300781,-0.9932105915237052,2.2795417303465237,87.26449999812758
2,2,3,"(487.5, 437.5, 2.3962294749129978)",0.0226418667836018,547.87890625,-0.7505362943654077,1.5493599816130048,86.46289999887813
2,2,6,"(487.5, 387.5, 2.139763984685619)",0.0776666544262184,549.780517578125,-0.4578516225097282,1.0504050281238615,86.88420000180486
2,2,9,"(487.5, 337.5, 1.7553492373438715)",0.4578483484533929,550.4908447265625,-0.5794364050516152,1.8781974985929748,86.96300000156043
2,2,12,"(487.5, 287.5, 1.3444703254931378)",0.033164068000441,549.4458618164062,-0.4943289952676792,1.483047703368449,87.18729999964125
2,2,15,"(487.5, 287.5, 1.3444703254931378)",0.0055463835197624,549.4356689453125,-0.4972855476069691,1.4870833770879517,88.13000000009197
2,2,18,"(462.5, 312.5, 1.9057706001378085)",0.0490043794732859,733.1259155273438,-0.5975261446482892,1.39950645474378,90.02450000116369
2,2,21,"(437.5, 287.5, 1.9802988879790537)",0.0145824703767472,735.3883056640625,-0.5531276890628507,1.366899438112012,88.90469999823836
2,2,24,"(437.5, 287.5, 1.9802988879790537)",0.0175413731424674,735.4069213867188,-0.5474216846076807,1.280387835311871,92.10149999853456
2,2,27,"(437.5, 337.5, 2.697731893066704)",0.4200197731271802,735.8379516601562,-0.7179057385137763,1.7253951891309127,113.26299999927868
2,2,30,"(437.5, 287.5, 1.9802988879790537)",0.0274277086775142,735.4158935546875,-0.5422072504206265,1.1818945580403937,82.86080000107177
2,2,33,"(412.5, 312.5, 2.8190600723806885)",0.0879162124411716,736.78662109375,-0.6968678682217466,0.9405756179634948,90.81220000007306
2,2,36,"(387.5, 287.5, 2.795360823982221)",0.0382902969138599,737.456298828125,-0.5753432412553311,0.983052211249661,85.40679999714484
2,2,39,"(387.5, 287.5, 2.795360823982221)",0.0458241409147916,737.4940185546875,-0.5662953187518552,0.7960317686549856,87.39330000025802
2,2,42,"(412.5, 312.5, 2.8190600723806885)",0.3353275357220256,737.2308959960938,-0.6917005171484911,1.1638285620954831,87.03519999835407
2,2,45,"(387.5, 287.5, 2.795360823982221)",0.0372844013981771,737.4515380859375,-0.5750547016246945,0.9781978006939543,85.77340000192635
2,2,48,"(387.5, 287.5, 2.795360823982221)",0.0432869096286346,737.5233154296875,-0.566292990232667,0.7959748852804552,89.66069999951287
2,2,51,"(362.5, 312.5, 3.972924796908688)",0.2950167764047019,738.8893432617188,-0.7443930275395212,1.003384788724898,111.60319999908096
2,2,54,"(362.5, 262.5, 2.6317000424023482)",0.0189248955643046,737.9181518554688,-0.4558868378280393,1.0158279908109418,88.2352999979048
2,2,57,"(362.5, 312.5, 3.972924796908688)",0.1072828360975962,738.7353515625,-0.7569276330828428,0.5234916283496498,86.10500000213506
2,2,60,"(337.5, 287.5, 3.7025046815464644)",0.1349276551858453,739.4498901367188,-0.5003711197850983,0.6943216493358758,86.98400000139372
2,2,63,"(337.5, 287.5, 3.7025046815464644)",0.0854098578989655,739.2935180664062,-0.5071059991026692,0.723536614297068,86.28640000097221
2,2,66,"(337.5, 287.5, 3.7025046815464644)",0.2314580501532817,739.79541015625,-0.5032582233048545,0.7619307523365343,87.87750000192318
2,2,69,"(337.5, 287.5, 3.7025046815464644)",0.0858344423834484,739.2088012695312,-0.5068541040146078,0.7187633573040495,87.1874000004027
2,3,0,"(487.5, 487.5, 2.4370033062802148)",0.0903454800945054,362.0476379394531,-0.9932105915237052,2.279541791093294,85.79850000023725
2,3,3,"(487.5, 487.5, 2.4370033062802148)",0.0107515963413243,361.9963989257813,-0.9616086411353622,1.8586286923215949,86.84240000002319
2,3,6,"(487.5, 437.5, 2.3962294749129978)",0.021928392625267,547.876953125,-0.7487156200339536,1.508429520957597,89.37320000040927
2,3,9,"(487.5, 387.5, 2.139763984685619)",0.0789864428222806,549.777587890625,-0.4578370507980719,1.0498382755801812,86.94560000003548
2,3,12,"(487.5, 337.5, 1.7553492373438715)",0.4533638944067122,550.4891967773438,-0.5794359171298731,1.878179279781606,89.68979999917792
2,3,15,"(487.5, 287.5, 1.3444703254931378)",0.0341690252468302,549.4447631835938,-0.4943289791284831,1.4830473901605206,86.9546000030823
2,3,18,"(487.5, 287.5, 1.3444703254931378)",0.006072768008825,549.4361572265625,-0.4972855476069692,1.4870833607243945,88.64600000015344
2,3,21,"(487.5, 312.5, 1.5478514032947062)",0.0466029515026858,549.4414672851562,-0.5484932653057399,1.5088099308087717,85.81469999990077
2,3,24,"(487.5, 287.5, 1.3444703254931378)",0.0232617710892594,549.439453125,-0.4950828462435415,1.4881948618197538,84.72609999807901
2,3,27,"(487.5, 287.5, 1.3444703254931378)",0.013796106902845,549.4375610351562,-0.4965954320773241,1.4881634625779356,86.23179999995045
2,3,30,"(462.5, 312.5, 1.9057706001378085)",0.0462080716437597,733.1278686523438,-0.5974987045159447,1.4003560440291027,87.47869999933755
2,3,33,"(462.5, 312.5, 1.9057706001378085)",0.2454438854421095,733.3965454101562,-0.5937590650469945,1.5858639923981992,87.7900999985286
2,3,36,"(437.5, 287.5, 1.9802988879790537)",0.0152559774507925,735.3969116210938,-0.5529636176778688,1.3648980657548535,87.94949999719393
2,3,39,"(437.5, 287.5, 1.9802988879790537)",0.0156573299520861,735.41748046875,-0.5474194574117177,1.2803516817928913,91.15559999918332
2,3,42,"(412.5, 312.5, 2.8190600723806885)",0.0853639759515444,736.7661743164062,-0.6969628340983455,0.9405499064749696,83.8874000000942
2,3,45,"(387.5, 287.5, 2.795360823982221)",0.0559616209058107,737.5107421875,-0.5651241434462786,0.7813309332552743,84.88170000055106
2,3,48,"(362.5, 312.5, 3.972924796908688)",0.2965816248612702,738.9546508789062,-0.744015840862136,1.0102769482447262,113.42220000005908
2,3,51,"(337.5, 287.5, 3.7025046815464644)",0.1367830023394141,739.4373168945312,-0.5003910361384022,0.697375391073671,94.36259999711184
2,3,54,"(337.5, 287.5, 3.7025046815464644)",0.1451876467665322,739.4073486328125,-0.5015821424383632,0.744948943851631,85.87790000092355
2,3,57,"(337.5, 287.5, 3.7025046815464644)",0.0845958203522621,739.2222290039062,-0.5071548944225396,0.724542490069775,90.14680000109364
2,3,60,"(337.5, 287.5, 3.7025046815464644)",0.2283440514361688,739.7776489257812,-0.5032585124815159,0.7619420877127047,88.48349999971106
2,3,63,"(337.5, 287.5, 3.7025046815464644)",0.0865301370688837,739.2416381835938,-0.5068541273409245,0.7187635692139016,84.53100000042468
2,3,66,"(337.5, 287.5, 3.7025046815464644)",0.2328961871842282,739.7151489257812,-0.5032616477618794,0.7619870957018766,86.12160000120639
2,3,69,"(337.5, 287.5, 3.7025046815464644)",0.0850067649711211,739.283447265625,-0.5068540415638392,0.7187620322877972,88.85460000237799
2,4,0,"(487.5, 487.5, 2.4370033062802148)",0.0878903377374529,362.0481262207031,-0.9932105915237052,2.2795417385241867,87.43419999882462
2,4,3,"(487.5, 437.5, 2.3962294749129978)",0.0223079550218302,547.8794555664062,-0.7505362943654077,1.5493599879358804,88.35130000079516
2,4,6,"(487.5, 387.5, 2.139763984685619)",0.0792297550210482,549.7638549804688,-0.4578516225097282,1.050405039500695,85.37589999832562
2,4,9,"(487.5, 337.5, 1.7553492373438715)",0.45714472923305,550.5119018554688,-0.5794364050516152,1.8781974926516332,84.27349999692524
2,4,12,"(487.5, 287.5, 1.3444703254931378)",0.0326027654635178,549.4437866210938,-0.4943289952676791,1.483047665743969,86.85379999951692
2,4,15,"(487.5, 287.5, 1.3444703254931378)",0.0066679816336969,549.43798828125,-0.4972855476069691,1.4870833636116585,87.51159999883384
2,4,18,"(487.5, 262.5, 1.1525974378684039)",0.0028501691696629,549.4392700195312,-0.4577199267305311,1.4943520094687623,87.65800000037416
2,4,21,"(487.5, 312.5, 1.5478514032947062)",0.0285020687112161,549.4413452148438,-0.5491800521844484,1.482377270609187,90.07710000150836
2,4,24,"(462.5, 287.5, 1.6387307756259826)",0.018706066818025,733.1195678710938,-0.5217072339303478,1.4149436943771831,87.21610000065994
2,4,27,"(437.5, 312.5, 2.3288409680820936)",0.057325658293067,735.4562377929688,-0.6485791835632204,1.2010294100333694,85.22259999881499
2,4,30,"(412.5, 287.5, 2.3680192003946603)",0.0313287818935842,736.673095703125,-0.5633408928742818,1.0456465493798075,84.67770000061137
2,4,33,"(437.5, 312.5, 2.3288409680820936)",0.0569102431534074,735.440673828125,-0.645609491025718,1.1585478245965724,86.35970000250381
2,4,36,"(412.5, 287.5, 2.3680192003946603)",0.0289137499223026,736.6828002929688,-0.5633145287501305,1.0450135681673605,87.71010000054957
2,4,39,"(387.5, 312.5, 3.371997408476144)",0.14941784422336,737.7688598632812,-0.7386568769122708,0.7758791640209607,85.55850000266219
2,4,42,"(387.5, 287.5, 2.795360823982221)",0.036039841882658,737.4832763671875,-0.569575562142934,0.8696146014787761,88.27349999774015
2,4,45,"(387.5, 287.5, 2.795360823982221)",0.0433193436185475,737.4998779296875,-0.5662405365163498,0.794543479027655,85.96849999958067
2,4,48,"(362.5, 312.5, 3.972924796908688)",0.2956943823424659,738.9725341796875,-0.7443900009583209,1.0034352536898146,113.93889999817476
2,4,51,"(362.5, 262.5, 2.6317000424023482)",0.0194914960052816,737.9193725585938,-0.4558868353137493,1.0158272501369656,88.26440000120783
2,4,54,"(362.5, 312.5, 3.972924796908688)",0.1113026364390298,738.7044677734375,-0.756927633082843,0.523491615632616,87.99729999736883
2,4,57,"(362.5, 287.5, 3.2481324511568093)",0.0727118756459225,738.337890625,-0.5480177083364081,0.6628933889050942,88.3161999990989
2,4,60,"(362.5, 287.5, 3.2481324511568093)",0.0872672626112395,738.3732299804688,-0.5460472034515822,0.6188346705565413,88.59359999769367
2,4,63,"(362.5, 287.5, 3.2481324511568093)",0.055746701198025,738.2135009765625,-0.5602068366369239,0.87664652665264,89.6455000001879
2,4,66,"(362.5, 287.5, 3.2481324511568093)",0.0902147707397284,738.4161987304688,-0.5460829371927348,0.6165310235226501,86.28790000148001
2,4,69,"(362.5, 287.5, 3.2481324511568093)",0.0549334027664958,738.2025756835938,-0.5602122529433028,0.8767340184386759,86.21429999766406
2,5,0,"(487.5, 487.5, 2.4370033062802148)",0.0831072088549619,362.0349426269531,-0.993210591523705,2.2795417582331106,85.45669999875827
2,5,3,"(437.5, 487.5, 4.012520353342856)",0.01726814233643,547.9283447265625,-1.934590241395399,0.9751848584891066,88.79370000067865
2,5,6,"(412.5, 487.5, 5.147226552974528)",0.2397434339638051,549.5025634765625,-2.9129908155265176,0.4990801668612032,89.35899999778485
2,5,9,"(412.5, 487.5, 5.147226552974528)",0.4640989167185444,566.1876831054688,-3.230229042769679,0.6792273363845743,115.8194999989064
2,5,12,"(387.5, 462.5, 6.644563227708976)",0.002365333379183,733.7955322265625,-4.377006832725863,0.0351024259661919,86.75249999942025
2,5,15,"(387.5, 437.5, 6.419652941837749)",0.0024482471170564,736.1527709960938,-3.801857419002777,0.0386020188098744,87.09199999793782
2,5,18,"(362.5, 462.5, 8.527721324025148)",0.0454817890344619,783.141357421875,-3.0311615173598336,0.0633244471778271,86.5142000002379
2,5,21,"(362.5, 437.5, 8.184609533832969)",1.101385351948262,797.8035278320312,-10.473087775535964,1.0310934712427238,122.59220000123604
2,5,24,"(337.5, 412.5, 9.377700043801939)",0.0009169227783127,740.0572509765625,-6.5268632856022535,0.0009083281627084,88.42100000038045
2,5,27,"(337.5, 412.5, 9.377700043801939)",0.00065429676682,740.0572509765625,-6.526863285602253,0.0009083230775919,88.13999999983935
2,5,30,"(337.5, 412.5, 9.377700043801939)",0.0002070649397828,740.0572509765625,-6.526863285602252,0.0009083238784027,90.2103000007628
2,5,33,"(337.5, 412.5, 9.377700043801939)",0.0009107706577523,740.0572509765625,-6.526863285602252,0.0009083263461885,86.51589999863063
2,5,36,"(337.5, 412.5, 9.377700043801939)",0.0014613737538413,740.0572509765625,-6.526863285602253,0.0009083242114481,86.6929000003438
2,5,39,"(337.5, 412.5, 9.377700043801939)",0.0003479099365923,740.0572509765625,-6.526863285602253,0.0009083229455984,87.61950000189245
2,5,42,"(337.5, 412.5, 9.377700043801939)",0.1428768480410366,740.2117309570312,-6.528997638010176,0.2042153698701312,86.25110000139102
2,5,45,"(337.5, 412.5, 9.377700043801939)",0.0019526996255181,740.0572509765625,-6.5268632856022535,0.0009083224154116,89.34850000150618
2,5,48,"(337.5, 412.5, 9.377700043801939)",0.1397207952153689,740.213623046875,-6.5289976380101775,0.2042153513128904,87.97609999965061
2,5,51,"(337.5, 412.5, 9.377700043801939)",2.3320124152852624e-05,740.0572509765625,-6.526863285602252,0.0009083241546192,85.01710000200546
2,5,54,"(337.5, 412.5, 9.377700043801939)",0.0009116671066889,740.0572509765625,-6.526863285602253,0.0009083208072755,87.37470000050962
2,5,57,"(337.5, 412.5, 9.377700043801939)",0.0012103745850011,740.0572509765625,-6.526863285602253,0.0009083251913064,88.33450000020093
2,5,60,"(337.5, 412.5, 9.377700043801939)",0.000586286613205,740.0572509765625,-6.526863285602253,0.0009083275479706,84.11779999732971
2,5,63,"(337.5, 412.5, 9.377700043801939)",0.0015285386336455,740.0572509765625,-6.526863285602252,0.0009083350367528,90.5014999989362
2,5,66,"(337.5, 412.5, 9.377700043801939)",0.1377036470901786,740.2154541015625,-6.528997638010176,0.2042153802282444,84.78290000130073
2,5,69,"(337.5, 412.5, 9.377700043801939)",1.3435379229148696,674.6610107421875,-3.4202497958444344,0.4916270207301632,86.88139999867417
2,6,0,"(487.5, 487.5, 2.4370033062802148)",0.0876863963395016,362.0412292480469,-0.9932105915237052,2.2795417114475547,85.8847000017704
2,6,3,"(487.5, 487.5, 2.4370033062802148)",0.0095780316386619,361.9972534179688,-0.961608641135362,1.8586286786190371,83.93529999739258
2,6,6,"(437.5, 487.5, 4.012520353342856)",0.0153570363682742,547.914306640625,-1.9335195194538053,0.9454856337069312,86.63910000177566
2,6,9,"(387.5, 487.5, 6.600725374454914)",0.0182628430812831,568.3621826171875,-2.064657132802044,0.0286094339570451,86.47280000150204
2,6,12,"(387.5, 487.5, 6.600725374454914)",0.0091003454414507,568.3601684570312,-2.0646565941608115,0.0131675083986901,87.73320000182139
2,6,15,"(412.5, 462.5, 5.176557100199439)",0.0027401536736576,732.9423828125,-2.7972796840059506,0.130734358720517,86.47349999955622
2,6,18,"(362.5, 462.5, 8.527721324025148)",0.0090933692467208,783.13330078125,-3.031143192806217,0.0139753468397572,84.67079999900307
2,6,21,"(387.5, 437.5, 6.419652941837749)",0.001732757345004,736.1527709960938,-3.801856662774126,0.0162911450018968,88.22660000078031
2,6,24,"(362.5, 462.5, 8.527721324025148)",0.0450556474304349,783.1363525390625,-3.0311615173598336,0.0633244427763072,87.21080000032089
2,6,27,"(387.5, 437.5, 6.419652941837749)",0.0009916156999879,736.1527709960938,-3.8018565806029754,0.0130081600541875,85.34420000069076
2,6,30,"(387.5, 462.5, 6.644563227708976)",0.0035259649466535,733.795654296875,-4.377006184314349,0.0168045426095943,86.18240000214428
2,6,33,"(362.5, 437.5, 8.184609533832969)",0.1121511389131286,737.282958984375,-5.923716862166626,0.1630565805279046,86.89189999859082
2,6,36,"(387.5, 462.5, 6.644563227708976)",0.0023237979924059,733.795654296875,-4.377006093887106,0.0123870183699586,86.28390000012587
2,6,39,"(362.5, 437.5, 8.184609533832969)",0.11006522432746,737.237548828125,-5.923690119046674,0.1614946790253071,86.13289999993867
2,6,42,"(337.5, 412.5, 9.377700043801939)",0.0006656420287588,740.0572509765625,-6.526863285602253,0.0009083267911988,89.81359999961569
2,6,45,"(337.5, 412.5, 9.377700043801939)",0.0002324101911163,740.0572509765625,-6.526863285602253,0.0009083233655843,83.99669999926118
2,6,48,"(312.5, 412.5, 11.543004562335339)",0.0007681813101298,798.0051879882812,-1.9165216178860656,0.000908269930715,86.59999999872525
2,6,51,"(337.5, 437.5, 10.400297021568935)",0.0017346549962949,796.9451904296875,-3.317130060919116,0.0009078299273779,88.03809999881196
2,6,54,"(362.5, 412.5, 7.512358105982148)",0.0014996667663194,738.4631958007812,-4.450278665972565,0.0021289493739136,86.29749999818159
2,6,57,"(337.5, 412.5, 9.377700043801939)",0.0013288651367006,740.0572509765625,-6.5268632856022535,0.0009083359432196,86.30330000232789
2,6,60,"(312.5, 437.5, 13.134116007120344)",0.000479514371658,780.0640258789062,-0.5090570322140606,0.0009078287101694,85.11490000091726
2,6,63,"(337.5, 437.5, 10.400297021568935)",0.0008332077558646,796.9451904296875,-3.317130060919117,0.0009078353925838,86.62050000202726
2,6,66,"(312.5, 412.5, 11.543004562335339)",0.000577449091394,798.0051879882812,-1.9165216178860656,0.0009082815472756,87.28479999990668
2,6,69,"(362.5, 412.5, 7.512358105982148)",0.0039811158791312,738.4631958007812,-4.450278666198878,0.0048698091159545,89.57489999738755
2,7,0,"(487.5, 487.5, 2.4370033062802148)",0.088657501826778,362.0555419921875,-0.9932105915237052,2.279541736189748,86.18149999892921
2,7,3,"(462.5, 487.5, 3.127296379115885)",0.0100341510554039,545.6409912109375,-1.3522770179900525,1.6480183617542588,85.39219999875058
2,7,6,"(437.5, 462.5, 4.032539977718922)",0.0117146542993803,731.558349609375,-1.8807240055889385,1.2587481938536735,86.79610000035609
2,7,9,"(387.5, 462.5, 6.644563227708976)",0.0041580828750673,733.7959594726562,-4.37700798266202,0.0456158668294394,86.74860000246554
2,7,12,"(387.5, 462.5, 6.644563227708976)",0.0892118492326074,733.8922119140625,-4.377115804751709,0.1363067320798434,85.79699999972945
2,7,15,"(412.5, 462.5, 5.176557100199439)",0.001530803924291,732.9444580078125,-2.7972476744826458,0.0814044314751141,90.29890000238083
2,7,18,"(362.5, 462.5, 8.527721324025148)",0.0102690183242246,783.1353149414062,-3.031143200808028,0.0142182157198775,88.92399999967893
2,7,21,"(362.5, 412.5, 7.512358105982148)",0.0033513865324312,738.4631958007812,-4.450278668685961,0.0076964952685202,86.73239999916404
2,7,24,"(362.5, 412.5, 7.512358105982148)",0.0012703138874387,738.4631958007812,-4.450278717291299,0.0114285616425244,85.9922000017832
2,7,27,"(337.5, 412.5, 9.377700043801939)",0.0006472502092841,740.0572509765625,-6.526863285602253,0.0009083273588065,84.23620000030496
2,7,30,"(337.5, 412.5, 9.377700043801939)",1.496287414431595e-06,740.0572509765625,-6.526863285602252,0.0009083242369771,88.38099999775295
2,7,33,"(337.5, 412.5, 9.377700043801939)",0.0009944967497067,740.0572509765625,-6.526863285602252,0.0009083260302207,87.57169999807957
2,7,36,"(337.5, 412.5, 9.377700043801939)",0.0006585183594039,740.0572509765625,-6.526863285602252,0.0009083217662667,87.20950000133598
2,7,39,"(337.5, 412.5, 9.377700043801939)",0.0002382295347318,740.0572509765625,-6.526863285602252,0.0009083233457647,86.26160000130767
2,7,42,"(337.5, 412.5, 9.377700043801939)",0.0014601284265636,740.0572509765625,-6.526863285602254,0.0009083242755756,85.64079999996466
2,7,45,"(337.5, 412.5, 9.377700043801939)",0.0011697152550043,740.0572509765625,-6.526863285602252,0.0009083198422829,86.55730000100448
2,7,48,"(337.5, 412.5, 9.377700043801939)",0.0010237432171066,740.0572509765625,-6.526863285602253,0.0009083285864538,83.96190000348724
2,7,51,"(337.5, 412.5, 9.377700043801939)",0.0011697268598595,740.0572509765625,-6.526863285602253,0.0009083308740762,87.02360000097542
2,7,54,"(337.5, 412.5, 9.377700043801939)",0.0008781777165402,740.0572509765625,-6.526863285602253,0.0009083264706997,87.55079999900772
2,7,57,"(337.5, 412.5, 9.377700043801939)",0.1501309147193527,740.2650756835938,-6.5289976380101775,0.2042153739972655,85.07019999888144
2,7,60,"(337.5, 412.5, 9.377700043801939)",0.1422651122992769,740.2136840820312,-6.5289976380101775,0.2042153975407627,86.11820000078296
2,7,63,"(337.5, 412.5, 9.377700043801939)",0.0011370207918569,740.0572509765625,-6.526863285602253,0.0009083310259436,85.85579999999027
2,7,66,"(337.5, 412.5, 9.377700043801939)",0.0002940619048578,740.0572509765625,-6.526863285602253,0.0009083231144579,92.78590000030816
2,7,69,"(337.5, 412.5, 9.377700043801939)",0.0003065759606031,740.0572509765625,-6.526863285602252,0.0009083230671099,86.96100000088336
2,8,0,"(487.5, 487.5, 2.4370033062802148)",0.0909393775173798,362.0564880371094,-0.9932105915237052,2.2795417474291946,85.56310000130907
2,8,3,"(487.5, 437.5, 2.3962294749129978)",0.0221427028256203,547.8721923828125,-0.7505362943654079,1.5493599766330135,87.77280000140308
2,8,6,"(487.5, 387.5, 2.139763984685619)",0.0789451009252156,549.7409057617188,-0.4578516225097281,1.050405014565547,86.22089999698801
2,8,9,"(487.5, 337.5, 1.7553492373438715)",0.4527356856166235,550.5245361328125,-0.5794364050516152,1.8781975152492691,85.42729999680887
2,8,12,"(487.5, 287.5, 1.3444703254931378)",0.031532955841354,549.4380493164062,-0.4943289952676791,1.4830476790487197,86.27979999801028
2,8,15,"(487.5, 312.5, 1.5478514032947062)",0.0482083977469713,549.4443359375,-0.5484031843545188,1.5107725094789062,86.55139999973471
2,8,18,"(487.5, 287.5, 1.3444703254931378)",0.0257980259064552,549.4430541992188,-0.4950820915481055,1.488202847482742,98.96990000197547
2,8,21,"(487.5, 287.5, 1.3444703254931378)",0.0057623118142862,549.4364624023438,-0.4972988568280259,1.487208264886784,90.19220000118366
2,8,24,"(462.5, 287.5, 1.6387307756259826)",0.0112369825545585,733.117431640625,-0.5249228878174564,1.447565493909789,84.14930000071763
2,8,27,"(462.5, 312.5, 1.9057706001378085)",0.0922847886312271,733.1821899414062,-0.5929451994282919,1.421739936999888,85.42810000290046
2,8,30,"(437.5, 287.5, 1.9802988879790537)",0.0223505045356312,735.4113159179688,-0.5466271470268037,1.2729859834456072,84.29940000132774
2,8,33,"(412.5, 312.5, 2.8190600723806885)",0.0889937482368555,736.790283203125,-0.6969505339218894,0.9413270429964572,89.1894999986107
2,8,36,"(412.5, 287.5, 2.3680192003946603)",0.0211879093063767,736.6619262695312,-0.5678162210970069,1.1223549125029373,88.15010000034817
2,8,39,"(412.5, 312.5, 2.8190600723806885)",0.2324851679187089,737.0149536132812,-0.692084362233428,1.0952411058886948,90.47310000096331
2,8,42,"(387.5, 287.5, 2.795360823982221)",0.0413644571496514,737.4561767578125,-0.5752006105701053,0.980763141113894,88.45259999725386
2,8,45,"(362.5, 312.5, 3.972924796908688)",0.2867926702974914,738.9006958007812,-0.7449564018627131,0.9934666426157668,114.06459999852814
2,8,48,"(362.5, 262.5, 2.6317000424023482)",0.0188109100772408,737.93017578125,-0.4558876969645637,1.0158873746641826,85.69870000064839
2,8,51,"(362.5, 312.5, 3.972924796908688)",0.1053795167542862,738.7425537109375,-0.7569276361655437,0.5234912008306933,87.97000000049593
2,8,54,"(387.5, 287.5, 2.795360823982221)",0.0624647777827721,737.5673828125,-0.5620149869065602,0.6681350458139036,87.32299999974202
2,8,57,"(387.5, 287.5, 2.795360823982221)",0.0354896851805171,737.40576171875,-0.5830763597118038,1.090737001773617,90.40090000053168
2,8,60,"(387.5, 312.5, 3.371997408476144)",0.5297176421878904,738.3602294921875,-0.7260111308431617,1.4277758851870583,89.83960000114166
2,8,63,"(387.5, 287.5, 2.795360823982221)",0.0374954633596585,737.4671630859375,-0.5694250478930806,0.8663728590662723,88.07399999932386
2,8,66,"(387.5, 287.5, 2.795360823982221)",0.0391573712797485,737.5165405273438,-0.566238793622018,0.7945007927498177,88.62470000167377
2,8,69,"(362.5, 312.5, 3.972924796908688)",0.2922625885252102,738.8709106445312,-0.7443897563139761,1.0034388931843603,111.52969999966444
2,9,0,"(487.5, 487.5, 2.4370033062802148)",0.0840740331696646,362.02191162109375,-0.9932105915237052,2.279541701710629,85.7934000014211
2,9,3,"(487.5, 487.5, 2.4370033062802148)",0.009221589324623,361.99365234375,-0.9616086411353622,1.858628676301102,86.12160000120639
2,9,6,"(487.5, 462.5, 2.446737931289699)",0.0100320682772383,545.6384887695312,-0.8872855627988715,1.742835826309958,87.61580000282265
2,9,9,"(487.5, 412.5, 2.290558742230985)",0.0406197056740023,549.0914916992188,-0.5838952132970691,1.209607605187976,86.98739999817917
2,9,12,"(487.5, 362.5, 1.9568116350230005)",0.173599622018031,550.2998046875,-0.4358695998578019,1.162193780172894,85.6869999988703
2,9,15,"(487.5, 312.5, 1.5478514032947062)",0.2825047802368041,549.7799072265625,-0.5553129104133941,1.8140474359865528,83.85120000093593
2,9,18,"(437.5, 312.5, 2.3288409680820936)",0.2051577702454971,735.6179809570312,-0.6484353119678646,1.4204948154282886,86.04930000001332
2,9,21,"(437.5, 312.5, 2.3288409680820936)",0.0841456839578071,735.4841918945312,-0.6439487094729037,1.1881574311500975,87.47609999772976
2,9,24,"(437.5, 312.5, 2.3288409680820936)",0.0821806830664303,735.4812622070312,-0.6439149559843595,1.1858596733129494,92.79649999734828
2,9,27,"(412.5, 287.5, 2.3680192003946603)",0.0243559686459759,736.6531982421875,-0.5732303673252839,1.2111359448806558,88.66329999727895
2,9,30,"(387.5, 312.5, 3.371997408476144)",0.3985501259000555,738.2206420898438,-0.7330326284250246,1.244506312090978,86.97140000003856
2,9,33,"(387.5, 262.5, 2.2927863351327353)",0.0114022192506886,737.2774047851562,-0.4765888016660896,1.2075288050967337,85.6705999976839
2,9,36,"(387.5, 312.5, 3.371997408476144)",0.0626753800698016,737.7335815429688,-0.739610731424716,0.6132438584416611,86.88120000078925
2,9,39,"(362.5, 287.5, 3.2481324511568093)",0.1270853531987002,738.4595336914062,-0.5458721217474256,0.643552860536029,86.06860000145389
2,9,42,"(337.5, 287.5, 3.7025046815464644)",0.1124311243501835,739.3655395507812,-0.5028309558789799,0.7096638943672914,89.20360000047367
2,9,45,"(337.5, 287.5, 3.7025046815464644)",0.1762518730749348,739.4844970703125,-0.5021214978975599,0.797509207529863,87.6754000018991
2,9,48,"(337.5, 287.5, 3.7025046815464644)",0.0850914110630767,739.2112426757812,-0.5071342705470361,0.7242641111872458,88.69920000142884
2,9,51,"(337.5, 287.5, 3.7025046815464644)",0.2253449550696274,739.722900390625,-0.5032600014399295,0.7619744246767317,85.07670000108192
2,9,54,"(337.5, 287.5, 3.7025046815464644)",0.0851585583624311,739.2452392578125,-0.5068541174694313,0.7187635296770098,85.57569999902626
2,9,57,"(337.5, 287.5, 3.7025046815464644)",0.2273456431926933,739.7584838867188,-0.5032616477618795,0.761987087140183,87.96849999998813
2,9,60,"(337.5, 287.5, 3.7025046815464644)",0.087393111945171,739.1983642578125,-0.5068540415638392,0.7187620039608051,89.99640000183717
2,9,63,"(337.5, 287.5, 3.7025046815464644)",0.2340427688048925,739.7816162109375,-0.5032616477618796,0.7619871381241669,86.04969999942114
2,9,66,"(337.5, 287.5, 3.7025046815464644)",0.0845376921309049,739.2696533203125,-0.5068540415638392,0.7187620170413378,86.59819999957108
2,9,69,"(337.5, 287.5, 3.7025046815464644)",0.2259231337377857,739.697021484375,-0.5032616477618795,0.7619871186746076,87.39060000152676
2,0,0,"(262.5, 487.5, 22.1418731987782)",1.1460638184016652,550.9517822265625,-12.986370374087084,3.000772677571997,85.26100000017323
2,0,3,"(287.5, 462.5, 17.977012825427398)",1.3850608931794215,739.021484375,-12.986370374087082,3.000773179237645,89.36199999880046
2,0,6,"(312.5, 437.5, 13.134116007120344)",0.0014962064681644,780.0640258789062,-0.5090570322140606,0.0009078324494698,87.66370000012103
2,0,9,"(337.5, 437.5, 10.400297021568935)",0.0005849458893503,796.9451904296875,-3.317130060919117,0.0009078361654005,87.32890000101179
2,0,12,"(312.5, 412.5, 11.543004562335339)",0.0016973591802095,798.0051879882812,-1.9165216178860656,0.0009082719831176,84.55470000262721
2,0,15,"(362.5, 412.5, 7.512358105982148)",0.0048507824226251,738.4631958007812,-4.450278666198874,0.0048701133927967,86.4302999980282
2,0,18,"(362.5, 462.5, 8.527721324025148)",0.0376804327563926,783.1383056640625,-3.0311615173598336,0.0633244353813076,82.92380000057165
2,0,21,"(362.5, 412.5, 7.512358105982148)",0.0020356512158562,738.4631958007812,-4.450278668659392,0.007676763888341,87.62779999960912
2,0,24,"(337.5, 412.5, 9.377700043801939)",0.0004376380608932,740.0572509765625,-6.5268632856022535,0.0009083227817773,86.20739999969373
2,0,27,"(337.5, 412.5, 9.377700043801939)",0.0006977561310864,740.0572509765625,-6.5268632856022535,0.000908321595279,90.6433999989531
2,0,30,"(337.5, 412.5, 9.377700043801939)",0.0010400836642955,740.0572509765625,-6.5268632856022535,0.0009083312740952,87.11499999844818
2,0,33,"(337.5, 412.5, 9.377700043801939)",0.0003318844680069,740.0572509765625,-6.526863285602253,0.0009083229713055,91.95869999894056
2,0,36,"(337.5, 412.5, 9.377700043801939)",0.0004089573427163,740.0572509765625,-6.526863285602253,0.0009083227039243,85.73160000014468
2,0,39,"(337.5, 412.5, 9.377700043801939)",0.0004995138842519,740.0572509765625,-6.526863285602252,0.0009083223237646,85.81829999820911
2,0,42,"(337.5, 412.5, 9.377700043801939)",0.1430796880831604,740.204833984375,-6.528997638010177,0.2042153548429474,91.022199998406
2,0,45,"(337.5, 412.5, 9.377700043801939)",0.0017889624898027,740.0572509765625,-6.526863285602253,0.0009083181872014,89.96660000047996
2,0,48,"(337.5, 412.5, 9.377700043801939)",0.0009012318091699,740.0572509765625,-6.526863285602253,0.0009083208480177,90.43039999960456
2,0,51,"(312.5, 437.5, 13.134116007120344)",0.0003394845450982,780.0640258789062,-0.5090570322140606,0.0009078232835492,89.90989999801968
2,0,54,"(312.5, 437.5, 13.134116007120344)",0.0018515827590702,780.0640258789062,-0.5090570322140605,0.000907837942023,86.79750000010245
2,0,57,"(337.5, 412.5, 9.377700043801939)",1.3415980142918604,646.7340087890625,-3.4033459456821475,0.4871203552351477,87.27710000312072
2,0,60,"(337.5, 412.5, 9.377700043801939)",0.0006008679993436,740.0572509765625,-6.526863285602322,0.0010744235354201,85.81469999990077
2,0,63,"(337.5, 412.5, 9.377700043801939)",0.0003664472359594,740.0572509765625,-6.526863285602252,0.0009083228587543,89.00100000028033
2,0,66,"(337.5, 412.5, 9.377700043801939)",0.142489939717309,740.205322265625,-6.528997638010176,0.2042153656867608,86.11539999765228
2,0,69,"(337.5, 412.5, 9.377700043801939)",0.0011697237341081,740.0572509765625,-6.526863285602252,0.0009083198002566,86.67300000161049
2,1,0,"(262.5, 487.5, 22.1418731987782)",1.1475360221462767,550.9194946289062,-12.986370374087084,3.00077267833976,88.1206000012753
2,1,3,"(287.5, 462.5, 17.977012825427398)",1.3806262895489343,738.9883422851562,-12.986370374087084,3.0007731985021118,83.70279999871855
2,1,6,"(312.5, 437.5, 13.134116007120344)",0.0023084693604973,780.0640258789062,-0.5090570322140606,0.0009078460504008,84.08880000206409
2,1,9,"(312.5, 437.5, 13.134116007120344)",0.0022901974624353,780.0640258789062,-0.5090570322140606,0.0009078349882325,86.70260000144481
2,1,12,"(337.5, 412.5, 9.377700043801939)",1.3429965185633286,615.9402465820312,-3.4033467079463224,0.4871192561739346,88.51289999802248
2,1,15,"(337.5, 412.5, 9.377700043801939)",0.0006048378031688,740.0572509765625,-6.526863285602319,0.0010713984119625,88.34740000020247
2,1,18,"(337.5, 412.5, 9.377700043801939)",0.0011708095998628,740.0572509765625,-6.526863285602253,0.0009083197887339,88.61630000319565
2,1,21,"(337.5, 462.5, 10.942007264844266)",0.0011660536694697,774.6624145507812,-0.4846145583003852,0.0009065101692196,86.15990000180318
2,1,24,"(337.5, 412.5, 9.377700043801939)",1.3294192322198315,646.5646362304688,-3.403376940475413,0.4875000374038604,88.2631999993464
2,1,27,"(337.5, 362.5, 6.836404624384365)",0.0182066006518607,740.8005981445312,-2.280919223975237,0.1332119788315388,87.5887000001967
2,1,30,"(312.5, 337.5, 6.4720487778634865)",0.0028041876168749,743.1393432617188,-1.1411597228547865,0.014436263350213,86.84160000120755
2,1,33,"(287.5, 337.5, 7.198514700667702)",0.0014031013641536,747.119873046875,-0.8275525931301311,0.0030477604341024,87.39330000025802
2,1,36,"(287.5, 387.5, 11.306348749090457)",0.0015455458350179,786.824462890625,-0.6210235733642561,0.0010632687418353,89.17859999928623
2,1,39,"(337.5, 387.5, 8.122025837780313)",0.003213405827254,740.7197265625,-4.039922801782061,0.0018879739878889,86.58100000320701
2,1,42,"(362.5, 362.5, 5.709929773131825)",0.0224013901664905,739.0543212890625,-1.914498516237089,0.3047642884602031,87.19589999964228
2,1,45,"(362.5, 312.5, 3.972924796908688)",0.2624485583743627,742.457275390625,-0.4883444461301875,0.7684836168915091,84.60750000085682
2,1,48,"(362.5, 262.5, 2.6317000424023482)",0.0185601282608844,737.9389038085938,-0.4554958261937619,0.9877187578311376,88.01610000227811
2,1,51,"(362.5, 312.5, 3.972924796908688)",0.1058306304645336,738.7152099609375,-0.7569255023559098,0.5234821716402985,87.06739999979618
2,1,54,"(362.5, 262.5, 2.6317000424023482)",0.0191889479515718,737.9328002929688,-0.4559047695391445,1.017070921787412,83.06760000050417
2,1,57,"(362.5, 312.5, 3.972924796908688)",0.1029818024800652,738.7174682617188,-0.7569280228703041,0.5234331220535475,89.5526999993308
2,1,60,"(362.5, 262.5, 2.6317000424023482)",0.0186544122229399,737.912109375,-0.455904896737637,1.017078512253298,84.32860000175424
2,1,63,"(362.5, 312.5, 3.972924796908688)",0.1058590505278167,738.7296752929688,-0.7569280242976207,0.5234331057344329,86.96939999936149
2,1,66,"(387.5, 287.5, 2.795360823982221)",0.0402702608272212,737.5125732421875,-0.5647039639518212,0.7407567368850194,89.19999999852735
2,1,69,"(387.5, 287.5, 2.795360823982221)",0.0434869610674382,737.5073852539062,-0.5661677478123535,0.7925677836176844,88.21450000323239
2,2,0,"(262.5, 487.5, 22.1418731987782)",1.145357597078961,550.9254150390625,-12.986370374087086,3.000772658418549,86.97920000122394
2,2,3,"(287.5, 462.5, 17.977012825427398)",1.3819142914006195,738.8863525390625,-12.986370374087086,3.000773161744985,87.11810000022524
2,2,6,"(312.5, 437.5, 13.134116007120344)",0.0008842709289908,780.0640258789062,-0.5090570322140606,0.0009078153014171,85.17520000168588
2,2,9,"(312.5, 437.5, 13.134116007120344)",0.0005849305102014,780.0640258789062,-0.5090570322140606,0.000907828884456,93.4147000007215
2,2,12,"(312.5, 437.5, 13.134116007120344)",0.0015667311933807,780.0640258789062,-0.5090570322140606,0.0009078203663298,89.9840000020049
2,2,15,"(337.5, 412.5, 9.377700043801939)",1.3416335336171998,645.2456665039062,-3.4033820345467736,0.4874593852600767,87.54790000239154
2,2,18,"(337.5, 362.5, 6.836404624384365)",0.0173843809531914,740.8006591796875,-2.2809149712268764,0.1313801292989708,88.46629999970901
2,2,21,"(312.5, 337.5, 6.4720487778634865)",0.0026679123181791,743.1393432617188,-1.141159722820374,0.0144329647142614,87.6853999980085
2,2,24,"(262.5, 337.5, 7.706480720276972)",0.009410731858276,753.4866943359375,-0.4560229992487783,0.0253337625328384,86.52730000176234
2,2,27,"(262.5, 337.5, 7.706480720276972)",0.0302445186312416,753.4092407226562,-0.4560287164920348,0.0905421920884489,89.28350000132923
2,2,30,"(262.5, 337.5, 7.706480720276972)",0.0361657043240615,753.3258056640625,-0.4560291828915477,0.0924150996515829,86.36850000038976
2,2,33,"(287.5, 337.5, 7.198514700667702)",0.0019805010105978,747.119873046875,-0.8275525932875035,0.003760650639534,88.113699999667
2,2,36,"(262.5, 337.5, 7.706480720276972)",0.0119935471902032,753.4877319335938,-0.4560230949745394,0.0343532621309673,87.52950000052806
2,2,39,"(212.5, 337.5, 7.7206787211523045)",0.0213145640140609,747.119873046875,-1.156376469762996,0.0428053786692871,85.64699999988079
2,2,42,"(212.5, 287.5, 4.711065216163657)",0.072961834765093,743.33203125,-0.4136484583749633,0.2989016197445058,87.04959999886341
2,2,45,"(187.5, 262.5, 3.519235619237839)",0.0857563561250642,739.2802124023438,-0.4301332298683181,1.3326391520870402,86.78899999722489
2,2,48,"(187.5, 312.5, 5.701335627950545)",0.1509127656589363,739.7017822265625,-0.8309374505436196,0.9632433818610928,84.70939999824623
2,2,51,"(237.5, 312.5, 6.148385304590252)",0.0339001821957732,750.5707397460938,-0.4532476485897952,0.086044959993222,85.36389999790117
2,2,54,"(287.5, 312.5, 5.684209381380459)",0.0465843743839098,745.4105834960938,-0.4450782404143709,0.1676128700115859,87.20650000032037
2,2,57,"(262.5, 337.5, 7.706480720276972)",0.0484355981867076,753.3211059570312,-0.4560400306882965,0.1209400606974978,89.2746999998053
2,2,60,"(262.5, 337.5, 7.706480720276972)",0.0371453767368476,753.437255859375,-0.456029298534058,0.0928512406092321,89.2124000019976
2,2,63,"(262.5, 337.5, 7.706480720276972)",0.0350996398155387,753.4871215820312,-0.456029171988392,0.0924529197077962,87.09499999895343
2,2,66,"(287.5, 312.5, 5.684209381380459)",0.0118392791103092,745.5542602539062,-0.4450008576431837,0.043786034522018,86.47100000234786
2,2,69,"(262.5, 337.5, 7.706480720276972)",0.0103795438657588,753.4866943359375,-0.4560229747848145,0.0264586939084506,84.01629999934812
2,3,0,"(262.5, 487.5, 22.1418731987782)",1.1465586611258836,550.8975219726562,-12.986370374087084,3.0007726761762723,86.54310000201804
2,3,3,"(287.5, 462.5, 17.977012825427398)",1.3846283254393412,739.1524047851562,-12.986370374087086,3.0007731872173244,88.54090000022552
2,3,6,"(312.5, 437.5, 13.134116007120344)",0.0011685954662924,780.0640258789062,-0.5090570322140606,0.0009078272093748,89.73459999833722
2,3,9,"(337.5, 412.5, 9.377700043801939)",0.1364263628318699,740.1741333007812,-6.528997638010176,0.2042153305716977,87.57929999774205
2,3,12,"(337.5, 412.5, 9.377700043801939)",0.0008780672291654,740.0572509765625,-6.5268632856022535,0.0009083264711931,85.2444000011019
2,3,15,"(337.5, 412.5, 9.377700043801939)",0.0014702754148254,740.0572509765625,-6.526863285602252,0.0009083241437414,87.33859999847482
2,3,18,"(337.5, 412.5, 9.377700043801939)",0.0007326830178615,740.0572509765625,-6.526863285602253,0.0009083283048285,86.00020000085351
2,3,21,"(362.5, 437.5, 8.184609533832969)",0.0005895678855585,737.1627197265625,-5.922963805145471,0.0020084506546178,89.77329999834183
2,3,24,"(362.5, 462.5, 8.527721324025148)",0.0468697605345034,783.1473388671875,-3.0311615173598336,0.0633243605480277,93.52429999853484
2,3,27,"(337.5, 437.5, 10.400297021568935)",0.0011581556152687,796.9451904296875,-3.317130060919116,0.0009078584182285,86.39029999903869
2,3,30,"(337.5, 387.5, 8.122025837780313)",0.0041852335414627,740.7197265625,-4.039922816848781,0.0110953811714899,85.83680000083405
2,3,33,"(337.5, 412.5, 9.377700043801939)",0.0005882777688668,740.0572509765625,-6.526863285602252,0.0009083220244698,87.76600000055623
2,3,36,"(337.5, 412.5, 9.377700043801939)",0.0012762162652249,740.0572509765625,-6.5268632856022535,0.0009083249222251,84.71409999765456
2,3,39,"(337.5, 412.5, 9.377700043801939)",0.0006943949516611,740.0572509765625,-6.526863285602253,0.0009083271905142,88.90330000212998
2,3,42,"(312.5, 412.5, 11.543004562335339)",0.0008727324351251,798.0051879882812,-1.916521617886074,0.0009526308092432,90.18579999974465
2,3,45,"(362.5, 412.5, 7.512358105982148)",0.0050504200188459,738.4631958007812,-4.4502786661988765,0.0048700007882888,86.24520000012126
2,3,48,"(362.5, 412.5, 7.512358105982148)",0.0014076050268882,738.4631958007812,-4.450278715178048,0.0113017095695102,85.3160000006028
2,3,51,"(337.5, 412.5, 9.377700043801939)",0.0018069228228208,740.0572509765625,-6.5268632856022535,0.0009083284807072,89.81049999783863
2,3,54,"(312.5, 437.5, 13.134116007120344)",0.0011687904311468,780.0640258789062,-0.5090570322140606,0.000907838259742,86.008899997978
2,3,57,"(337.5, 412.5, 9.377700043801939)",1.3397274890006463,614.0048217773438,-3.403380711652214,0.4874373322069451,85.98989999882178
2,3,60,"(337.5, 362.5, 6.836404624384365)",0.0162195159410761,740.7938842773438,-2.280916504873057,0.1320391057528021,89.28589999777614
2,3,63,"(312.5, 337.5, 6.4720487778634865)",0.0031486132387391,743.1393432617188,-1.1411597228327377,0.0144341978239926,86.93410000341828
2,3,66,"(262.5, 337.5, 7.706480720276972)",0.0107958745464639,753.4867553710938,-0.4560229992487783,0.0253337520229722,87.56349999748636
2,3,69,"(287.5, 362.5, 9.065091200270214)",0.953337352220146,772.9588623046875,-2.2936019613591774,1.4616262471053347,110.1782000005187
2,4,0,"(262.5, 487.5, 22.1418731987782)",1.1466692847991682,550.9561157226562,-12.986370374087082,3.0007727161352107,87.27540000109002
2,4,3,"(287.5, 462.5, 17.977012825427398)",1.3793528851854149,739.021728515625,-12.986370374087084,3.0007731803126103,86.79220000340138
2,4,6,"(312.5, 437.5, 13.134116007120344)",0.0002929534917393,780.0640258789062,-0.5090570322140606,0.0009078297454631,89.68250000179978
2,4,9,"(337.5, 437.5, 10.400297021568935)",0.0008819001080286,796.9451904296875,-3.317130060919116,0.0009078297229119,88.6848000009195
2,4,12,"(362.5, 462.5, 8.527721324025148)",0.0008779057766652,783.13330078125,-3.03114307216742,0.0022481051014085,84.0725999987626
2,4,15,"(362.5, 437.5, 8.184609533832969)",1.1213457808031084,798.04345703125,-10.477573074239231,1.027006508960612,120.65240000083575
2,4,18,"(337.5, 412.5, 9.377700043801939)",0.0015673785730137,740.0572509765625,-6.526863285602252,0.0009083205603795,86.44920000006096
2,4,21,"(337.5, 412.5, 9.377700043801939)",0.0006650261157396,740.0572509765625,-6.526863285602252,0.0009083337180387,89.49139999822364
2,4,24,"(337.5, 412.5, 9.377700043801939)",0.0008779023298095,740.0572509765625,-6.526863285602253,0.0009083264487354,88.53820000149426
2,4,27,"(337.5, 412.5, 9.377700043801939)",0.0003219205675517,740.0572509765625,-6.5268632856022535,0.0009083230083687,86.02109999992535
2,4,30,"(337.5, 412.5, 9.377700043801939)",1.3730118933399476,675.91064453125,-3.43428311323838,0.4949955399943126,86.82929999849875
2,4,33,"(337.5, 412.5, 9.377700043801939)",0.0011031008179879,740.0572509765625,-6.526863285602317,0.0010684917245536,85.56379999936325
2,4,36,"(337.5, 412.5, 9.377700043801939)",0.0006194319805819,740.0572509765625,-6.5268632856022535,0.0009083274417106,91.35669999886886
2,4,39,"(337.5, 412.5, 9.377700043801939)",0.0004065538915034,740.0572509765625,-6.5268632856022535,0.0009083227127432,88.18450000035227
2,4,42,"(337.5, 412.5, 9.377700043801939)",0.000794421756777,740.0572509765625,-6.5268632856022535,0.0009083232284096,87.25559999948018
2,4,45,"(312.5, 437.5, 13.134116007120344)",0.0010044610641732,780.0640258789062,-0.5090570322140606,0.0009078294260681,88.72859999974025
2,4,48,"(337.5, 412.5, 9.377700043801939)",0.1431862222192689,740.1895141601562,-6.5289976380101775,0.2042153635807803,85.23000000059255
2,4,51,"(337.5, 412.5, 9.377700043801939)",0.0012690137467359,740.0572509765625,-6.526863285602253,0.0009083211403862,85.84909999990487
2,4,54,"(337.5, 412.5, 9.377700043801939)",0.0005925660160478,740.0572509765625,-6.526863285602253,0.0009083275471004,86.19570000155363
2,4,57,"(337.5, 412.5, 9.377700043801939)",6.617775805761847e-05,740.0572509765625,-6.5268632856022535,0.0009083239872772,85.46740000019781
2,4,60,"(337.5, 412.5, 9.377700043801939)",0.000878179056937,740.0572509765625,-6.526863285602253,0.0009083209190742,86.76280000145198
2,4,63,"(337.5, 412.5, 9.377700043801939)",0.0007459859887483,740.0572509765625,-6.5268632856022535,0.0009083280547729,88.08649999991758
2,4,66,"(337.5, 412.5, 9.377700043801939)",0.0007855187081653,740.0572509765625,-6.526863285602252,0.0009083267988275,96.66250000009312
2,4,69,"(337.5, 412.5, 9.377700043801939)",1.3526204908197623,615.1141357421875,-3.434135240611321,0.4951606639238989,83.11400000093272
2,5,0,"(262.5, 487.5, 22.1418731987782)",1.145164775031789,550.9823608398438,-12.986370374087084,3.00077267354569,87.51630000188015
2,5,3,"(287.5, 462.5, 17.977012825427398)",1.3816286784206069,739.0155639648438,-12.986370374087084,3.000773173223542,84.3949000009161
2,5,6,"(312.5, 437.5, 13.134116007120344)",0.0017461050544984,780.0640258789062,-0.5090570322140606,0.000907830964474,87.26060000117286
2,5,9,"(337.5, 412.5, 9.377700043801939)",1.3276314586626394,645.6127319335938,-3.403366996836063,0.487342673899548,87.80000000115251
2,5,12,"(337.5, 412.5, 9.377700043801939)",0.0007299171544904,740.0572509765625,-6.526863285602317,0.0010685389607616,87.79479999793693
2,5,15,"(337.5, 412.5, 9.377700043801939)",0.0005876375059963,740.0572509765625,-6.526863285602253,0.0009083220110757,86.56719999999041
2,5,18,"(337.5, 412.5, 9.377700043801939)",0.0001392466142252,740.0572509765625,-6.5268632856022535,0.0009083242801664,87.58889999808162
2,5,21,"(337.5, 437.5, 10.400297021568935)",0.0011604727102779,796.9451904296875,-3.317130060919116,0.0009078344244813,86.26680000088527
2,5,24,"(337.5, 437.5, 10.400297021568935)",0.0009667287464161,796.9451904296875,-3.317130060919117,0.0009078294693681,88.96159999858355
2,5,27,"(337.5, 387.5, 8.122025837780313)",0.0038623800180462,740.7197265625,-4.0399228168489145,0.0110954110122731,85.36080000340007
2,5,30,"(337.5, 412.5, 9.377700043801939)",0.0009487890941304,740.0572509765625,-6.526863285602253,0.0009083242132883,88.03819999957341
2,5,33,"(337.5, 412.5, 9.377700043801939)",0.1467707971878296,740.2632446289062,-6.528997638010177,0.2042153860546267,85.81770000091637
2,5,36,"(337.5, 412.5, 9.377700043801939)",0.0017525264416786,740.0572509765625,-6.526863285602252,0.0009083230822959,88.16819999992731
2,5,39,"(337.5, 462.5, 10.942007264844266)",0.0010317767386633,774.6624145507812,-0.4846145583003852,0.0009065220809081,87.73840000139899
2,5,42,"(337.5, 412.5, 9.377700043801939)",1.324936601416714,647.29833984375,-3.4033629336068785,0.4873856567799437,84.3892999982927
2,5,45,"(337.5, 362.5, 6.836404624384365)",0.0183761227412702,740.8341674804688,-2.2809179872576637,0.132651092549119,83.65369999955874
2,5,48,"(312.5, 337.5, 6.4720487778634865)",0.0021173739291355,743.1393432617188,-1.141159722844307,0.0144352662498753,85.85900000252877
2,5,51,"(312.5, 337.5, 6.4720487778634865)",0.0023368893597059,743.1393432617188,-1.1411597202644597,0.0141855863923607,89.3962999980431
2,5,54,"(262.5, 337.5, 7.706480720276972)",0.0087719698212776,753.4866943359375,-0.4560229992487783,0.0253337542092203,86.45339999930002
2,5,57,"(287.5, 362.5, 9.065091200270214)",0.9558170829730392,772.2200927734375,-2.2936019613591774,1.4616262501020032,109.4327000027988
2,5,60,"(262.5, 337.5, 7.706480720276972)",0.0434813517316407,753.2803955078125,-0.4560322906043469,0.1029919898643127,85.27160000085132
2,5,63,"(287.5, 312.5, 5.684209381380459)",0.0092214196727587,745.5936279296875,-0.4450008576431876,0.0437868559172834,91.04719999959345
2,5,66,"(262.5, 337.5, 7.706480720276972)",0.0103266961445464,753.4866943359375,-0.4560229747984957,0.0264594699055616,84.42089999880409
2,5,69,"(212.5, 337.5, 7.7206787211523045)",0.0218913424103808,747.121826171875,-1.15637651852288,0.0429828990933061,86.88240000265068
2,6,0,"(262.5, 487.5, 22.1418731987782)",1.145689591884948,550.8847045898438,-12.986370374087087,3.000772704828685,85.5584999990242
2,6,3,"(287.5, 462.5, 17.977012825427398)",1.3827067066854488,739.06396484375,-12.986370374087086,3.000773159398509,89.28579999701469
2,6,6,"(312.5, 437.5, 13.134116007120344)",0.0015497436537225,780.0640258789062,-0.5090570322140606,0.0009078371436738,86.70200000051409
2,6,9,"(337.5, 437.5, 10.400297021568935)",0.0003424133239258,796.9451904296875,-3.317130060919117,0.0009078313341611,87.32190000228002
2,6,12,"(337.5, 387.5, 8.122025837780313)",0.0039413874191198,740.7197265625,-4.03992281684881,0.011095392289538,84.73400000002584
2,6,15,"(337.5, 412.5, 9.377700043801939)",0.0003991183351398,740.0572509765625,-6.526863285602253,0.0009083282726334,88.93990000069607
2,6,18,"(337.5, 412.5, 9.377700043801939)",0.0004133775466656,740.0572509765625,-6.5268632856022535,0.0009083226638681,91.87089999977616
2,6,21,"(337.5, 412.5, 9.377700043801939)",0.0009718837879812,740.0572509765625,-6.526863285602253,0.0009083327339688,85.39240000027348
2,6,24,"(337.5, 412.5, 9.377700043801939)",0.0015287576454652,740.0572509765625,-6.526863285602252,0.0009083406724709,86.79649999976391
2,6,27,"(337.5, 462.5, 10.942007264844266)",0.0005869835381864,774.6624145507812,-0.4846145583003853,0.0009065167045577,88.54910000081873
2,6,30,"(312.5, 437.5, 13.134116007120344)",0.000177458355944,780.0640258789062,-0.5090570322140606,0.0009078334575197,89.45329999914975
2,6,33,"(337.5, 412.5, 9.377700043801939)",1.33817319340722,645.8975830078125,-3.4033894585872444,0.4875344766153893,84.50019999872893
2,6,36,"(337.5, 412.5, 9.377700043801939)",0.0007216319949811,740.0572509765625,-6.526863285602318,0.001070726760856,88.8742999995884
2,6,39,"(337.5, 412.5, 9.377700043801939)",0.0010604598022167,740.0572509765625,-6.526863285602253,0.0009083202108686,83.24429999993299
2,6,42,"(362.5, 437.5, 8.184609533832969)",0.0008835761695382,737.1627197265625,-5.9229638051455,0.0020092528995328,87.80029999979888
2,6,45,"(387.5, 462.5, 6.644563227708976)",0.0010610469554192,733.795654296875,-4.37700609305807,0.0123256503083878,89.03680000003078
2,6,48,"(362.5, 462.5, 8.527721324025148)",0.0008771918995764,783.13330078125,-3.031143072111813,0.0009068195903429,88.95080000002054
2,6,51,"(387.5, 437.5, 6.419652941837749)",0.0011586975089777,736.1527709960938,-3.801856585595581,0.0132790146572531,86.47500000006403
2,6,54,"(362.5, 462.5, 8.527721324025148)",0.0453178159135256,783.1373291015625,-3.031161517359834,0.0633243883724278,87.23459999964689
2,6,57,"(362.5, 437.5, 8.184609533832969)",1.0877454240417932,790.56689453125,-10.460787215545244,0.5877793152635584,87.28520000295248
2,6,60,"(362.5, 487.5, 8.460406646791682)",0.0021900322788894,568.50439453125,-0.6705755725853451,0.0009060694925267,90.07460000066204
2,6,63,"(362.5, 437.5, 8.184609533832969)",1.1001723100113627,790.9744873046875,-10.463797392261808,0.5902844844447366,85.49139999740873
2,6,66,"(362.5, 437.5, 8.184609533832969)",1.0961332955495766,792.0154418945312,-10.463629694215678,0.5901346654159018,86.5763000001607
2,6,69,"(362.5, 487.5, 8.460406646791682)",0.0023397028704566,568.50439453125,-0.6705755725853448,0.0009060851898354,87.51889999984996
2,7,0,"(262.5, 487.5, 22.1418731987782)",1.1488618702561268,550.8689575195312,-12.986370374087084,3.000772691753113,86.11000000018976
2,7,3,"(287.5, 462.5, 17.977012825427398)",1.3832885619159607,739.0137939453125,-12.986370374087086,3.00077319209812,86.4064999987022
2,7,6,"(312.5, 437.5, 13.134116007120344)",0.0009540026136064,780.0640258789062,-0.5090570322140606,0.0009078278501955,90.98639999865554
2,7,9,"(337.5, 437.5, 10.400297021568935)",0.0008833714173887,796.9451904296875,-3.317130060919117,0.0009078297419808,87.28490000066813
2,7,12,"(312.5, 412.5, 11.543004562335339)",0.000881165024413,798.0051879882812,-1.9165216178860656,0.0009082750456218,87.83889999904204
2,7,15,"(362.5, 412.5, 7.512358105982148)",0.0051285796876647,738.4631958007812,-4.450278666198876,0.0048700594598058,84.88880000004428
2,7,18,"(362.5, 412.5, 7.512358105982148)",0.0014061370596129,738.4631958007812,-4.450278715178048,0.0113017096751947,85.97499999814318
2,7,21,"(337.5, 412.5, 9.377700043801939)",0.0018432554744833,740.0572509765625,-6.5268632856022535,0.0009083388781708,88.81239999755053
2,7,24,"(312.5, 387.5, 9.73254467824523)",0.8758229274440337,804.2593383789062,-6.609560926926472,1.263997807385205,122.66249999811409
2,7,27,"(337.5, 412.5, 9.377700043801939)",0.0005664959931601,740.0572509765625,-6.526863285602252,0.0009083276335591,88.33619999859366
2,7,30,"(337.5, 412.5, 9.377700043801939)",0.0014613664804411,740.0572509765625,-6.526863285602252,0.0009083187040974,86.43730000039795
2,7,33,"(337.5, 412.5, 9.377700043801939)",0.0012470951032799,740.0572509765625,-6.526863285602253,0.0009083206703782,86.89330000197515
2,7,36,"(312.5, 387.5, 9.73254467824523)",0.8694478429989129,805.1082763671875,-6.609560926926471,1.263997839220221,125.21909999850322
2,7,39,"(337.5, 412.5, 9.377700043801939)",0.0011782026397781,740.0572509765625,-6.5268632856022535,0.0009083197374047,89.49720000236994
2,7,42,"(312.5, 437.5, 13.134116007120344)",0.0018094247648969,780.0640258789062,-0.5090570322140606,0.0009078249992906,86.17299999968964
2,7,45,"(337.5, 412.5, 9.377700043801939)",0.1356957036755079,740.1920166015625,-6.5289976380101775,0.2042153276868978,86.2148000014713
2,7,48,"(337.5, 412.5, 9.377700043801939)",1.3660601487331607,619.790283203125,-3.42029012206894,0.4920285397707674,90.7528000025195
2,7,51,"(337.5, 412.5, 9.377700043801939)",0.0006184032431437,740.0572509765625,-6.52686328560232,0.0010714331941181,88.49879999979748
2,7,54,"(337.5, 412.5, 9.377700043801939)",0.0004761266682894,740.0572509765625,-6.526863285602252,0.0009083224441031,85.26290000008885
2,7,57,"(337.5, 412.5, 9.377700043801939)",0.1449719212441326,740.2605590820312,-6.5289976380101775,0.2042153328039317,88.15770000001066
2,7,60,"(337.5, 437.5, 10.400297021568935)",0.0014634287103681,796.9451904296875,-3.317130060919117,0.0009078390602752,88.33900000172434
2,7,63,"(362.5, 412.5, 7.512358105982148)",0.0015678057276876,738.4631958007812,-4.450278665972565,0.0021289606936505,84.62569999755942
2,7,66,"(362.5, 437.5, 8.184609533832969)",0.000650314839797,737.1627197265625,-5.922963805139301,0.0014504998940495,85.40530000027502
2,7,69,"(362.5, 462.5, 8.527721324025148)",0.0430598152554442,783.13330078125,-3.031161517359834,0.0633244428254065,88.26359999875422
2,8,0,"(262.5, 487.5, 22.1418731987782)",1.1491787358311576,550.941650390625,-12.986370374087087,3.0007726742573904,86.13020000120741
2,8,3,"(287.5, 462.5, 17.977012825427398)",1.3790277442559231,738.9629516601562,-12.986370374087082,3.000773251041273,88.35099999851082
2,8,6,"(312.5, 437.5, 13.134116007120344)",0.000877619529902,780.0640258789062,-0.5090570322140606,0.000907833569896,86.41440000064904
2,8,9,"(337.5, 412.5, 9.377700043801939)",0.1407386357073102,740.1622314453125,-6.528997638010176,0.2042153583014308,84.90330000131507
2,8,12,"(337.5, 412.5, 9.377700043801939)",1.5964238062817573e-06,740.0572509765625,-6.5268632856022535,0.0009083242366923,88.96630000162986
2,8,15,"(337.5, 412.5, 9.377700043801939)",0.0003115567545089,740.0572509765625,-6.526863285602252,0.0009083230699395,87.478800000099
2,8,18,"(337.5, 412.5, 9.377700043801939)",0.0009314584998233,740.0572509765625,-6.526863285602253,0.0009083262644502,87.7269000011438
2,8,21,"(337.5, 412.5, 9.377700043801939)",0.0017517884693347,740.0572509765625,-6.526863285602252,0.0009083175855451,83.77219999965746
2,8,24,"(337.5, 412.5, 9.377700043801939)",0.1417856459097511,740.192626953125,-6.528997638010177,0.2042153258952466,83.48100000148406
2,8,27,"(337.5, 412.5, 9.377700043801939)",0.001487585709141,740.0572509765625,-6.526863285602252,0.0009083296344096,89.38970000235713
2,8,30,"(312.5, 412.5, 11.543004562335339)",0.001759919146972,798.0051879882812,-1.9165216178860656,0.000908266179891,88.53779999844846
2,8,33,"(362.5, 412.5, 7.512358105982148)",0.0036006061471509,738.4631958007812,-4.450278666198873,0.0048700538426953,86.12200000061421
2,8,36,"(337.5, 387.5, 8.122025837780313)",0.0008195763532256,740.7197265625,-4.0399228018487685,0.0023709494156058,88.23730000221985
2,8,39,"(337.5, 412.5, 9.377700043801939)",0.0007625520010655,740.0572509765625,-6.5268632856022535,0.0009083268944769,86.22330000071088
2,8,42,"(337.5, 412.5, 9.377700043801939)",0.0011430008714277,740.0572509765625,-6.5268632856022535,0.0009083249221879,84.44170000075246
2,8,45,"(337.5, 412.5, 9.377700043801939)",0.0009284096715156,740.0572509765625,-6.526863285602252,0.0009083211326771,86.8555999986711
2,8,48,"(337.5, 412.5, 9.377700043801939)",0.0002941570514431,740.0572509765625,-6.526863285602252,0.0009083231118678,86.55089999956544
2,8,51,"(362.5, 437.5, 8.184609533832969)",0.0006202299345782,737.1627197265625,-5.922963805145455,0.0020080767647207,85.03740000014659
2,8,54,"(362.5, 487.5, 8.460406646791682)",0.0008767603821402,568.50439453125,-0.670575572585345,0.0009060755271616,87.06829999937327
2,8,57,"(362.5, 462.5, 8.527721324025148)",0.0011760478681075,783.13330078125,-3.031143072111812,0.0009066046889781,95.21969999696012
2,8,60,"(362.5, 437.5, 8.184609533832969)",1.1056754999339526,798.2667236328125,-10.48028825346094,1.024305355665015,120.29310000070836
2,8,63,"(337.5, 412.5, 9.377700043801939)",0.0009951495095287,740.0572509765625,-6.5268632856022535,0.0009083226529149,86.16649999748915
2,8,66,"(337.5, 412.5, 9.377700043801939)",0.1424143006835831,740.2129516601562,-6.528997638010177,0.2042153454620963,85.97830000144313
2,8,69,"(337.5, 412.5, 9.377700043801939)",0.0012622820103523,740.0572509765625,-6.526863285602252,0.0009083250371088,85.35549999942305
2,9,0,"(262.5, 487.5, 22.1418731987782)",1.1491037335387302,550.9768676757812,-12.986370374087086,3.000772669469744,86.64910000152304
2,9,3,"(287.5, 462.5, 17.977012825427398)",1.3825350385151944,738.9622802734375,-12.98637037408708,3.0007731765619603,86.52019999863114
2,9,6,"(312.5, 437.5, 13.134116007120344)",0.0011664182906358,780.0640258789062,-0.5090570322140606,0.0009078327415721,91.10650000002352
2,9,9,"(337.5, 412.5, 9.377700043801939)",1.3090992254587512,705.7232055664062,-3.403354688338056,0.4871809575936549,86.69180000288179
2,9,12,"(337.5, 412.5, 9.377700043801939)",0.0011620020292588,740.0572509765625,-6.52686328560232,0.0010722088640783,85.84939999855123
2,9,15,"(337.5, 412.5, 9.377700043801939)",0.0009365899399728,740.0572509765625,-6.5268632856022535,0.0009083207212818,87.48669999840786
2,9,18,"(337.5, 412.5, 9.377700043801939)",0.0021736226000934,740.0572509765625,-6.5268632856022535,0.0009083160479812,86.9739000008849
2,9,21,"(337.5, 412.5, 9.377700043801939)",0.1392268197096548,740.1992797851562,-6.5289976380101775,0.2042153636438237,88.17479999925126
2,9,24,"(337.5, 412.5, 9.377700043801939)",0.139613833308349,740.1755981445312,-6.528997638010176,0.2042153748554436,85.10990000286256
2,9,27,"(337.5, 412.5, 9.377700043801939)",0.0003957493595541,740.0572509765625,-6.526863285602253,0.0009083302053258,88.5956999991322
2,9,30,"(337.5, 412.5, 9.377700043801939)",0.0013203281361749,740.0572509765625,-6.526863285602252,0.0009083247779938,86.68350000152714
2,9,33,"(337.5, 412.5, 9.377700043801939)",0.0015628650484617,740.0572509765625,-6.5268632856022535,0.0009083183024217,86.18070000011357
2,9,36,"(337.5, 412.5, 9.377700043801939)",0.0017538650640053,740.0572509765625,-6.526863285602252,0.0009083231007002,88.20560000094702
2,9,39,"(337.5, 412.5, 9.377700043801939)",0.0007468828952213,740.0572509765625,-6.526863285602253,0.000908321397423,84.30370000132825
2,9,42,"(337.5, 412.5, 9.377700043801939)",0.0013520947279483,740.0572509765625,-6.5268632856022535,0.0009083246921109,85.14529999956721
2,9,45,"(337.5, 412.5, 9.377700043801939)",0.1457394490278852,740.2147216796875,-6.528997638010176,0.2042153276179955,85.73909999904572
2,9,48,"(337.5, 412.5, 9.377700043801939)",0.0009392790797151,740.0572509765625,-6.526863285602252,0.0009083261929653,89.26680000149645
2,9,51,"(337.5, 412.5, 9.377700043801939)",0.1361206875839549,740.1665649414062,-6.528997638010177,0.2042153625551669,87.17059999980847
2,9,54,"(337.5, 412.5, 9.377700043801939)",0.0004204487180817,740.0572509765625,-6.526863285602253,0.0009083226338326,86.19660000113072
2,9,57,"(337.5, 412.5, 9.377700043801939)",1.3460372364535889,616.4693603515625,-3.4347758225843124,0.495077605576494,87.89519999845652
2,9,60,"(337.5, 412.5, 9.377700043801939)",0.0008783797125459,740.0572509765625,-6.5268632856023165,0.0010682284472343,87.39650000279653
2,9,63,"(337.5, 412.5, 9.377700043801939)",0.0005892948215644,740.0572509765625,-6.5268632856022535,0.0009083275596415,89.86229999936768
2,9,66,"(337.5, 412.5, 9.377700043801939)",0.1397173971045096,740.2574462890625,-6.528997638010176,0.2042153426496381,92.1928999996453
2,9,69,"(337.5, 412.5, 9.377700043801939)",0.0010960920518714,740.0572509765625,-6.526863285602253,0.0009083200755013,84.96399999785353
2,0,0,"(462.5, 487.5, 3.127296379115885)",0.0829863747381943,545.6868896484375,-1.385964056549791,2.101178847438105,87.02940000148374
2,0,3,"(437.5, 462.5, 4.032539977718922)",0.0121450046433851,731.5593872070312,-1.881914264014512,1.2827858599966602,88.57759999955306
2,0,6,"(387.5, 462.5, 6.644563227708976)",0.0035478049960181,733.795654296875,-4.377007987227679,0.0456262690778012,86.75829999992857
2,0,9,"(387.5, 462.5, 6.644563227708976)",0.0852704428352417,733.8357543945312,-4.377115804752307,0.1363068375221963,86.84619999985443
2,0,12,"(387.5, 487.5, 6.600725374454914)",0.0025939775643859,568.3601684570312,-2.0646565321408463,0.004008219937447,86.48389999871142
2,0,15,"(387.5, 487.5, 6.600725374454914)",0.0042386818233372,568.3601684570312,-2.0646565336694,0.0054687092202976,88.4723999988637
2,0,18,"(387.5, 462.5, 6.644563227708976)",0.0215806647023695,733.7976684570312,-4.377006976693345,0.0438290797325306,84.50820000143722
2,0,21,"(362.5, 437.5, 8.184609533832969)",0.0009144917568435,737.1627197265625,-5.922963805183014,0.0021047184809849,85.30170000085491
2,0,24,"(337.5, 412.5, 9.377700043801939)",0.0011327487672678,740.0572509765625,-6.526863285602252,0.0009083206793893,88.48850000140374
2,0,27,"(337.5, 412.5, 9.377700043801939)",0.0014417753956502,740.0572509765625,-6.526863285602252,0.000908318823378,87.8365999997186
2,0,30,"(337.5, 412.5, 9.377700043801939)",0.0018252857419232,740.0572509765625,-6.526863285602253,0.0009083228456764,85.57950000249548
2,0,33,"(337.5, 412.5, 9.377700043801939)",1.371967802744725,616.5808715820312,-3.434134948949949,0.4951227461139964,85.13590000075055
2,0,36,"(337.5, 412.5, 9.377700043801939)",0.0006551868040904,740.0572509765625,-6.526863285602314,0.0010656651760348,87.09430000089924
2,0,39,"(337.5, 412.5, 9.377700043801939)",0.0014154463903318,740.0572509765625,-6.526863285602253,0.0009083239137637,85.72279999862076
2,0,42,"(337.5, 412.5, 9.377700043801939)",0.0009125863412533,740.0572509765625,-6.526863285602253,0.0009083208918477,85.44280000205617
2,0,45,"(337.5, 412.5, 9.377700043801939)",0.000998602090203,740.0572509765625,-6.526863285602253,0.0009083259918234,88.69889999914449
2,0,48,"(337.5, 412.5, 9.377700043801939)",0.1380652926791623,740.2430419921875,-6.528997638010177,0.2042152895102963,87.39820000118925
2,0,51,"(337.5, 412.5, 9.377700043801939)",0.0008971081152244,740.0572509765625,-6.5268632856022535,0.0009083263974383,87.19980000023497
2,0,54,"(337.5, 412.5, 9.377700043801939)",0.0012592880060263,740.0572509765625,-6.526863285602253,0.0009083242418392,88.78750000076252
2,0,57,"(337.5, 412.5, 9.377700043801939)",0.000990371523952,740.0572509765625,-6.526863285602252,0.0009083281584003,87.32099999906495
2,0,60,"(337.5, 412.5, 9.377700043801939)",0.0012981356483394,740.0572509765625,-6.526863285602252,0.0009083248755484,85.89440000287141
2,0,63,"(337.5, 412.5, 9.377700043801939)",0.0005882832661234,740.0572509765625,-6.526863285602253,0.0009083275631686,90.8871999999974
2,0,66,"(337.5, 412.5, 9.377700043801939)",0.0009984471328426,740.0572509765625,-6.5268632856022535,0.0009083270787668,84.54490000076476
2,0,69,"(337.5, 412.5, 9.377700043801939)",0.0006159408318143,740.0572509765625,-6.526863285602253,0.0009083219015862,86.69450000161305
2,1,0,"(462.5, 487.5, 3.127296379115885)",0.0793673389941635,545.680908203125,-1.3859640565497908,2.10117886857683,86.6585000003397
2,1,3,"(437.5, 487.5, 4.012520353342856)",0.0162847622551319,547.9342041015625,-1.93253646930526,0.9391147548212272,89.91389999937383
2,1,6,"(412.5, 462.5, 5.176557100199439)",0.0064445402890688,732.9360961914062,-2.7975592081034124,0.2297065431012064,87.77869999903487
2,1,9,"(387.5, 487.5, 6.600725374454914)",0.185412976830593,568.486083984375,-2.0672848740108174,0.2717563070284438,86.21660000062548
2,1,12,"(362.5, 462.5, 8.527721324025148)",0.0019434541322417,783.13330078125,-3.031143072111812,0.0009065984292615,87.25319999939529
2,1,15,"(387.5, 437.5, 6.419652941837749)",0.0014242777363771,736.1527709960938,-3.80185658562934,0.0132807550543934,87.05729999928735
2,1,18,"(387.5, 462.5, 6.644563227708976)",0.0026883057559636,733.795654296875,-4.377006184480227,0.0168097213812847,89.78800000113552
2,1,21,"(387.5, 487.5, 6.600725374454914)",0.0032819379500009,568.3601684570312,-2.06465653229136,0.0042317536982288,85.12120000159484
2,1,24,"(387.5, 462.5, 6.644563227708976)",0.533311669846217,736.5223999023438,-4.447793491979249,0.793379973051151,85.65190000081202
2,1,27,"(362.5, 437.5, 8.184609533832969)",0.000817791536582,737.1627197265625,-5.922963805185455,0.0021233602327789,85.82540000134031
2,1,30,"(362.5, 437.5, 8.184609533832969)",0.0798376110686056,737.2508544921875,-5.923222962794847,0.1227062676229873,86.15890000146464
2,1,33,"(337.5, 412.5, 9.377700043801939)",0.0013158857193096,740.0572509765625,-6.526863285602253,0.0009083195605441,88.43789999809815
2,1,36,"(337.5, 412.5, 9.377700043801939)",0.0001932120064442,740.0572509765625,-6.526863285602253,0.0009083235131624,87.1398000017507
2,1,39,"(337.5, 412.5, 9.377700043801939)",0.0005260924043382,740.0572509765625,-6.526863285602253,0.0009083222432206,89.45289999974193
2,1,42,"(337.5, 412.5, 9.377700043801939)",0.00125645259902,740.0572509765625,-6.526863285602252,0.000908322630747,87.08979999937583
2,1,45,"(337.5, 412.5, 9.377700043801939)",0.0005903746215798,740.0572509765625,-6.526863285602252,0.00090832201621,86.51989999998477
2,1,48,"(337.5, 412.5, 9.377700043801939)",0.0011697273149742,740.0572509765625,-6.526863285602253,0.0009083253256585,84.79720000104862
2,1,51,"(337.5, 412.5, 9.377700043801939)",0.140682568954341,740.220703125,-6.528997638010177,0.2042153180017399,88.47280000190949
2,1,54,"(337.5, 412.5, 9.377700043801939)",0.0014122355317947,740.0572509765625,-6.5268632856022535,0.0009083188565317,86.92490000248654
2,1,57,"(337.5, 412.5, 9.377700043801939)",1.370512521618448,617.6588134765625,-3.4341270362599934,0.4950505685824374,89.21840000039083
2,1,60,"(337.5, 362.5, 6.836404624384365)",0.0161370148667762,740.8211669921875,-2.280916100176092,0.1318608435840099,84.66629999747965
2,1,63,"(312.5, 337.5, 6.4720487778634865)",0.00174087968824,743.1393432617188,-1.1411597228294728,0.0144338482980892,90.36570000171196
2,1,66,"(312.5, 337.5, 6.4720487778634865)",0.0024214155899706,743.1393432617188,-1.141159720264166,0.0141855527534797,86.52010000150767
2,1,69,"(312.5, 337.5, 6.4720487778634865)",0.0030193152468137,743.1393432617188,-1.1411597202239492,0.0141815631563916,87.61040000172216
2,2,0,"(462.5, 487.5, 3.127296379115885)",0.080308276071779,545.6968383789062,-1.385964056549791,2.101178963955714,86.84600000196951
2,2,3,"(437.5, 462.5, 4.032539977718922)",0.0106006489936931,731.5588989257812,-1.881914264014512,1.2827858536206402,87.02350000021397
2,2,6,"(387.5, 462.5, 6.644563227708976)",0.0032730550391484,733.7942504882812,-4.377007987227677,0.0456262669786315,86.14879999731784
2,2,9,"(387.5, 462.5, 6.644563227708976)",0.0020283516459984,733.795654296875,-4.377006289026364,0.0190544566854308,86.67500000228756
2,2,12,"(412.5, 462.5, 5.176557100199439)",0.0021393241790333,732.9442749023438,-2.797247827486311,0.0819036188332357,87.00060000046506
2,2,15,"(387.5, 487.5, 6.600725374454914)",0.0667276113128816,568.3701782226562,-2.064706067235714,0.0942565707075151,88.19899999798508
2,2,18,"(387.5, 487.5, 6.600725374454914)",0.0007813429427129,568.3601684570312,-2.064656531569181,0.0013835825140102,87.30149999973946
2,2,21,"(387.5, 462.5, 6.644563227708976)",0.5465643493412562,736.4005126953125,-4.455041570909232,0.8177312348395606,89.04990000155522
2,2,24,"(362.5, 487.5, 8.460406646791682)",0.0016641368909533,568.50439453125,-0.6705755725853451,0.0009060855712381,88.2369999999355
2,2,27,"(362.5, 437.5, 8.184609533832969)",1.0988036874493567,791.0170288085938,-10.465541214687748,0.5917441412479774,85.27010000034352
2,2,30,"(387.5, 462.5, 6.644563227708976)",0.1000642247481793,733.8457641601562,-4.377182207090029,0.1475373083452326,85.06979999947362
2,2,33,"(387.5, 462.5, 6.644563227708976)",0.0019124814722857,733.795654296875,-4.377006346011298,0.0261592470053951,85.86540000032983
2,2,36,"(362.5, 462.5, 8.527721324025148)",0.0033600043090175,783.13330078125,-3.031143074201033,0.0049118587362648,85.5366999967373
2,2,39,"(362.5, 412.5, 7.512358105982148)",0.0016986464777924,738.4631958007812,-4.45027866871208,0.0077157144714609,89.43139999973937
2,2,42,"(337.5, 387.5, 8.122025837780313)",0.0010257279625477,740.7197265625,-4.039922801851808,0.0023899533409216,85.35729999857722
2,2,45,"(337.5, 337.5, 5.641752186721501)",0.0310108302571653,740.4834594726562,-1.2410000137403805,0.2662657193498701,85.85610000227462
2,2,48,"(287.5, 337.5, 7.198514700667702)",0.0037280501868424,747.119873046875,-0.8275525935293726,0.0042753092957939,85.53649999885238
2,2,51,"(262.5, 337.5, 7.706480720276972)",0.0114999542065649,753.4866943359375,-0.4560230797015558,0.0329947829648494,84.48800000041956
2,2,54,"(262.5, 337.5, 7.706480720276972)",0.0354892325252769,753.3440551757812,-0.4560288111537261,0.0909256639476966,90.04629999981262
2,2,57,"(312.5, 337.5, 6.4720487778634865)",0.0014214480119204,743.1393432617188,-1.1411596848520376,0.0071708070714761,83.37620000020252
2,2,60,"(262.5, 337.5, 7.706480720276972)",0.0097571313221063,753.4866943359375,-0.4560229992488431,0.0253337592587671,86.53570000024047
2,2,63,"(287.5, 312.5, 5.684209381380459)",0.0115349756349095,745.5568237304688,-0.4450008576468277,0.0437765196212918,86.95169999919017
2,2,66,"(262.5, 337.5, 7.706480720276972)",0.046939890937236,753.1823120117188,-0.4560394922394638,0.1199291087658906,86.46750000116299
2,2,69,"(287.5, 337.5, 7.198514700667702)",0.001393009132458,747.119873046875,-0.827552593291591,0.0037728268731351,86.47259999997914
2,3,0,"(462.5, 487.5, 3.127296379115885)",0.0797889668207599,545.7067260742188,-1.3859640565497908,2.101178866835122,87.12009999726433
2,3,3,"(437.5, 462.5, 4.032539977718922)",0.0112523709549642,731.5556030273438,-1.881914264014512,1.2827858453768806,87.48390000255313
2,3,6,"(387.5, 462.5, 6.644563227708976)",0.0041207131808917,733.7944946289062,-4.377007987227677,0.0456262591223198,89.0285000023141
2,3,9,"(362.5, 437.5, 8.184609533832969)",0.1126464097198797,737.235107421875,-5.923690120859061,0.1614947151902002,86.73389999967185
2,3,12,"(362.5, 462.5, 8.527721324025148)",0.0420337286301298,783.1383056640625,-3.031161517359833,0.063324443607323,86.95820000139065
2,3,15,"(387.5, 437.5, 6.419652941837749)",0.0007945860210017,736.1527709960938,-3.801856580567271,0.0130061468426715,84.90900000106194
2,3,18,"(362.5, 437.5, 8.184609533832969)",0.0008627467478833,737.1627197265625,-5.922963805215743,0.0023142109534094,86.24939999936032
2,3,21,"(387.5, 462.5, 6.644563227708976)",0.0016298822974029,733.795654296875,-4.3770060952207634,0.0124839314479516,85.06479999778094
2,3,24,"(412.5, 462.5, 5.176557100199439)",0.0023484224628972,732.9442749023438,-2.7972477467193086,0.0812930521372583,88.72089999931632
2,3,27,"(387.5, 462.5, 6.644563227708976)",0.0034654998314076,733.795654296875,-4.377006984871168,0.0372828259586697,89.17450000080862
2,3,30,"(387.5, 487.5, 6.600725374454914)",0.0042587446717001,568.3601684570312,-2.064656532299216,0.0042424898447394,87.07400000275811
2,3,33,"(362.5, 462.5, 8.527721324025148)",0.000737454474639,783.13330078125,-3.031143072111812,0.0009066132803178,86.39579999726266
2,3,36,"(362.5, 437.5, 8.184609533832969)",1.1016328456677664,799.1254272460938,-10.480339283475669,1.02437113595247,119.4149999973888
2,3,39,"(337.5, 412.5, 9.377700043801939)",0.0010191438815981,740.0572509765625,-6.526863285602252,0.0009083245568722,87.83469999980298
2,3,42,"(337.5, 412.5, 9.377700043801939)",0.0008598050404193,740.0572509765625,-6.526863285602252,0.0009083260490854,84.38100000057602
2,3,45,"(337.5, 412.5, 9.377700043801939)",0.001066273229033,740.0572509765625,-6.526863285602252,0.0009083231233489,86.40790000208654
2,3,48,"(337.5, 412.5, 9.377700043801939)",0.0006439756222355,740.0572509765625,-6.526863285602253,0.000908321797871,92.16680000099586
2,3,51,"(312.5, 437.5, 13.134116007120344)",0.0002917217490079,780.0640258789062,-0.5090570322140606,0.0009078297724174,88.84549999856972
2,3,54,"(337.5, 412.5, 9.377700043801939)",1.326433361378037,619.4876098632812,-3.403358446217358,0.487253488429372,86.33980000013253
2,3,57,"(337.5, 412.5, 9.377700043801939)",0.0010657288032061,740.0572509765625,-6.5268632856023165,0.0010704265303482,84.6361000003526
2,3,60,"(337.5, 412.5, 9.377700043801939)",1.346056317643065,647.419677734375,-3.4341413036164425,0.4944884612687758,84.29289999912726
2,3,63,"(337.5, 412.5, 9.377700043801939)",0.0002422482409797,740.0572509765625,-6.5268632856023165,0.0010686412989731,85.34439999857568
2,3,66,"(312.5, 412.5, 11.543004562335339)",0.0011711161761501,798.0051879882812,-1.916521617886066,0.0009082739563345,87.13720000014291
2,3,69,"(337.5, 387.5, 8.122025837780313)",0.0017573733311248,740.7197265625,-4.039922801778424,0.0011429533301882,87.77679999911925
2,4,0,"(462.5, 487.5, 3.127296379115885)",0.0829025872428952,545.6851806640625,-1.3859640565497908,2.10117891926516,87.2099000007438
2,4,3,"(437.5, 487.5, 4.012520353342856)",0.0147480132729864,547.9262084960938,-1.9325364693052596,0.9391147586670492,86.4661999985401
2,4,6,"(412.5, 487.5, 5.147226552974528)",0.2402627954629015,549.536865234375,-2.9129875462995702,0.4986777913920339,90.04389999972773
2,4,9,"(412.5, 487.5, 5.147226552974528)",0.4429200617345406,550.2800903320312,-2.919015419893584,0.7459736939004139,87.00840000165044
2,4,12,"(412.5, 487.5, 5.147226552974528)",0.4504616528329415,550.32275390625,-2.9192447707558284,0.7517712057186197,86.02740000060294
2,4,15,"(387.5, 462.5, 6.644563227708976)",0.1657131393564792,733.9895629882812,-4.378135743239018,0.2481386075416693,89.29789999820059
2,4,18,"(387.5, 437.5, 6.419652941837749)",0.0018919578348277,736.1527709960938,-3.8018572606260297,0.0381300934173961,90.18680000008315
2,4,21,"(387.5, 487.5, 6.600725374454914)",0.2373208317733696,568.469482421875,-2.0704785849652567,0.3377481499611172,90.9060000012687
2,4,24,"(362.5, 462.5, 8.527721324025148)",0.0008457332312966,783.13330078125,-3.031143072111812,0.0009065959493969,88.42899999945075
2,4,27,"(387.5, 437.5, 6.419652941837749)",0.0012419474163376,736.1527709960938,-3.8018565855856874,0.0132784868472229,86.80359999925713
2,4,30,"(412.5, 462.5, 5.176557100199439)",0.0027382123532192,732.9436645507812,-2.7972524967840444,0.0935020006768513,84.29679999971995
2,4,33,"(387.5, 462.5, 6.644563227708976)",0.0034446713865186,733.795654296875,-4.377007011911224,0.0373660161691454,87.58490000036545
2,4,36,"(337.5, 462.5, 10.942007264844266)",0.0012687339693252,774.6624145507812,-0.4846145583003853,0.0009065101486185,87.43690000119386
2,4,39,"(337.5, 462.5, 10.942007264844266)",0.0014248418482858,774.6624145507812,-0.4846145583003853,0.0009065331204182,89.5665000025474
2,4,42,"(337.5, 412.5, 9.377700043801939)",1.330843165572409,646.3873291015625,-3.4034154054722587,0.487887212286678,85.2868000001763
2,4,45,"(337.5, 412.5, 9.377700043801939)",0.0010453929627438,740.0572509765625,-6.526863285602317,0.001069853599467,94.09420000156388
2,4,48,"(337.5, 412.5, 9.377700043801939)",0.1429028929412574,740.1879272460938,-6.528997638010177,0.2042154130137396,88.10900000025867
2,4,51,"(362.5, 437.5, 8.184609533832969)",0.0007056418133713,737.1627197265625,-5.922963805149668,0.0021501007231957,88.08890000000247
2,4,54,"(337.5, 412.5, 9.377700043801939)",0.000894946445215,740.0572509765625,-6.526863285602252,0.0009083230213624,85.19669999805046
2,4,57,"(337.5, 412.5, 9.377700043801939)",0.0006657289507855,740.0572509765625,-6.526863285602252,0.0009083216863635,86.09849999993457
2,4,60,"(337.5, 412.5, 9.377700043801939)",0.1461021415474112,740.223388671875,-6.5289976380101775,0.2042153461551114,86.08389999790234
2,4,63,"(337.5, 412.5, 9.377700043801939)",0.0008727014435345,740.0572509765625,-6.526863285602253,0.0009083320203427,91.56020000227728
2,4,66,"(337.5, 412.5, 9.377700043801939)",0.0007036232779432,740.0572509765625,-6.526863285602253,0.0009083218678945,85.5437999998685
2,4,69,"(337.5, 412.5, 9.377700043801939)",0.0008983687796523,740.0572509765625,-6.526863285602253,0.0009083212279114,86.65530000143917
2,5,0,"(462.5, 487.5, 3.127296379115885)",0.0772967209261198,545.668701171875,-1.385964056549791,2.101178976054228,85.50760000071023
2,5,3,"(437.5, 462.5, 4.032539977718922)",0.0114033714364943,731.5536499023438,-1.881914264014512,1.282785850811909,86.0776999979862
2,5,6,"(387.5, 462.5, 6.644563227708976)",0.0035915590427442,733.7957763671875,-4.377007987227679,0.0456262604977978,90.50850000130596
2,5,9,"(387.5, 437.5, 6.419652941837749)",0.0020724608867142,736.1511840820312,-3.801857350801738,0.0387713888183362,87.92330000142101
2,5,12,"(362.5, 462.5, 8.527721324025148)",0.0410497474227512,783.1403198242188,-3.0311615173598336,0.0633244851892436,87.8675000021758
2,5,15,"(387.5, 437.5, 6.419652941837749)",0.0025115945905194,736.1527709960938,-3.8018565805506888,0.0130052027420955,85.63679999861051
2,5,18,"(362.5, 412.5, 7.512358105982148)",0.0013733182209413,738.4631958007812,-4.450278809827069,0.0150539419051205,89.13319999919622
2,5,21,"(337.5, 412.5, 9.377700043801939)",0.0003776935185059,740.0572509765625,-6.526863285602253,0.0009083241976848,83.55520000259276
2,5,24,"(337.5, 412.5, 9.377700043801939)",0.0008781787372943,740.0572509765625,-6.5268632856022535,0.0009083209190441,87.70910000021104
2,5,27,"(337.5, 412.5, 9.377700043801939)",0.0005862859073623,740.0572509765625,-6.5268632856022535,0.000908333102758,87.79560000039055
2,5,30,"(337.5, 412.5, 9.377700043801939)",0.0010359728953583,740.0572509765625,-6.526863285602253,0.0009083315434975,87.24470000015572
2,5,33,"(337.5, 412.5, 9.377700043801939)",0.0009330335597452,740.0572509765625,-6.526863285602252,0.0009083265776385,85.88310000050114
2,5,36,"(312.5, 437.5, 13.134116007120344)",0.0008852357519893,780.0640258789062,-0.5090570322140606,0.0009078392139547,85.78510000006645
2,5,39,"(337.5, 437.5, 10.400297021568935)",0.0017678530919937,796.9451904296875,-3.317130060919117,0.000907832585455,86.74919999975828
2,5,42,"(387.5, 437.5, 6.419652941837749)",0.0008593247676622,736.1527709960938,-3.801856520925945,0.0059670484282941,86.09710000018822
2,5,45,"(412.5, 462.5, 5.176557100199439)",0.0020641867241253,732.9435424804688,-2.797251871472457,0.0920537195353544,90.606800000387
2,5,48,"(387.5, 487.5, 6.600725374454914)",0.0670378734094196,568.4601440429688,-2.064706067791309,0.0942585654891437,84.84129999851575
2,5,51,"(387.5, 487.5, 6.600725374454914)",0.0041049006889234,568.3601684570312,-2.064656534119334,0.0057374863347531,93.75329999966198
2,5,54,"(387.5, 462.5, 6.644563227708976)",0.5396928828734975,736.5294799804688,-4.4464142815509575,0.7885594510068785,87.36040000076173
2,5,57,"(362.5, 437.5, 8.184609533832969)",0.1345427876555095,737.2720336914062,-5.924477653470885,0.196480229736796,87.15350000056787
2,5,60,"(387.5, 462.5, 6.644563227708976)",0.0021976643462196,733.795654296875,-4.37700609433047,0.0124194780223089,84.64719999756198
2,5,63,"(387.5, 462.5, 6.644563227708976)",0.2536411612953979,734.3067626953125,-4.382458453791516,0.3729785107937412,88.01519999906304
2,5,66,"(412.5, 487.5, 5.147226552974528)",0.0181850204901756,549.2105102539062,-2.9119559024809605,0.1352672740537889,86.68789999865112
2,5,69,"(387.5, 462.5, 6.644563227708976)",0.0032752319803367,733.7955322265625,-4.377006540841221,0.0353587604352351,89.34919999956037
2,6,0,"(462.5, 487.5, 3.127296379115885)",0.0828442163143828,545.6936645507812,-1.385964056549791,2.101178953041107,88.1139000011899
2,6,3,"(437.5, 462.5, 4.032539977718922)",0.011037232330836,731.5578002929688,-1.881914264014512,1.282785852237409,86.0744000019622
2,6,6,"(387.5, 462.5, 6.644563227708976)",0.0038414586061994,733.795654296875,-4.377007987227677,0.0456262767998192,88.12910000051488
2,6,9,"(337.5, 462.5, 10.942007264844266)",0.0016080210988191,774.6624145507812,-0.4846145583003853,0.0009065218839315,86.77239999815356
2,6,12,"(337.5, 412.5, 9.377700043801939)",1.3350076622121312,620.2175903320312,-3.4033869764781426,0.487624271054387,87.2239999989688
2,6,15,"(337.5, 362.5, 6.836404624384365)",0.0162087353782537,740.819580078125,-2.280915808355509,0.1317010618622766,88.71240000007674
2,6,18,"(312.5, 337.5, 6.4720487778634865)",0.0031365849025997,743.1393432617188,-1.141159722826517,0.0144335242230408,86.98370000274736
2,6,21,"(262.5, 337.5, 7.706480720276972)",0.0092104712877243,753.46875,-0.4560229992487783,0.0253337654320731,85.45260000028065
2,6,24,"(262.5, 337.5, 7.706480720276972)",0.0356640617195401,753.4263916015625,-0.4560287164920348,0.0905421732971187,98.05169999890497
2,6,27,"(262.5, 337.5, 7.706480720276972)",0.0376589842804294,753.3894653320312,-0.4560291828915476,0.0924150927603262,87.72420000241254
2,6,30,"(287.5, 337.5, 7.198514700667702)",0.0018373424454181,747.119873046875,-0.8275525932875035,0.0037606497412808,86.60080000117887
2,6,33,"(287.5, 337.5, 7.198514700667702)",0.0012138351420692,747.119873046875,-0.8275525930337769,0.0020043134363545,86.83139999993728
2,6,36,"(287.5, 362.5, 9.065091200270214)",0.2119570703162468,748.3945922851562,-2.190317859376393,0.3421807647873928,89.39580000151182
2,6,39,"(287.5, 312.5, 5.684209381380459)",0.0044696561060384,745.5980224609375,-0.445000338164643,0.0186816347415535,89.18609999818727
2,6,42,"(262.5, 312.5, 6.024387455566984)",0.0379588701777516,750.5170288085938,-0.476617771670078,0.0986706424036451,87.13469999929657
2,6,45,"(212.5, 312.5, 6.0337808765239185)",0.0281649165735085,745.4844360351562,-0.5183017247367023,0.1162177558107966,88.44030000182102
2,6,48,"(237.5, 312.5, 6.148385304590252)",0.0370766964611249,750.5879516601562,-0.4532438449185772,0.1074476742345477,83.37640000172541
2,6,51,"(237.5, 312.5, 6.148385304590252)",0.0301662753644511,750.60888671875,-0.4532399687449913,0.0778043685778256,90.28630000102568
2,6,54,"(287.5, 312.5, 5.684209381380459)",0.0421168395774537,745.332275390625,-0.4450736571277178,0.1648149051295697,86.93229999698815
2,6,57,"(237.5, 312.5, 6.148385304590252)",0.4577874096157293,749.215576171875,-1.103161593459679,1.256117970869023,124.76729999980309
2,6,60,"(237.5, 312.5, 6.148385304590252)",0.0313744194471539,750.5865478515625,-0.453240186628455,0.0810010795171874,87.45359999738866
2,6,63,"(262.5, 312.5, 6.024387455566984)",0.3378525548708885,746.8336181640625,-0.5191742795401915,0.905352893123008,85.96579999721143
2,6,66,"(262.5, 312.5, 6.024387455566984)",0.033617207419445,750.6094970703125,-0.4766110022890901,0.0937418827944215,85.99770000000717
2,6,69,"(287.5, 312.5, 5.684209381380459)",0.0390767500248938,745.4649047851562,-0.4450553027469556,0.148630657068311,86.8140000020503
2,7,0,"(462.5, 487.5, 3.127296379115885)",0.0823569412831477,545.6856689453125,-1.3859640565497908,2.1011788936137483,88.7120999977924
2,7,3,"(437.5, 462.5, 4.032539977718922)",0.0118824824735819,731.5595703125,-1.881914264014512,1.2827858421855611,88.46149999953923
2,7,6,"(387.5, 462.5, 6.644563227708976)",0.0050191838260078,733.795654296875,-4.377007987227678,0.0456262510402421,87.18759999828762
2,7,9,"(362.5, 487.5, 8.460406646791682)",0.0008767401793519,568.50439453125,-0.670575572585345,0.0009060810079573,85.46040000146604
2,7,12,"(337.5, 462.5, 10.942007264844266)",0.0008792052897614,774.6624145507812,-0.4846145583003853,0.000906522126242,83.86909999899217
2,7,15,"(362.5, 437.5, 8.184609533832969)",1.1024583426616377,790.8953857421875,-10.463340434751194,0.5899016756263874,86.84119999816176
2,7,18,"(362.5, 487.5, 8.460406646791682)",0.0014537077768617,568.50439453125,-0.6705755725853448,0.0009060792484577,85.89610000126413
2,7,21,"(362.5, 437.5, 8.184609533832969)",1.096006890637742,790.0765380859375,-10.46475261549294,0.5910839119987259,85.93520000067656
2,7,24,"(362.5, 437.5, 8.184609533832969)",1.0921512630500037,790.639404296875,-10.464225533187042,0.5906329639303247,86.97179999944638
2,7,27,"(362.5, 487.5, 8.460406646791682)",0.0012485364817112,568.50439453125,-0.670575572585345,0.0009060852568629,86.73770000314107
2,7,30,"(362.5, 462.5, 8.527721324025148)",0.0011679642564396,783.13330078125,-3.031143072111812,0.0009065984462511,87.80380000098376
2,7,33,"(387.5, 437.5, 6.419652941837749)",0.001222685018265,736.1527709960938,-3.801856585636963,0.0132811684950341,86.93350000248756
2,7,36,"(387.5, 462.5, 6.644563227708976)",0.0025371854480225,733.795654296875,-4.377005910642816,0.021307408984405,86.35630000208039
2,7,39,"(387.5, 412.5, 5.968521653217249)",0.0047111216704236,737.331787109375,-3.010831598898845,0.1176509828799952,85.94210000228486
2,7,42,"(337.5, 412.5, 9.377700043801939)",0.0005124866605869,740.0572509765625,-6.526863285602252,0.0009084101315072,90.2709000001778
2,7,45,"(337.5, 412.5, 9.377700043801939)",0.139645122600491,740.20458984375,-6.528997638010178,0.2042153387232473,84.619000001112
2,7,48,"(337.5, 412.5, 9.377700043801939)",0.0005925524341756,740.0572509765625,-6.5268632856022535,0.0009083276898882,90.7898000004934
2,7,51,"(337.5, 412.5, 9.377700043801939)",0.00029406303017,740.0572509765625,-6.526863285602252,0.0009083231144859,86.47930000006454
2,7,54,"(337.5, 437.5, 10.400297021568935)",0.0011638933178857,796.9451904296875,-3.317130060919117,0.0009078281250972,86.60130000134814
2,7,57,"(337.5, 387.5, 8.122025837780313)",0.0042790280025892,740.7197265625,-4.039922816848914,0.0110953993176702,87.45330000238027
2,7,60,"(337.5, 412.5, 9.377700043801939)",0.0002947923681908,740.0572509765625,-6.526863285602252,0.0009083231645964,86.11340000061318
2,7,63,"(337.5, 412.5, 9.377700043801939)",0.0008779765604523,740.0572509765625,-6.526863285602253,0.0009083264945592,87.15000000302098
2,7,66,"(337.5, 412.5, 9.377700043801939)",0.000586177172732,740.0572509765625,-6.5268632856022535,0.0009083219931351,89.16830000089249
2,7,69,"(337.5, 412.5, 9.377700043801939)",0.1415740421811465,740.200927734375,-6.5289976380101775,0.2042153184698621,87.02769999945303
2,8,0,"(462.5, 487.5, 3.127296379115885)",0.078862523310854,545.6954956054688,-1.3859640565497908,2.101178895679945,88.5751000023447
2,8,3,"(412.5, 487.5, 5.147226552974528)",0.1293644604257585,549.2974243164062,-2.9127366311364664,0.4483787979006421,87.17149999938556
2,8,6,"(437.5, 487.5, 4.012520353342856)",0.0293948718946158,547.9697265625,-1.916076507295032,0.4038856540511271,82.6305999980832
2,8,9,"(387.5, 487.5, 6.600725374454914)",0.0238396257387369,568.3601684570312,-2.064657025175183,0.0277923805315483,88.99890000247979
2,8,12,"(387.5, 462.5, 6.644563227708976)",0.5215880696529136,736.2279663085938,-4.440258609717827,0.7662339502015941,86.82950000002165
2,8,15,"(387.5, 487.5, 6.600725374454914)",0.0011727999177742,568.3601684570312,-2.06465653208648,0.0039172190040551,88.77779999966151
2,8,18,"(387.5, 462.5, 6.644563227708976)",0.0227825091764055,733.7976684570312,-4.377006885997003,0.0440968183991231,86.51360000294517
2,8,21,"(412.5, 487.5, 5.147226552974528)",0.0172979441567039,549.20947265625,-2.9119556791734174,0.1349097411484644,89.4494999993185
2,8,24,"(412.5, 487.5, 5.147226552974528)",0.4219259083662573,550.1804809570312,-2.91799956435231,0.7164807659837671,85.6123999983538
2,8,27,"(437.5, 487.5, 4.012520353342856)",0.0293404947903235,547.9728393554688,-1.9160437745658347,0.4002770257176886,89.04310000070836
2,8,30,"(412.5, 462.5, 5.176557100199439)",0.0093431318991462,732.9300537109375,-2.798831306062699,0.3553395110860305,87.3725999990711
2,8,33,"(362.5, 462.5, 8.527721324025148)",0.0095718630645282,783.13330078125,-3.031143200804438,0.0142181424783962,88.02680000007967
2,8,36,"(362.5, 437.5, 8.184609533832969)",1.0937804936410305,790.893310546875,-10.464053745485826,0.5905065738778459,89.34640000006766
2,8,39,"(362.5, 437.5, 8.184609533832969)",1.1000057276120738,791.7659912109375,-10.463766366445896,0.5902489773601327,85.14930000092136
2,8,42,"(362.5, 487.5, 8.460406646791682)",0.0008613341753905,568.50439453125,-0.670575572585345,0.0009060851965383,83.93639999849256
2,8,45,"(362.5, 437.5, 8.184609533832969)",1.0998412120401713,790.682373046875,-10.464141578625696,0.5905724051194944,85.37389999764855
2,8,48,"(387.5, 462.5, 6.644563227708976)",0.098258917251997,733.91162109375,-4.377182274239469,0.1475418378695003,87.48479999849224
2,8,51,"(362.5, 487.5, 8.460406646791682)",0.0002922972565087,568.50439453125,-0.670575572585345,0.0009060811830979,85.76009999887901
2,8,54,"(387.5, 462.5, 6.644563227708976)",1.0366195701194303,755.8887939453125,-5.184024427069406,1.5289150169437975,87.78850000089733
2,8,57,"(362.5, 437.5, 8.184609533832969)",0.0003562555204508,737.1627197265625,-5.922963805187936,0.002141691676745,86.0259999972186
2,8,60,"(362.5, 462.5, 8.527721324025148)",0.0005857081748603,783.13330078125,-3.031143072111837,0.0009971278856462,88.16640000077314
2,8,63,"(337.5, 437.5, 10.400297021568935)",0.0019139375405461,796.9451904296875,-3.317130060919116,0.0009078593876395,88.6212000004889
2,8,66,"(337.5, 387.5, 8.122025837780313)",0.0056953652015539,740.7197265625,-4.039922816848915,0.0110953926296745,83.43590000004042
2,8,69,"(337.5, 412.5, 9.377700043801939)",0.001169725454795,740.0572509765625,-6.526863285602252,0.0009083198002639,88.0180999993172
2,9,0,"(462.5, 487.5, 3.127296379115885)",0.0818661647421419,545.6741333007812,-1.3859640565497908,2.101178953505923,87.67850000003818
2,9,3,"(412.5, 487.5, 5.147226552974528)",0.134599945994277,549.31591796875,-2.9127366311364664,0.448378849042933,87.5067000015406
2,9,6,"(387.5, 487.5, 6.600725374454914)",0.0017473017713794,568.3601684570312,-2.064656531647854,0.0026197852584638,91.14240000053542
2,9,9,"(362.5, 462.5, 8.527721324025148)",0.0014762462693556,783.13330078125,-3.031143072111812,0.0009066037942242,87.66199999809032
2,9,12,"(387.5, 437.5, 6.419652941837749)",0.0020057752282948,736.1527709960938,-3.8018565855819735,0.0132782385328655,85.08200000142097
2,9,15,"(362.5, 462.5, 8.527721324025148)",0.0418607252292863,783.1368408203125,-3.031161517359833,0.0633244604312207,86.0969000023033
2,9,18,"(387.5, 437.5, 6.419652941837749)",0.0019424085149698,736.1527709960938,-3.801856580614156,0.0130087622255808,83.61199999853852
2,9,21,"(362.5, 462.5, 8.527721324025148)",0.0455576800245179,783.19091796875,-3.0311615173598336,0.0633244298324165,89.18189999894821
2,9,24,"(337.5, 437.5, 10.400297021568935)",0.0014929081287334,796.9451904296875,-3.317130060919117,0.0009078216471541,87.98149999711313
2,9,27,"(337.5, 387.5, 8.122025837780313)",0.003918052478163,740.7197265625,-4.039922816848886,0.0110954033482131,83.61470000090776
2,9,30,"(337.5, 412.5, 9.377700043801939)",0.0011782044874158,740.0572509765625,-6.5268632856022535,0.0009083252862632,85.2006999994046
2,9,33,"(337.5, 437.5, 10.400297021568935)",0.0014730737238282,796.9451904296875,-3.317130060919117,0.0009078391464651,84.28529999946477
2,9,36,"(362.5, 412.5, 7.512358105982148)",0.0015276678618833,738.4631958007812,-4.450278665972565,0.0021289507236603,85.68190000005416
2,9,39,"(337.5, 412.5, 9.377700043801939)",0.0009408367706359,740.0572509765625,-6.5268632856022535,0.0009083317793444,84.5329000003403
2,9,42,"(337.5, 412.5, 9.377700043801939)",0.0010918474672712,740.0572509765625,-6.5268632856022535,0.0009083256473814,88.84290000059991
2,9,45,"(337.5, 412.5, 9.377700043801939)",0.0019340376575231,740.0572509765625,-6.526863285602252,0.0009083228947994,87.89850000175647
2,9,48,"(362.5, 437.5, 8.184609533832969)",0.0012577831460032,737.1627197265625,-5.922963805145443,0.0020076780385584,85.92330000101356
2,9,51,"(362.5, 437.5, 8.184609533832969)",0.0342588366966932,737.1647338867188,-5.922980762204776,0.0590498506405532,84.5405000000028
2,9,54,"(362.5, 487.5, 8.460406646791682)",0.0005849006819098,568.50439453125,-0.670575572585345,0.000906078726459,85.77010000226437
2,9,57,"(362.5, 437.5, 8.184609533832969)",1.0895635636246936,791.984619140625,-10.463751988845893,0.5902464612632745,88.02840000134893
2,9,60,"(387.5, 462.5, 6.644563227708976)",0.0980686472868522,733.8397827148438,-4.377181927702635,0.1475431677943747,92.22389999922598
2,9,63,"(387.5, 462.5, 6.644563227708976)",0.0021417039672444,733.795654296875,-4.377006346012842,0.0261592550978467,85.13229999880423
2,9,66,"(362.5, 487.5, 8.460406646791682)",0.0010148390201149,568.50439453125,-0.670575572585345,0.0009060874037432,88.08069999940926
2,9,69,"(337.5, 462.5, 10.942007264844266)",0.0005715781121545,774.6624145507812,-0.4846145583003853,0.0009065274343404,87.15609999853768
2,0,0,"(187.5, 387.5, 11.364582883745452)",0.0073624777717893,818.6099853515625,-3.9505502834414328,0.0097536894166136,87.49969999917084
2,0,3,"(137.5, 387.5, 8.184609533832969)",0.0122233227138362,739.0115356445312,-5.522822737074386,0.0085158242463845,85.58869999978924
2,0,6,"(137.5, 337.5, 5.675677129206918)",0.1036214370208511,739.8201904296875,-1.2092748422359445,0.6804810629045049,87.81499999895459
2,0,9,"(137.5, 287.5, 3.720264207629609)",0.8152397045211848,740.76220703125,-0.887311290650071,1.5194733694917877,89.67180000036024
2,0,12,"(137.5, 287.5, 3.720264207629609)",0.0506101789635749,738.3414306640625,-0.7322476364147048,0.6484915461979608,87.78700000038953
2,0,15,"(137.5, 287.5, 3.720264207629609)",0.4932108545976141,739.4456787109375,-0.7566683930892996,1.1133004072716313,88.31320000172127
2,0,18,"(137.5, 287.5, 3.720264207629609)",0.0511399134790156,738.3176879882812,-0.7325357703833072,0.6550431992433163,86.20460000020103
2,0,21,"(137.5, 287.5, 3.720264207629609)",0.4879120493677507,739.3786010742188,-0.7566537940081728,1.1132131225305026,86.03559999755817
2,0,24,"(137.5, 287.5, 3.720264207629609)",0.0498856918195714,738.2978515625,-0.7325358188253525,0.655045027159321,86.23109999825829
2,0,27,"(137.5, 287.5, 3.720264207629609)",0.4942675934581002,739.2666015625,-0.7566537884480806,1.1132131349014844,88.83440000136034
2,0,30,"(137.5, 287.5, 3.720264207629609)",0.0515835778351626,738.3197631835938,-0.7325358188253523,0.655045033901387,87.29010000024573
2,0,33,"(137.5, 287.5, 3.720264207629609)",0.4932678726160681,739.3851928710938,-0.7566537884480805,1.1132131625274346,84.25809999971534
2,0,36,"(137.5, 287.5, 3.720264207629609)",0.1935169184256943,738.5979614257812,-0.729334142040971,0.7739351670068015,84.19819999835454
2,0,39,"(137.5, 287.5, 3.720264207629609)",0.0509139565996987,738.2950439453125,-0.732735257570439,0.6592596728626541,85.54910000020755
2,0,42,"(137.5, 287.5, 3.720264207629609)",0.4879095917180134,739.388916015625,-0.7566304072573871,1.1130415950183694,85.52510000299662
2,0,45,"(137.5, 287.5, 3.720264207629609)",0.0492158333588457,738.304443359375,-0.7325358743031436,0.655046126963742,89.72049999647425
2,0,48,"(137.5, 287.5, 3.720264207629609)",0.4809024202428222,739.2556762695312,-0.7566537757361402,1.113213112184383,87.54640000188374
2,0,51,"(137.5, 287.5, 3.720264207629609)",0.0500059406944752,738.3003540039062,-0.7325358188253523,0.6550450581306427,85.46729999943636
2,0,54,"(137.5, 287.5, 3.720264207629609)",0.4867624610571107,739.3239135742188,-0.7566537884480808,1.1132131777633472,85.98239999992074
2,0,57,"(137.5, 287.5, 3.720264207629609)",0.0507275372585629,738.3064575195312,-0.7325358188253523,0.6550450292303573,86.3690999976825
2,0,60,"(137.5, 287.5, 3.720264207629609)",0.4929313165123004,739.4962158203125,-0.7566537884480806,1.1132131645049292,88.13670000017737
2,0,63,"(137.5, 287.5, 3.720264207629609)",0.0493090273660473,738.3008422851562,-0.7325358188253523,0.6550450358394699,87.18379999845638
2,0,66,"(162.5, 262.5, 3.2775456166337156)",0.0345155360927759,738.7283935546875,-0.4755309586415828,0.9216475299307116,89.18419999827165
2,0,69,"(162.5, 312.5, 5.206150757863988)",0.3474306049966185,738.80908203125,-0.8294840694298445,1.5237652323139783,124.15189999956056
2,1,0,"(187.5, 387.5, 11.364582883745452)",0.0050382410353594,818.6099853515625,-3.9505502834414328,0.0097536797730601,84.24050000030547
2,1,3,"(187.5, 387.5, 11.364582883745452)",-7.768541700385689e-07,818.6099853515625,-3.950550245714299,0.0009082596514695,85.75200000268524
2,1,6,"(162.5, 412.5, 11.634380720059667)",0.0010905778787393,819.2732543945312,-6.751253981766682,0.0009083246960655,85.53609999944456
2,1,9,"(162.5, 387.5, 9.797797492156253)",1.6805632906528172,558.7433471679688,-2.289294359330184,0.7618794762725379,87.28699999846867
2,1,12,"(162.5, 337.5, 6.503826249283008)",0.0566641024510972,740.1573486328125,-2.027157648243248,0.4714639798209852,90.57340000072143
2,1,15,"(212.5, 337.5, 7.7206787211523045)",0.001002334097874,747.119873046875,-1.1563744852300313,0.0030742532737665,85.1793000001635
2,1,18,"(237.5, 337.5, 7.894671343450355)",0.1884824853304061,750.861083984375,-0.4961461217471721,0.4655725957196717,86.76810000179103
2,1,21,"(187.5, 337.5, 7.2238068944948735)",0.0022185819400742,743.1393432617188,-1.7765776469989238,0.00433523092374,87.80499999920721
2,1,24,"(187.5, 337.5, 7.2238068944948735)",0.001200832693266,743.1393432617188,-1.776577649753225,0.0067424650913971,86.83569999993779
2,1,27,"(187.5, 337.5, 7.2238068944948735)",0.0145623980847421,743.1370849609375,-1.7765838942616494,0.0629807875197864,88.02920000016456
2,1,30,"(187.5, 337.5, 7.2238068944948735)",0.0019936377430697,743.1393432617188,-1.7765776503439124,0.0070309778849868,88.19140000196057
2,1,33,"(187.5, 337.5, 7.2238068944948735)",0.0013431542933888,743.1393432617188,-1.7765776469989232,0.0043352344509873,86.24580000105198
2,1,36,"(187.5, 337.5, 7.2238068944948735)",0.012988525674447,743.1122436523438,-1.7765836958675618,0.0624865776341131,85.9796999975515
2,1,39,"(187.5, 337.5, 7.2238068944948735)",0.0010821495427789,743.1393432617188,-1.7765776503420772,0.0070301672733177,85.80600000277627
2,1,42,"(187.5, 337.5, 7.2238068944948735)",0.0010365600588592,743.1393432617188,-1.7765776498601953,0.0067972932482789,86.75679999942076
2,1,45,"(187.5, 337.5, 7.2238068944948735)",0.0007709237995244,743.1393432617188,-1.776577649852887,0.0067936110209338,93.43209999860846
2,1,48,"(187.5, 337.5, 7.2238068944948735)",0.0020237294395094,743.1393432617188,-1.7765776469989234,0.0043352379623482,88.524700000562
2,1,51,"(187.5, 337.5, 7.2238068944948735)",0.0014928068032333,743.1393432617188,-1.776577649753225,0.006742467995135,87.16370000183815
2,1,54,"(162.5, 312.5, 5.206150757863988)",0.2590269591432084,740.4599609375,-0.5877379942667705,1.1178068635193512,85.06010000201059
2,1,57,"(162.5, 262.5, 3.2775456166337156)",0.0235792410614581,738.9126586914062,-0.4711205652637018,0.5685531943000836,85.89799999754177
2,1,60,"(162.5, 312.5, 5.206150757863988)",0.3490327695648166,738.8643798828125,-0.8259320723690374,1.525300331799455,120.18360000001849
2,1,63,"(162.5, 262.5, 3.2775456166337156)",0.025121203385701,738.9100952148438,-0.4713229054187348,0.5968787953811515,82.79179999954067
2,1,66,"(162.5, 312.5, 5.206150757863988)",0.3486671838188234,738.9308471679688,-0.8260080398189739,1.5252890039322031,123.00459999823944
2,1,69,"(162.5, 262.5, 3.2775456166337156)",0.024947375130788,738.9134521484375,-0.4713229761262666,0.5968863734674033,84.05750000019907
2,2,0,"(187.5, 387.5, 11.364582883745452)",0.0086153934048118,818.6099853515625,-3.950550283441432,0.0097536898077996,86.93309999944177
2,2,3,"(137.5, 387.5, 8.184609533832969)",0.0124318071690318,739.0115356445312,-5.522822737112309,0.008523965512523,85.98839999831398
2,2,6,"(137.5, 412.5, 9.458994007438445)",0.0015407166470382,738.463134765625,-8.38569881927453,0.0027019255412735,85.40279999942868
2,2,9,"(187.5, 412.5, 13.941569591049829)",0.0013815325921324,798.0051879882812,-0.4630628474075912,0.0015420709254321,82.53650000187918
2,2,12,"(162.5, 387.5, 9.797797492156253)",0.1510118854238593,740.8836059570312,-7.203927476280105,0.2183575095465341,87.8523999999743
2,2,15,"(162.5, 412.5, 11.634380720059667)",0.7095402413774516,740.1466674804688,-2.216267365558633,0.276897939634159,85.97829999780515
2,2,18,"(162.5, 362.5, 8.044975170611863)",0.0020205159417488,740.8639526367188,-3.918199927183492,0.0036827324181838,86.70809999966878
2,2,21,"(162.5, 362.5, 8.044975170611863)",0.0049445899354117,740.8639526367188,-3.9182021733943113,0.0479425913055739,88.0213000018557
2,2,24,"(187.5, 362.5, 9.103110310900643)",0.000575757027667,743.5701904296875,-3.9913259286765657,0.0009442254121371,88.45750000182306
2,2,27,"(162.5, 337.5, 6.503826249283008)",0.0140939701485776,740.6187744140625,-2.0271576713131223,0.1288096044955402,83.50819999759551
2,2,30,"(162.5, 287.5, 4.140142738102741)",0.7181807332283747,741.6177368164062,-0.7241973729154652,1.535320477822405,87.60640000036801
2,2,33,"(162.5, 287.5, 4.140142738102741)",0.0989233632220036,739.4725341796875,-0.6390568944448287,0.5818203358916022,85.57750000181841
2,2,36,"(162.5, 287.5, 4.140142738102741)",0.7159842754142606,741.360595703125,-0.714126500068627,1.5815338531850327,86.0279000007722
2,2,39,"(162.5, 287.5, 4.140142738102741)",0.0988958822207013,739.40185546875,-0.6392438630746684,0.5883587856983675,87.19550000023446
2,2,42,"(187.5, 262.5, 3.519235619237839)",0.0687328868005074,739.7618408203125,-0.420733309856255,0.9110698763586172,91.69530000144732
2,2,45,"(187.5, 312.5, 5.701335627950545)",0.1495976647709788,739.6949462890625,-0.8309374571271011,0.9713053455197632,87.93280000099912
2,2,48,"(187.5, 262.5, 3.519235619237839)",0.0506672010922718,740.1425170898438,-0.4179966661505498,0.5424785981756335,85.45359999698121
2,2,51,"(187.5, 312.5, 5.701335627950545)",0.1515383749667617,739.6513671875,-0.8309374630199321,0.9725574338157292,88.20410000043921
2,2,54,"(237.5, 312.5, 6.148385304590252)",0.0336878137839724,750.5697021484375,-0.4532476553617959,0.0860545756539479,86.50910000142176
2,2,57,"(212.5, 312.5, 6.0337808765239185)",0.0231801924752373,745.5955200195312,-0.5182866413063378,0.0892554155169663,85.47049999833689
2,2,60,"(237.5, 337.5, 7.894671343450355)",0.0885434753745852,752.6537475585938,-0.494756585819561,0.2054713346061083,89.52460000000428
2,2,63,"(212.5, 337.5, 7.7206787211523045)",0.0058540293598101,747.119873046875,-1.1563744988896378,0.0099213831602573,86.65390000169282
2,2,66,"(187.5, 337.5, 7.2238068944948735)",0.0013976296253237,743.1393432617188,-1.7765776469989232,0.0043352303765082,85.29180000186898
2,2,69,"(187.5, 337.5, 7.2238068944948735)",0.001005191862295,743.1393432617188,-1.7765776469989234,0.0043352363804002,86.20389999850886
2,3,0,"(187.5, 387.5, 11.364582883745452)",0.0057093587886507,818.6099853515625,-3.9505502834414328,0.00975367597989,85.16419999796199
2,3,3,"(162.5, 412.5, 11.634380720059667)",0.0012259607153183,819.2732543945312,-6.751253981766682,0.0009083214264743,90.29949999967356
2,3,6,"(137.5, 387.5, 8.184609533832969)",0.2854078983391492,739.9303588867188,-5.555730035430868,0.6902682823593214,85.35869999832357
2,3,9,"(162.5, 412.5, 11.634380720059667)",0.9997734295867916,765.8367919921875,-10.298563572090517,1.441435492959229,121.34820000210313
2,3,12,"(162.5, 412.5, 11.634380720059667)",0.0005336335498031,819.2732543945312,-6.751253981766683,0.0009276945695567,88.12050000051386
2,3,15,"(162.5, 362.5, 8.044975170611863)",0.1344696459733018,739.78173828125,-3.97515055777894,0.7949838923290978,84.08359999884851
2,3,18,"(187.5, 337.5, 7.2238068944948735)",0.0016093456994325,743.1393432617188,-1.7765776469989234,0.0043352367387693,84.48449999923469
2,3,21,"(212.5, 337.5, 7.7206787211523045)",0.0010657499235098,747.119873046875,-1.1563744852231208,0.0026546049520181,86.9291000017256
2,3,24,"(162.5, 337.5, 6.503826249283008)",0.0230658926641194,740.5689697265625,-2.027157576759896,0.1860173411920748,85.48470000096131
2,3,27,"(212.5, 337.5, 7.7206787211523045)",0.0019772273886355,747.119873046875,-1.1563744852296116,0.0030596350269067,85.73800000158371
2,3,30,"(162.5, 337.5, 6.503826249283008)",0.0221387809419652,740.5855712890625,-2.0271576897530634,0.187670197425103,88.37119999952847
2,3,33,"(162.5, 287.5, 4.140142738102741)",0.7184845435433308,741.7000732421875,-0.7252434698024939,1.5355068580678295,86.0236000007717
2,3,36,"(162.5, 287.5, 4.140142738102741)",0.0948978344834323,739.403564453125,-0.6390568717303484,0.5818336046740923,88.66000000125496
2,3,39,"(187.5, 262.5, 3.519235619237839)",0.0697003965783816,739.737060546875,-0.4207306551408516,0.9108488502366376,87.7645999971719
2,3,42,"(187.5, 312.5, 5.701335627950545)",0.1525681655253424,739.5825805664062,-0.8309374146421447,0.9713055415977392,88.72649999830173
2,3,45,"(187.5, 262.5, 3.519235619237839)",0.0545913046160959,740.1248779296875,-0.4179966638649919,0.5424785179908452,86.50469999702182
2,3,48,"(162.5, 287.5, 4.140142738102741)",0.2884071385801174,739.7660522460938,-0.6412219709558565,0.9255024416716922,89.50470000127098
2,3,51,"(162.5, 287.5, 4.140142738102741)",0.0962563020460393,739.4284057617188,-0.6394045527400963,0.5919697076232336,87.4002999989898
2,3,54,"(162.5, 287.5, 4.140142738102741)",0.7167172271805791,741.3099365234375,-0.7140845759135969,1.5815118024857924,87.0727999972587
2,3,57,"(162.5, 287.5, 4.140142738102741)",0.10026542098516,739.4610595703125,-0.6392439284371949,0.5883613678264391,85.89729999948759
2,3,60,"(162.5, 287.5, 4.140142738102741)",0.7182257953132125,741.30810546875,-0.7141239531093696,1.581551916112109,86.9516000020667
2,3,63,"(162.5, 287.5, 4.140142738102741)",0.0977523119780611,739.4417114257812,-0.6392438966610355,0.5883603846946074,87.24679999795626
2,3,66,"(187.5, 262.5, 3.519235619237839)",0.0704714124506123,739.746337890625,-0.420733309856255,0.911069870660874,87.55069999824627
2,3,69,"(212.5, 287.5, 4.711065216163657)",0.2347713633743312,740.0463256835938,-0.415635244828791,1.23209962583575,88.34579999893322
2,4,0,"(187.5, 387.5, 11.364582883745452)",0.00638161531815,818.6099853515625,-3.9505502834414328,0.0097536983885047,85.93580000160728
2,4,3,"(137.5, 387.5, 8.184609533832969)",0.0155848787623965,739.0115356445312,-5.522822737107261,0.0085186913865487,87.53690000230563
2,4,6,"(162.5, 412.5, 11.634380720059667)",1.8214325501935216,760.24365234375,-2.9310395370489903,0.6794915165279364,87.82050000081654
2,4,9,"(112.5, 412.5, 7.580708003809701)",0.0008502272804449,737.3414306640625,-5.639474565366603,0.0090564717305336,86.26839999851654
2,4,12,"(162.5, 412.5, 11.634380720059667)",1.3945784216298471,617.644775390625,-2.455454703982423,0.5143960999955755,88.19109999967623
2,4,15,"(137.5, 387.5, 8.184609533832969)",0.0012714110783101,739.0115356445312,-5.522822731817525,0.0049443175800893,88.71250000083819
2,4,18,"(162.5, 412.5, 11.634380720059667)",1.82897519919748,731.1153564453125,-2.932494155617323,0.6771325535376583,88.67879999888828
2,4,21,"(137.5, 387.5, 8.184609533832969)",0.0019323781301221,739.0115356445312,-5.522822731824113,0.0049481029823908,85.25270000245655
2,4,24,"(137.5, 387.5, 8.184609533832969)",0.0057946995431839,739.0119018554688,-5.522841032707467,0.0866586768070791,84.62330000111251
2,4,27,"(162.5, 412.5, 11.634380720059667)",1.000827626781153,766.7796630859375,-10.30424823151612,1.4406430290189498,122.49630000223988
2,4,30,"(112.5, 412.5, 7.580708003809701)",0.01669369317863,737.3414306640625,-5.6394745563474205,0.0141196537885714,91.23360000012326
2,4,33,"(112.5, 437.5, 8.264048786739911)",0.0014880171998263,736.1527709960938,-7.237680812831782,0.0242081101754486,85.95269999932498
2,4,36,"(112.5, 437.5, 8.264048786739911)",0.7371726802442264,797.4515991210938,-10.421015419852631,0.2949827436311518,85.2545999987342
2,4,39,"(112.5, 387.5, 6.700045574866817)",0.0036147167707376,737.827392578125,-4.009925847607515,0.0476495674514756,86.98379999987083
2,4,42,"(137.5, 412.5, 9.458994007438445)",0.001361237906872,738.463134765625,-8.385698824972163,0.0056751524756632,87.85160000115866
2,4,45,"(112.5, 437.5, 8.264048786739911)",0.0020929433052356,736.1527709960938,-7.23768062074177,0.0130332049430953,85.91169999999693
2,4,48,"(137.5, 412.5, 9.458994007438445)",1.9498795587055773,585.4205932617188,-3.8998633718252615,0.7421502962673248,85.88120000058552
2,4,51,"(137.5, 362.5, 6.88289330546234)",0.0070884160561448,739.152587890625,-3.357592192334576,0.1065117095207466,89.48690000033821
2,4,54,"(137.5, 312.5, 4.617102976724376)",0.0656952889850852,743.3171997070312,-0.4140998966085908,0.2215520342323582,89.64129999731085
2,4,57,"(137.5, 262.5, 2.9770964423387296)",0.0145231679234148,738.0135498046875,-0.5312192931667752,0.7541014547252598,85.15179999812972
2,4,60,"(137.5, 312.5, 4.617102976724376)",0.5077674822776935,739.0908813476562,-0.9521640435874538,1.4567753803522137,123.53099999745608
2,4,63,"(137.5, 262.5, 2.9770964423387296)",0.016380103686189,737.9949951171875,-0.531576881255029,0.7831184957490311,88.82489999814425
2,4,66,"(137.5, 312.5, 4.617102976724376)",0.5019722023738588,739.1688842773438,-0.9524832212318128,1.456314868290958,121.57759999900009
2,4,69,"(112.5, 287.5, 3.266470567666104)",0.15817508541488,737.7129516601562,-0.7506291912413005,0.7022470584398846,83.96740000171121
2,5,0,"(187.5, 387.5, 11.364582883745452)",0.0065515855054065,818.6099853515625,-3.9505502834414328,0.0097536884616265,87.45989999806625
2,5,3,"(137.5, 387.5, 8.184609533832969)",0.0130068764917941,739.0115356445312,-5.522822737105715,0.008523671717191,84.91390000199317
2,5,6,"(137.5, 387.5, 8.184609533832969)",0.0067353289751594,739.0116577148438,-5.522839678743086,0.085251406496288,85.95190000050934
2,5,9,"(162.5, 412.5, 11.634380720059667)",1.0031387816894446,766.9058227539062,-10.30325631814356,1.4407816335485857,124.38299999848824
2,5,12,"(162.5, 362.5, 8.044975170611863)",0.0014529916352351,740.8639526367188,-3.918199928091711,0.0047369250454881,89.2634999981965
2,5,15,"(187.5, 337.5, 7.2238068944948735)",0.0125288121378193,743.1387329101562,-1.7765827900296172,0.060160640474126,87.39369999966584
2,5,18,"(187.5, 337.5, 7.2238068944948735)",0.0020200273383509,743.1393432617188,-1.7765776503331947,0.0070260749830114,85.83209999778774
2,5,21,"(187.5, 337.5, 7.2238068944948735)",0.0009184173526637,743.1393432617188,-1.776577649860072,0.0067972403523346,88.52200000183075
2,5,24,"(187.5, 287.5, 4.484402965683246)",0.3079325960417037,740.3966674804688,-0.5000524474869245,1.028066092905761,85.4354000002786
2,5,27,"(187.5, 287.5, 4.484402965683246)",0.1850036664013838,740.6880493164062,-0.5004821068705345,0.8037938297652722,84.17910000207485
2,5,30,"(187.5, 287.5, 4.484402965683246)",0.1822199876937614,740.6759033203125,-0.5008176896273201,0.8127892801651657,88.92370000103256
2,5,33,"(187.5, 287.5, 4.484402965683246)",0.1846095509423603,740.5971069335938,-0.5008234581693651,0.8129396086088796,85.3897999986657
2,5,36,"(187.5, 287.5, 4.484402965683246)",0.1793489675700453,740.6152954101562,-0.5008235689770791,0.8129420612005896,91.20650000113528
2,5,39,"(162.5, 262.5, 3.2775456166337156)",0.032720727449664,738.7760009765625,-0.4742732465126248,0.8513855075091342,84.55129999856581
2,5,42,"(162.5, 312.5, 5.206150757863988)",0.3476069389038938,738.8544921875,-0.8277448620007507,1.5246198229283774,121.75659999775236
2,5,45,"(162.5, 262.5, 3.2775456166337156)",0.0255574231773665,738.8916015625,-0.4713233813622537,0.5969408229917603,87.67169999919133
2,5,48,"(162.5, 312.5, 5.206150757863988)",0.3483146931902827,738.9065551757812,-0.8260085723485739,1.525288828205177,124.49149999883956
2,5,51,"(162.5, 262.5, 3.2775456166337156)",0.0253667092437549,738.9006958007812,-0.4713229761262666,0.5968863748170122,86.7577999997593
2,5,54,"(162.5, 312.5, 5.206150757863988)",0.3486839185136488,738.8668823242188,-0.8260080398189737,1.5252890061940756,124.15770000006889
2,5,57,"(162.5, 262.5, 3.2775456166337156)",0.0263360751830254,738.910888671875,-0.4713229761262666,0.5968863653375884,88.23660000052769
2,5,60,"(162.5, 312.5, 5.206150757863988)",0.3467811711567433,738.8189697265625,-0.8260080398189739,1.5252890092131333,123.29010000030394
2,5,63,"(162.5, 262.5, 3.2775456166337156)",0.0246418917042054,738.9103393554688,-0.4713229761262666,0.5968863842370247,85.98459999848274
2,5,66,"(162.5, 312.5, 5.206150757863988)",0.3484232436286902,738.8677368164062,-0.8260080398189737,1.525289005696824,124.5350999997754
2,5,69,"(162.5, 262.5, 3.2775456166337156)",0.0249441480321486,738.919677734375,-0.4713229761262666,0.5968863853160233,84.36129999972763
2,6,0,"(187.5, 387.5, 11.364582883745452)",0.0058600664699444,818.6099853515625,-3.950550283441432,0.0097536856160465,88.63299999939045
2,6,3,"(162.5, 387.5, 9.797797492156253)",0.0376575511621203,740.7217407226562,-7.201307278324096,0.0464145040053189,86.24520000012126
2,6,6,"(162.5, 412.5, 11.634380720059667)",0.6876676986952965,709.7156982421875,-2.2162664558590017,0.2767822856959421,91.3364999978512
2,6,9,"(162.5, 362.5, 8.044975170611863)",0.001366516415493,740.8639526367188,-3.918199927183492,0.0036827343158139,84.43389999956707
2,6,12,"(137.5, 337.5, 5.675677129206918)",0.1077911548134725,739.8369140625,-1.2156601071074045,0.7423207494212078,86.69100000042818
2,6,15,"(137.5, 287.5, 3.720264207629609)",0.8108543136169912,740.659912109375,-0.8867940241845155,1.5186397525527513,86.29129999826546
2,6,18,"(137.5, 287.5, 3.720264207629609)",0.0537621101593287,738.3223876953125,-0.7322475999246625,0.6484905604173461,83.7418000010075
2,6,21,"(137.5, 287.5, 3.720264207629609)",0.5000855284673027,739.3167724609375,-0.7566683648848531,1.1133000867048013,86.75620000212803
2,6,24,"(137.5, 287.5, 3.720264207629609)",0.0523667901270653,738.2962646484375,-0.7325357703833073,0.6550432070436962,88.49319999717409
2,6,27,"(137.5, 287.5, 3.720264207629609)",0.4942395414223676,739.3128051757812,-0.7566537940081728,1.113213050228827,86.94560000003548
2,6,30,"(162.5, 287.5, 4.140142738102741)",0.3279090559903515,739.7736206054688,-0.6432299305834254,1.0070705703413758,86.33360000021639
2,6,33,"(162.5, 287.5, 4.140142738102741)",0.0986619423607629,739.4053955078125,-0.6394044067017027,0.5922100028152933,85.8449000006658
2,6,36,"(162.5, 287.5, 4.140142738102741)",0.091971144824839,739.4482421875,-0.6394452431412091,0.5906957475563173,89.73369999876013
2,6,39,"(162.5, 287.5, 4.140142738102741)",0.715623113080908,741.2769775390625,-0.7140295705280217,1.581434907758705,87.56279999943217
2,6,42,"(162.5, 287.5, 4.140142738102741)",0.0993727901906414,739.4395141601562,-0.6392439521783111,0.5883610667646303,88.34500000011758
2,6,45,"(162.5, 287.5, 4.140142738102741)",0.0970121499990245,739.43798828125,-0.6394425914571432,0.59063225158176,87.28120000159834
2,6,48,"(187.5, 262.5, 3.519235619237839)",0.0687524644890705,739.75048828125,-0.4207360164208847,0.9112766536872124,85.86439999999129
2,6,51,"(187.5, 312.5, 5.701335627950545)",0.1546010890782776,739.6577758789062,-0.8309374107257078,0.9712961218500435,86.45919999980833
2,6,54,"(187.5, 262.5, 3.519235619237839)",0.0523692509380358,740.1085815429688,-0.4179966676680546,0.5424786090626331,89.72949999952107
2,6,57,"(187.5, 312.5, 5.701335627950545)",0.1492457942307876,739.7940063476562,-0.8309374630199321,0.9725574439182932,86.572399999568
2,6,60,"(187.5, 262.5, 3.519235619237839)",0.0533520151737722,740.1083374023438,-0.4179964023191405,0.5424106870579003,85.79670000108308
2,6,63,"(187.5, 312.5, 5.701335627950545)",0.153285685933839,739.641845703125,-0.830937396940677,0.9725579789559896,85.7376000021759
2,6,66,"(187.5, 262.5, 3.519235619237839)",0.050535587923712,740.1312866210938,-0.4179964023191405,0.5424106883564151,85.46550000028219
2,6,69,"(187.5, 312.5, 5.701335627950545)",0.1491892752728441,739.70654296875,-0.8309373969406769,0.972557972792864,85.46930000011344
2,7,0,"(187.5, 387.5, 11.364582883745452)",0.004576600925775,818.6099853515625,-3.950550283441433,0.0097536995620928,86.14529999977094
2,7,3,"(162.5, 387.5, 9.797797492156253)",0.0392832886450194,740.7217407226562,-7.201307278846378,0.046370851776248,82.84519999870099
2,7,6,"(162.5, 387.5, 9.797797492156253)",0.099895270160773,740.7798461914062,-7.201912908543321,0.146994389604762,87.40279999983613
2,7,9,"(137.5, 387.5, 8.184609533832969)",0.0015970959938996,739.0115356445312,-5.522822893855752,0.0153372633927596,86.78359999976237
2,7,12,"(162.5, 412.5, 11.634380720059667)",1.003395661497964,767.0021362304688,-10.29350047336686,1.4421369601816965,124.77489999946556
2,7,15,"(162.5, 412.5, 11.634380720059667)",0.0010627091196284,819.2732543945312,-6.751253981766684,0.0009277951581996,90.12010000151348
2,7,18,"(162.5, 362.5, 8.044975170611863)",0.1322146948203206,739.7227172851562,-3.979997781117263,0.8147575824659805,86.2593999991077
2,7,21,"(187.5, 337.5, 7.2238068944948735)",0.0017923078070755,743.1393432617188,-1.7765776469989234,0.0043352311010942,87.03670000249986
2,7,24,"(187.5, 337.5, 7.2238068944948735)",0.0014580159842189,743.1393432617188,-1.7765776497532249,0.0067424696950255,87.87460000166902
2,7,27,"(187.5, 337.5, 7.2238068944948735)",0.0019492231188238,743.1393432617188,-1.776577649851128,0.0067926772791917,90.24070000305072
2,7,30,"(212.5, 337.5, 7.7206787211523045)",0.0040132181714921,747.119873046875,-1.15637448522315,0.0026588958119422,86.76289999857545
2,7,33,"(212.5, 362.5, 9.863883753989105)",0.0205221100257746,786.9686279296875,-1.5348978198161891,0.0413006281329916,88.55839999887394
2,7,36,"(187.5, 337.5, 7.2238068944948735)",0.0012767129074611,743.1393432617188,-1.7765776469989236,0.0043352443562922,84.93580000140355
2,7,39,"(187.5, 337.5, 7.2238068944948735)",0.0027830604576319,743.1393432617188,-1.7765776497532249,0.0067424772554607,88.00070000143023
2,7,42,"(187.5, 337.5, 7.2238068944948735)",0.0106460155338548,743.11279296875,-1.7765838942616492,0.0629807920420025,85.33089999764343
2,7,45,"(187.5, 337.5, 7.2238068944948735)",0.0013062641910733,743.1393432617188,-1.776577650343912,0.0070309760392565,86.15389999977197
2,7,48,"(187.5, 337.5, 7.2238068944948735)",0.0124733938617174,743.11279296875,-1.7765839313565337,0.0630260965778333,85.49649999986286
2,7,51,"(187.5, 337.5, 7.2238068944948735)",0.002085584148887,743.1393432617188,-1.7765776503440902,0.0070311289442513,92.20749999803957
2,7,54,"(212.5, 312.5, 6.0337808765239185)",0.0570520926713246,745.24853515625,-0.5185579544537676,0.2042935471323533,86.28690000114148
2,7,57,"(262.5, 312.5, 6.024387455566984)",0.5838156369082843,745.175537109375,-0.960402504839818,1.59149969474677,123.6633000007714
2,7,60,"(287.5, 312.5, 5.684209381380459)",0.0628284379555192,745.189697265625,-0.4452600922511301,0.2200534688396608,89.67619999748422
2,7,63,"(262.5, 312.5, 6.024387455566984)",0.041590846219751,750.5161743164062,-0.4766084693741951,0.1065395189348224,88.01449999737088
2,7,66,"(212.5, 312.5, 6.0337808765239185)",0.0319016521134455,745.5903930664062,-0.5182998156293389,0.1137708125144574,86.63729999898351
2,7,69,"(262.5, 312.5, 6.024387455566984)",0.5874120837822311,745.0132446289062,-0.9275405471492348,1.6013311501154757,123.40449999828706
2,8,0,"(187.5, 387.5, 11.364582883745452)",0.0057120973987075,818.6099853515625,-3.9505502834414337,0.009753686860011,85.98949999941397
2,8,3,"(137.5, 387.5, 8.184609533832969)",0.0124863566559073,739.0115356445312,-5.522822737111572,0.0085219111000096,86.07109999866225
2,8,6,"(112.5, 362.5, 5.753213768936505)",0.0629429892001177,738.4183959960938,-1.986892665028707,0.7751937877796266,89.03889999783132
2,8,9,"(112.5, 312.5, 3.997603125569143)",0.065722372935651,743.336181640625,-0.4733464419603927,0.1894773727865059,87.84670000022743
2,8,12,"(87.5, 287.5, 2.8131085484191836)",0.1830178017733131,736.9196166992188,-0.7282112798542419,0.8849352569455978,87.9893000019365
2,8,15,"(87.5, 287.5, 2.8131085484191836)",0.0197638165466769,736.6758422851562,-0.7468568321931158,1.1110179705453251,85.39200000086566
2,8,18,"(87.5, 287.5, 2.8131085484191836)",0.0873810659398015,736.7531127929688,-0.7314019368659772,0.9237153604846918,88.49250000275788
2,8,21,"(87.5, 287.5, 2.8131085484191836)",0.0207633759696813,736.6702270507812,-0.7471390334007902,1.114719954029758,86.52539999820874
2,8,24,"(112.5, 312.5, 3.997603125569143)",0.6770397810982837,740.023193359375,-0.7018467290959266,1.611688958992686,86.24950000012177
2,8,27,"(112.5, 262.5, 2.645266895480795)",0.0101341415033447,737.3157958984375,-0.5675062664354898,1.017755895475517,85.69530000022496
2,8,30,"(112.5, 312.5, 3.997603125569143)",0.3034511626632932,738.1263427734375,-1.082235019899321,0.9488212236156506,122.6697999991302
2,8,33,"(137.5, 287.5, 3.720264207629609)",0.2248565626616367,738.5921020507812,-0.7301580569369398,0.8152511915708958,85.10519999981625
2,8,36,"(137.5, 287.5, 3.720264207629609)",0.0510774356211743,738.3326416015625,-0.7327264067626941,0.6591252349347345,86.72389999992447
2,8,39,"(137.5, 287.5, 3.720264207629609)",0.4923023147080652,739.418701171875,-0.7566344558484165,1.1130742541985248,89.46360000118148
2,8,42,"(112.5, 287.5, 3.266470567666104)",0.0793981325342028,737.539306640625,-0.754906016745129,0.7789281955977462,88.9649000018835
2,8,45,"(137.5, 312.5, 4.617102976724376)",0.3086430090576972,742.19775390625,-0.4557248050925387,0.9206333463524462,86.37029999954393
2,8,48,"(137.5, 262.5, 2.9770964423387296)",0.015807848107084,737.98974609375,-0.5315669759815007,0.782358408586043,84.02200000273297
2,8,51,"(137.5, 312.5, 4.617102976724376)",0.5111873872222099,739.0097045898438,-0.9523419813967792,1.4565402480732217,122.44079999800306
2,8,54,"(137.5, 262.5, 2.9770964423387296)",0.014857756047319,738.011962890625,-0.531576963145009,0.7831257387944146,86.33159999953932
2,8,57,"(137.5, 312.5, 4.617102976724376)",0.5048668735063088,739.0414428710938,-0.952483221287782,1.4563148391788334,122.06960000185065
2,8,60,"(137.5, 262.5, 2.9770964423387296)",0.0155265959655942,738.001953125,-0.5315769671488859,0.783125873699337,87.72940000199014
2,8,63,"(137.5, 312.5, 4.617102976724376)",0.5093630237691805,739.1110229492188,-0.952483320743982,1.4563146832089904,126.32859999939684
2,8,66,"(137.5, 262.5, 2.9770964423387296)",0.0157451516275417,738.0072631835938,-0.5315769671488858,0.783125873286856,86.92330000121729
2,8,69,"(137.5, 312.5, 4.617102976724376)",0.5088090283369142,739.0702514648438,-0.9524833207439822,1.4563146874656006,125.10630000178936
2,9,0,"(187.5, 387.5, 11.364582883745452)",0.0059815048898285,818.6099853515625,-3.9505502834414328,0.0097536912796405,85.98100000017439
2,9,3,"(187.5, 387.5, 11.364582883745452)",0.0008360919213985,818.6099853515625,-3.950550245714298,0.0009082561040693,84.65330000035465
2,9,6,"(137.5, 387.5, 8.184609533832969)",0.0168731670399517,739.0115356445312,-5.522822740085863,0.0119924961902929,86.40049999667099
2,9,9,"(137.5, 387.5, 8.184609533832969)",0.0052691811976873,739.0003051757812,-5.52284041671404,0.0862087690681744,87.08130000013625
2,9,12,"(162.5, 412.5, 11.634380720059667)",1.0011557926451833,766.5448608398438,-10.32600282461605,1.4375616064188668,123.7394999989192
2,9,15,"(162.5, 412.5, 11.634380720059667)",0.0010981050785474,819.2732543945312,-6.751253981766685,0.0009214889017023,88.398199997755
2,9,18,"(162.5, 362.5, 8.044975170611863)",0.137207056703722,739.703369140625,-3.990572463154134,0.8545637905570892,86.14590000070166
2,9,21,"(187.5, 337.5, 7.2238068944948735)",0.0022763220613014,743.1393432617188,-1.7765776469989232,0.0043352289059945,89.15459999843733
2,9,24,"(187.5, 337.5, 7.2238068944948735)",0.0123976212738202,743.1381225585938,-1.776583695867562,0.0624865859488432,84.41969999694265
2,9,27,"(187.5, 337.5, 7.2238068944948735)",0.0015718285689553,743.1393432617188,-1.7765776503420774,0.007030166428628,87.03769999920041
2,9,30,"(187.5, 337.5, 7.2238068944948735)",0.0017020256318441,743.1393432617188,-1.7765776498601953,0.0067972928164791,89.23629999844707
2,9,33,"(187.5, 337.5, 7.2238068944948735)",0.0007002197682838,743.1393432617188,-1.7765776469989236,0.0043352293507104,90.75099999972736
2,9,36,"(187.5, 337.5, 7.2238068944948735)",0.0016073342136417,743.1393432617188,-1.7765776497532253,0.0067424695770401,87.17909999904805
2,9,39,"(187.5, 337.5, 7.2238068944948735)",0.0008004097020022,743.1393432617188,-1.776577649851128,0.0067926741452482,88.42949999962002
2,9,42,"(187.5, 337.5, 7.2238068944948735)",0.0017607727892224,743.1393432617188,-1.776577649852744,0.0067935424181404,86.51069999905303
2,9,45,"(187.5, 337.5, 7.2238068944948735)",0.0009134511588746,743.1393432617188,-1.7765776469989234,0.0043352285434888,89.2377000018314
2,9,48,"(187.5, 337.5, 7.2238068944948735)",0.0101193839082438,743.1122436523438,-1.7765836958675625,0.0624865924099716,89.9706000018341
2,9,51,"(187.5, 337.5, 7.2238068944948735)",0.0025604367530469,743.1393432617188,-1.776577650342077,0.0070301601599026,87.10170000267681
2,9,54,"(212.5, 337.5, 7.7206787211523045)",0.0016815038794329,747.119873046875,-1.156374485223152,0.002659260528037,86.57849999872269
2,9,57,"(187.5, 362.5, 9.103110310900643)",0.0016768407681857,743.5701904296875,-3.991325928676768,0.0011077295054166,85.39149999705842
2,9,60,"(162.5, 387.5, 9.797797492156253)",0.0310507622219658,740.7197265625,-7.201305108182249,0.0396214415726749,86.61340000253404
2,9,63,"(162.5, 337.5, 6.503826249283008)",0.0191334056302359,740.6358642578125,-2.027157617851977,0.147264300548391,86.66900000025635
2,9,66,"(162.5, 287.5, 4.140142738102741)",0.71930143162811,741.6180419921875,-0.7245697890819892,1.5354038132101475,86.05600000009872
2,9,69,"(162.5, 287.5, 4.140142738102741)",0.0986231455674829,739.4435424804688,-0.6390569142765515,0.5818251720686273,90.13969999796244
2,0,0,"(212.5, 487.5, 22.32743679833657)",1.3082033995964737,552.0140991210938,-12.986370374087086,3.000772723503472,87.0777000018279
2,1,0,"(212.5, 487.5, 22.32743679833657)",1.3044327591477631,551.9578247070312,-12.986370374087086,3.000772694254248,85.82550000210176
2,2,0,"(212.5, 487.5, 22.32743679833657)",1.3037092810703903,552.041259765625,-12.986370374087082,3.0007726714735825,88.21410000018659
2,3,0,"(212.5, 487.5, 22.32743679833657)",1.302017093480357,552.0850219726562,-12.986370374087084,3.0007726956818788,87.97799999956624
2,4,0,"(212.5, 487.5, 22.32743679833657)",1.3079382160088242,552.0692138671875,-12.986370374087084,3.0007727141756058,87.24250000159373
2,5,0,"(212.5, 487.5, 22.32743679833657)",1.3047364558112675,551.9945068359375,-12.986370374087087,3.0007726869953664,87.51029999984894
2,6,0,"(212.5, 487.5, 22.32743679833657)",1.3018251885655598,551.9562377929688,-12.986370374087084,3.000772666586923,87.68079999936162
2,7,0,"(212.5, 487.5, 22.32743679833657)",1.305663918196983,552.0498046875,-12.986370374087084,3.000772719732881,88.21549999993294
2,8,0,"(212.5, 487.5, 22.32743679833657)",1.306703661030585,551.962646484375,-12.986370374087084,3.000772746413004,89.31550000124844
2,9,0,"(212.5, 487.5, 22.32743679833657)",1.3026090704205475,551.9566650390625,-12.986370374087084,3.0007726912326302,87.15429999938351
