resolution,trial,step,observation,info_gain,pred_divergence,expected_accuracy,expected_Qs_entropy,inference_time_ms
10,0,0,"(437.5, 412.5, 3.7158125367455015)",0.64414106413794,736.185791015625,-0.23874200887304217,2.2700990276978135,248.52960000134772
10,0,1,"(412.5, 412.5, 4.71743372998353)",0.36345978904410187,0.0,-0.4228309821622748,1.6457243661331675,566.4735999998811
10,0,2,"(387.5, 412.5, 5.968521653217249)",0.05725199977556578,0.0,-0.6389186532226049,1.3748276287572507,606.7971000011312
10,0,3,"(387.5, 412.5, 5.968521653217249)",0.43540103775149264,740.5372314453125,-0.2141221712184647,1.4189461490539024,249.15700000201468
10,0,4,"(362.5, 412.5, 7.512358105982148)",0.42331151578631393,0.0,-0.41487672630582345,1.1733646460563376,553.052100000059
10,0,5,"(337.5, 412.5, 9.377700043801939)",0.055396055181797035,0.0,-0.6154511908701789,0.8301635826837898,628.0442000024777
10,0,6,"(337.5, 412.5, 9.377700043801939)",0.46088008734847496,751.8319702148438,-0.20410216100480352,0.9224142251868952,245.93219999951543
10,0,7,"(337.5, 387.5, 8.122025837780313)",0.861701825838314,0.0,-0.46542528205582795,1.0405408740951556,570.408800002042
10,0,8,"(312.5, 387.5, 9.73254467824523)",0.10359526673953741,0.0,-0.7078584355602467,0.9691330157303796,777.3422999998729
10,0,9,"(312.5, 387.5, 9.73254467824523)",0.759092893969713,745.3323364257812,-0.21895636785184197,1.1784622332941537,246.28859999938868
10,0,10,"(287.5, 387.5, 11.306348749090457)",1.1529832424936886,0.0,-0.4874183713807774,0.8959679484429968,566.0437999977148
10,0,11,"(287.5, 412.5, 13.851283065501828)",0.14464590946831676,0.0,-0.7813537954328325,0.4144258334448385,619.0550999999687
10,0,12,"(287.5, 412.5, 13.851283065501828)",0.8097980968218078,759.2901611328125,-0.24143887125811198,0.6297303999450288,249.78420000115875
10,0,13,"(287.5, 437.5, 16.365669713099226)",0.8627130561020794,0.0,-0.5031152323415635,0.39903495798190003,541.0323999967659
10,0,14,"(262.5, 437.5, 19.691492564685472)",0.011067246397336533,0.0,-0.8139149223490378,0.1419582898139911,766.7501999967499
10,0,15,"(262.5, 437.5, 19.691492564685472)",0.28611240276449135,787.9526977539062,-0.20796770218883956,0.1761636968493083,250.15929999790387
10,0,16,"(237.5, 437.5, 21.459341898515387)",0.06070702505897477,0.0,-0.6594019371615825,0.14019902763371422,496.4222999988124
10,1,0,"(437.5, 412.5, 3.7158125367455015)",0.6444283504593362,736.1653442382812,-0.23874200887304217,2.270098992482797,252.93990000136546
10,1,1,"(412.5, 412.5, 4.71743372998353)",0.3771761671853348,0.0,-0.42283098216227494,1.6457243661331682,575.5626000027405
10,1,2,"(387.5, 412.5, 5.968521653217249)",0.05813708901404773,0.0,-0.6389186532226049,1.374827628757251,612.546399999701
10,1,3,"(387.5, 412.5, 5.968521653217249)",0.4368878911946762,740.7621459960938,-0.21412217121846472,1.4189461426399135,247.87020000076154
10,1,4,"(362.5, 412.5, 7.512358105982148)",0.4049298884179428,0.0,-0.4148767263058235,1.1733646460563376,559.4569999993837
10,1,5,"(337.5, 412.5, 9.377700043801939)",0.05043822030226742,0.0,-0.6154511908701789,0.8301635826837898,617.8182999974524
10,1,6,"(337.5, 412.5, 9.377700043801939)",0.4579989061080399,751.78173828125,-0.20410216100480355,0.9224141640026822,247.77689999973518
10,1,7,"(337.5, 387.5, 8.122025837780313)",0.8828327449257263,0.0,-0.46542528205582795,1.0405408740951556,569.0969000024779
10,1,8,"(312.5, 387.5, 9.73254467824523)",0.09686176975570167,0.0,-0.7078584355602466,0.9691330157303798,764.0644000020984
10,1,9,"(312.5, 387.5, 9.73254467824523)",0.761165245133519,745.3761596679688,-0.21895636785184192,1.1784622658464927,249.04890000107116
10,1,10,"(287.5, 387.5, 11.306348749090457)",1.1616530715328286,0.0,-0.48741837138077737,0.8959679484429967,573.2571999978973
10,1,11,"(287.5, 412.5, 13.851283065501828)",0.14231258630750623,0.0,-0.7813537954328326,0.4144258334448383,618.2699000019056
10,1,12,"(287.5, 412.5, 13.851283065501828)",0.8087742937746039,759.912841796875,-0.24143887125811198,0.6297303791664517,251.30989999888698
10,1,13,"(287.5, 437.5, 16.365669713099226)",0.8600250757646353,0.0,-0.5031152323415635,0.39903495853834275,528.9553000002343
10,1,14,"(262.5, 437.5, 19.691492564685472)",0.0174989054600594,0.0,-0.8139149223490376,0.1419582898139916,751.0431999980938
10,1,15,"(262.5, 437.5, 19.691492564685472)",0.2952213115038457,785.6497192382812,-0.20796770218883956,0.17616370117930727,249.13220000235015
10,1,16,"(237.5, 437.5, 21.459341898515387)",0.07348328700689626,0.0,-0.6594019371615826,0.14019902795662803,495.9405000008701
10,2,0,"(437.5, 412.5, 3.7158125367455015)",0.6457971250418699,736.2371826171875,-0.23874200887304214,2.2700989845251938,249.12289999701898
10,2,1,"(437.5, 387.5, 3.41874755045311)",0.42174047159558004,0.0,-0.43386385477416145,1.8415153612955266,565.2292000013404
10,2,2,"(437.5, 362.5, 3.0693002026442198)",0.05372525751593874,0.0,-0.6473632765335646,1.6781647407472864,608.0221999982314
10,2,3,"(437.5, 362.5, 3.0693002026442198)",0.363991324579149,736.5577392578125,-0.20880973521699156,2.0101145707752877,250.6470000007539
10,2,4,"(437.5, 337.5, 2.697731893066704)",0.4077250925490077,0.0,-0.4280998817514188,2.0436844935663716,584.5995000017865
10,2,5,"(437.5, 312.5, 2.3288409680820936)",0.048179164528868515,0.0,-0.6456578962426277,1.952420501526966,784.893899999588
10,2,6,"(437.5, 312.5, 2.3288409680820936)",0.3139577125575566,735.917724609375,-0.20907076490403853,2.275014721098486,250.0813000006019
10,2,7,"(412.5, 312.5, 2.8190600723806885)",0.3861169560943385,0.0,-0.4186219066276191,2.1853595666740286,571.9051000014588
10,2,8,"(387.5, 312.5, 3.371997408476144)",0.052210981647168565,0.0,-0.622369190417739,1.9495055350080372,599.5241000018723
10,2,9,"(387.5, 312.5, 3.371997408476144)",0.3729508693799534,737.9493408203125,-0.2099534971126724,2.1167020445061886,249.04779999997118
10,2,10,"(362.5, 312.5, 3.972924796908688)",0.47558716066565354,0.0,-0.42199481988421667,1.9805121587583527,570.7376999998814
10,2,11,"(337.5, 312.5, 4.592532186196013)",0.06649660567442132,0.0,-0.631401347733885,1.7878483707086588,614.9655999979586
10,2,12,"(337.5, 312.5, 4.592532186196013)",0.47917898817730115,738.5699462890625,-0.2113190959934056,1.9775694528357937,247.11050000041723
10,2,13,"(312.5, 312.5, 5.183930710700896)",0.5978190064241633,0.0,-0.43071485249078645,1.9085869043558261,572.6654000027338
10,2,14,"(312.5, 337.5, 6.4720487778634865)",0.0837435722350954,0.0,-0.6523156130050012,1.513965675447692,605.6769999995595
10,2,15,"(312.5, 337.5, 6.4720487778634865)",0.6340431780650442,740.1700439453125,-0.21804491133084594,1.7293911976560055,248.66409999958705
10,2,16,"(312.5, 362.5, 7.999359988870806)",0.7069530977660607,0.0,-0.43134143867429575,1.364113255329252,563.1427999978769
10,2,17,"(312.5, 387.5, 9.73254467824523)",0.06624509394168568,0.0,-0.6338204831030535,0.8320893153315237,612.2130999974615
10,2,18,"(312.5, 387.5, 9.73254467824523)",0.6598961544634736,748.8155517578125,-0.21450097164300577,0.9776466888224625,244.90619999778573
10,2,19,"(312.5, 412.5, 11.543004562335339)",0.959096391765214,0.0,-0.46465714881011844,0.7139683071304215,563.141499998892
10,2,20,"(287.5, 412.5, 13.851283065501828)",0.1463844577471403,0.0,-0.7894739872298684,0.5755603194985622,659.026500001346
10,2,21,"(287.5, 412.5, 13.851283065501828)",0.7954847187539078,759.5424194335938,-0.2369389123318326,0.6288869493585216,247.3003000013705
10,2,22,"(262.5, 412.5, 15.847883528411389)",1.1447601024015253,0.0,-0.5318442919329289,0.6409405068293582,528.9383999988786
10,2,23,"(262.5, 437.5, 19.691492564685472)",0.026335254311599613,0.0,-0.7861160389957028,0.22714597336831263,766.8640999982017
10,2,24,"(262.5, 437.5, 19.691492564685472)",0.2731369760499427,796.8417358398438,-0.2084319756215288,0.16344121287200303,250.52080000023125
10,3,0,"(437.5, 412.5, 3.7158125367455015)",0.6464928796137923,736.1736450195312,-0.23874200887304217,2.2700990372411134,246.15479999920353
10,3,1,"(437.5, 387.5, 3.41874755045311)",0.4192027945005865,0.0,-0.43386385477416145,1.8415153612242834,564.5718000014313
10,3,2,"(437.5, 362.5, 3.0693002026442198)",0.0503637144963043,0.0,-0.6473632765335646,1.6781647407472868,596.780599997146
10,3,3,"(437.5, 362.5, 3.0693002026442198)",0.3708166457394438,736.575927734375,-0.2088097352169916,2.010114585854809,247.79259999922942
10,3,4,"(437.5, 337.5, 2.697731893066704)",0.42789046455802016,0.0,-0.4280998817514189,2.043684493411171,578.3116999991762
10,3,5,"(412.5, 337.5, 3.3073470145874904)",0.051091169317607765,0.0,-0.6407066906439164,1.90274167635845,602.2800999999163
10,3,6,"(412.5, 337.5, 3.3073470145874904)",0.37606926994163514,737.578125,-0.2098281021146999,2.078568911567248,246.37330000041402
10,3,7,"(387.5, 337.5, 4.012520353342856)",0.46481273522400335,0.0,-0.42399295193053405,1.8831191035649029,569.7301000000152
10,3,8,"(362.5, 337.5, 4.801447242030367)",0.057560602823913114,0.0,-0.6330835215306941,1.6343028236750425,593.8275999978941
10,3,9,"(362.5, 337.5, 4.801447242030367)",0.4424325289417985,739.2631225585938,-0.21103444927671236,1.7907348741423648,250.33409999741707
10,3,10,"(362.5, 312.5, 3.972924796908688)",0.42523540942944554,0.0,-0.43092779273459114,1.782971638659803,569.2823000026692
10,3,11,"(362.5, 287.5, 3.2481324511568093)",0.054060935974109735,0.0,-0.6402495085936776,1.5240337750539723,605.122000000847
10,3,12,"(362.5, 287.5, 3.2481324511568093)",0.38572603150811663,737.7380981445312,-0.21001873359775078,2.0115240638144534,249.3359000000055
10,3,13,"(362.5, 262.5, 2.6317000424023482)",0.37164977559802803,0.0,-0.42170315413131493,2.1446856695488306,592.4468000011984
10,3,14,"(362.5, 237.5, 2.1176379791076854)",0.04088979959486234,0.0,-0.6335316286505592,2.0289259287543446,596.5455000005022
10,3,15,"(362.5, 237.5, 2.1176379791076854)",0.28002841673152296,737.239013671875,-0.2072647299439338,2.329771613762941,247.1205000001646
10,3,16,"(362.5, 212.5, 1.6949517469263145)",0.27660364602576065,0.0,-0.4163377010460919,2.337939426531755,568.9769000018714
10,3,17,"(337.5, 212.5, 1.8733097780882446)",0.03556092331806777,0.0,-0.6206010880523056,2.254122724087564,597.0737999996345
10,3,18,"(337.5, 212.5, 1.8733097780882446)",0.2286628191014463,737.2259521484375,-0.20447211255327954,2.3759432950939976,249.38679999831947
10,3,19,"(337.5, 237.5, 2.3610390308062064)",0.3328195572732355,0.0,-0.4159758252931096,2.330967767210395,567.2661999997217
10,3,20,"(337.5, 262.5, 2.964249814698708)",0.05403176943464058,0.0,-0.6286659085764006,2.162128290655057,596.9322999990254
10,3,21,"(337.5, 262.5, 2.964249814698708)",0.35174722478058207,737.5018920898438,-0.2125261052631917,2.317382522841148,247.31210000027204
10,3,22,"(337.5, 287.5, 3.7025046815464644)",0.504521834095732,0.0,-0.4238203547192845,2.1333962471222696,565.9363999984635
10,3,23,"(337.5, 312.5, 4.592532186196013)",0.08205389479795672,0.0,-0.6405869051213913,1.7509424585592102,596.8532000006235
10,3,24,"(337.5, 312.5, 4.592532186196013)",0.5378693135726605,738.7905883789062,-0.21864430664876855,1.9104702274378442,248.06080000053043
10,3,25,"(337.5, 337.5, 5.641752186721501)",0.6101143799775721,0.0,-0.42455129284109894,1.6277903739154156,570.234700000583
10,3,26,"(337.5, 362.5, 6.836404624384365)",0.06852110226947865,0.0,-0.6355001473063314,1.2084989356761606,597.8216000003158
10,3,27,"(337.5, 362.5, 6.836404624384365)",0.6235605990793555,741.3807983398438,-0.21424947675563366,1.417067007864101,247.11929999830318
10,3,28,"(362.5, 362.5, 5.709929773131825)",0.7200490534424715,0.0,-0.4670276775042248,1.53293840537573,566.7548000019451
10,3,29,"(387.5, 362.5, 4.6920389042223976)",0.05119460324445406,0.0,-0.6338896492714408,1.1101013707524683,595.014300000912
10,3,30,"(387.5, 362.5, 4.6920389042223976)",0.40771853518866874,739.6900634765625,-0.2072730715284563,1.549371589581221,249.29619999966235
10,3,31,"(387.5, 337.5, 4.012520353342856)",0.5693206817937855,0.0,-0.4466714455380922,1.6868463952276447,605.1388000014413
10,3,32,"(387.5, 312.5, 3.371997408476144)",0.05367892483869435,0.0,-0.6639870083055013,1.435238231302474,738.9406000002054
10,3,33,"(387.5, 312.5, 3.371997408476144)",0.36837550212798265,738.32421875,-0.2073885670448302,1.8881390460193133,246.9559000019217
10,3,34,"(387.5, 287.5, 2.795360823982221)",0.3977268832680819,0.0,-0.4239482492565148,2.017904559076078,609.317700000247
10,3,35,"(387.5, 262.5, 2.2927863351327353)",0.0505248854557543,0.0,-0.6444529609123784,1.957292742799841,731.6879999998491
10,3,36,"(387.5, 262.5, 2.2927863351327353)",0.31265096686318855,737.2734375,-0.20891936577159162,2.307406082990405,249.1485000027751
10,3,37,"(387.5, 237.5, 1.86489266876442)",0.33684865541901265,0.0,-0.42215361179604904,2.3288284196195237,570.8659000010812
10,3,38,"(387.5, 212.5, 1.5068207512166414)",0.03286013503869314,0.0,-0.6277592744397553,2.221716790783057,642.8444999983185
10,3,39,"(387.5, 212.5, 1.5068207512166414)",0.20878813296237905,736.9265747070312,-0.2056080422683516,2.418178915568899,247.93169999975362
10,3,40,"(362.5, 212.5, 1.6949517469263145)",0.2575189874033951,0.0,-0.41395483569939173,2.394579427762443,571.8745000012859
10,3,41,"(362.5, 237.5, 2.1176379791076854)",0.048170228799151116,0.0,-0.6230706673038543,2.2979997280599846,595.6539999970119
10,3,42,"(362.5, 237.5, 2.1176379791076854)",0.27224980413960487,737.2205200195312,-0.21003510271867457,2.392491543596652,249.57530000028783
10,3,43,"(362.5, 262.5, 2.6317000424023482)",0.38921542732130426,0.0,-0.4236884154165813,2.316824918342532,570.6121000002895
10,3,44,"(362.5, 287.5, 3.2481324511568093)",0.06871326764425598,0.0,-0.6423303124018233,2.079475579695708,602.002799998445
10,3,45,"(362.5, 287.5, 3.2481324511568093)",0.42165722789056603,737.6452026367188,-0.21879429684672372,2.2177971800582577,247.24309999874095
10,3,46,"(362.5, 312.5, 3.972924796908688)",0.6131447303429036,0.0,-0.43603552317573674,1.9932162308550818,567.4875000004249
10,3,47,"(362.5, 337.5, 4.801447242030367)",0.0631562868754146,0.0,-0.6399126335908202,1.508091755717519,600.4299000014726
10,3,48,"(362.5, 337.5, 4.801447242030367)",0.478037408569416,739.021240234375,-0.21281957982011812,1.6800049300720457,249.77399999988847
10,3,49,"(362.5, 362.5, 5.709929773131825)",0.713356933360551,0.0,-0.4414350499809373,1.4206581323381817,566.9752000030712
10,3,50,"(362.5, 387.5, 6.644563227708976)",0.07694412767885384,0.0,-0.6453754486001811,0.8714079289139829,613.2397999972454
10,3,51,"(362.5, 387.5, 6.644563227708976)",0.6238718302591457,740.8778686523438,-0.21659869874347204,1.2058286117213712,251.5042999984871
10,3,52,"(337.5, 387.5, 8.122025837780313)",0.7407689363916174,0.0,-0.4326429517095485,1.1066953954790009,575.4010000018752
10,3,53,"(312.5, 387.5, 9.73254467824523)",0.06654891868431524,0.0,-0.6234740850596271,0.7361536069594278,603.5618000023533
10,3,54,"(312.5, 387.5, 9.73254467824523)",0.6434717994509251,748.974853515625,-0.21364586035652305,0.9708628441089762,248.83670000053826
10,3,55,"(287.5, 387.5, 11.306348749090457)",1.1439388456584185,0.0,-0.48691332635551743,0.8815555649250164,570.0092000006407
10,3,56,"(287.5, 412.5, 13.851283065501828)",0.1402815779050111,0.0,-0.7811978587699049,0.4219436854634549,617.1786000013526
10,3,57,"(287.5, 412.5, 13.851283065501828)",0.8077202470810347,758.6724243164062,-0.24130035974217706,0.6294318382339331,249.38320000001113
10,3,58,"(287.5, 437.5, 16.365669713099226)",0.8602247899039304,0.0,-0.5031043259233301,0.39873712527880895,548.8804999986314
10,3,59,"(312.5, 437.5, 13.134116007120344)",0.005173458407333822,0.0,-0.8301035210053774,0.19915033753888886,762.9360999999335
10,3,60,"(312.5, 437.5, 13.134116007120344)",0.20442649610683852,775.3018798828125,-0.22628848932310425,0.27704387972642586,249.95940000007977
10,3,61,"(312.5, 412.5, 11.543004562335339)",0.5852737021643385,0.0,-0.46663431708866765,0.384811582092206,574.5858000009321
10,3,62,"(287.5, 412.5, 13.851283065501828)",0.16173845529558908,0.0,-0.7747237150840809,0.4641887512837224,690.5455000014626
10,3,63,"(287.5, 412.5, 13.851283065501828)",0.8722173081064286,759.8388671875,-0.2407047504912137,0.715701232438331,249.4360000018787
10,3,64,"(262.5, 412.5, 15.847883528411389)",1.197147285564028,0.0,-0.5461694731616565,0.6121688575945071,535.0254000004497
10,3,65,"(262.5, 437.5, 19.691492564685472)",0.02910973131660046,0.0,-0.7810422964695595,0.23944283813351555,765.6198000004224
10,3,66,"(262.5, 437.5, 19.691492564685472)",0.28619708351426015,791.37646484375,-0.20849592479962917,0.16644759205129814,250.8162000012817
10,4,0,"(437.5, 412.5, 3.7158125367455015)",0.6382953665288795,736.1738891601562,-0.23874200887304217,2.2700990103731438,249.97539999822038
10,4,1,"(412.5, 412.5, 4.71743372998353)",0.402041731318778,0.0,-0.42283098216227505,1.645724366133168,571.9882000012149
10,4,2,"(387.5, 412.5, 5.968521653217249)",0.05539718270302549,0.0,-0.6389186532226049,1.3748276287572512,604.0439999997034
10,4,3,"(387.5, 412.5, 5.968521653217249)",0.4365467220908592,740.5653076171875,-0.2141221712184647,1.418946151420916,250.04070000068168
10,4,4,"(362.5, 412.5, 7.512358105982148)",0.42427468024736176,0.0,-0.4148767263058234,1.1733646460563376,561.8300999994972
10,4,5,"(337.5, 412.5, 9.377700043801939)",0.05229399104913659,0.0,-0.6154511908701789,0.8301635826837896,622.4282000002859
10,4,6,"(337.5, 412.5, 9.377700043801939)",0.45362063507290806,751.5945434570312,-0.20410216100480355,0.9224141815077547,247.6066000017454
10,4,7,"(337.5, 387.5, 8.122025837780313)",0.8522717860188194,0.0,-0.465425282055828,1.0405408740951558,570.557999999437
10,4,8,"(312.5, 387.5, 9.73254467824523)",0.10319861769673565,0.0,-0.7078584355602467,0.9691330157303796,775.2925999993749
10,4,9,"(312.5, 387.5, 9.73254467824523)",0.7626791924915293,745.474853515625,-0.21895636785184194,1.1784622377723706,249.5178000026499
10,4,10,"(287.5, 387.5, 11.306348749090457)",1.149213244434666,0.0,-0.4874183713807774,0.895967948442997,570.533099999011
10,4,11,"(287.5, 412.5, 13.851283065501828)",0.1349758108456869,0.0,-0.7813537954328325,0.4144258334448386,615.9195000000182
10,4,12,"(287.5, 412.5, 13.851283065501828)",0.8051036966367004,760.7389526367188,-0.24143887125811203,0.6297304047102648,249.3925999988278
10,4,13,"(287.5, 437.5, 16.365669713099226)",0.8615331517374977,0.0,-0.5031152323415633,0.3990349584766463,537.6051000021107
10,4,14,"(287.5, 462.5, 17.977012825427398)",0.14812457561497702,0.0,-0.9685634706432527,0.20442997308427663,670.7004999989294
10,4,15,"(287.5, 462.5, 17.977012825427398)",1.0169093075621147,765.1082763671875,-0.4567645672836114,0.5107585032005265,316.4242999991984
10,4,16,"(312.5, 462.5, 14.033224262378283)",0.02688801588345228,0.0,-0.779998440837801,0.018152549212399553,567.7271999993536
10,4,17,"(287.5, 462.5, 17.977012825427398)",4.374645284767481e-07,0.0,-1.2193719306535553,0.001388992192724368,620.4502999971737
10,4,18,"(287.5, 462.5, 17.977012825427398)",0.2660844794353413,786.3052978515625,-0.43944739351562156,0.16942160137595202,248.69949999992969
10,5,0,"(437.5, 412.5, 3.7158125367455015)",0.6522209910278051,736.258056640625,-0.2387420088730422,2.2700990318461356,249.4319999968866
10,5,1,"(412.5, 412.5, 4.71743372998353)",0.38476670280116715,0.0,-0.42283098216227505,1.6457243661331684,571.872100001201
10,5,2,"(387.5, 412.5, 5.968521653217249)",0.05378594994546156,0.0,-0.6389186532226049,1.374827628757251,600.472100002662
10,5,3,"(387.5, 412.5, 5.968521653217249)",0.4313447705035935,740.4299926757812,-0.21412217121846472,1.4189461752395596,250.43690000165952
10,5,4,"(362.5, 412.5, 7.512358105982148)",0.4236147338721047,0.0,-0.4148767263058234,1.1733646460563376,559.5012999983737
10,5,5,"(362.5, 387.5, 6.644563227708976)",0.05406420926251965,0.0,-0.6306896283994582,0.8945486795160477,641.7669999973441
10,5,6,"(362.5, 387.5, 6.644563227708976)",0.5385392850653292,742.360107421875,-0.21768886257280826,1.2990795006998257,246.57480000314536
10,5,7,"(337.5, 387.5, 8.122025837780313)",0.655259059840452,0.0,-0.42643624678164216,1.1509560363542368,569.4315000000643
10,5,8,"(312.5, 387.5, 9.73254467824523)",0.0558880319198111,0.0,-0.6223559453018632,0.7333748585106299,598.8240000006044
10,5,9,"(312.5, 387.5, 9.73254467824523)",0.6430874767171539,748.8294067382812,-0.21327360966086523,0.971104058102237,248.18930000037653
10,5,10,"(287.5, 387.5, 11.306348749090457)",1.139580633428287,0.0,-0.4870047051153137,0.8834266910072338,566.0482999992382
10,5,11,"(287.5, 412.5, 13.851283065501828)",0.1393418908119002,0.0,-0.781115371391319,0.4219937401899062,618.9889000015683
10,5,12,"(287.5, 412.5, 13.851283065501828)",0.803210107983834,759.8997192382812,-0.24127646450289408,0.6293101151916258,247.22820000170032
10,5,13,"(287.5, 437.5, 16.365669713099226)",0.8637718069070965,0.0,-0.5031022833537996,0.3987073516760822,532.4323000022559
10,5,14,"(262.5, 437.5, 19.691492564685472)",0.009370103478452747,0.0,-0.8139100438902729,0.14198075349318792,753.7905999997747
10,5,15,"(262.5, 437.5, 19.691492564685472)",0.2959631322739355,785.7791137695312,-0.20796773625712778,0.17617165194136022,251.096799998777
10,5,16,"(237.5, 437.5, 21.459341898515387)",0.054966969146655525,0.0,-0.65940207085498,0.1401994887759927,498.23409999953583
10,6,0,"(437.5, 412.5, 3.7158125367455015)",0.6481809328853272,736.1455078125,-0.23874200887304212,2.2700989790459367,247.74869999964722
10,6,1,"(412.5, 412.5, 4.71743372998353)",0.3903226143571655,0.0,-0.42283098216227505,1.6457243661331682,567.7336000007926
10,6,2,"(387.5, 412.5, 5.968521653217249)",0.05640879273414986,0.0,-0.6389186532226049,1.374827628757251,599.1088999981002
10,6,3,"(387.5, 412.5, 5.968521653217249)",0.43270168098016715,740.62353515625,-0.2141221712184647,1.4189461760940352,250.73300000076415
10,6,4,"(387.5, 387.5, 5.365977503075057)",0.365651833581678,0.0,-0.42402873087990633,1.308763733156243,593.4837999993761
10,6,5,"(387.5, 362.5, 4.6920389042223976)",0.062479828794801295,0.0,-0.6433912249583782,0.9958873376320907,599.4441000002553
10,6,6,"(387.5, 362.5, 4.6920389042223976)",0.46245684062312803,739.6748046875,-0.21941922887935528,1.4549537179128182,248.44949999896926
10,6,7,"(387.5, 337.5, 4.012520353342856)",0.5782322282579299,0.0,-0.444588170351342,1.6236904201079323,570.5563000010443
10,6,8,"(387.5, 312.5, 3.371997408476144)",0.05434220532573892,0.0,-0.66139272017223,1.4132908236182744,753.6963000020478
10,6,9,"(387.5, 312.5, 3.371997408476144)",0.36707703770603506,738.2518920898438,-0.20750502167796664,1.8883010416287598,247.31450000035693
10,6,10,"(387.5, 287.5, 2.795360823982221)",0.39760668111073383,0.0,-0.42397882250537244,2.0183040888479824,604.4924999987416
10,6,11,"(387.5, 262.5, 2.2927863351327353)",0.046246702472396845,0.0,-0.6444611297852958,1.9573453824605542,730.7018999999855
10,6,12,"(387.5, 262.5, 2.2927863351327353)",0.31294799831926645,737.23583984375,-0.20891787367081732,2.3074112855368853,246.77110000266111
10,6,13,"(387.5, 237.5, 1.86489266876442)",0.34961548995389746,0.0,-0.42215354281757744,2.3288311309714946,576.0657999999239
10,6,14,"(387.5, 212.5, 1.5068207512166414)",0.030427073438988362,0.0,-0.627759328305413,2.2217178211622364,639.8222999996506
10,6,15,"(387.5, 212.5, 1.5068207512166414)",0.20474320993809658,736.9708251953125,-0.20560805742982327,2.4181791582899836,251.6037999994296
10,6,16,"(362.5, 212.5, 1.6949517469263145)",0.27886980268419614,0.0,-0.4139548461173576,2.3945795343535465,565.6425000015588
10,6,17,"(337.5, 212.5, 1.8733097780882446)",0.0350989475846306,0.0,-0.6163516275785855,2.2975677169147724,598.063599998568
10,6,18,"(337.5, 212.5, 1.8733097780882446)",0.22816118210272374,737.1697387695312,-0.20493941036293814,2.3811350636096806,250.42480000047362
10,6,19,"(312.5, 212.5, 2.0303276744152)",0.2873351631882428,0.0,-0.4119816538509104,2.339441990316324,565.9792000005837
10,6,20,"(287.5, 212.5, 2.154010388857775)",0.0376812616984174,0.0,-0.6160514692892809,2.2568157030573914,613.1375000004482
10,6,21,"(287.5, 212.5, 2.154010388857775)",0.25256043917970433,737.2296142578125,-0.20458471410146703,2.358845568730297,246.37429999711458
10,6,22,"(262.5, 212.5, 2.2336800277132602)",0.30211519959641864,0.0,-0.41066750584240735,2.328122764408608,563.9529000000039
10,6,23,"(237.5, 212.5, 2.261871450534782)",0.048236668109872746,0.0,-0.6187688386924871,2.2563650137495412,647.1815000004426
10,6,24,"(237.5, 212.5, 2.261871450534782)",0.28380704107359944,737.1180419921875,-0.2070900899217528,2.3858934166142234,246.59459999747924
10,6,25,"(212.5, 212.5, 2.2358312589572185)",0.3167287022087271,0.0,-0.413223254339922,2.346741452131857,561.5227999987837
10,6,26,"(187.5, 212.5, 2.1581048160551872)",0.04251225789388448,0.0,-0.6183858578872068,2.248778118600432,634.8780999978771
10,6,27,"(187.5, 212.5, 2.1581048160551872)",0.26507594185512207,737.1653442382812,-0.20723802077068973,2.371088300317896,248.8297000018065
10,6,28,"(187.5, 237.5, 2.7574493337721258)",0.33675572900073625,0.0,-0.4189428450277937,2.334064536821766,568.6871999969298
10,6,29,"(187.5, 262.5, 3.519235619237839)",0.051876544952405124,0.0,-0.6306201205991327,2.0974092721719932,596.6535999978078
10,6,30,"(187.5, 262.5, 3.519235619237839)",0.37610805571729916,737.7294921875,-0.21332499815571598,2.2563998956613855,247.09870000151568
10,6,31,"(187.5, 287.5, 4.484402965683246)",0.47224613294057904,0.0,-0.4191388776209094,2.0103813099333316,564.023900002212
10,6,32,"(187.5, 312.5, 5.701335627950545)",0.047795131802575594,0.0,-0.6244874543050017,1.6043440014838581,608.1650000014633
10,6,33,"(187.5, 312.5, 5.701335627950545)",0.4824990301662474,740.1568603515625,-0.20915964180884294,1.7870407625476101,247.39750000298955
10,6,34,"(162.5, 312.5, 5.206150757863988)",0.5869774341324467,0.0,-0.42970269771749114,1.826806734145816,566.64809999711
10,6,35,"(162.5, 337.5, 6.503826249283008)",0.07980679968995408,0.0,-0.6478656864885636,1.5270621610893367,595.2457999992475
10,6,36,"(162.5, 337.5, 6.503826249283008)",0.6463087217823886,740.0094604492188,-0.21794472372192214,1.7678737891061378,245.95290000070236
10,6,37,"(162.5, 362.5, 8.044975170611863)",0.7168935758588539,0.0,-0.4292666250105699,1.3537788906957733,565.8309999998892
10,6,38,"(162.5, 387.5, 9.797797492156253)",0.06948774059612729,0.0,-0.6310865625146501,0.8099543452695939,610.2939000011247
10,6,39,"(162.5, 387.5, 9.797797492156253)",0.6549395264242656,749.4329833984375,-0.21384170226110866,0.9662229361985958,246.19370000073104
10,6,40,"(162.5, 412.5, 11.634380720059667)",0.8881024430592876,0.0,-0.4507525186040782,0.6435890113638327,567.186699998274
10,6,41,"(137.5, 412.5, 9.458994007438445)",0.021529545386632255,0.0,-0.6590664895454437,0.10944162991072627,691.2410999975691
10,6,42,"(137.5, 412.5, 9.458994007438445)",0.5499982417670777,751.4869384765625,-0.22667895770775157,0.607838759864474,251.6801999991003
10,6,43,"(137.5, 437.5, 10.499382396270086)",0.919695229357781,0.0,-0.47258703528152624,0.7167068510775171,565.3743000002578
10,6,44,"(162.5, 437.5, 13.254586740016286)",0.1152546505133324,0.0,-0.7349195709450063,0.2875191958811153,710.0352999987081
10,6,45,"(162.5, 437.5, 13.254586740016286)",0.7134386562804704,760.5526123046875,-0.25089267556872463,0.5000675662868983,245.5800999996427
10,6,46,"(162.5, 462.5, 14.173358874352427)",0.9029270546953656,0.0,-0.6059681545411637,0.46570704567373067,564.2216999985976
10,6,47,"(187.5, 462.5, 18.15511649450833)",0.05672355492907719,0.0,-0.7443079415117518,0.21183882365839637,716.9434000024921
10,6,48,"(187.5, 462.5, 18.15511649450833)",0.24005364228006285,797.85546875,-0.20831453079367093,0.1424138683966379,247.33049999849754
10,7,0,"(437.5, 412.5, 3.7158125367455015)",0.6451586537845967,736.2543334960938,-0.23874200887304217,2.270099031813755,247.54980000216165
10,7,1,"(412.5, 412.5, 4.71743372998353)",0.36774112139798104,0.0,-0.422830982162275,1.645724366133168,563.4495000012976
10,7,2,"(387.5, 412.5, 5.968521653217249)",0.05539599061011552,0.0,-0.6389186532226049,1.3748276287572507,595.2468999967095
10,7,3,"(387.5, 412.5, 5.968521653217249)",0.43056320903211454,740.5929565429688,-0.21412217121846472,1.418946160599462,246.22359999921173
10,7,4,"(362.5, 412.5, 7.512358105982148)",0.40864664713988347,0.0,-0.41487672630582334,1.1733646460563372,557.7579999990121
10,7,5,"(362.5, 387.5, 6.644563227708976)",0.05177610615888641,0.0,-0.6306896283994581,0.8945486795160476,641.0622000003059
10,7,6,"(362.5, 387.5, 6.644563227708976)",0.5347847004889678,742.285888671875,-0.21768886257280828,1.2990795350125603,244.83189999955357
10,7,7,"(337.5, 387.5, 8.122025837780313)",0.6597583081880868,0.0,-0.42643624678164216,1.150956036354237,560.3178999990632
10,7,8,"(312.5, 387.5, 9.73254467824523)",0.05997571845849605,0.0,-0.6223559453018632,0.7333748585106298,594.0664999980072
10,7,9,"(312.5, 387.5, 9.73254467824523)",0.639965544522225,748.91259765625,-0.21327360966086525,0.9711040335255543,250.89619999926072
10,7,10,"(287.5, 387.5, 11.306348749090457)",1.1531636199744493,0.0,-0.4870047051153138,0.8834266910072339,565.6212000030791
10,7,11,"(287.5, 412.5, 13.851283065501828)",0.1355203588803621,0.0,-0.7811153713913188,0.4219937401899064,611.4990999994916
10,7,12,"(287.5, 412.5, 13.851283065501828)",0.8039631020762138,760.0148315429688,-0.2412764645028941,0.6293101303156671,247.20429999797489
10,7,13,"(287.5, 437.5, 16.365669713099226)",0.8713348678966832,0.0,-0.5031022833537995,0.39870735194568235,532.5391999977
10,7,14,"(262.5, 437.5, 19.691492564685472)",0.012725129723556678,0.0,-0.8139100438902731,0.14198075349318784,749.9175999982981
10,7,15,"(262.5, 437.5, 19.691492564685472)",0.28919574575038215,787.1803588867188,-0.2079677362571278,0.1761715836475894,249.44229999891832
10,7,16,"(237.5, 437.5, 21.459341898515387)",0.06486955283922438,0.0,-0.65940207085498,0.14019948887820083,495.8625999970536
10,8,0,"(437.5, 412.5, 3.7158125367455015)",0.6396712445095161,736.3541259765625,-0.23874200887304217,2.2700990446407774,248.00630000027013
10,8,1,"(437.5, 387.5, 3.41874755045311)",0.42348131993500493,0.0,-0.43386385477416134,1.841515361241036,569.1022999999404
10,8,2,"(437.5, 362.5, 3.0693002026442198)",0.0519258330265836,0.0,-0.6473632765335648,1.6781647407472868,602.4130999976478
10,8,3,"(437.5, 362.5, 3.0693002026442198)",0.36312560025601326,736.5357055664062,-0.20880973521699153,2.010114568777744,245.1370999988285
10,8,4,"(412.5, 362.5, 3.8109821376558286)",0.5089821672536957,0.0,-0.42677805026515814,1.8982824148377948,568.3133999991696
10,8,5,"(387.5, 362.5, 4.6920389042223976)",0.06626726686954387,0.0,-0.6346436754805701,1.6454600385725378,595.640799998364
10,8,6,"(387.5, 362.5, 4.6920389042223976)",0.44402141105741555,739.0409545898438,-0.21188060569865397,1.7573401124103107,247.68179999955464
10,8,7,"(362.5, 362.5, 5.709929773131825)",0.6568495624871792,0.0,-0.4329680827302506,1.5285066637460927,564.9973999970825
10,8,8,"(337.5, 362.5, 6.836404624384365)",0.0578694343566959,0.0,-0.6270488176658195,1.059201848161048,598.1750999999349
10,8,9,"(337.5, 362.5, 6.836404624384365)",0.557356967958611,742.3137817382812,-0.21038838171560537,1.3850031911131404,247.32180000137305
10,8,10,"(337.5, 337.5, 5.641752186721501)",0.5500296727234514,0.0,-0.4508968307671726,1.552787530054793,572.6950999996916
10,8,11,"(362.5, 337.5, 4.801447242030367)",0.048035303751636074,0.0,-0.6570014470206733,1.3043813931930113,736.5561000005982
10,8,12,"(362.5, 337.5, 4.801447242030367)",0.43879203104917314,739.3368530273438,-0.20763094535112375,1.6803984232405786,244.80169999878854
10,8,13,"(362.5, 312.5, 3.972924796908688)",0.40714477236132185,0.0,-0.4204253733591994,1.6628751865283216,604.2495000001509
10,8,14,"(362.5, 287.5, 3.2481324511568093)",0.045445362726862,0.0,-0.6364524349607018,1.4837783296291032,600.5047999969975
10,8,15,"(362.5, 287.5, 3.2481324511568093)",0.3821701566486433,737.895751953125,-0.20982088247340494,1.996733347061587,247.4356999991869
10,8,16,"(362.5, 262.5, 2.6317000424023482)",0.3760379158336095,0.0,-0.42161045187166507,2.141629340036745,595.251200000348
10,8,17,"(362.5, 237.5, 2.1176379791076854)",0.03901328643161629,0.0,-0.6334808754275368,2.0282729271575834,597.6313999999547
10,8,18,"(362.5, 237.5, 2.1176379791076854)",0.2814985281650761,737.3218994140625,-0.20725921242863776,2.3296653603285407,249.03420000191545
10,8,19,"(362.5, 212.5, 1.6949517469263145)",0.2626380060910472,0.0,-0.4163363102087386,2.3379203565790605,567.2672000000603
10,8,20,"(362.5, 187.5, 1.3509857344576865)",0.026447772979728484,0.0,-0.6188604386478814,2.268018674027345,596.1848000006285
10,8,21,"(362.5, 187.5, 1.3509857344576865)",0.16025051785350716,737.03125,-0.20239903100454615,2.3993557801747345,248.19330000173068
10,8,22,"(337.5, 187.5, 1.4819113252306622)",0.21454732321106382,0.0,-0.4064960864990904,2.3668757618213756,569.2581000002974
10,8,23,"(312.5, 187.5, 1.5958170587390115)",0.031168776253847726,0.0,-0.6081999935050553,2.291667049432724,600.6830000005721
10,8,24,"(312.5, 187.5, 1.5958170587390115)",0.18353818489283394,737.1489868164062,-0.20296195919418478,2.3517223180831643,249.95950000084122
10,8,25,"(287.5, 187.5, 1.6846716355053617)",0.23480574131351226,0.0,-0.40710976033510415,2.300235269681736,570.8393999993859
10,8,26,"(262.5, 187.5, 1.7415094379554124)",0.0378936901688532,0.0,-0.6113638553001469,2.2185862156273264,632.9372000000149
10,8,27,"(262.5, 187.5, 1.7415094379554124)",0.22415418083198585,737.1500854492188,-0.20556403708662865,2.308622384810716,247.42919999698643
10,8,28,"(237.5, 187.5, 1.761548008038559)",0.28024340237296463,0.0,-0.41200176717838155,2.275843667429837,564.8411000001943
10,8,29,"(212.5, 187.5, 1.743039893786265)",0.03978586196894634,0.0,-0.6142060858636603,2.1910766587668102,641.0676999985299
10,8,30,"(212.5, 187.5, 1.743039893786265)",0.2119793578186655,737.1404418945312,-0.20397685751470263,2.315312168036576,246.51599999924656
10,8,31,"(212.5, 212.5, 2.2358312589572185)",0.28425428599534674,0.0,-0.4112330630809441,2.3139245549905683,565.2896999999939
10,8,32,"(212.5, 237.5, 2.8673241576271007)",0.04686099290848527,0.0,-0.623821307865557,2.217401589308329,599.4012999981351
10,8,33,"(212.5, 237.5, 2.8673241576271007)",0.3222720824095314,737.312255859375,-0.21144052205015884,2.3731313001761754,248.21000000156346
10,8,34,"(212.5, 262.5, 3.676099404721225)",0.42261597563172193,0.0,-0.4232766927872364,2.278607328179293,565.3191999990668
10,8,35,"(212.5, 287.5, 4.711065216163657)",0.04899875322980354,0.0,-0.6337132937537938,1.9083575949809377,595.4353000015544
10,8,36,"(212.5, 287.5, 4.711065216163657)",0.4360706788990796,738.6405029296875,-0.21180512059029544,2.0568975453110783,246.75679999927524
10,8,37,"(212.5, 312.5, 6.0337808765239185)",0.5123793810428676,0.0,-0.4233985981003434,1.7287467706450965,566.6779000021052
10,8,38,"(212.5, 337.5, 7.7206787211523045)",0.0343142325679607,0.0,-0.6250567964365,1.2207841710200558,609.1362000006484
10,8,39,"(212.5, 337.5, 7.7206787211523045)",0.512178261054819,743.7493286132812,-0.20862562679094873,1.37420787235041,250.06419999772334
10,8,40,"(187.5, 337.5, 7.2238068944948735)",0.6309743459541926,0.0,-0.4202399877774487,1.3372750846799917,567.6702999990084
10,8,41,"(162.5, 337.5, 6.503826249283008)",0.06298613051574645,0.0,-0.6285116039400479,1.1438423525864558,605.8043999983056
10,8,42,"(162.5, 337.5, 6.503826249283008)",0.6003797702740304,740.5702514648438,-0.2131271721471331,1.5904261956822494,245.60279999786871
10,8,43,"(162.5, 362.5, 8.044975170611863)",0.7168871001723782,0.0,-0.42582316150125554,1.3237493454454399,564.0969999985828
10,8,44,"(162.5, 387.5, 9.797797492156253)",0.06343572338423273,0.0,-0.6289926136376985,0.7859537162625589,596.4860999993107
10,8,45,"(162.5, 387.5, 9.797797492156253)",0.6496328387603882,749.5326538085938,-0.213527972217417,0.9623437097313888,248.18669999876874
10,8,46,"(162.5, 412.5, 11.634380720059667)",0.8455687416908235,0.0,-0.4505635946891997,0.6420286992723284,573.5454999994545
10,8,47,"(137.5, 412.5, 9.458994007438445)",0.01804585258165771,0.0,-0.6590589582106373,0.10930799426159901,695.8190999976068
10,8,48,"(137.5, 412.5, 9.458994007438445)",0.5540593588941436,751.4346923828125,-0.22667871981939347,0.6077790257605022,251.6933999977482
10,8,49,"(137.5, 437.5, 10.499382396270086)",0.9473137937903535,0.0,-0.4725905227236521,0.7166830794053364,568.7930999993114
10,8,50,"(162.5, 437.5, 13.254586740016286)",0.11538593967755657,0.0,-0.734919578921345,0.2875189065132427,716.5864000016882
10,8,51,"(162.5, 437.5, 13.254586740016286)",0.713146559221793,760.1914672851562,-0.2508926833645747,0.5000674321203271,248.19019999995362
10,8,52,"(162.5, 462.5, 14.173358874352427)",0.913063586438734,0.0,-0.60596815796313,0.46570684098789916,567.165100001148
10,8,53,"(187.5, 462.5, 18.15511649450833)",0.04197633266448255,0.0,-0.7443079466503322,0.211838847711365,720.8640999997442
10,8,54,"(187.5, 462.5, 18.15511649450833)",0.23581849195304871,797.81005859375,-0.20831453079367096,0.14241385200125173,249.6428999984346
10,9,0,"(437.5, 412.5, 3.7158125367455015)",0.6410005471899765,736.1910400390625,-0.23874200887304214,2.2700990501159724,248.31930000073044
10,9,1,"(412.5, 412.5, 4.71743372998353)",0.38000900927849124,0.0,-0.422830982162275,1.6457243661331675,565.1542999985395
10,9,2,"(387.5, 412.5, 5.968521653217249)",0.061294227838484774,0.0,-0.6389186532226049,1.3748276287572512,596.7306999991706
10,9,3,"(387.5, 412.5, 5.968521653217249)",0.4349598681339483,740.4859008789062,-0.21412217121846472,1.4189461553756464,247.25780000153463
10,9,4,"(362.5, 412.5, 7.512358105982148)",0.4160966664117965,0.0,-0.4148767263058234,1.1733646460563374,568.4276000029058
10,9,5,"(337.5, 412.5, 9.377700043801939)",0.04236640036108331,0.0,-0.6154511908701787,0.8301635826837895,623.7263000002713
10,9,6,"(337.5, 412.5, 9.377700043801939)",0.45610127515096416,751.2921142578125,-0.20410216100480352,0.9224141974309471,248.69269999908283
10,9,7,"(337.5, 387.5, 8.122025837780313)",0.8774298230916113,0.0,-0.4654252820558279,1.0405408740951554,568.6720999983663
10,9,8,"(312.5, 387.5, 9.73254467824523)",0.10260765751201971,0.0,-0.7078584355602464,0.9691330157303792,768.0663999999524
10,9,9,"(312.5, 387.5, 9.73254467824523)",0.7582003668162891,745.4739379882812,-0.21895636785184192,1.178462308591418,255.6248000000778
10,9,10,"(287.5, 387.5, 11.306348749090457)",1.16254718364549,0.0,-0.4874183713807774,0.8959679484429968,569.2926999981864
10,9,11,"(287.5, 412.5, 13.851283065501828)",0.135285119215648,0.0,-0.7813537954328326,0.41442583344483863,609.8270999973465
10,9,12,"(287.5, 412.5, 13.851283065501828)",0.8074819876844059,759.5352783203125,-0.241438871258112,0.6297303858981825,251.45160000101896
10,9,13,"(287.5, 437.5, 16.365669713099226)",0.8503921057609888,0.0,-0.5031152323415634,0.3990349586305666,533.9179000002332
10,9,14,"(287.5, 462.5, 17.977012825427398)",0.16783185799914435,0.0,-0.9685634706432528,0.2044299730842766,672.5976999987324
10,9,15,"(287.5, 462.5, 17.977012825427398)",1.0227717993743843,764.7003173828125,-0.4567645672836115,0.5107584173141465,325.1172999989649
10,9,16,"(312.5, 462.5, 14.033224262378283)",0.013897969703849617,0.0,-0.7799984408378036,0.018152549037762596,570.3476999988197
10,9,17,"(312.5, 487.5, 13.851283065501828)",-2.595673542719051e-07,0.0,-1.0891838647681742,0.005386660637081278,637.1117999988201
10,9,18,"(312.5, 487.5, 13.851283065501828)",0.4571687742078564,576.4215698242188,-0.3047121151824988,0.3291834094471452,352.6259000027494
10,9,19,"(312.5, 462.5, 14.033224262378283)",0.8612744437939157,0.0,-0.549850498246877,0.47772173922748906,554.412699999375
10,9,20,"(337.5, 462.5, 10.942007264844266)",0.004428980872027715,0.0,-0.9318919535468962,0.007095764239513762,617.297900000267
10,9,21,"(337.5, 462.5, 10.942007264844266)",0.3360752430242586,757.9102783203125,-0.2817157798230626,0.36252166847912787,248.1603999985964
10,9,22,"(337.5, 437.5, 10.400297021568935)",0.8622807716478301,0.0,-0.5465053645087924,0.7784949167231948,566.5221000017482
10,9,23,"(362.5, 437.5, 8.184609533832969)",0.020109749088713408,0.0,-0.7777162381688524,0.5137363119931714,742.0179000000644
10,9,24,"(362.5, 437.5, 8.184609533832969)",0.4101184418917515,747.79736328125,-0.2267216760829988,0.8084712343638496,246.56689999756054
10,9,25,"(362.5, 412.5, 7.512358105982148)",0.547990230976321,0.0,-0.4361124401458374,0.9014886558268751,599.0914000030898
10,9,26,"(387.5, 412.5, 5.968521653217249)",0.03775603572526639,0.0,-0.638841719720726,0.6978240649748719,605.3888999995252
10,9,27,"(387.5, 412.5, 5.968521653217249)",0.36585437863982484,743.0438842773438,-0.2038676152755934,1.1146234296589375,248.57360000169137
10,9,28,"(387.5, 387.5, 5.365977503075057)",0.348192319895288,0.0,-0.4115237681039995,1.114971797261578,603.6591000010958
10,9,29,"(387.5, 362.5, 4.6920389042223976)",0.059259906411172306,0.0,-0.6396557631085382,0.9541857757245004,604.4529999999213
10,9,30,"(387.5, 362.5, 4.6920389042223976)",0.4605341468474878,739.8690795898438,-0.2193267756616945,1.435100200048301,246.89199999920675
10,9,31,"(387.5, 337.5, 4.012520353342856)",0.5872547701412525,0.0,-0.444409883984168,1.6185699590544693,571.081400001276
10,9,32,"(387.5, 312.5, 3.371997408476144)",0.05196827153365573,0.0,-0.6612949920689555,1.4122118701054205,753.4334999982093
10,9,33,"(387.5, 312.5, 3.371997408476144)",0.36635137957877584,738.3032836914062,-0.20750772986876,1.8883182086756078,252.7937999984715
10,9,34,"(387.5, 287.5, 2.795360823982221)",0.4050021220306942,0.0,-0.4239807800055577,2.018330197338121,604.1397000008146
10,9,35,"(387.5, 262.5, 2.2927863351327353)",0.049120838443438355,0.0,-0.6444618756885274,1.9573518465418382,723.870400001033
10,9,36,"(387.5, 262.5, 2.2927863351327353)",0.3092415660734348,737.2427368164062,-0.20891785117563919,2.3074120665233027,250.79809999806457
10,9,37,"(387.5, 237.5, 1.86489266876442)",0.3525830836231907,0.0,-0.4221535530873207,2.3288314520068156,569.316400000389
10,9,38,"(387.5, 212.5, 1.5068207512166414)",0.03324120740095699,0.0,-0.6277593401444188,2.2217178336302976,639.3363999995927
10,9,39,"(387.5, 212.5, 1.5068207512166414)",0.2090081549595272,736.95458984375,-0.20560804726587167,2.418179227608538,249.11470000006375
10,9,40,"(362.5, 212.5, 1.6949517469263145)",0.27734228405055333,0.0,-0.41395485687598393,2.394579497054378,568.8439999976254
10,9,41,"(362.5, 237.5, 2.1176379791076854)",0.04368946949641576,0.0,-0.6230706727621035,2.297999704266926,606.684000002133
10,9,42,"(362.5, 237.5, 2.1176379791076854)",0.2759281259590369,737.271240234375,-0.21003511432379082,2.392491431114232,247.9226999967068
10,9,43,"(362.5, 262.5, 2.6317000424023482)",0.3898088864979767,0.0,-0.4236884222755195,2.316824841708367,565.1410999998916
10,9,44,"(362.5, 287.5, 3.2481324511568093)",0.06910467147827566,0.0,-0.6423303172353572,2.0794756062972897,601.3163000025088
10,9,45,"(362.5, 287.5, 3.2481324511568093)",0.4184676006777165,737.7390747070312,-0.21879429496793934,2.21779718409537,255.1887000008719
10,9,46,"(362.5, 312.5, 3.972924796908688)",0.5935445764292997,0.0,-0.4360355243088872,1.9932162335505277,575.0162999975146
10,9,47,"(362.5, 337.5, 4.801447242030367)",0.07670672734572867,0.0,-0.6399126353034603,1.5080917256259796,603.8851999983308
10,9,48,"(362.5, 337.5, 4.801447242030367)",0.47573769095013846,738.9019775390625,-0.21281958500610157,1.6800049399489743,247.00129999837372
10,9,49,"(362.5, 362.5, 5.709929773131825)",0.7302676044414853,0.0,-0.4414350442441328,1.4206581705496657,577.83720000225
10,9,50,"(362.5, 387.5, 6.644563227708976)",0.07558847963809544,0.0,-0.6453754484255956,0.8714079314783395,611.5239999999176
10,9,51,"(362.5, 387.5, 6.644563227708976)",0.6298631784302255,740.964111328125,-0.21659869874347207,1.205828671208986,251.6890999977477
10,9,52,"(337.5, 387.5, 8.122025837780313)",0.7346258323240907,0.0,-0.43264295170954853,1.1066953954790009,572.0234000000346
10,9,53,"(312.5, 387.5, 9.73254467824523)",0.06387656430403489,0.0,-0.623474085059627,0.7361536069594276,610.838500000682
10,9,54,"(312.5, 387.5, 9.73254467824523)",0.6463513395925728,749.0364379882812,-0.21364586035652305,0.9708628647418264,251.0699000013119
10,9,55,"(287.5, 387.5, 11.306348749090457)",1.1586456928235795,0.0,-0.4869133263555176,0.8815555649250166,574.747099999513
10,9,56,"(287.5, 412.5, 13.851283065501828)",0.13798044125239087,0.0,-0.7811978587699048,0.421943685463455,620.127299996966
10,9,57,"(287.5, 412.5, 13.851283065501828)",0.8066763821851184,760.4494018554688,-0.24130035974217698,0.6294318666268546,247.66140000065207
10,9,58,"(287.5, 437.5, 16.365669713099226)",0.8459054112175716,0.0,-0.5031043259233301,0.3987371255866436,540.4774999988149
10,9,59,"(287.5, 462.5, 17.977012825427398)",0.15001372496288634,0.0,-0.9685594150968699,0.20438298308585248,682.1572000008018
10,9,60,"(287.5, 462.5, 17.977012825427398)",1.0284156938756912,763.2387084960938,-0.4567653970811651,0.5107510162820526,324.83769999817014
10,9,61,"(312.5, 462.5, 14.033224262378283)",0.01655755387923023,0.0,-0.7799984417179564,0.018152533250573286,582.1269000007305
10,9,62,"(312.5, 487.5, 13.851283065501828)",0.0014072048167510646,0.0,-1.089183863832573,0.0053866972489772895,645.5748000007588
10,9,63,"(312.5, 487.5, 13.851283065501828)",0.4523968121178734,577.2207641601562,-0.30471210304352864,0.32918364704200975,358.52520000116783
10,9,64,"(312.5, 462.5, 14.033224262378283)",0.8476214458712763,0.0,-0.5498504962198234,0.4777217521391163,561.9034000010288
10,9,65,"(337.5, 462.5, 10.942007264844266)",0.002295691054318063,0.0,-0.9318919535468962,0.007095764239513761,625.0063000006776
10,9,66,"(337.5, 462.5, 10.942007264844266)",0.3392698245649573,757.3814697265625,-0.2817157798230626,0.3625217030308453,253.7324000004446
10,9,67,"(337.5, 437.5, 10.400297021568935)",0.8448030718008479,0.0,-0.5465053645087924,0.7784949169127546,576.3712000007217
10,9,68,"(362.5, 437.5, 8.184609533832969)",0.021663442254057183,0.0,-0.7777162381688525,0.5137363119931715,761.8132000025071
10,9,69,"(362.5, 437.5, 8.184609533832969)",0.4148004496904351,747.6978759765625,-0.2267216760829988,0.8084712698324762,249.27580000075977
10,0,0,"(37.5, 437.5, 3.968016468858607)",0.6564150175345453,733.4397583007812,-0.23676311553580076,2.1382784344458687,250.66879999940284
10,0,1,"(37.5, 412.5, 3.751648026446586)",0.4784652574525282,0.0,-0.44047831287836614,1.7370136084207617,568.3246999979019
10,0,2,"(62.5, 412.5, 4.762387255147607)",0.05683296422165019,0.0,-0.6456872561529791,1.5285038399711552,600.6307999996352
10,0,3,"(62.5, 412.5, 4.762387255147607)",0.41356848297326,737.7543334960938,-0.2087630305217269,1.6074550656513866,250.30079999851296
10,0,4,"(87.5, 412.5, 6.024387455566984)",0.6083159947143073,0.0,-0.4238791921154534,1.3078070257231393,574.8192000028212
10,0,5,"(112.5, 412.5, 7.580708003809701)",0.06785125533738763,0.0,-0.6234778255705148,0.8649652820609564,606.9497000025876
10,0,6,"(112.5, 412.5, 7.580708003809701)",0.544712206939625,742.8495483398438,-0.2133496513648693,1.147527269572191,255.11400000323192
10,0,7,"(137.5, 412.5, 9.458994007438445)",0.7907971604902339,0.0,-0.44000503352310133,0.7406959602583153,570.624100000714
10,0,8,"(137.5, 437.5, 10.499382396270086)",0.05110159516331636,0.0,-0.6989914498228469,0.21303007183231745,795.3564999988885
10,0,9,"(137.5, 437.5, 10.499382396270086)",0.7388338480583158,748.591552734375,-0.24186603131072298,0.8047339261196725,249.75410000115517
10,0,10,"(162.5, 437.5, 13.254586740016286)",0.7224471526575652,0.0,-0.45751244542636393,0.40495856684757575,495.51140000039595
10,0,11,"(162.5, 462.5, 14.173358874352427)",0.027990534901608,0.0,-0.8551790740763384,0.19059236519515735,809.3889000010677
10,0,12,"(162.5, 462.5, 14.173358874352427)",0.6528566468068708,764.3702392578125,-0.2578624852570866,0.5703285192378033,252.05099999948288
10,0,13,"(187.5, 462.5, 18.15511649450833)",0.1748157539633784,0.0,-0.40840859858355233,0.07622066306395629,456.9076999978279
10,1,0,"(37.5, 437.5, 3.968016468858607)",0.6572724202288961,733.2476806640625,-0.2367631155358008,2.1382784149194305,249.70329999996466
10,1,1,"(62.5, 437.5, 5.075028620853257)",0.6013943782594918,0.0,-0.44199072676900253,1.5848436005657502,577.5315999999293
10,1,2,"(87.5, 437.5, 6.482612700641647)",0.0788608342409101,0.0,-0.6542505939949154,1.2913812997268876,607.2770000027958
10,1,3,"(87.5, 437.5, 6.482612700641647)",0.5319583822429201,740.8333740234375,-0.21814694558883266,1.341521332804765,249.08610000056797
10,1,4,"(112.5, 437.5, 8.264048786739911)",0.42277213893355053,0.0,-0.4150223566626847,0.883569459112029,581.7680999971344
10,1,5,"(137.5, 437.5, 10.499382396270086)",0.06368055939675021,0.0,-0.6266120005244722,0.5967016783775944,610.9501999999338
10,1,6,"(137.5, 437.5, 10.499382396270086)",0.6035411012627493,751.2721557617188,-0.21190781248371487,0.7397220440745865,249.94259999948554
10,1,7,"(162.5, 437.5, 13.254586740016286)",0.6467848383701794,0.0,-0.446951347960049,0.3425054633649458,492.1846000033838
10,1,8,"(162.5, 462.5, 14.173358874352427)",0.03296029071012614,0.0,-0.8522662778903479,0.20484145003172888,813.8751000005868
10,1,9,"(162.5, 462.5, 14.173358874352427)",0.6456028671290215,764.4345703125,-0.2555576117126658,0.5670145827090144,258.59199999831617
10,1,10,"(187.5, 462.5, 18.15511649450833)",0.1723716262656653,0.0,-0.4083560556680369,0.07574061509602911,457.0536999999604
10,2,0,"(37.5, 437.5, 3.968016468858607)",0.6602651773678581,733.4959106445312,-0.23676311553580082,2.138278399893449,254.10980000015115
10,2,1,"(37.5, 412.5, 3.751648026446586)",0.4728216035899422,0.0,-0.4404783128783661,1.7370136084207615,583.3973000007973
10,2,2,"(37.5, 387.5, 3.4504418791542615)",0.06487815082075242,0.0,-0.6675087977522451,1.636230368920714,790.720600001805
10,2,3,"(37.5, 387.5, 3.4504418791542615)",0.4011289089229709,734.629638671875,-0.2127167280188014,1.880566645233158,255.9737999981735
10,2,4,"(62.5, 387.5, 4.334940067576602)",0.5127198343965644,0.0,-0.42979410946343655,1.7045123677343799,581.8447999990894
10,2,5,"(87.5, 387.5, 5.413067831237064)",0.06730492413044611,0.0,-0.6379158545985671,1.3800078764104626,599.1739999990386
10,2,6,"(87.5, 387.5, 5.413067831237064)",0.47103679310794,739.2001953125,-0.21387974649868186,1.5494766135422124,253.5654000021168
10,2,7,"(87.5, 362.5, 4.730210615988501)",0.49177992096050327,0.0,-0.43795575327369196,1.437081951598423,578.4211999998661
10,2,8,"(87.5, 337.5, 4.042605949689198)",0.03365824619925339,0.0,-0.6415458305542567,1.106089428637618,624.8274999998102
10,2,9,"(87.5, 337.5, 4.042605949689198)",0.3400021234655949,739.2448120117188,-0.20462993222507167,1.5614026546318682,249.2457000007562
10,2,10,"(87.5, 312.5, 3.3952550877786836)",0.4278350676739152,0.0,-0.4238141623117315,1.7231222163224873,605.350300000282
10,2,11,"(87.5, 287.5, 2.8131085484191836)",0.05010960499444032,0.0,-0.6346887517774498,1.565715837856407,655.8752000019012
10,2,12,"(87.5, 287.5, 2.8131085484191836)",0.3371023668829216,737.3268432617188,-0.2062189055446928,2.0738152071401363,250.67609999678098
10,2,13,"(87.5, 262.5, 2.3062152958190487)",0.3417239974941344,0.0,-0.41897574282617545,2.169163045005065,598.4160999978485
10,2,14,"(87.5, 237.5, 1.8749993990357805)",0.05021003882088324,0.0,-0.6348648951443678,2.0832440967076553,644.450699997833
10,2,15,"(87.5, 237.5, 1.8749993990357805)",0.2837895144361678,736.7423095703125,-0.2092389142831914,2.3833724497179114,251.92629999946803
10,2,16,"(87.5, 212.5, 1.5144023862066305)",0.2642412869813893,0.0,-0.4199221906283238,2.40521125477644,573.6223999992944
10,2,17,"(112.5, 212.5, 1.7023465120987893)",0.03768926362196249,0.0,-0.6254322698079413,2.3148328409063104,605.0076999999874
10,2,18,"(112.5, 212.5, 1.7023465120987893)",0.23112069252652065,736.9775390625,-0.2066048174450469,2.4388887538793598,251.45189999966533
10,2,19,"(137.5, 212.5, 1.8800807210840746)",0.292938911144738,0.0,-0.4156702723906732,2.3877493986044587,577.1015999998781
10,2,20,"(162.5, 212.5, 2.0359929489759456)",0.03878219425676557,0.0,-0.6185690651165271,2.2773314211917106,604.8965000009048
10,2,21,"(162.5, 212.5, 2.0359929489759456)",0.24729297336862305,737.2467041015625,-0.2056020708453054,2.382924837260596,251.08110000292072
10,2,22,"(187.5, 212.5, 2.1581048160551872)",0.2994965274925738,0.0,-0.41365198309237705,2.3411279240813854,582.7612000030058
10,2,23,"(212.5, 212.5, 2.2358312589572185)",0.040556907653831784,0.0,-0.619360380496359,2.2587298583766104,628.9759000028425
10,2,24,"(212.5, 212.5, 2.2358312589572185)",0.26381791428717377,737.2254638671875,-0.20569891765883153,2.3733726449733443,252.88060000093537
10,2,25,"(237.5, 212.5, 2.261871450534782)",0.29887625644046245,0.0,-0.4119495955236713,2.338506597686795,578.6111000015808
10,2,26,"(262.5, 212.5, 2.2336800277132602)",0.051017045974699644,0.0,-0.6199420115887305,2.262235913601878,671.062699999311
10,2,27,"(262.5, 212.5, 2.2336800277132602)",0.2810532018092737,737.1085815429688,-0.20679697620474466,2.3864618307379466,249.92739999652258
10,2,28,"(287.5, 212.5, 2.154010388857775)",0.3013350746624761,0.0,-0.411858029801365,2.3385730513189533,579.5101000003342
10,2,29,"(312.5, 212.5, 2.0303276744152)",0.036195039749146035,0.0,-0.6149577272400738,2.2391122315922978,652.1697000025597
10,2,30,"(312.5, 212.5, 2.0303276744152)",0.2413452610685346,737.1748657226562,-0.20546123238938693,2.357196157318059,255.05310000153258
10,2,31,"(312.5, 237.5, 2.5784026504198194)",0.33159693978263993,0.0,-0.41675271794502045,2.336504120680292,575.7051000000502
10,2,32,"(312.5, 262.5, 3.266470567666104)",0.054686307907089185,0.0,-0.6274560282098883,2.141779622402542,611.8683000022429
10,2,33,"(312.5, 262.5, 3.266470567666104)",0.3525762266762267,737.5989990234375,-0.2115695693081915,2.2912065154689776,251.75190000300063
10,2,34,"(312.5, 287.5, 4.124508633098295)",0.4997015191799291,0.0,-0.42220521092504126,2.0978989086866684,573.4380000030797
10,2,35,"(312.5, 312.5, 5.183930710700896)",0.05398741861187227,0.0,-0.6275066565678051,1.7082671900743611,610.1076999984798
10,2,36,"(312.5, 312.5, 5.183930710700896)",0.49614369528944385,739.3762817382812,-0.21073424760698195,1.8908748961197461,252.26980000297772
10,2,37,"(312.5, 337.5, 6.4720487778634865)",0.6566376704877442,0.0,-0.4272811635223033,1.6367617135580934,575.1523999970232
10,2,38,"(312.5, 362.5, 7.999359988870806)",0.07213354110718703,0.0,-0.6395701219417824,1.2197023981677009,610.1194000002579
10,2,39,"(312.5, 362.5, 7.999359988870806)",0.66861882638572,744.0827026367188,-0.2116624391421123,1.3317125637779474,253.53619999805233
10,2,40,"(337.5, 362.5, 6.836404624384365)",0.7148162537911428,0.0,-0.45964119781746965,1.4542178069777605,585.5702999979258
10,2,41,"(362.5, 362.5, 5.709929773131825)",0.06743860244751369,0.0,-0.6587056701075387,1.191821200650886,606.6988999991736
10,2,42,"(362.5, 362.5, 5.709929773131825)",0.5223573785004554,741.2811279296875,-0.2106508756824046,1.3908547004391523,249.71279999954277
10,2,43,"(362.5, 337.5, 4.801447242030367)",0.5331657997826509,0.0,-0.4487696951421083,1.549935350868522,612.0444999978645
10,2,44,"(362.5, 312.5, 3.972924796908688)",0.0369399388631224,0.0,-0.6473286633401355,1.2208091502349938,607.8990999994858
10,2,45,"(362.5, 312.5, 3.972924796908688)",0.3740793550513762,738.328857421875,-0.20496365120125254,1.7046727253612315,257.56360000013956
10,2,46,"(362.5, 287.5, 3.2481324511568093)",0.42354082205631494,0.0,-0.42389527795030896,1.8863830757646367,611.6794000008667
10,2,47,"(362.5, 262.5, 2.6317000424023482)",0.044952948888130166,0.0,-0.6383854001717615,1.7753279481694986,625.7421000009344
10,2,48,"(362.5, 262.5, 2.6317000424023482)",0.3169620273023116,737.4088134765625,-0.20523956141910876,2.21440415477388,250.31089999902179
10,2,49,"(362.5, 237.5, 2.1176379791076854)",0.3228314225170122,0.0,-0.4180533054093601,2.2758846539441615,599.7010999999475
10,2,50,"(362.5, 212.5, 1.6949517469263145)",0.036668621003621206,0.0,-0.6263541890165168,2.179045663166234,656.5963000030024
10,2,51,"(362.5, 212.5, 1.6949517469263145)",0.22141199733746805,737.1700439453125,-0.20516000385759334,2.375953063509699,247.9867000001832
10,2,52,"(337.5, 212.5, 1.8733097780882446)",0.2710786491619195,0.0,-0.41162780205129584,2.3516398794658535,577.284499999223
10,2,53,"(337.5, 237.5, 2.3610390308062064)",0.04020354896784949,0.0,-0.6186304802780692,2.244508461955535,612.6862999990408
10,2,54,"(337.5, 237.5, 2.3610390308062064)",0.27654116801403444,737.2646484375,-0.2078532319779388,2.36507496767578,249.26209999830462
10,2,55,"(337.5, 262.5, 2.964249814698708)",0.40397162660915054,0.0,-0.42289643617122247,2.3035042233751253,573.3395000024757
10,2,56,"(337.5, 287.5, 3.7025046815464644)",0.06486487388612375,0.0,-0.6370146722667621,2.0321743979328604,612.0665000016743
10,2,57,"(337.5, 287.5, 3.7025046815464644)",0.42770998523717496,738.135498046875,-0.21244852627750796,2.14191029792599,254.6985000008135
10,2,58,"(337.5, 312.5, 4.592532186196013)",0.6421040629396491,0.0,-0.43157522069258386,1.9001735958021462,574.7443000000203
10,2,59,"(337.5, 337.5, 5.641752186721501)",0.06731096406777248,0.0,-0.6343740147539809,1.4323974453117545,607.2975999995833
10,2,60,"(337.5, 337.5, 5.641752186721501)",0.55263773724637,739.8525390625,-0.2085913015796815,1.645947160406771,251.1911000001419
10,2,61,"(337.5, 362.5, 6.836404624384365)",0.6715962226825813,0.0,-0.42400195747025293,1.3924545595074906,572.3476000021037
10,2,62,"(362.5, 362.5, 5.709929773131825)",0.10434532165525168,0.0,-0.687825614861312,1.2928608835937978,692.5964000001841
10,2,63,"(362.5, 362.5, 5.709929773131825)",0.6341098299326904,738.9219970703125,-0.2270530501861442,1.6555910596064167,247.6812000022619
10,2,64,"(362.5, 337.5, 4.801447242030367)",0.5250243939629526,0.0,-0.4477610518324181,1.5748739312088171,599.2678000002343
10,2,65,"(362.5, 312.5, 3.972924796908688)",0.03478837013245903,0.0,-0.6452559979923258,1.210255693682507,611.6503999983252
10,2,66,"(362.5, 312.5, 3.972924796908688)",0.3762058687247239,738.3543090820312,-0.20490091607997912,1.7052841625743245,252.4995999992825
10,2,67,"(362.5, 287.5, 3.2481324511568093)",0.4473031453675981,0.0,-0.42386189867652124,1.886107282037223,610.2729000012914
10,2,68,"(362.5, 262.5, 2.6317000424023482)",0.04282244046530299,0.0,-0.638369145802322,1.7751714745796394,618.4375000011642
10,2,69,"(362.5, 262.5, 2.6317000424023482)",0.31438631079619195,737.4690551757812,-0.20523794357400418,2.2143664649963584,249.39749999975902
10,3,0,"(37.5, 437.5, 3.968016468858607)",0.658499699621852,733.4479370117188,-0.23676311553580076,2.138278445001013,248.99269999878015
10,3,1,"(62.5, 437.5, 5.075028620853257)",0.6080177677818077,0.0,-0.4419907267690027,1.584843600830619,574.913700002071
10,3,2,"(87.5, 437.5, 6.482612700641647)",0.07423456013205455,0.0,-0.6542505939949153,1.2913812997268874,610.339800001384
10,3,3,"(87.5, 437.5, 6.482612700641647)",0.5320718239934414,740.59814453125,-0.21814694558883266,1.3415213561806179,249.79110000276705
10,3,4,"(112.5, 437.5, 8.264048786739911)",0.46268499167060995,0.0,-0.41502235666268483,0.8835694591261952,563.4700000009616
10,3,5,"(137.5, 437.5, 10.499382396270086)",0.06662979722024082,0.0,-0.6266120005244724,0.5967016783775944,602.3084999978892
10,3,6,"(137.5, 437.5, 10.499382396270086)",0.5950826889855769,751.3901977539062,-0.2119078124837149,0.7397221044654096,249.44479999976465
10,3,7,"(162.5, 437.5, 13.254586740016286)",0.639827669095711,0.0,-0.4469513479600491,0.3425054632330231,485.0183000016841
10,3,8,"(162.5, 462.5, 14.173358874352427)",0.028441304961864852,0.0,-0.8522662778903477,0.20484145003172885,799.5210000008228
10,3,9,"(162.5, 462.5, 14.173358874352427)",0.6403641884845515,765.472900390625,-0.2555576117126658,0.5670146524324242,249.81040000056964
10,3,10,"(187.5, 462.5, 18.15511649450833)",0.17785548435301196,0.0,-0.40835605566803695,0.07574061529007838,454.09790000121575
10,4,0,"(37.5, 437.5, 3.968016468858607)",0.6525271600814221,733.4286499023438,-0.23676311553580073,2.138278422383707,255.67799999771523
10,4,1,"(37.5, 412.5, 3.751648026446586)",0.4860315005312056,0.0,-0.44047831287836603,1.7370136084207615,568.8416000011784
10,4,2,"(37.5, 387.5, 3.4504418791542615)",0.0655051916837683,0.0,-0.667508797752245,1.6362303689207134,786.7080999967584
10,4,3,"(37.5, 387.5, 3.4504418791542615)",0.4026510163046718,734.6773071289062,-0.21271672801880145,1.8805666181470533,249.28749999889988
10,4,4,"(62.5, 387.5, 4.334940067576602)",0.5143254635309263,0.0,-0.42979410946343655,1.70451236773438,571.3737000005494
10,4,5,"(87.5, 387.5, 5.413067831237064)",0.06919375558695279,0.0,-0.6379158545985671,1.3800078764104624,599.8684999976831
10,4,6,"(87.5, 387.5, 5.413067831237064)",0.46849715369890094,739.2559814453125,-0.21387974649868194,1.5494766303901497,250.03500000093482
10,4,7,"(87.5, 362.5, 4.730210615988501)",0.48484955043443045,0.0,-0.43795575327369196,1.4370819515984232,576.4094000005571
10,4,8,"(87.5, 337.5, 4.042605949689198)",0.03050428628920716,0.0,-0.6415458305542567,1.106089428637618,622.0355000004929
10,4,9,"(87.5, 337.5, 4.042605949689198)",0.33523596842580655,739.282958984375,-0.2046299322250717,1.5614026516312194,248.5817999986466
10,4,10,"(87.5, 312.5, 3.3952550877786836)",0.43050209528821193,0.0,-0.4238141623117315,1.7231222163224877,603.9971000027435
10,4,11,"(87.5, 287.5, 2.8131085484191836)",0.04921704530713396,0.0,-0.6346887517774498,1.5657158378564067,640.6243000019458
10,4,12,"(87.5, 287.5, 2.8131085484191836)",0.33093353194761516,737.3220825195312,-0.2062189055446928,2.0738151953488746,250.38950000089244
10,4,13,"(87.5, 262.5, 2.3062152958190487)",0.35540623620522827,0.0,-0.41897574282617533,2.1691630450050643,597.4447000007785
10,4,14,"(87.5, 237.5, 1.8749993990357805)",0.049696564674364015,0.0,-0.6348648951443677,2.083244096707655,643.562599998404
10,4,15,"(87.5, 237.5, 1.8749993990357805)",0.28322861748691747,736.7537841796875,-0.2092389142831913,2.3833724385776422,250.07520000144723
10,4,16,"(87.5, 212.5, 1.5144023862066305)",0.262181143093911,0.0,-0.4199221906283238,2.405211254776441,571.0982000018703
10,4,17,"(112.5, 212.5, 1.7023465120987893)",0.03837884962557643,0.0,-0.6254322698079414,2.314832840906311,607.1386999974493
10,4,18,"(112.5, 212.5, 1.7023465120987893)",0.22993026100237057,736.950927734375,-0.20660481744504694,2.4388887828242356,265.87649999783025
10,4,19,"(137.5, 212.5, 1.8800807210840746)",0.2969396928907671,0.0,-0.4156702723906733,2.3877493986044587,598.7563000016962
10,4,20,"(162.5, 212.5, 2.0359929489759456)",0.036916648348190244,0.0,-0.618569065116527,2.2773314211917106,603.5598999987997
10,4,21,"(162.5, 212.5, 2.0359929489759456)",0.25080666993543904,737.3112182617188,-0.20560207084530543,2.3829248143415396,248.18859999868437
10,4,22,"(187.5, 212.5, 2.1581048160551872)",0.3047752180565231,0.0,-0.41365198309237705,2.3411279240813854,570.7108999995398
10,4,23,"(212.5, 212.5, 2.2358312589572185)",0.04524572690325412,0.0,-0.619360380496359,2.2587298583766104,635.722099999839
10,4,24,"(212.5, 212.5, 2.2358312589572185)",0.268354576297899,737.2472534179688,-0.20569891765883144,2.3733726404036397,248.89430000257562
10,4,25,"(237.5, 212.5, 2.261871450534782)",0.30153207155154427,0.0,-0.4119495955236713,2.3385065976867945,573.2916000015393
10,4,26,"(262.5, 212.5, 2.2336800277132602)",0.04992262522375526,0.0,-0.6199420115887305,2.262235913601878,662.9238999994413
10,4,27,"(262.5, 212.5, 2.2336800277132602)",0.2866996881463127,737.1620483398438,-0.20679697620474463,2.386461838440255,249.77039999794215
10,4,28,"(287.5, 212.5, 2.154010388857775)",0.30549553751299857,0.0,-0.41185802980136493,2.338573051318953,566.4517999975942
10,4,29,"(312.5, 212.5, 2.0303276744152)",0.03389175732933646,0.0,-0.6149577272400736,2.2391122315922973,643.1929999998829
10,4,30,"(312.5, 212.5, 2.0303276744152)",0.2419363820931988,737.1435546875,-0.20546123238938693,2.357196168422981,247.23399999857065
10,4,31,"(312.5, 237.5, 2.5784026504198194)",0.3255225781658939,0.0,-0.4167527179450204,2.336504120680292,571.3386999996146
10,4,32,"(312.5, 262.5, 3.266470567666104)",0.05814282099404017,0.0,-0.6274560282098882,2.1417796224025416,603.2675999995263
10,4,33,"(312.5, 262.5, 3.266470567666104)",0.3572642127408145,737.6298828125,-0.2115695693081915,2.291206494443258,251.15399999776855
10,4,34,"(312.5, 287.5, 4.124508633098295)",0.5111029041183648,0.0,-0.42220521092504126,2.0978989086866684,567.4938000011025
10,4,35,"(312.5, 312.5, 5.183930710700896)",0.05545575916769555,0.0,-0.627506656567805,1.708267190074361,598.4657000008156
10,4,36,"(312.5, 312.5, 5.183930710700896)",0.4983342166592628,739.4447021484375,-0.21073424760698192,1.890874940298372,247.99269999857643
10,4,37,"(312.5, 337.5, 6.4720487778634865)",0.6513681821666736,0.0,-0.4272811635223032,1.6367617135580936,572.4473000009311
10,4,38,"(312.5, 362.5, 7.999359988870806)",0.07171948750815335,0.0,-0.6395701219417824,1.2197023981677009,615.5398000009882
10,4,39,"(312.5, 362.5, 7.999359988870806)",0.6596237913356161,744.055419921875,-0.21166243914211233,1.3317125854666099,248.0489999979909
10,4,40,"(337.5, 362.5, 6.836404624384365)",0.7169425110516686,0.0,-0.45964119781746954,1.4542178069777603,570.834800000739
10,4,41,"(362.5, 362.5, 5.709929773131825)",0.07277512550354838,0.0,-0.6587056701075387,1.191821200650886,600.7331999971939
10,4,42,"(362.5, 362.5, 5.709929773131825)",0.5210465748456156,741.1942138671875,-0.21065087568240456,1.3908546533704935,248.8584999991872
10,4,43,"(362.5, 337.5, 4.801447242030367)",0.5233954810088898,0.0,-0.44876969514210824,1.5499353508685216,604.3016000003263
10,4,44,"(362.5, 312.5, 3.972924796908688)",0.04125221570330067,0.0,-0.6473286633401354,1.2208091502349938,602.4036000017077
10,4,45,"(362.5, 312.5, 3.972924796908688)",0.3776075725196231,738.4077758789062,-0.20496365120125248,1.7046726983805744,248.62999999822932
10,4,46,"(362.5, 287.5, 3.2481324511568093)",0.43540065027605557,0.0,-0.42389527795030896,1.886383075764637,603.9868000007118
10,4,47,"(362.5, 262.5, 2.6317000424023482)",0.044215917587299286,0.0,-0.6383854001717616,1.7753279481694986,613.8314999989234
10,4,48,"(362.5, 262.5, 2.6317000424023482)",0.31719871186082593,737.4148559570312,-0.20523956141910876,2.214404172900657,249.12079999921843
10,4,49,"(362.5, 237.5, 2.1176379791076854)",0.33510713385312363,0.0,-0.41805330540936014,2.275884653944162,592.5410999989253
10,4,50,"(362.5, 212.5, 1.6949517469263145)",0.03883338222897954,0.0,-0.6263541890165168,2.1790456631662334,651.7659999990428
10,4,51,"(362.5, 212.5, 1.6949517469263145)",0.2172085908805666,737.1665649414062,-0.2051600038575933,2.375953078357229,250.3093000013905
10,4,52,"(337.5, 212.5, 1.8733097780882446)",0.266526980494178,0.0,-0.4116278020512959,2.3516398794658535,572.3553000025277
10,4,53,"(312.5, 212.5, 2.0303276744152)",0.0340163707733285,0.0,-0.6144809856522984,2.26121283443062,603.2646999992721
10,4,54,"(312.5, 212.5, 2.0303276744152)",0.23985563084211464,737.2499389648438,-0.20517302312125793,2.3666151059227736,249.34769999890705
10,4,55,"(287.5, 212.5, 2.154010388857775)",0.29074860019033927,0.0,-0.4119166581821977,2.3339399556640714,579.143799997837
10,4,56,"(262.5, 212.5, 2.2336800277132602)",0.03578718503318506,0.0,-0.6147199483224454,2.2373789217643028,638.0877999981749
10,4,57,"(262.5, 212.5, 2.2336800277132602)",0.26455238046808605,737.1580200195312,-0.20476977711833858,2.360903023895302,254.01609999971697
10,4,58,"(237.5, 212.5, 2.261871450534782)",0.3299769564738593,0.0,-0.41433103723635345,2.3569171479878737,572.7877000026638
10,4,59,"(212.5, 212.5, 2.2358312589572185)",0.04377269744873893,0.0,-0.6201374160942079,2.2642136453614397,660.5640000016137
10,4,60,"(212.5, 212.5, 2.2358312589572185)",0.2755401140230953,737.12109375,-0.2061645546495959,2.3725705740921157,250.36769999860553
10,4,61,"(187.5, 212.5, 2.1581048160551872)",0.3115922583708504,0.0,-0.4143231031426762,2.3409753395200417,568.5809999995399
10,4,62,"(187.5, 237.5, 2.7574493337721258)",0.04730349779127171,0.0,-0.6254878510677891,2.246814927400316,610.9222999984922
10,4,63,"(187.5, 237.5, 2.7574493337721258)",0.3071466638365516,737.2843627929688,-0.20885498800960722,2.3684809579614114,252.7939999999944
10,4,64,"(187.5, 262.5, 3.519235619237839)",0.43275960004617064,0.0,-0.4238455004771508,2.2550555953339484,573.7907000002451
10,4,65,"(187.5, 287.5, 4.484402965683246)",0.04694453875229014,0.0,-0.6263893907238104,1.8555132021121838,608.7370000022929
10,4,66,"(187.5, 287.5, 4.484402965683246)",0.42708492013522464,738.6947631835938,-0.207132432618446,2.0287377840278853,250.2731999993557
10,4,67,"(187.5, 312.5, 5.701335627950545)",0.509181097529932,0.0,-0.41813123421838017,1.7705692127991222,571.5171999981976
10,4,68,"(187.5, 337.5, 7.2238068944948735)",0.04891490439573378,0.0,-0.6201067477723076,1.3304484680136326,612.2266000020318
10,4,69,"(187.5, 337.5, 7.2238068944948735)",0.5299946875885425,743.3621826171875,-0.204072079019694,1.4658881793890648,249.4025000014517
10,5,0,"(37.5, 437.5, 3.968016468858607)",0.658246804915389,733.3650512695312,-0.23676311553580073,2.1382783998017802,247.1356999994896
10,5,1,"(37.5, 412.5, 3.751648026446586)",0.4831400771802962,0.0,-0.44047831287836603,1.7370136084207615,578.9640999973926
10,5,2,"(37.5, 387.5, 3.4504418791542615)",0.07104691366350914,0.0,-0.667508797752245,1.6362303689207136,769.8654999985592
10,5,3,"(37.5, 387.5, 3.4504418791542615)",0.4017444247296707,734.4804077148438,-0.2127167280188014,1.8805666735951132,252.85620000067865
10,5,4,"(62.5, 387.5, 4.334940067576602)",0.532275321349624,0.0,-0.4297941094634366,1.70451236773438,570.4536999983247
10,5,5,"(87.5, 387.5, 5.413067831237064)",0.06522424519061708,0.0,-0.6379158545985671,1.3800078764104624,606.1993000002985
10,5,6,"(87.5, 387.5, 5.413067831237064)",0.4726870210003589,739.3073120117188,-0.21387974649868188,1.5494766169297496,252.211900002294
10,5,7,"(112.5, 387.5, 6.700045574866817)",0.5598982898769647,0.0,-0.4401658718124778,1.3493594097076635,569.8804999992717
10,5,8,"(112.5, 412.5, 7.580708003809701)",0.09440019726752283,0.0,-0.6654672637704118,0.7292329350379078,742.2402999982296
10,5,9,"(112.5, 412.5, 7.580708003809701)",0.5833771630668833,745.7678833007812,-0.22035799817222146,0.963119610939492,271.04099999996834
10,5,10,"(112.5, 437.5, 8.264048786739911)",0.652639802054062,0.0,-0.4593691419945317,0.7082383420930438,577.908600000228
10,5,11,"(137.5, 437.5, 10.499382396270086)",0.06629911065101905,0.0,-0.680847104795187,0.4585181338756202,737.1268999995664
10,5,12,"(137.5, 437.5, 10.499382396270086)",0.6105562620893188,752.489013671875,-0.21287246133309684,0.682411518752134,256.7094999976689
10,5,13,"(162.5, 437.5, 13.254586740016286)",0.6464703191010692,0.0,-0.4492518070072996,0.3587186040886801,484.2505999986315
10,5,14,"(162.5, 462.5, 14.173358874352427)",0.035332873463617416,0.0,-0.8529919993377512,0.20132269048360393,808.1108999977005
10,5,15,"(162.5, 462.5, 14.173358874352427)",0.6483914534163293,765.491943359375,-0.2560613134786045,0.5675155855605487,257.1596000016143
10,5,16,"(187.5, 462.5, 18.15511649450833)",0.16605291651702603,0.0,-0.40836761378512326,0.07584649693847917,452.8245000001334
10,6,0,"(37.5, 437.5, 3.968016468858607)",0.6535933786438247,733.3001708984375,-0.23676311553580076,2.138278391730469,249.87399999736226
10,6,1,"(62.5, 437.5, 5.075028620853257)",0.5962517130041867,0.0,-0.4419907267690027,1.5848436006693882,570.9188000000722
10,6,2,"(87.5, 437.5, 6.482612700641647)",0.07891368369261702,0.0,-0.6542505939949154,1.2913812997268874,618.9594999996189
10,6,3,"(87.5, 437.5, 6.482612700641647)",0.5344837729455966,740.6876831054688,-0.21814694558883269,1.3415213511487405,253.29269999929238
10,6,4,"(112.5, 437.5, 8.264048786739911)",0.4412868435513541,0.0,-0.41502235666268483,0.8835694592687059,572.5657000002684
10,6,5,"(137.5, 437.5, 10.499382396270086)",0.05850290258726998,0.0,-0.6266120005244723,0.5967016783775944,605.4450999981782
10,6,6,"(137.5, 437.5, 10.499382396270086)",0.6058735341185354,751.3114013671875,-0.21190781248371493,0.7397221286567746,250.15409999832627
10,6,7,"(162.5, 437.5, 13.254586740016286)",0.6190455190966848,0.0,-0.446951347960049,0.34250546287988876,486.7195000006177
10,6,8,"(162.5, 462.5, 14.173358874352427)",0.03409818311531923,0.0,-0.8522662778903478,0.20484145003172888,799.2148000012094
10,6,9,"(162.5, 462.5, 14.173358874352427)",0.6447029666071118,764.9002685546875,-0.2555576117126658,0.5670145889205074,254.01160000183154
10,6,10,"(187.5, 462.5, 18.15511649450833)",0.20643878745343897,0.0,-0.4083560556680369,0.07574061545574978,456.0949000006076
10,7,0,"(37.5, 437.5, 3.968016468858607)",0.6571474165769216,733.2288208007812,-0.23676311553580073,2.138278445129186,251.1157999979332
10,7,1,"(62.5, 437.5, 5.075028620853257)",0.5741735412594844,0.0,-0.44199072676900264,1.5848436006510993,571.0781999987375
10,7,2,"(87.5, 437.5, 6.482612700641647)",0.08145919938881593,0.0,-0.6542505939949154,1.2913812997268879,618.9501000008022
10,7,3,"(87.5, 437.5, 6.482612700641647)",0.5316308054366824,740.6544189453125,-0.21814694558883269,1.3415213800534624,248.268300001655
10,7,4,"(112.5, 437.5, 8.264048786739911)",0.46563496868649845,0.0,-0.41502235666268483,0.8835694590024938,570.0884999969276
10,7,5,"(137.5, 437.5, 10.499382396270086)",0.06578213969866663,0.0,-0.6266120005244723,0.5967016783775944,612.1111000029487
10,7,6,"(137.5, 437.5, 10.499382396270086)",0.5857211496884095,751.4326782226562,-0.2119078124837149,0.739722113356038,251.43930000194814
10,7,7,"(162.5, 437.5, 13.254586740016286)",0.6422713331889024,0.0,-0.44695134796004904,0.3425054637740502,487.0175999967614
10,7,8,"(162.5, 462.5, 14.173358874352427)",0.0367730011542278,0.0,-0.8522662778903477,0.20484145003172885,804.0820000023814
10,7,9,"(162.5, 462.5, 14.173358874352427)",0.6510115675850452,763.216064453125,-0.2555576117126658,0.5670146180573981,249.40699999933713
10,7,10,"(187.5, 462.5, 18.15511649450833)",0.18474677289535513,0.0,-0.4083560556680369,0.07574061549308425,448.2884999997623
10,8,0,"(37.5, 437.5, 3.968016468858607)",0.6542498659240514,733.35546875,-0.2367631155358008,2.1382784278326215,249.48349999976926
10,8,1,"(62.5, 437.5, 5.075028620853257)",0.5957137458910915,0.0,-0.44199072676900264,1.5848436006243334,574.3027999997139
10,8,2,"(87.5, 437.5, 6.482612700641647)",0.08080275356769269,0.0,-0.6542505939949154,1.2913812997268876,617.7769000023545
10,8,3,"(87.5, 437.5, 6.482612700641647)",0.535836537465161,740.6326293945312,-0.21814694558883266,1.3415213685916145,251.53259999933653
10,8,4,"(112.5, 437.5, 8.264048786739911)",0.4486983038144084,0.0,-0.4150223566626848,0.8835694591503692,573.8911000007647
10,8,5,"(137.5, 437.5, 10.499382396270086)",0.06883230805396846,0.0,-0.6266120005244724,0.5967016783775944,611.1941000017396
10,8,6,"(137.5, 437.5, 10.499382396270086)",0.6050438131801874,751.2592163085938,-0.21190781248371487,0.7397220668635721,249.95900000067195
10,8,7,"(162.5, 437.5, 13.254586740016286)",0.6188100157268812,0.0,-0.44695134796004904,0.34250546304336144,491.8577999997069
10,8,8,"(162.5, 462.5, 14.173358874352427)",0.03058182696501178,0.0,-0.8522662778903477,0.20484145003172882,807.4734999972861
10,8,9,"(162.5, 462.5, 14.173358874352427)",0.6501780203045896,765.5506591796875,-0.2555576117126658,0.5670145982766912,250.63550000049872
10,8,10,"(187.5, 462.5, 18.15511649450833)",0.18560246237488362,0.0,-0.4083560556680369,0.07574061521315315,459.5587000003434
10,9,0,"(37.5, 437.5, 3.968016468858607)",0.6564598159311461,733.3048706054688,-0.23676311553580076,2.1382783500609888,252.94099999882746
10,9,1,"(62.5, 437.5, 5.075028620853257)",0.5929774240101366,0.0,-0.4419907267690026,1.5848436006145419,586.2894000019878
10,9,2,"(87.5, 437.5, 6.482612700641647)",0.07768805325032428,0.0,-0.6542505939949154,1.2913812997268876,612.3813999984122
10,9,3,"(87.5, 437.5, 6.482612700641647)",0.5329981153913733,740.8240966796875,-0.21814694558883266,1.341521358573355,253.49980000100913
10,9,4,"(112.5, 437.5, 8.264048786739911)",0.44646470957416917,0.0,-0.41502235666268483,0.8835694587415114,579.0936999983387
10,9,5,"(137.5, 437.5, 10.499382396270086)",0.06971636414527031,0.0,-0.6266120005244723,0.5967016783775944,618.6210999985633
10,9,6,"(137.5, 437.5, 10.499382396270086)",0.5957804004247211,751.4800415039062,-0.2119078124837149,0.7397220820807391,253.47730000066804
10,9,7,"(162.5, 437.5, 13.254586740016286)",0.6420717555384352,0.0,-0.446951347960049,0.34250546326201153,490.31669999749283
10,9,8,"(162.5, 462.5, 14.173358874352427)",0.032160952687257334,0.0,-0.8522662778903477,0.2048414500317288,799.4127000019944
10,9,9,"(162.5, 462.5, 14.173358874352427)",0.6583529832054784,764.1661376953125,-0.2555576117126658,0.5670145902539858,248.34499999997206
10,9,10,"(187.5, 462.5, 18.15511649450833)",0.17319619785224838,0.0,-0.4083560556680369,0.07574061515974358,451.46680000107153
10,0,0,"(12.5, 437.5, 3.099809189999389)",0.6024671903716703,548.7828369140625,-0.2417082373924757,2.415841331583838,250.75000000288128
10,0,1,"(37.5, 437.5, 3.968016468858607)",0.47997662050373896,0.0,-0.42943301448350174,1.7545063093937265,558.7006999994628
10,0,2,"(62.5, 437.5, 5.075028620853257)",0.08264841139317698,0.0,-0.6484803154820892,1.5073445377002335,608.7063999984821
10,0,3,"(62.5, 437.5, 5.075028620853257)",0.4781793663128432,737.3164672851562,-0.21732423552062946,1.5518790042612653,248.11069999850588
10,0,4,"(87.5, 437.5, 6.482612700641647)",0.5896287475725265,0.0,-0.4331246945681272,1.3187654917359972,563.176999999996
10,0,5,"(112.5, 437.5, 8.264048786739911)",0.03914172450700281,0.0,-0.6250222401496864,0.8327955518214845,607.2548999982246
10,0,6,"(112.5, 437.5, 8.264048786739911)",0.44058186573869773,747.5445556640625,-0.2014929360254013,0.9075378706767481,246.1406000002171
10,0,7,"(137.5, 437.5, 10.499382396270086)",0.6399665747460224,0.0,-0.41970998037271107,0.7307902658410671,550.0441000003775
10,0,8,"(162.5, 437.5, 13.254586740016286)",0.08328812321025807,0.0,-0.6421489897362971,0.2652054237029082,641.450299997814
10,0,9,"(162.5, 437.5, 13.254586740016286)",0.5685066550356686,763.584716796875,-0.24002863200664565,0.4055460198759845,250.39919999835547
10,0,10,"(162.5, 462.5, 14.173358874352427)",0.8388791512422583,0.0,-0.5978657196384135,0.46459599762277914,566.8268000008538
10,0,11,"(187.5, 462.5, 18.15511649450833)",0.03827551752329361,0.0,-0.7454931043251541,0.21187664078766827,713.3977999983472
10,0,12,"(187.5, 462.5, 18.15511649450833)",0.23273777847751728,797.780029296875,-0.20827168437113158,0.14122743513179542,252.59290000030887
10,1,0,"(12.5, 437.5, 3.099809189999389)",0.5999372618927629,548.806396484375,-0.24170823739247566,2.4158412977629133,249.41089999992982
10,1,1,"(37.5, 437.5, 3.968016468858607)",0.5052998650541112,0.0,-0.4294330144835019,1.7545063095382554,553.4717999980785
10,1,2,"(62.5, 437.5, 5.075028620853257)",0.08087934553625009,0.0,-0.6484803154820891,1.5073445377002332,597.8132999989612
10,1,3,"(62.5, 437.5, 5.075028620853257)",0.48331440576819695,737.28564453125,-0.21732423552062943,1.5518789903292927,244.07849999988684
10,1,4,"(87.5, 437.5, 6.482612700641647)",0.599259943337858,0.0,-0.4331246945681271,1.3187654916628517,563.8169000012567
10,1,5,"(112.5, 437.5, 8.264048786739911)",0.03012107809385412,0.0,-0.6250222401496865,0.8327955518214845,603.396900001826
10,1,6,"(112.5, 437.5, 8.264048786739911)",0.44104101091614295,747.4694213867188,-0.2014929360254013,0.9075378480502102,245.32410000028904
10,1,7,"(137.5, 437.5, 10.499382396270086)",0.6477307184602384,0.0,-0.4197099803727111,0.7307902658483878,540.9589000009873
10,1,8,"(162.5, 437.5, 13.254586740016286)",0.07807279626528375,0.0,-0.642148989736297,0.2652054237029082,619.9086000015086
10,1,9,"(162.5, 437.5, 13.254586740016286)",0.5702327633952545,763.6096801757812,-0.24002863200664565,0.40554591310135424,247.80509999982314
10,1,10,"(162.5, 462.5, 14.173358874352427)",0.8499350159972248,0.0,-0.5978657196384136,0.46459599746274144,562.4354999999923
10,1,11,"(187.5, 462.5, 18.15511649450833)",0.033135928213608445,0.0,-0.7454931043251541,0.21187664078766832,717.5356000007014
10,1,12,"(187.5, 462.5, 18.15511649450833)",0.2360987650598327,798.5340576171875,-0.20827168437113158,0.14122742203775926,245.7797000024584
10,2,0,"(12.5, 437.5, 3.099809189999389)",0.6021408859675128,548.835693359375,-0.2417082373924757,2.415841330440354,247.43040000248584
10,2,1,"(37.5, 437.5, 3.968016468858607)",0.49536815598786066,0.0,-0.4294330144835019,1.7545063094565063,556.8659999989904
10,2,2,"(62.5, 437.5, 5.075028620853257)",0.07902548213801888,0.0,-0.6484803154820892,1.5073445377002335,599.8171999999613
10,2,3,"(62.5, 437.5, 5.075028620853257)",0.4814689176881475,737.221435546875,-0.2173242355206295,1.5518789924948642,245.60600000040722
10,2,4,"(87.5, 437.5, 6.482612700641647)",0.5855931825685887,0.0,-0.4331246945681272,1.3187654916052398,562.3617000019294
10,2,5,"(112.5, 437.5, 8.264048786739911)",0.03245599071187758,0.0,-0.6250222401496864,0.8327955518214845,608.4958999999799
10,2,6,"(112.5, 437.5, 8.264048786739911)",0.43802483721575114,747.5577392578125,-0.2014929360254013,0.9075378697554524,246.31570000201464
10,2,7,"(137.5, 437.5, 10.499382396270086)",0.6567977055606038,0.0,-0.41970998037271107,0.7307902658757491,545.0468000017281
10,2,8,"(162.5, 437.5, 13.254586740016286)",0.08628130952516379,0.0,-0.642148989736297,0.2652054237029082,627.805600001011
10,2,9,"(162.5, 437.5, 13.254586740016286)",0.5744971805153605,763.7100830078125,-0.24002863200664565,0.40554595583963643,248.24630000148318
10,2,10,"(162.5, 462.5, 14.173358874352427)",0.892141970766893,0.0,-0.5978657196384136,0.464595997917587,565.3792999983125
10,2,11,"(187.5, 462.5, 18.15511649450833)",0.03701348851125703,0.0,-0.745493104325154,0.21187664078766827,718.3881000019028
10,2,12,"(187.5, 462.5, 18.15511649450833)",0.23923800373141257,797.0137939453125,-0.20827168437113155,0.1412274922464356,246.56019999747514
10,3,0,"(12.5, 437.5, 3.099809189999389)",0.6031988853444968,548.8029174804688,-0.24170823739247563,2.415841306002911,250.45010000030743
10,3,1,"(37.5, 437.5, 3.968016468858607)",0.49470751153437276,0.0,-0.42943301448350185,1.7545063096670723,549.069699998654
10,3,2,"(62.5, 437.5, 5.075028620853257)",0.0818593253692021,0.0,-0.6484803154820892,1.5073445377002332,601.5282000007574
10,3,3,"(62.5, 437.5, 5.075028620853257)",0.4777518007312256,737.3194580078125,-0.21732423552062943,1.551878968666757,249.06539999938104
10,3,4,"(87.5, 437.5, 6.482612700641647)",0.5994239404397061,0.0,-0.4331246945681272,1.318765491621678,567.7429000024858
10,3,5,"(112.5, 437.5, 8.264048786739911)",0.028399616479898727,0.0,-0.6250222401496865,0.8327955518214846,609.6729999990202
10,3,6,"(112.5, 437.5, 8.264048786739911)",0.44028141237832896,747.5361328125,-0.20149293602540128,0.9075378842349315,244.14420000175596
10,3,7,"(137.5, 437.5, 10.499382396270086)",0.6660633322883287,0.0,-0.4197099803727111,0.7307902657817139,543.9197999985481
10,3,8,"(162.5, 437.5, 13.254586740016286)",0.08331530292827981,0.0,-0.6421489897362969,0.26520542370290817,624.2629000007582
10,3,9,"(162.5, 437.5, 13.254586740016286)",0.5747392585551712,764.0701904296875,-0.24002863200664568,0.40554590989481837,249.35790000017732
10,3,10,"(162.5, 462.5, 14.173358874352427)",0.8513261894511952,0.0,-0.5978657196384135,0.4645959972672904,568.9158000022871
10,3,11,"(187.5, 462.5, 18.15511649450833)",0.04318273067474135,0.0,-0.745493104325154,0.21187664078766824,724.7109999989334
10,3,12,"(187.5, 462.5, 18.15511649450833)",0.23640442088823838,797.5018310546875,-0.2082716843711316,0.14122744341708984,248.67579999772715
10,4,0,"(12.5, 437.5, 3.099809189999389)",0.6036433889125288,548.8877563476562,-0.24170823739247563,2.4158412878448763,247.8674999983923
10,4,1,"(37.5, 437.5, 3.968016468858607)",0.48909752284825614,0.0,-0.4294330144835018,1.7545063095283442,562.8761000007216
10,4,2,"(62.5, 437.5, 5.075028620853257)",0.08945057789481228,0.0,-0.6484803154820891,1.5073445377002332,614.9070000028587
10,4,3,"(62.5, 437.5, 5.075028620853257)",0.4835396836634802,737.2249755859375,-0.21732423552062946,1.551878969553824,250.32890000147745
10,4,4,"(87.5, 437.5, 6.482612700641647)",0.5969604347296912,0.0,-0.4331246945681272,1.3187654918010931,565.272100000584
10,4,5,"(112.5, 437.5, 8.264048786739911)",0.03487943609557065,0.0,-0.6250222401496865,0.8327955518214846,612.5099999990198
10,4,6,"(112.5, 437.5, 8.264048786739911)",0.4454969543696928,747.5740966796875,-0.20149293602540133,0.9075378471692939,248.69339999713702
10,4,7,"(137.5, 437.5, 10.499382396270086)",0.6592464741498825,0.0,-0.419709980372711,0.730790265576439,544.3723999997019
10,4,8,"(162.5, 437.5, 13.254586740016286)",0.08126092950502707,0.0,-0.6421489897362971,0.2652054237029082,621.0216999970726
10,4,9,"(162.5, 437.5, 13.254586740016286)",0.5789639669784103,764.0011596679688,-0.24002863200664565,0.4055459550287523,248.70799999916926
10,4,10,"(162.5, 462.5, 14.173358874352427)",0.8428282859962656,0.0,-0.5978657196384136,0.4645959977759481,562.2130000010657
10,4,11,"(187.5, 462.5, 18.15511649450833)",0.04075666020313769,0.0,-0.7454931043251541,0.21187664078766827,717.3001999981352
10,4,12,"(187.5, 462.5, 18.15511649450833)",0.24063324028916008,797.2681884765625,-0.20827168437113155,0.1412273893444413,250.8873999977368
10,5,0,"(12.5, 437.5, 3.099809189999389)",0.6069417803724215,548.7920532226562,-0.2417082373924757,2.4158413195849806,246.2247000003117
10,5,1,"(37.5, 437.5, 3.968016468858607)",0.46306552710780535,0.0,-0.42943301448350174,1.7545063095132871,552.1831000005477
10,5,2,"(62.5, 437.5, 5.075028620853257)",0.0803936074177573,0.0,-0.6484803154820892,1.5073445377002335,599.4291999995767
10,5,3,"(62.5, 437.5, 5.075028620853257)",0.47897001895289854,737.3982543945312,-0.2173242355206295,1.5518789863077047,249.12419999964186
10,5,4,"(87.5, 437.5, 6.482612700641647)",0.5872177866842936,0.0,-0.4331246945681272,1.3187654917066074,567.6321999999345
10,5,5,"(112.5, 437.5, 8.264048786739911)",0.03510132431985138,0.0,-0.6250222401496864,0.8327955518214843,604.6747000000323
10,5,6,"(112.5, 437.5, 8.264048786739911)",0.4370986052529464,747.3856201171875,-0.2014929360254013,0.9075378735994577,248.44490000032238
10,5,7,"(137.5, 437.5, 10.499382396270086)",0.6404512631045353,0.0,-0.41970998037271107,0.7307902661484291,534.0067000033741
10,5,8,"(162.5, 437.5, 13.254586740016286)",0.07061840097110646,0.0,-0.642148989736297,0.2652054237029082,627.304899997398
10,5,9,"(162.5, 437.5, 13.254586740016286)",0.5687287717540945,763.984130859375,-0.24002863200664568,0.40554599341776254,247.08010000176728
10,5,10,"(162.5, 462.5, 14.173358874352427)",0.8454065058633654,0.0,-0.5978657196384134,0.46459599772081744,564.7511000024679
10,5,11,"(187.5, 462.5, 18.15511649450833)",0.04075666020315324,0.0,-0.745493104325154,0.21187664078766827,722.2499000017706
10,5,12,"(187.5, 462.5, 18.15511649450833)",0.24054894925735376,797.49658203125,-0.20827168437113155,0.14122741904856373,245.33560000054422
10,6,0,"(12.5, 437.5, 3.099809189999389)",0.6005079991636878,548.8643798828125,-0.24170823739247568,2.4158413359192146,248.02249999993364
10,6,1,"(37.5, 437.5, 3.968016468858607)",0.4869174506093032,0.0,-0.4294330144835018,1.754506309342718,553.6300999992818
10,6,2,"(62.5, 437.5, 5.075028620853257)",0.08595162630080477,0.0,-0.6484803154820892,1.5073445377002332,603.4464000003936
10,6,3,"(62.5, 437.5, 5.075028620853257)",0.47739904095404323,737.2716064453125,-0.21732423552062946,1.5518789738836756,247.95710000034887
10,6,4,"(87.5, 437.5, 6.482612700641647)",0.5807209132957135,0.0,-0.43312469456812713,1.3187654915139226,571.9365999975707
10,6,5,"(112.5, 437.5, 8.264048786739911)",0.03705047567684956,0.0,-0.6250222401496865,0.8327955518214846,605.2263999990828
10,6,6,"(112.5, 437.5, 8.264048786739911)",0.435604762343507,747.5476684570312,-0.20149293602540128,0.907537862004459,246.64320000010775
10,6,7,"(137.5, 437.5, 10.499382396270086)",0.6473203980062312,0.0,-0.4197099803727111,0.7307902657704128,545.3742000026978
10,6,8,"(162.5, 437.5, 13.254586740016286)",0.07529887557029318,0.0,-0.6421489897362971,0.2652054237029082,623.9526999997906
10,6,9,"(162.5, 437.5, 13.254586740016286)",0.5766868075023837,763.8980102539062,-0.24002863200664562,0.40554595608006033,248.33850000140956
10,6,10,"(162.5, 462.5, 14.173358874352427)",0.8394181579095061,0.0,-0.5978657196384135,0.46459599739623525,570.4060000025493
10,6,11,"(187.5, 462.5, 18.15511649450833)",0.035736677547293205,0.0,-0.7454931043251541,0.21187664078766827,721.0388999992574
10,6,12,"(187.5, 462.5, 18.15511649450833)",0.23398500547423662,797.3819580078125,-0.20827168437113158,0.1412274741437583,248.0241000012029
10,7,0,"(12.5, 437.5, 3.099809189999389)",0.6004995207426043,548.8478393554688,-0.2417082373924757,2.415841314887603,250.16379999942728
10,7,1,"(12.5, 412.5, 2.9483028787697823)",0.480155412872157,0.0,-0.4403318838231357,1.982667262761456,567.9684999995516
10,7,2,"(37.5, 412.5, 3.751648026446586)",0.0736384838819247,0.0,-0.6513869771486174,1.759429327648564,602.9132999974536
10,7,3,"(37.5, 412.5, 3.751648026446586)",0.43086078821815793,734.4239501953125,-0.21634213414278178,1.8668156380424326,247.59890000132145
10,7,4,"(62.5, 412.5, 4.762387255147607)",0.48350981785422054,0.0,-0.42588183470653557,1.5991278021774704,561.8095999998332
10,7,5,"(87.5, 412.5, 6.024387455566984)",0.06867618858818134,0.0,-0.6372254368948294,1.2520391057473392,609.6699999980046
10,7,6,"(87.5, 412.5, 6.024387455566984)",0.5098002886255993,741.2946166992188,-0.209570469947554,1.2982889890999014,249.77450000005774
10,7,7,"(112.5, 412.5, 7.580708003809701)",0.5845941556408614,0.0,-0.42367113954151336,1.0794226207747784,570.4860000005283
10,7,8,"(137.5, 412.5, 9.458994007438445)",0.09063723683357801,0.0,-0.6495944651577339,0.6588541611780115,620.1355000011972
10,7,9,"(137.5, 412.5, 9.458994007438445)",0.6820746122592333,748.9736328125,-0.22716842622987468,0.7582671592468911,252.00419999964652
10,7,10,"(137.5, 437.5, 10.499382396270086)",0.8888009658008442,0.0,-0.47830476839588637,0.7019400776346795,568.3290000015404
10,7,11,"(162.5, 437.5, 13.254586740016286)",0.11808626850445991,0.0,-0.7331666653005209,0.3248559383995525,710.7174000011582
10,7,12,"(162.5, 437.5, 13.254586740016286)",0.7040617874082327,761.2596435546875,-0.2493643677445958,0.4940608914074266,249.91059999956633
10,7,13,"(162.5, 462.5, 14.173358874352427)",0.8969098751616611,0.0,-0.6053547006266715,0.4658200140954247,572.0573999969929
10,7,14,"(187.5, 462.5, 18.15511649450833)",0.03181127458813087,0.0,-0.7443907217634356,0.21183107113142813,717.0901999998023
10,7,15,"(187.5, 462.5, 18.15511649450833)",0.22982008922445954,797.8285522460938,-0.20831089301174988,0.14231385288913365,247.0610000018496
10,8,0,"(12.5, 437.5, 3.099809189999389)",0.6094606867127608,548.8858642578125,-0.2417082373924757,2.4158412913308607,246.4652999988175
10,8,1,"(37.5, 437.5, 3.968016468858607)",0.4901588751647636,0.0,-0.4294330144835017,1.7545063095778592,555.2406999995583
10,8,2,"(62.5, 437.5, 5.075028620853257)",0.08477797110875876,0.0,-0.6484803154820891,1.5073445377002332,600.380399999267
10,8,3,"(62.5, 437.5, 5.075028620853257)",0.4785658867278662,737.2598266601562,-0.21732423552062946,1.5518790012884807,245.35370000012335
10,8,4,"(87.5, 437.5, 6.482612700641647)",0.5958186405398574,0.0,-0.43312469456812713,1.3187654915298135,566.7644000022847
10,8,5,"(112.5, 437.5, 8.264048786739911)",0.038415422042214875,0.0,-0.6250222401496864,0.8327955518214843,612.7519000001485
10,8,6,"(112.5, 437.5, 8.264048786739911)",0.44478007889392734,747.576904296875,-0.2014929360254013,0.9075378377695686,244.77489999844693
10,8,7,"(137.5, 437.5, 10.499382396270086)",0.6572934128011003,0.0,-0.41970998037271107,0.7307902656408295,538.3445000006759
10,8,8,"(162.5, 437.5, 13.254586740016286)",0.07240940133730044,0.0,-0.642148989736297,0.2652054237029082,636.194599999726
10,8,9,"(162.5, 437.5, 13.254586740016286)",0.5692095785906808,763.7312622070312,-0.24002863200664562,0.4055459330995751,254.03860000005807
10,8,10,"(162.5, 462.5, 14.173358874352427)",0.8798482726063221,0.0,-0.5978657196384135,0.4645959977153648,565.5646999985038
10,8,11,"(187.5, 462.5, 18.15511649450833)",0.027732568482591372,0.0,-0.745493104325154,0.21187664078766832,721.0979999981646
10,8,12,"(187.5, 462.5, 18.15511649450833)",0.23748669675522432,797.19873046875,-0.20827168437113153,0.14122748998328927,244.16249999922002
10,9,0,"(12.5, 437.5, 3.099809189999389)",0.6024770538732264,548.8411254882812,-0.24170823739247566,2.415841325664123,247.79300000227522
10,9,1,"(37.5, 437.5, 3.968016468858607)",0.48469494976913885,0.0,-0.42943301448350185,1.7545063096603735,563.3877000000211
10,9,2,"(62.5, 437.5, 5.075028620853257)",0.07560147345070395,0.0,-0.6484803154820891,1.5073445377002332,610.1874000014504
10,9,3,"(62.5, 437.5, 5.075028620853257)",0.4833720283570381,737.408935546875,-0.2173242355206295,1.5518789427350401,247.62449999980163
10,9,4,"(87.5, 437.5, 6.482612700641647)",0.5845175490988791,0.0,-0.4331246945681272,1.3187654917539888,562.2389999989537
10,9,5,"(112.5, 437.5, 8.264048786739911)",0.039672762155523886,0.0,-0.6250222401496864,0.8327955518214845,605.3179999980784
10,9,6,"(112.5, 437.5, 8.264048786739911)",0.4370584820618958,747.10693359375,-0.20149293602540133,0.9075378602738315,246.76239999826066
10,9,7,"(137.5, 437.5, 10.499382396270086)",0.6280636757808088,0.0,-0.41970998037271096,0.730790265775828,538.6576999990211
10,9,8,"(162.5, 437.5, 13.254586740016286)",0.07473040620486236,0.0,-0.642148989736297,0.26520542370290817,624.1497000009986
10,9,9,"(162.5, 437.5, 13.254586740016286)",0.5760528688693646,763.9299926757812,-0.24002863200664562,0.4055459565847174,254.80289999904926
10,9,10,"(162.5, 462.5, 14.173358874352427)",0.8652330681727912,0.0,-0.5978657196384136,0.4645959977544636,570.7540000003064
10,9,11,"(187.5, 462.5, 18.15511649450833)",0.035736439128717684,0.0,-0.7454931043251539,0.21187664078766827,721.7240999998467
10,9,12,"(187.5, 462.5, 18.15511649450833)",0.24002011282135471,797.2752685546875,-0.20827168437113158,0.1412274095186593,250.6734000016877
10,0,0,"(112.5, 212.5, 1.7023465120987893)",0.37234641122284023,737.0092163085938,-0.22037703065160535,2.5985255839695367,244.0385999980208
10,0,1,"(112.5, 237.5, 2.1276559796850996)",0.3748495135754864,0.0,-0.42712935498473503,2.430662036793105,561.0175000001618
10,0,2,"(112.5, 262.5, 2.645266895480795)",0.06286833186944214,0.0,-0.6408281385123468,2.2612216914498253,593.9320999968913
10,0,3,"(112.5, 262.5, 2.645266895480795)",0.348766173637666,737.3051147460938,-0.21429237931226522,2.359431678552071,246.95019999853685
10,0,4,"(112.5, 287.5, 3.266470567666104)",0.50104032223644,0.0,-0.43196774432647045,2.193086979184533,561.0037000005832
10,0,5,"(112.5, 312.5, 3.997603125569143)",0.07798534135022507,0.0,-0.6442310787846103,1.7828881014131481,610.6161999996402
10,0,6,"(112.5, 312.5, 3.997603125569143)",0.4627294392114761,738.5245361328125,-0.21632891932933218,1.909605688317991,246.8531999984407
10,0,7,"(112.5, 337.5, 4.834376816244601)",0.6424881590974849,0.0,-0.43350827597981567,1.6085464821711473,565.8115000005637
10,0,8,"(112.5, 362.5, 5.753213768936505)",0.05681027472018942,0.0,-0.6238401083943583,1.0196844299185952,598.7715999981447
10,0,9,"(112.5, 362.5, 5.753213768936505)",0.44069467163226345,742.2600708007812,-0.20579308036286625,1.3339458655928706,250.2301999993506
10,0,10,"(112.5, 387.5, 6.700045574866817)",0.6248012240656242,0.0,-0.4318964790682124,1.0741937973894917,566.8122000024596
10,0,11,"(112.5, 412.5, 7.580708003809701)",0.08767401178682048,0.0,-0.6600273460062493,0.5161273095592902,652.1830999990925
10,0,12,"(112.5, 412.5, 7.580708003809701)",0.5264107260205632,750.3703002929688,-0.22618120342818554,0.7145855447452343,245.7274000007601
10,0,13,"(137.5, 412.5, 9.458994007438445)",0.7682462681660549,0.0,-0.4438000479928972,0.6642978081057429,565.1722000002337
10,0,14,"(137.5, 437.5, 10.499382396270086)",0.03977989157041479,0.0,-0.7001781673373666,0.19483168650320498,772.4025999996229
10,0,15,"(137.5, 437.5, 10.499382396270086)",0.7464392902821021,748.4443359375,-0.24350315764201635,0.8038981611383186,245.88799999764888
10,0,16,"(162.5, 437.5, 13.254586740016286)",0.7248482419692296,0.0,-0.4580387171022231,0.40739938625431626,481.2184000002162
10,0,17,"(162.5, 462.5, 14.173358874352427)",0.030756905674908054,0.0,-0.8552615441244508,0.19013027035578758,800.621599999431
10,0,18,"(162.5, 462.5, 14.173358874352427)",0.6521103534149228,764.0331420898438,-0.2578916166276686,0.5703662776152986,249.01520000275923
10,0,19,"(187.5, 462.5, 18.15511649450833)",0.18227135606672978,0.0,-0.4084092743459056,0.0762267108761138,449.71950000035577
10,1,0,"(112.5, 212.5, 1.7023465120987893)",0.37307584524134735,737.0047607421875,-0.22037703065160535,2.598525565635838,251.04799999826355
10,1,1,"(112.5, 237.5, 2.1276559796850996)",0.3671604008084289,0.0,-0.42712935498473503,2.430662036793105,571.9070000013744
10,1,2,"(112.5, 262.5, 2.645266895480795)",0.05999999741715173,0.0,-0.640828138512347,2.2612216914498253,602.5936999976693
10,1,3,"(112.5, 262.5, 2.645266895480795)",0.35091378267572415,737.2613525390625,-0.21429237931226527,2.359431694138995,249.08579999828362
10,1,4,"(112.5, 287.5, 3.266470567666104)",0.5111361333021063,0.0,-0.4319677443264704,2.193086979184533,568.5357999973348
10,1,5,"(112.5, 312.5, 3.997603125569143)",0.07881710429984659,0.0,-0.6442310787846104,1.7828881014131484,611.1976000029244
10,1,6,"(112.5, 312.5, 3.997603125569143)",0.4603779863261694,738.58154296875,-0.2163289193293322,1.90960568081993,245.54589999752352
10,1,7,"(112.5, 337.5, 4.834376816244601)",0.6303688604964839,0.0,-0.43350827597981556,1.608546482171147,567.8025000015623
10,1,8,"(112.5, 362.5, 5.753213768936505)",0.054748987158156584,0.0,-0.6238401083943584,1.0196844299185952,603.9513999967312
10,1,9,"(112.5, 362.5, 5.753213768936505)",0.4267535605063515,742.1644897460938,-0.20579308036286617,1.3339458171730563,248.30939999810653
10,1,10,"(112.5, 387.5, 6.700045574866817)",0.5932842580798264,0.0,-0.4318964790682124,1.0741937973894917,562.8741000000446
10,1,11,"(112.5, 412.5, 7.580708003809701)",0.09309565027551164,0.0,-0.6600273460062495,0.5161273095592903,643.2830000012473
10,1,12,"(112.5, 412.5, 7.580708003809701)",0.525017279319074,750.3294067382812,-0.2261812034281855,0.714585580212776,246.95259999862174
10,1,13,"(112.5, 437.5, 8.264048786739911)",0.6233359133241829,0.0,-0.4599732816790328,0.6159626358779107,570.6523000008019
10,1,14,"(137.5, 437.5, 10.499382396270086)",0.07027688622474165,0.0,-0.6802438096479022,0.45123609473347887,719.7617999991053
10,1,15,"(137.5, 437.5, 10.499382396270086)",0.6162889258213373,752.0263671875,-0.21350334138445365,0.6891306948574154,243.4075999990455
10,1,16,"(162.5, 437.5, 13.254586740016286)",0.6728514807378148,0.0,-0.4494326411207614,0.3599926947960072,482.4252999969758
10,1,17,"(162.5, 462.5, 14.173358874352427)",0.027262007196740212,0.0,-0.8530278507308927,0.20112945353214887,791.2247000022035
10,1,18,"(162.5, 462.5, 14.173358874352427)",0.6536074625874566,764.6168212890625,-0.25606610139559566,0.5675088169917573,248.36769999819808
10,1,19,"(187.5, 462.5, 18.15511649450833)",0.17519533974838253,0.0,-0.40836772345211514,0.07584752063215927,446.2233999984164
10,2,0,"(112.5, 212.5, 1.7023465120987893)",0.3724170310957807,736.9769287109375,-0.22037703065160535,2.598525581541777,250.8309000004374
10,2,1,"(112.5, 237.5, 2.1276559796850996)",0.3709651058908538,0.0,-0.42712935498473503,2.4306620367931044,569.56739999805
10,2,2,"(112.5, 262.5, 2.645266895480795)",0.05915822088719688,0.0,-0.6408281385123469,2.261221691449825,592.1736000018427
10,2,3,"(112.5, 262.5, 2.645266895480795)",0.34459644834273695,737.263916015625,-0.21429237931226527,2.3594316973309324,245.40110000089044
10,2,4,"(112.5, 287.5, 3.266470567666104)",0.5118141580241772,0.0,-0.4319677443264704,2.1930869791845335,568.5751000019081
10,2,5,"(112.5, 312.5, 3.997603125569143)",0.07921128968395622,0.0,-0.6442310787846104,1.7828881014131486,610.6190000027709
10,2,6,"(112.5, 312.5, 3.997603125569143)",0.4683828375454709,738.5540161132812,-0.21632891932933218,1.9096056839355031,248.80499999926542
10,2,7,"(112.5, 337.5, 4.834376816244601)",0.6384864752331805,0.0,-0.43350827597981556,1.6085464821711468,566.4992999991227
10,2,8,"(112.5, 362.5, 5.753213768936505)",0.058508768677694396,0.0,-0.6238401083943586,1.0196844299185956,601.0094000012032
10,2,9,"(112.5, 362.5, 5.753213768936505)",0.4353437843789914,742.2453002929688,-0.2057930803628662,1.3339458588911135,250.66220000007888
10,2,10,"(112.5, 387.5, 6.700045574866817)",0.6011122708090189,0.0,-0.43189647906821227,1.0741937973894915,572.7046000029077
10,2,11,"(112.5, 412.5, 7.580708003809701)",0.08034518361097756,0.0,-0.6600273460062496,0.5161273095592905,647.910799998499
10,2,12,"(112.5, 412.5, 7.580708003809701)",0.5295577854409331,750.1218872070312,-0.2261812034281855,0.7145855388615794,247.11170000227867
10,2,13,"(112.5, 437.5, 8.264048786739911)",0.6258959684153385,0.0,-0.4599732816790329,0.6159626356812083,569.0032999991672
10,2,14,"(137.5, 437.5, 10.499382396270086)",0.06660484274229507,0.0,-0.6802438096479024,0.4512360947334789,724.4904999970458
10,2,15,"(137.5, 437.5, 10.499382396270086)",0.6141579972350795,751.6839599609375,-0.21350334138445368,0.6891307042596131,248.45730000015465
10,2,16,"(162.5, 437.5, 13.254586740016286)",0.6589847343831464,0.0,-0.4494326411207613,0.3599926948694185,488.3188000021619
10,2,17,"(162.5, 462.5, 14.173358874352427)",0.030581826965007185,0.0,-0.8530278507308926,0.20112945353214884,788.9681000015116
10,2,18,"(162.5, 462.5, 14.173358874352427)",0.6559631400341294,763.50732421875,-0.25606610139559566,0.5675088073326674,248.25150000106078
10,2,19,"(187.5, 462.5, 18.15511649450833)",0.17146118055540288,0.0,-0.4083677234521152,0.07584752075120826,453.8771999978053
10,3,0,"(112.5, 212.5, 1.7023465120987893)",0.37212936880735137,736.9976806640625,-0.22037703065160535,2.598525579408328,247.0575999977882
10,3,1,"(137.5, 212.5, 1.8800807210840746)",0.32365777930608897,0.0,-0.4221826958343777,2.438229149485004,569.9720999982674
10,3,2,"(137.5, 237.5, 2.3703523149193924)",0.04660729070503917,0.0,-0.6306008036137165,2.319878580166848,600.9587000007741
10,3,3,"(137.5, 237.5, 2.3703523149193924)",0.2999954471230926,737.3156127929688,-0.20922226332145524,2.387775023651622,245.25079999875743
10,3,4,"(137.5, 262.5, 2.9770964423387296)",0.3881596514236083,0.0,-0.4207827724770665,2.2632570453738468,563.7363999994704
10,3,5,"(137.5, 287.5, 3.720264207629609)",0.07717614869276908,0.0,-0.639882412049918,1.9851443329687304,602.4049000006926
10,3,6,"(137.5, 287.5, 3.720264207629609)",0.4556677342158486,738.163818359375,-0.2173855340968907,2.1243424021135993,245.53910000031465
10,3,7,"(137.5, 312.5, 4.617102976724376)",0.5620717207328869,0.0,-0.425376136276437,1.8387595952542226,565.3664999990724
10,3,8,"(137.5, 337.5, 5.675677129206918)",0.08601789673169136,0.0,-0.6416342063354901,1.4048957281288454,596.3803000013286
10,3,9,"(137.5, 337.5, 5.675677129206918)",0.5828461973361985,740.422607421875,-0.2157191949754714,1.522231544978083,249.34110000322107
10,3,10,"(137.5, 362.5, 6.88289330546234)",0.6145656604332712,0.0,-0.4170710319420047,1.1690187035350652,567.5670999989961
10,3,11,"(137.5, 387.5, 8.184609533832969)",0.07554132739703193,0.0,-0.637404112472032,0.8782525407110969,598.3754000008048
10,3,12,"(137.5, 387.5, 8.184609533832969)",0.6957612797748368,742.9964599609375,-0.22439384824063563,1.1629078126291954,246.00769999960903
10,3,13,"(112.5, 387.5, 6.700045574866817)",0.6215617936587562,0.0,-0.44450962627402385,1.043674728738057,540.8221999969101
10,3,14,"(112.5, 412.5, 7.580708003809701)",0.09575624267259661,0.0,-0.6742441151967146,0.6516534237991426,596.9600999997056
10,3,15,"(112.5, 412.5, 7.580708003809701)",0.6251582396989778,743.343017578125,-0.22376177678538112,1.092318504319657,250.6773000022804
10,3,16,"(137.5, 412.5, 9.458994007438445)",0.7974949666274181,0.0,-0.4429645184544688,0.7477116475839589,563.0794999997306
10,3,17,"(137.5, 437.5, 10.499382396270086)",0.046615352233259175,0.0,-0.7000063641662435,0.20065703642037852,780.1112000015564
10,3,18,"(137.5, 437.5, 10.499382396270086)",0.7524116449025781,748.5011596679688,-0.24361644655972975,0.8038822728183158,246.9956999993883
10,3,19,"(162.5, 437.5, 13.254586740016286)",0.7248504422713888,0.0,-0.45807838952116275,0.4075715441567405,481.4970000006724
10,3,20,"(162.5, 462.5, 14.173358874352427)",0.02397739390535174,0.0,-0.8552725696165215,0.1900771909254286,786.7824000022665
10,3,21,"(162.5, 462.5, 14.173358874352427)",0.6481884454504665,763.9628295898438,-0.2579037371247953,0.570384974811397,245.27089999901364
10,3,22,"(187.5, 462.5, 18.15511649450833)",0.16328362885824793,0.0,-0.4084095479515644,0.07622923428441321,440.8344000003126
10,4,0,"(112.5, 212.5, 1.7023465120987893)",0.37476087922966655,736.9461059570312,-0.22037703065160533,2.5985255819713653,247.46500000037486
10,4,1,"(112.5, 237.5, 2.1276559796850996)",0.36437852615728616,0.0,-0.4271293549847349,2.430662036793104,563.6250000025029
10,4,2,"(112.5, 262.5, 2.645266895480795)",0.06372075776258182,0.0,-0.6408281385123469,2.261221691449825,598.5886999987997
10,4,3,"(112.5, 262.5, 2.645266895480795)",0.34959661098737066,737.2667846679688,-0.21429237931226527,2.3594316731452794,245.48760000106995
10,4,4,"(112.5, 287.5, 3.266470567666104)",0.4946562835824434,0.0,-0.43196774432647034,2.193086979184533,565.9699000025284
10,4,5,"(112.5, 312.5, 3.997603125569143)",0.07532061636449491,0.0,-0.6442310787846103,1.7828881014131484,609.1089000001375
10,4,6,"(112.5, 312.5, 3.997603125569143)",0.4629421657633525,738.4918823242188,-0.21632891932933218,1.9096057268602362,246.85409999801777
10,4,7,"(112.5, 337.5, 4.834376816244601)",0.6485145573387768,0.0,-0.43350827597981556,1.608546482171147,567.5467000000936
10,4,8,"(112.5, 362.5, 5.753213768936505)",0.0585388888915129,0.0,-0.6238401083943586,1.0196844299185954,593.6000000001513
10,4,9,"(112.5, 362.5, 5.753213768936505)",0.42125334042247475,742.2533569335938,-0.2057930803628662,1.3339458336682608,246.62399999942863
10,4,10,"(112.5, 387.5, 6.700045574866817)",0.6181774144814632,0.0,-0.4318964790682124,1.0741937973894917,564.8054999983287
10,4,11,"(112.5, 412.5, 7.580708003809701)",0.09949703017865673,0.0,-0.6600273460062493,0.5161273095592904,649.4735999986005
10,4,12,"(112.5, 412.5, 7.580708003809701)",0.5323750252387899,750.1444091796875,-0.22618120342818548,0.7145855446111791,247.98399999781395
10,4,13,"(112.5, 437.5, 8.264048786739911)",0.6188445537163609,0.0,-0.45997328167903284,0.615962635847614,563.5772999994515
10,4,14,"(112.5, 462.5, 8.613227892873539)",0.11706202228863595,0.0,-0.7244620411417032,0.478405750875524,723.3763999975054
10,4,15,"(112.5, 462.5, 8.613227892873539)",0.6356988230183636,743.704345703125,-0.2470599863014967,0.9043633608076197,247.50300000232528
10,4,16,"(137.5, 462.5, 11.051579161286583)",0.35164850968405237,0.0,-0.441884966923857,0.47787380398670326,542.3641000015778
10,4,17,"(162.5, 462.5, 14.173358874352427)",0.03126124044259341,0.0,-0.6343115535614892,0.18467409575618976,598.0572000007669
10,4,18,"(162.5, 462.5, 14.173358874352427)",0.3530443387659548,778.1416015625,-0.20107973755650377,0.29382715987426583,250.53179999667918
10,4,19,"(187.5, 462.5, 18.15511649450833)",0.14551304762073083,0.0,-0.4062489714711317,0.052220455526800214,464.70140000019455
10,5,0,"(112.5, 212.5, 1.7023465120987893)",0.3703832579226432,736.9365234375,-0.22037703065160533,2.5985255679645567,247.399799998675
10,5,1,"(137.5, 212.5, 1.8800807210840746)",0.3288940161521442,0.0,-0.42218269583437773,2.4382291494850046,568.346100000781
10,5,2,"(137.5, 237.5, 2.3703523149193924)",0.043579136331898624,0.0,-0.6306008036137166,2.319878580166848,594.487599999411
10,5,3,"(137.5, 237.5, 2.3703523149193924)",0.2959430991388068,737.3140258789062,-0.20922226332145527,2.387775059030516,245.48710000090068
10,5,4,"(137.5, 262.5, 2.9770964423387296)",0.4056243765580541,0.0,-0.4207827724770665,2.263257045373846,563.8243000030343
10,5,5,"(137.5, 287.5, 3.720264207629609)",0.0809834549824202,0.0,-0.6398824120499179,1.9851443329687302,593.9832000003662
10,5,6,"(137.5, 287.5, 3.720264207629609)",0.45756578099084305,738.066162109375,-0.21738553409689074,2.1243424095766743,248.06299999909243
10,5,7,"(137.5, 312.5, 4.617102976724376)",0.5474535846844792,0.0,-0.42537613627643694,1.8387595952542226,565.088299998024
10,5,8,"(137.5, 337.5, 5.675677129206918)",0.08748107155162069,0.0,-0.64163420633549,1.4048957281288454,598.8739000022179
10,5,9,"(137.5, 337.5, 5.675677129206918)",0.5831921347005672,740.489501953125,-0.21571919497547146,1.522231530880265,248.72749999849475
10,5,10,"(137.5, 362.5, 6.88289330546234)",0.6018165196483389,0.0,-0.41707103194200457,1.169018703535065,568.4849999997823
10,5,11,"(137.5, 387.5, 8.184609533832969)",0.07456730802854722,0.0,-0.6374041124720321,0.8782525407110969,602.5168000014673
10,5,12,"(137.5, 387.5, 8.184609533832969)",0.693678520605115,742.8416748046875,-0.2243938482406356,1.1629078770491896,247.75539999973262
10,5,13,"(112.5, 387.5, 6.700045574866817)",0.6066468802329998,0.0,-0.4445096262740238,1.0436747287380568,559.6576999996614
10,5,14,"(112.5, 412.5, 7.580708003809701)",0.09881308674813682,0.0,-0.6742441151967147,0.6516534237991426,598.1897999990906
10,5,15,"(112.5, 412.5, 7.580708003809701)",0.6262118515527257,743.6173706054688,-0.22376177678538112,1.09231848954371,246.51649999941583
10,5,16,"(137.5, 412.5, 9.458994007438445)",0.7903539796173662,0.0,-0.4429645184544687,0.7477116475839588,568.8407000016014
10,5,17,"(137.5, 437.5, 10.499382396270086)",0.054099073012654264,0.0,-0.7000063641662435,0.20065703642037852,783.2328000004054
10,5,18,"(137.5, 437.5, 10.499382396270086)",0.7442760096384854,748.9572143554688,-0.24361644655972972,0.8038822845876565,245.95849999968777
10,5,19,"(162.5, 437.5, 13.254586740016286)",0.7404394314975751,0.0,-0.4580783895211627,0.4075715442736489,482.8196999987995
10,5,20,"(162.5, 462.5, 14.173358874352427)",0.022838070988669384,0.0,-0.8552725696165215,0.19007719092542857,792.7500999976473
10,5,21,"(162.5, 462.5, 14.173358874352427)",0.6579937917663741,764.7709350585938,-0.25790373712479525,0.5703849766170844,247.5123000003805
10,5,22,"(187.5, 462.5, 18.15511649450833)",0.16767696882225752,0.0,-0.40840954795156437,0.07622923386116195,448.328099999344
10,6,0,"(112.5, 212.5, 1.7023465120987893)",0.36930772827342373,736.9921875,-0.2203770306516053,2.5985255644522858,246.52529999730177
10,6,1,"(137.5, 212.5, 1.8800807210840746)",0.3276961655561644,0.0,-0.42218269583437773,2.4382291494850046,565.8555999980308
10,6,2,"(162.5, 212.5, 2.0359929489759456)",0.04262486596901792,0.0,-0.6266119627260667,2.339693764389283,599.5751999980712
10,6,3,"(162.5, 212.5, 2.0359929489759456)",0.26075204485325276,737.2341918945312,-0.20645372287720037,2.401508213657989,252.61150000005728
10,6,4,"(187.5, 212.5, 2.1581048160551872)",0.3058004728948809,0.0,-0.41411783592933227,2.3460594284411203,574.3400999999722
10,6,5,"(187.5, 187.5, 1.6876002167496233)",0.031695204476526684,0.0,-0.6169351166820265,2.2584862879433505,600.0474000029499
10,6,6,"(187.5, 187.5, 1.6876002167496233)",0.20434925176444027,737.1981811523438,-0.20368260589859183,2.363830690866084,249.95379999745637
10,6,7,"(212.5, 187.5, 1.743039893786265)",0.24654959415721192,0.0,-0.40850356949834227,2.316490883497182,565.6099000007089
10,6,8,"(237.5, 187.5, 1.761548008038559)",0.04045802106457289,0.0,-0.6130192353531347,2.23050700243449,635.2079999996931
10,6,9,"(237.5, 187.5, 1.761548008038559)",0.2284963611650097,737.1585083007812,-0.20576550885901523,2.3175536192217323,245.13070000102744
10,6,10,"(262.5, 187.5, 1.7415094379554124)",0.2847181030416205,0.0,-0.4120753268599369,2.2778070108544273,566.1130000007688
10,6,11,"(287.5, 187.5, 1.6846716355053617)",0.036058902740455166,0.0,-0.6136617225190719,2.187133977063813,638.2669000013266
10,6,12,"(287.5, 187.5, 1.6846716355053617)",0.20283556705940117,737.1392822265625,-0.2035058538181087,2.3069138415715775,245.57460000141873
10,6,13,"(312.5, 187.5, 1.5958170587390115)",0.19609895087292012,0.0,-0.4064670959101508,2.2916441112035395,567.3093999976118
10,6,14,"(312.5, 212.5, 2.0303276744152)",0.03548105557758934,0.0,-0.611450356626698,2.2332364332304873,607.9667000012705
10,6,15,"(312.5, 212.5, 2.0303276744152)",0.22478959052433917,737.2002563476562,-0.20561864408991176,2.3492196799303415,250.129799998831
10,6,16,"(312.5, 237.5, 2.5784026504198194)",0.3341821634297672,0.0,-0.4161511852229265,2.323830406262525,571.6785000004165
10,6,17,"(312.5, 262.5, 3.266470567666104)",0.057108243306455905,0.0,-0.626849062759057,2.1341130633162755,597.0882000001438
10,6,18,"(312.5, 262.5, 3.266470567666104)",0.35818453197427075,737.5828247070312,-0.21148032101036832,2.2873981256441533,248.83609999960754
10,6,19,"(312.5, 287.5, 4.124508633098295)",0.4941227984798071,0.0,-0.4221729168523325,2.0970729295218278,566.354800001136
10,6,20,"(312.5, 312.5, 5.183930710700896)",0.05441220104697782,0.0,-0.6275139153882429,1.7082748937150125,597.9394999994838
10,6,21,"(312.5, 312.5, 5.183930710700896)",0.49836827468980643,739.4066162109375,-0.2107356213251219,1.8908570081667921,246.36480000117444
10,6,22,"(312.5, 337.5, 6.4720487778634865)",0.649474213787435,0.0,-0.4272811964710719,1.636760929156222,567.8122000026633
10,6,23,"(312.5, 362.5, 7.999359988870806)",0.07258709271750606,0.0,-0.6395701581916319,1.2197025255650125,610.5509000008169
10,6,24,"(312.5, 362.5, 7.999359988870806)",0.665280286057344,744.0059204101562,-0.2116624466916201,1.331712876916221,248.5850000011851
10,6,25,"(312.5, 387.5, 9.73254467824523)",0.7031123246617516,0.0,-0.42211518245158125,0.9300066628081008,555.4029999984778
10,6,26,"(312.5, 412.5, 11.543004562335339)",0.10974769790967957,0.0,-0.6729311850917153,0.5837433666141763,660.4490999998234
10,6,27,"(312.5, 412.5, 11.543004562335339)",0.8112919651273988,754.1567993164062,-0.24348820684710593,0.7407916855105054,245.61570000150823
10,6,28,"(287.5, 412.5, 13.851283065501828)",0.9518752676793096,0.0,-0.46488427535988397,0.712824607372233,498.1320000006235
10,6,29,"(262.5, 412.5, 15.847883528411389)",0.17867515484491767,0.0,-0.7605677071363923,0.32572598408355824,699.9896000015724
10,6,30,"(262.5, 412.5, 15.847883528411389)",0.9335380844542497,760.5589599609375,-0.2768320208090242,0.7319642087989238,247.27789999815286
10,6,31,"(262.5, 437.5, 19.691492564685472)",0.25336945638864683,0.0,-0.4062245375736445,0.10997430640078493,518.5793999989983
10,7,0,"(112.5, 212.5, 1.7023465120987893)",0.3707546969971968,737.0017700195312,-0.22037703065160535,2.5985255653147363,246.10949999987497
10,7,1,"(112.5, 237.5, 2.1276559796850996)",0.3717383715580342,0.0,-0.42712935498473503,2.430662036793105,569.1406000005372
10,7,2,"(112.5, 262.5, 2.645266895480795)",0.06289336582024967,0.0,-0.6408281385123467,2.261221691449825,601.9940999976825
10,7,3,"(112.5, 262.5, 2.645266895480795)",0.3499114627827818,737.2753295898438,-0.21429237931226527,2.359431668223747,246.67179999960354
10,7,4,"(112.5, 287.5, 3.266470567666104)",0.5057556123291803,0.0,-0.4319677443264704,2.1930869791845335,571.5577999981178
10,7,5,"(112.5, 312.5, 3.997603125569143)",0.06816392640278351,0.0,-0.6442310787846103,1.7828881014131481,603.2535999984248
10,7,6,"(112.5, 312.5, 3.997603125569143)",0.4599370794061557,738.5158081054688,-0.2163289193293322,1.909605739715735,243.11179999858723
10,7,7,"(112.5, 337.5, 4.834376816244601)",0.6386430915727046,0.0,-0.4335082759798156,1.6085464821711475,565.4796000017086
10,7,8,"(112.5, 362.5, 5.753213768936505)",0.05584054688613607,0.0,-0.6238401083943584,1.0196844299185952,598.5447999992175
10,7,9,"(112.5, 362.5, 5.753213768936505)",0.42798334826709394,742.2550659179688,-0.2057930803628662,1.3339458615137392,251.58830000145826
10,7,10,"(112.5, 387.5, 6.700045574866817)",0.6028697397210628,0.0,-0.4318964790682123,1.0741937973894917,569.6010000028764
10,7,11,"(112.5, 412.5, 7.580708003809701)",0.0827966034412669,0.0,-0.6600273460062495,0.5161273095592904,648.8428999982716
10,7,12,"(112.5, 412.5, 7.580708003809701)",0.5312401685616378,750.138427734375,-0.22618120342818548,0.7145855563301732,250.68299999838928
10,7,13,"(112.5, 437.5, 8.264048786739911)",0.6289692292742373,0.0,-0.45997328167903295,0.6159626359245923,563.9818999989075
10,7,14,"(137.5, 437.5, 10.499382396270086)",0.06722639997800432,0.0,-0.6802438096479022,0.45123609473347887,721.2307000008877
10,7,15,"(137.5, 437.5, 10.499382396270086)",0.6124324355193215,752.4327392578125,-0.2135033413844537,0.6891307631837076,249.26930000219727
10,7,16,"(162.5, 437.5, 13.254586740016286)",0.6637561824973185,0.0,-0.44943264112076137,0.3599926949296508,486.4315999984683
10,7,17,"(162.5, 462.5, 14.173358874352427)",0.03256205221015733,0.0,-0.8530278507308924,0.20112945353214878,797.0015999999305
10,7,18,"(162.5, 462.5, 14.173358874352427)",0.6510318602633471,765.5906982421875,-0.25606610139559566,0.5675088372774407,248.90180000147666
10,7,19,"(187.5, 462.5, 18.15511649450833)",0.1833221105085799,0.0,-0.40836772345211514,0.07584752084177764,452.9296000000613
10,7,20,"(187.5, 487.5, 17.803971808826255)",0.2095541755358873,0.0,-1.0213662875479776,0.16967891805019006,640.0613999976486
10,7,21,"(187.5, 487.5, 17.803971808826255)",0.5802806160208799,609.8814697265625,-0.5125694478912388,0.33289764701574054,247.09810000058496
10,7,22,"(212.5, 487.5, 22.32743679833657)",-1.7247077679540424e-07,0.0,-1.137703566635306,4.468285490302355e-05,532.1067000004405
10,8,0,"(112.5, 212.5, 1.7023465120987893)",0.3751750299058366,736.8992309570312,-0.2203770306516054,2.5985255268344885,244.37119999856804
10,8,1,"(137.5, 212.5, 1.8800807210840746)",0.31850483024165116,0.0,-0.4221826958343777,2.4382291494850046,570.2013000009174
10,8,2,"(162.5, 212.5, 2.0359929489759456)",0.03906837602458294,0.0,-0.6266119627260666,2.339693764389282,599.9663000002329
10,8,3,"(162.5, 212.5, 2.0359929489759456)",0.25733218126706303,737.2598266601562,-0.20645372287720037,2.401508191543157,248.5962999999174
10,8,4,"(187.5, 212.5, 2.1581048160551872)",0.30736627640307745,0.0,-0.41411783592933227,2.3460594284411203,567.5953999998455
10,8,5,"(212.5, 212.5, 2.2358312589572185)",0.04097588857014742,0.0,-0.6194907209322935,2.259886251149668,614.1453999989608
10,8,6,"(212.5, 212.5, 2.2358312589572185)",0.26628935149696464,737.2858276367188,-0.2056956180312254,2.373734747045174,247.19159999949625
10,8,7,"(237.5, 212.5, 2.261871450534782)",0.29881974715829934,0.0,-0.41195057138275815,2.3385701930569383,564.9360999996134
10,8,8,"(262.5, 212.5, 2.2336800277132602)",0.044356584548964795,0.0,-0.6199428528757056,2.2622408689155806,661.9694000000891
10,8,9,"(262.5, 212.5, 2.2336800277132602)",0.28586399540479185,737.1597290039062,-0.20679661688284734,2.386459243109865,247.92360000355984
10,8,10,"(287.5, 212.5, 2.154010388857775)",0.30700491828994636,0.0,-0.41185797641826816,2.3385723861604215,569.5969999978843
10,8,11,"(312.5, 212.5, 2.0303276744152)",0.031900167465231666,0.0,-0.614957735912853,2.2391123621642737,637.488200001826
10,8,12,"(312.5, 212.5, 2.0303276744152)",0.2400341026816963,737.17529296875,-0.20546123091778692,2.3571961180293917,249.0933999979461
10,8,13,"(312.5, 237.5, 2.5784026504198194)",0.33307428372387965,0.0,-0.41675270699892536,2.3365040957918795,562.7949000008812
10,8,14,"(312.5, 262.5, 3.266470567666104)",0.05192883809410146,0.0,-0.6274560419222317,2.1417796405965306,598.6558000004152
10,8,15,"(312.5, 262.5, 3.266470567666104)",0.3577022586630291,737.6183471679688,-0.21156957232873097,2.2912065996372624,247.53050000072108
10,8,16,"(312.5, 287.5, 4.124508633098295)",0.4915268765552194,0.0,-0.4222052152339218,2.09789886356667,563.0306999992172
10,8,17,"(312.5, 312.5, 5.183930710700896)",0.05994541943071052,0.0,-0.6275066538868976,1.7082671865785695,597.8085999995528
10,8,18,"(312.5, 312.5, 5.183930710700896)",0.4979043013095641,739.3475341796875,-0.21073424760698195,1.890874918781679,245.10879999797908
10,8,19,"(312.5, 337.5, 6.4720487778634865)",0.6758841220395841,0.0,-0.4272811635223033,1.6367617135580936,566.1852999983239
10,8,20,"(312.5, 362.5, 7.999359988870806)",0.0763120651245134,0.0,-0.6395701219417825,1.2197023981677009,610.0776999992377
10,8,21,"(312.5, 362.5, 7.999359988870806)",0.6660177557564643,743.9417724609375,-0.21166243914211227,1.3317125568899297,244.94350000168197
10,8,22,"(312.5, 387.5, 9.73254467824523)",0.6822263267956798,0.0,-0.4221151888212725,0.9300066568479604,549.7570000006817
10,8,23,"(312.5, 412.5, 11.543004562335339)",0.1145207583904306,0.0,-0.6729311866177058,0.5837433731770634,653.6672000002
10,8,24,"(312.5, 412.5, 11.543004562335339)",0.8055400480819512,753.81396484375,-0.24348820684710593,0.7407917337189914,249.69480000072508
10,8,25,"(287.5, 412.5, 13.851283065501828)",0.957023577394923,0.0,-0.46488427535988386,0.7128246073722329,495.24750000273343
10,8,26,"(262.5, 412.5, 15.847883528411389)",0.17555139462152777,0.0,-0.7605677071363923,0.32572598408355824,687.0449999987613
10,8,27,"(262.5, 412.5, 15.847883528411389)",0.9387391468711335,760.1950073242188,-0.27683202080902425,0.7319641911928754,246.48009999873466
10,8,28,"(262.5, 437.5, 19.691492564685472)",0.22472989105012992,0.0,-0.4062245375736447,0.10997430596876698,517.9069000005256
10,9,0,"(112.5, 212.5, 1.7023465120987893)",0.37329036761383205,737.038818359375,-0.22037703065160535,2.5985255424899774,249.47990000146092
10,9,1,"(112.5, 237.5, 2.1276559796850996)",0.38107957508466817,0.0,-0.42712935498473503,2.430662036793104,567.0262000021467
10,9,2,"(112.5, 262.5, 2.645266895480795)",0.06348996857801383,0.0,-0.6408281385123467,2.261221691449825,595.9827000006044
10,9,3,"(112.5, 262.5, 2.645266895480795)",0.3493870753856417,737.2664184570312,-0.21429237931226525,2.3594316942312363,247.81240000083926
10,9,4,"(112.5, 287.5, 3.266470567666104)",0.49960038453402,0.0,-0.4319677443264704,2.193086979184533,568.9299000005121
10,9,5,"(112.5, 312.5, 3.997603125569143)",0.07243559261165568,0.0,-0.6442310787846104,1.7828881014131484,609.6556000011333
10,9,6,"(112.5, 312.5, 3.997603125569143)",0.4595444745037781,738.5284423828125,-0.21632891932933218,1.9096057503666777,247.75170000066282
10,9,7,"(112.5, 337.5, 4.834376816244601)",0.6546804857168869,0.0,-0.4335082759798155,1.608546482171147,565.8346000018355
10,9,8,"(112.5, 362.5, 5.753213768936505)",0.06186959644155446,0.0,-0.6238401083943584,1.0196844299185952,598.7000000022817
10,9,9,"(112.5, 362.5, 5.753213768936505)",0.42995214726125414,742.2491455078125,-0.20579308036286623,1.3339458519825527,248.63330000152928
10,9,10,"(112.5, 387.5, 6.700045574866817)",0.6294817085627342,0.0,-0.4318964790682123,1.0741937973894915,567.4333999995724
10,9,11,"(112.5, 412.5, 7.580708003809701)",0.09669163823127588,0.0,-0.6600273460062493,0.5161273095592904,656.1015000006591
10,9,12,"(112.5, 412.5, 7.580708003809701)",0.5280157674810498,750.2445678710938,-0.2261812034281855,0.7145855821618037,247.2005999989051
10,9,13,"(137.5, 412.5, 9.458994007438445)",0.7672715254213802,0.0,-0.4438000479928972,0.664297808105743,567.5637000022107
10,9,14,"(137.5, 437.5, 10.499382396270086)",0.04894684751825894,0.0,-0.7001781673373666,0.194831686503205,777.8490999990026
10,9,15,"(137.5, 437.5, 10.499382396270086)",0.746609597055229,748.2642211914062,-0.24350315764201635,0.8038981137776992,247.18139999822597
10,9,16,"(162.5, 437.5, 13.254586740016286)",0.7188102412541584,0.0,-0.45803871710222305,0.4073993864452171,482.8008999975282
10,9,17,"(162.5, 462.5, 14.173358874352427)",0.03017707169053851,0.0,-0.8552615441244509,0.1901302703557876,789.2210999998497
10,9,18,"(162.5, 462.5, 14.173358874352427)",0.6534594715779646,764.8016357421875,-0.2578916166276685,0.5703662699272224,245.79239999729907
10,9,19,"(187.5, 462.5, 18.15511649450833)",0.1732048079409425,0.0,-0.4084092743459056,0.07622671068584537,446.38100000156555
10,0,0,"(12.5, 12.5, 0.18196833376614466)",0.11583627912254026,362.0548095703125,-0.20357661345496708,2.8091497884061143,247.77019999964978
10,0,1,"(12.5, 37.5, 0.22749405581943968)",0.07037360925824579,0.0,-0.39883169136530894,2.7259209040087504,553.1066000003193
10,0,2,"(37.5, 37.5, 0.2538960140809293)",0.008719503879552776,0.0,-0.5962018944919021,2.6779326938657833,604.5760000015434
10,0,3,"(37.5, 37.5, 0.2538960140809293)",0.05969735302232668,729.2124633789062,-0.1989165731240483,2.6952663194794773,250.17579999985173
10,0,4,"(37.5, 62.5, 0.31824704025207695)",0.07383342899976665,0.0,-0.39779669943970813,2.6535641081414254,575.3050999992411
10,0,5,"(62.5, 62.5, 0.35313588701570037)",0.010020097096763823,0.0,-0.5949558047170771,2.5969476583228306,608.1329000007827
10,0,6,"(62.5, 62.5, 0.35313588701570037)",0.06814467704953592,733.5733642578125,-0.19910789635861442,2.6322951199217894,250.74229999881936
10,0,7,"(62.5, 87.5, 0.4439050803778254)",0.08998716881976895,0.0,-0.39870796929422203,2.5935440105312177,591.1653000002843
10,0,8,"(62.5, 112.5, 0.556583440432868)",0.011878584822026866,0.0,-0.5960382120574907,2.539270012788156,604.9687000013364
10,0,9,"(62.5, 112.5, 0.556583440432868)",0.08227523932401336,735.0287475585938,-0.1992986133729476,2.583680709762433,250.19659999816213
10,0,10,"(62.5, 137.5, 0.695764963091263)",0.11438433275962881,0.0,-0.4000981352035824,2.5535913915122923,575.0157000002218
10,0,11,"(87.5, 137.5, 0.7760333427861217)",0.017211870600782008,0.0,-0.5992084014144347,2.4991873605557346,610.9194999989995
10,0,12,"(87.5, 137.5, 0.7760333427861217)",0.10956673977345166,736.2525634765625,-0.20066672475792238,2.5376811100712913,251.7251999997825
10,0,13,"(112.5, 137.5, 0.8533265268579882)",0.14004870895925825,0.0,-0.4020713742878138,2.4893296943690566,569.1454999978305
10,0,14,"(137.5, 137.5, 0.9239767104626037)",0.021180977423969995,0.0,-0.6011115380158573,2.41942373177779,608.3655000002182
10,0,15,"(137.5, 137.5, 0.9239767104626037)",0.12149444291425797,736.8512573242188,-0.20116499992833975,2.458591879310832,250.3465999980108
10,0,16,"(162.5, 137.5, 0.9841255842166583)",0.1635766254501303,0.0,-0.4032319306421931,2.404287458362478,575.9366999991471
10,0,17,"(187.5, 137.5, 1.0301064259405408)",0.025892866154488162,0.0,-0.6033329053634039,2.325063686831229,606.7792999965604
10,0,18,"(187.5, 137.5, 1.0301064259405408)",0.13711123205954273,736.992431640625,-0.20231499081381865,2.372502139340588,251.26780000209692
10,0,19,"(212.5, 137.5, 1.0588784061617271)",0.17586274905632102,0.0,-0.4058882632540368,2.31256920394568,577.9241999989608
10,0,20,"(237.5, 137.5, 1.0684335817122816)",0.024040336410200962,0.0,-0.6055321397936695,2.2179629809549017,644.158700000844
10,0,21,"(237.5, 137.5, 1.0684335817122816)",0.1519119018273923,737.0613403320312,-0.2019823114549632,2.27897046923867,251.30839999837917
10,0,22,"(262.5, 137.5, 1.058087161761929)",0.176094539604026,0.0,-0.40343616629758794,2.2250358793429896,571.5611999985413
10,0,23,"(287.5, 137.5, 1.0285802416027139)",0.02063001692293229,0.0,-0.6022092697756506,2.1598555926600995,611.3977999993949
10,0,24,"(287.5, 137.5, 1.0285802416027139)",0.12934437489966807,737.0098876953125,-0.2007481798379308,2.2709864758824683,250.09030000001076
10,0,25,"(287.5, 162.5, 1.316711791097397)",0.19854397611095514,0.0,-0.4055453042823407,2.266399225264269,573.5478999995394
10,0,26,"(287.5, 187.5, 1.6846716355053617)",0.026510000228898788,0.0,-0.6081313311986846,2.2129749091647373,607.0136000016646
10,0,27,"(287.5, 187.5, 1.6846716355053617)",0.1953555443723359,737.19677734375,-0.20330960382917648,2.3087643985489636,250.69020000228193
10,0,28,"(287.5, 212.5, 2.154010388857775)",0.2694878393897383,0.0,-0.4095786184704432,2.2993034186516113,574.0237999998499
10,0,29,"(287.5, 237.5, 2.751681670936008)",0.04751569032665799,0.0,-0.6200979679662497,2.210175105267947,601.2475000025006
10,0,30,"(287.5, 237.5, 2.751681670936008)",0.3075447924213202,737.3311767578125,-0.20999282487190649,2.3663956783136704,253.79380000231322
10,0,31,"(287.5, 262.5, 3.5110384656530513)",0.4066760549094334,0.0,-0.42170769226133475,2.299132232487471,576.3378999981796
10,0,32,"(287.5, 287.5, 4.472629217733303)",0.05237126350402975,0.0,-0.6296266355959447,1.9504314685584607,614.5495999990089
10,0,33,"(287.5, 287.5, 4.472629217733303)",0.4264260136948934,738.4078979492188,-0.21047408428256814,2.108317463477182,250.8839000001899
10,0,34,"(287.5, 312.5, 5.684209381380459)",0.5276970474770257,0.0,-0.4189739841057133,1.7966737638461179,572.5227000002633
10,0,35,"(287.5, 337.5, 7.198514700667702)",0.053154548009244955,0.0,-0.6204863379811926,1.3373939881387695,619.3950999986555
10,0,36,"(287.5, 337.5, 7.198514700667702)",0.5313744634336838,743.0734252929688,-0.20448699357976133,1.4737576983953193,251.1785000024247
10,0,37,"(312.5, 337.5, 6.4720487778634865)",0.6766236007147064,0.0,-0.43136830428714423,1.4650262935303833,604.7622000005504
10,0,38,"(312.5, 362.5, 7.999359988870806)",0.08790381749471182,0.0,-0.6635026501485931,1.27457456610326,639.1605000026175
10,0,39,"(312.5, 362.5, 7.999359988870806)",0.722938196250378,742.2197265625,-0.2165106414993683,1.4762844093184042,252.13020000228425
10,0,40,"(312.5, 387.5, 9.73254467824523)",0.6877153725591707,0.0,-0.42457625400708787,0.9695313008170018,558.3354000009422
10,0,41,"(312.5, 412.5, 11.543004562335339)",0.10426963369054068,0.0,-0.6735809923485121,0.5892485564109784,671.0081000019272
10,0,42,"(312.5, 412.5, 11.543004562335339)",0.8162439778283576,753.7660522460938,-0.24355453135585947,0.7411097935139461,250.800400001026
10,0,43,"(287.5, 412.5, 13.851283065501828)",0.913568129099271,0.0,-0.46487231880992685,0.7126106748080276,503.70829999883426
10,0,44,"(262.5, 412.5, 15.847883528411389)",0.17455329497655148,0.0,-0.7605683436677735,0.32573461338282256,702.840499998274
10,0,45,"(262.5, 412.5, 15.847883528411389)",0.932770449250041,759.6991577148438,-0.2768307656197535,0.731962570714775,248.4891999993124
10,0,46,"(262.5, 437.5, 19.691492564685472)",0.24546588429071634,0.0,-0.40622451700781004,0.10997410940653271,525.1637999972445
10,1,0,"(12.5, 12.5, 0.18196833376614466)",0.1154771772950902,362.05157470703125,-0.20357661345496708,2.8091497482607606,249.81370000023162
10,1,1,"(37.5, 12.5, 0.20209293496961436)",0.07814463963245388,0.0,-0.3990814852747954,2.723681259948905,558.3265999994182
10,1,2,"(37.5, 37.5, 0.2538960140809293)",0.009776175022127525,0.0,-0.5963602384158176,2.676019116278751,616.7787999984284
10,1,3,"(37.5, 37.5, 0.2538960140809293)",0.059867741032455304,729.197998046875,-0.1988675631303984,2.69453429832125,250.14899999951012
10,1,4,"(37.5, 62.5, 0.31824704025207695)",0.07782211396144033,0.0,-0.3977643244824497,2.653296608466144,575.0094000031822
10,1,5,"(37.5, 87.5, 0.39785095890575445)",0.010931860655547512,0.0,-0.5945068925733716,2.6002863034208215,601.9817999986117
10,1,6,"(37.5, 87.5, 0.39785095890575445)",0.06921276348169886,732.4332275390625,-0.19869968243746264,2.6396528632841836,253.20320000173524
10,1,7,"(62.5, 87.5, 0.4439050803778254)",0.09240360970242334,0.0,-0.39847612217301226,2.599019716253926,574.3485999992117
10,1,8,"(87.5, 87.5, 0.48924148841142295)",0.011061233778805498,0.0,-0.5962559803586845,2.5377378342765677,609.2564999999013
10,1,9,"(87.5, 87.5, 0.48924148841142295)",0.08221592834854205,735.6917724609375,-0.19969488750687192,2.5735066444870567,252.18339999992168
10,1,10,"(112.5, 87.5, 0.5321495904899729)",0.10186639915321347,0.0,-0.4002204474497826,2.524864856540182,572.7927000007185
10,1,11,"(137.5, 87.5, 0.5707647585841463)",0.012444691111654544,0.0,-0.5987185536118693,2.455598320735316,613.0582999976468
10,1,12,"(137.5, 87.5, 0.5707647585841463)",0.09211911383144854,736.2596435546875,-0.20066936659066384,2.498056082721261,248.6404000010225
10,1,13,"(162.5, 87.5, 0.6032065562571883)",0.11687418202457686,0.0,-0.40226476590461496,2.44454517827095,579.5518000013544
10,1,14,"(187.5, 87.5, 0.6277479464004823)",0.01513622204463561,0.0,-0.6009995290092088,2.3643412257861716,608.5985000026994
10,1,15,"(187.5, 87.5, 0.6277479464004823)",0.1042891856208533,736.3538818359375,-0.20114834863959122,2.416226238674521,250.2252000012959
10,1,16,"(212.5, 87.5, 0.6429935442951963)",0.12657613013061106,0.0,-0.4021918352759664,2.3566043714976876,569.4599000016751
10,1,17,"(212.5, 112.5, 0.8251710721949009)",0.020578121145558015,0.0,-0.6004999957878712,2.2742338586180573,606.3613000005716
10,1,18,"(212.5, 112.5, 0.8251710721949009)",0.12431994907171331,736.8275756835938,-0.20115273605028972,2.3427083028160243,249.3192000001727
10,1,19,"(212.5, 137.5, 1.0588784061617271)",0.16772574116748523,0.0,-0.40454851695567995,2.296079913785148,570.9003000010853
10,1,20,"(212.5, 162.5, 1.3586399298398657)",0.02759217719234664,0.0,-0.6052935561566527,2.2258418457189277,620.4295999996248
10,1,21,"(212.5, 162.5, 1.3586399298398657)",0.1685379875033031,737.1288452148438,-0.20317541517629875,2.3117426015189606,247.8482000005897
10,1,22,"(237.5, 162.5, 1.3718954582653125)",0.22138512575556962,0.0,-0.409065913396837,2.2660715720991065,579.9012999996194
10,1,23,"(262.5, 162.5, 1.3575429670008718)",0.028932645916937325,0.0,-0.6098258414272196,2.1654750788136847,616.6125999989163
10,1,24,"(262.5, 162.5, 1.3575429670008718)",0.18007931141395336,737.125,-0.20328375767322454,2.2592926650667007,251.44499999805703
10,1,25,"(262.5, 187.5, 1.7415094379554124)",0.24439889088025252,0.0,-0.40995739364669875,2.2571264471387757,574.100300000282
10,1,26,"(262.5, 212.5, 2.2336800277132602)",0.04185454050697462,0.0,-0.6148421570991225,2.197913416668579,611.4574999992328
10,1,27,"(262.5, 212.5, 2.2336800277132602)",0.25149168281981593,737.2427368164062,-0.20540044213715936,2.3475748382474064,251.00279999969644
10,1,28,"(262.5, 237.5, 2.8642732943218303)",0.33841788554860475,0.0,-0.4159346994535133,2.3572921990829383,584.5117999997456
10,1,29,"(287.5, 237.5, 2.751681670936008)",0.048004289468130644,0.0,-0.6247439495588315,2.275736586295652,613.4236999969289
10,1,30,"(287.5, 237.5, 2.751681670936008)",0.32852097101907823,737.1708984375,-0.20868734054454208,2.4311220033772605,250.55730000167387
10,1,31,"(312.5, 237.5, 2.5784026504198194)",0.36239810324556565,0.0,-0.4171949499382923,2.3795706100829985,580.8520999999018
10,1,32,"(312.5, 212.5, 2.0303276744152)",0.0349945227305324,0.0,-0.6209552383317941,2.2536517566381065,608.5166000011668
10,1,33,"(312.5, 212.5, 2.0303276744152)",0.2551678573851672,737.2085571289062,-0.2049878887133955,2.3695470447563474,252.5433000009798
10,1,34,"(312.5, 187.5, 1.5958170587390115)",0.21704994843274786,0.0,-0.4099431707491461,2.3234473398107673,573.574699999881
10,1,35,"(287.5, 187.5, 1.6846716355053617)",0.027110020319628482,0.0,-0.6116383083469317,2.2362375421858447,610.2762000009534
10,1,36,"(287.5, 187.5, 1.6846716355053617)",0.20150848678735656,737.192138671875,-0.20317603844799279,2.3249883218325267,250.68110000211163
10,1,37,"(262.5, 187.5, 1.7415094379554124)",0.2713930172260595,0.0,-0.4105250689010263,2.287702660032178,571.434200002841
10,1,38,"(237.5, 187.5, 1.761548008038559)",0.036992924908807956,0.0,-0.6148542821012601,2.1956424694238335,653.1690000010713
10,1,39,"(237.5, 187.5, 1.761548008038559)",0.23163800201687085,737.1728515625,-0.20526902479240258,2.303682494979168,250.55319999955827
10,1,40,"(212.5, 187.5, 1.743039893786265)",0.25509677529313707,0.0,-0.4104996457482227,2.2864058454674265,574.2514000012306
10,1,41,"(187.5, 187.5, 1.6876002167496233)",0.027612286309406268,0.0,-0.6122893293057535,2.225201369293315,661.4909999989322
10,1,42,"(187.5, 187.5, 1.6876002167496233)",0.18488647845697564,737.1250610351562,-0.20291495848434724,2.332160025631845,254.10829999964335
10,1,43,"(187.5, 212.5, 2.1581048160551872)",0.2755318500790413,0.0,-0.4127163617416393,2.3332281496172036,584.2251000030956
10,1,44,"(187.5, 237.5, 2.7574493337721258)",0.04236076275511429,0.0,-0.623745586004206,2.221648580065218,615.0619000000006
10,1,45,"(187.5, 237.5, 2.7574493337721258)",0.2997796939891184,737.422119140625,-0.20919695163380853,2.334762019092563,251.8262000012328
10,1,46,"(187.5, 262.5, 3.519235619237839)",0.4249423405451639,0.0,-0.4229216191197952,2.232325745575801,589.7796999997809
10,1,47,"(187.5, 287.5, 4.484402965683246)",0.05434250831601802,0.0,-0.6260228761540986,1.8504771427370956,618.3645999990404
10,1,48,"(187.5, 287.5, 4.484402965683246)",0.4212658007608117,738.804931640625,-0.20709325922772384,2.027897053056303,254.61690000156523
10,1,49,"(187.5, 312.5, 5.701335627950545)",0.510185069736681,0.0,-0.4181308643813654,1.7704671587673249,583.9932999988378
10,1,50,"(162.5, 312.5, 5.206150757863988)",0.07100033263364555,0.0,-0.6362220075713163,1.5967853469036835,652.6524000000791
10,1,51,"(162.5, 312.5, 5.206150757863988)",0.5518784336141884,738.7150268554688,-0.21211628645868277,1.9324964172940862,254.47689999782597
10,1,52,"(162.5, 337.5, 6.503826249283008)",0.6739983665181376,0.0,-0.4299081211343809,1.6674490977668748,582.821399999375
10,1,53,"(162.5, 362.5, 8.044975170611863)",0.07914137343564268,0.0,-0.6391222343269801,1.2189021391742576,625.9979000024032
10,1,54,"(162.5, 362.5, 8.044975170611863)",0.6601130680535767,744.0245971679688,-0.21108655515550467,1.323970571856265,251.53389999832143
10,1,55,"(162.5, 387.5, 9.797797492156253)",0.6902478270111797,0.0,-0.42102533609876747,0.9190967165081642,566.9328999974823
10,1,56,"(162.5, 412.5, 11.634380720059667)",0.0903165837129138,0.0,-0.6570859949976382,0.5039683228510428,674.5186000007379
10,1,57,"(162.5, 412.5, 11.634380720059667)",0.7361067076178305,756.452392578125,-0.2326533000424498,0.683558831286767,252.48890000148094
10,1,58,"(137.5, 412.5, 9.458994007438445)",0.5026609848091417,0.0,-0.45474472698780094,0.33059663009968665,578.560900001321
10,1,59,"(137.5, 437.5, 10.499382396270086)",0.043829351663578216,0.0,-0.711145458870692,0.11452268541191143,627.339500002563
10,1,60,"(137.5, 437.5, 10.499382396270086)",0.7473729005078481,749.7415161132812,-0.25304116101155283,0.8275723636938556,254.14509999973234
10,1,61,"(162.5, 437.5, 13.254586740016286)",0.7655361010398736,0.0,-0.46503277399272125,0.43406706327069,515.3511999997136
10,1,62,"(162.5, 462.5, 14.173358874352427)",0.02734855314095363,0.0,-0.8570355990656663,0.18178887692141638,808.5690000007162
10,1,63,"(162.5, 462.5, 14.173358874352427)",0.6609892924206185,763.7174682617188,-0.2599394609909024,0.5751218375812113,254.13440000193077
10,1,64,"(187.5, 462.5, 18.15511649450833)",0.19216010068036185,0.0,-0.4084552384712414,0.0766437583908876,467.3750000001746
10,2,0,"(12.5, 12.5, 0.18196833376614466)",0.1147123037813409,362.0665283203125,-0.20357661345496708,2.8091497521668596,256.239899998036
10,2,1,"(12.5, 37.5, 0.22749405581943968)",0.08035672320022033,0.0,-0.39883169136530894,2.7259209040087513,571.1136999998416
10,2,2,"(37.5, 37.5, 0.2538960140809293)",0.0076571901639425725,0.0,-0.5962018944919021,2.6779326938657833,622.5064999998722
10,2,3,"(37.5, 37.5, 0.2538960140809293)",0.062322960163479574,729.2115478515625,-0.1989165731240483,2.6952663353228417,247.84740000177408
10,2,4,"(62.5, 37.5, 0.2803162176055565)",0.06696787121532756,0.0,-0.3981378628123134,2.6499807535533506,574.21709999835
10,2,5,"(87.5, 37.5, 0.305944805296555)",0.009609988580147227,0.0,-0.5955107524855943,2.59020434617069,607.4427999992622
10,2,6,"(87.5, 37.5, 0.305944805296555)",0.06522709306559671,732.4364013671875,-0.1994228233871183,2.626670976679657,254.75989999904414
10,2,7,"(112.5, 37.5, 0.3298751691987006)",0.08672235233066365,0.0,-0.39973075270970604,2.5821397903374197,588.5977000034472
10,2,8,"(112.5, 62.5, 0.419239905687106)",0.010368997231134585,0.0,-0.5973648455165386,2.5182518379488887,619.14859999888
10,2,9,"(112.5, 62.5, 0.419239905687106)",0.07602343741650727,735.0355834960938,-0.1998919235379869,2.5624021880202856,253.31200000073295
10,2,10,"(112.5, 87.5, 0.5321495904899729)",0.09888517347901912,0.0,-0.40046556725713617,2.5191209015936447,574.9250999979267
10,2,11,"(137.5, 87.5, 0.5707647585841463)",0.014131025721628974,0.0,-0.5989816254593114,2.452861007049756,609.6960999966541
10,2,12,"(137.5, 87.5, 0.5707647585841463)",0.09257292780542777,736.24560546875,-0.2006070056813479,2.498156521366887,251.26920000184327
10,2,13,"(162.5, 87.5, 0.6032065562571883)",0.1182341364216043,0.0,-0.4022862113881928,2.444826783186486,574.1283999996085
10,2,14,"(187.5, 87.5, 0.6277479464004823)",0.015006919701908926,0.0,-0.6010128287423442,2.364435594924853,601.9567999974242
10,2,15,"(187.5, 87.5, 0.6277479464004823)",0.10485462166849012,736.3635864257812,-0.20114960548672842,2.416286223934551,265.6652000005124
10,2,16,"(212.5, 87.5, 0.6429935442951963)",0.12419584914899134,0.0,-0.40219385351939074,2.35662664896587,572.1367000005557
10,2,17,"(237.5, 87.5, 0.6480380418535714)",0.014422934502361272,0.0,-0.5988129261659684,2.27120163566993,604.7677000024123
10,2,18,"(237.5, 87.5, 0.6480380418535714)",0.10083651638280289,736.364013671875,-0.19971627998669864,2.3412476666015136,253.8459999996121
10,2,19,"(237.5, 112.5, 0.8320971275868169)",0.14526055853134923,0.0,-0.4013559861125091,2.2901320217298697,578.5839000018314
10,2,20,"(237.5, 137.5, 1.0684335817122816)",0.02490261693793227,0.0,-0.600443957324165,2.2083481693897427,609.463600001618
10,2,21,"(237.5, 137.5, 1.0684335817122816)",0.15059558265173617,737.0429077148438,-0.20169357854242675,2.2803232135824594,252.57760000022245
10,2,22,"(237.5, 162.5, 1.3718954582653125)",0.20732440624985188,0.0,-0.40646767346891666,2.241973783480684,580.9033999976236
10,2,23,"(237.5, 187.5, 1.761548008038559)",0.03229909886917338,0.0,-0.6094992622818652,2.1745003783543506,606.8486000003759
10,2,24,"(237.5, 187.5, 1.761548008038559)",0.21956085970098355,737.2211303710938,-0.20484280789258932,2.300966325246393,251.62809999892488
10,2,25,"(237.5, 212.5, 2.261871450534782)",0.29337488979318316,0.0,-0.4132342525414474,2.3160787199451254,577.3007000025245
10,2,26,"(212.5, 212.5, 2.2358312589572185)",0.0330889225006381,0.0,-0.6180174027360188,2.244558953894647,603.0190999990737
10,2,27,"(212.5, 212.5, 2.2358312589572185)",0.25669228887900386,737.1802368164062,-0.20540607250509813,2.365932199860545,250.75769999966724
10,2,28,"(212.5, 237.5, 2.8673241576271007)",0.36743883422605705,0.0,-0.42027191317302237,2.356977748848486,574.3298999987019
10,2,29,"(212.5, 262.5, 3.676099404721225)",0.055729786554950145,0.0,-0.6337709943416278,2.1457971376288567,618.3197999998811
10,2,30,"(212.5, 262.5, 3.676099404721225)",0.3839524034957178,737.743896484375,-0.21132328871128078,2.291661405867627,249.67710000055376
10,2,31,"(212.5, 287.5, 4.711065216163657)",0.48138579674736764,0.0,-0.42380110429599444,2.049149169291414,584.9650999989535
10,2,32,"(212.5, 312.5, 6.0337808765239185)",0.04438972473147483,0.0,-0.6308747391096388,1.575259123291216,626.1492999983602
10,2,33,"(212.5, 312.5, 6.0337808765239185)",0.48478713284586283,740.4361572265625,-0.2109700118366263,1.7369908600552144,253.39619999795104
10,2,34,"(212.5, 337.5, 7.7206787211523045)",0.4944980021633161,0.0,-0.4176351483680501,1.355323638128097,579.337499999383
10,2,35,"(187.5, 337.5, 7.2238068944948735)",0.06171051164468266,0.0,-0.6247413296492385,1.026442748605835,653.2920999998169
10,2,36,"(187.5, 337.5, 7.2238068944948735)",0.5905531475632946,742.5257568359375,-0.2055185285688317,1.4755194772995694,252.63690000065253
10,2,37,"(187.5, 362.5, 9.103110310900643)",0.668864129322716,0.0,-0.4151365727830246,1.178986380510946,577.9100000036124
10,2,38,"(187.5, 387.5, 11.364582883745452)",0.06390096247196549,0.0,-0.6234760687591047,0.7831954700765672,622.1372999971209
10,2,39,"(187.5, 387.5, 11.364582883745452)",0.6562988558452914,754.1593627929688,-0.20945321552983598,0.9211158863877223,251.73550000181422
10,2,40,"(212.5, 387.5, 12.56601886791643)",0.5705585284077614,0.0,-0.41070813120484495,0.6035160845718466,580.3104000005987
10,2,41,"(237.5, 387.5, 13.016039592385813)",0.0508775661389574,0.0,-0.6246927582009055,0.2550472521203281,624.9836000024516
10,2,42,"(237.5, 387.5, 13.016039592385813)",0.5698117056447016,760.2529907226562,-0.22020973982685596,0.4595812240645263,251.4826999977231
10,2,43,"(237.5, 362.5, 10.136936791802604)",0.27965625926342264,0.0,-0.4261488209051958,0.42319284716055805,613.1797000016377
10,2,44,"(262.5, 362.5, 9.841761282285685)",0.014922381689152109,0.0,-0.6448723469650364,0.33213136611705896,740.2279000016279
10,2,45,"(262.5, 362.5, 9.841761282285685)",0.3787794058520518,755.3892822265625,-0.2078210872323451,0.7836529989737094,252.08710000151768
10,2,46,"(237.5, 362.5, 10.136936791802604)",0.6220201078357545,0.0,-0.4289249974336298,0.8899440819865854,613.0238000005193
10,2,47,"(212.5, 362.5, 9.863883753989105)",0.06785321235657521,0.0,-0.6488391730089907,0.5634609069453799,637.3707999991893
10,2,48,"(212.5, 362.5, 9.863883753989105)",0.6451538424942905,749.7254028320312,-0.20376325497357292,0.9186564089903329,249.59540000054403
10,2,49,"(212.5, 387.5, 12.56601886791643)",0.5033917799440979,0.0,-0.4079750821908892,0.6307820902364523,553.6924000007275
10,2,50,"(212.5, 412.5, 15.910281935579775)",0.022428805629413778,0.0,-0.5992303355468238,0.2231117052261313,627.6962000010826
10,2,51,"(212.5, 412.5, 15.910281935579775)",0.4693394814534975,766.4566650390625,-0.1971271428123251,0.40700620862288184,251.34559999787598
10,2,52,"(212.5, 437.5, 19.809611758762614)",0.13919175032410863,0.0,-0.396452233850745,0.058687890163893815,497.3351999979059
10,3,0,"(12.5, 12.5, 0.18196833376614466)",0.11726768124046716,362.04998779296875,-0.20357661345496705,2.809149796760085,251.30640000134008
10,3,1,"(37.5, 12.5, 0.20209293496961436)",0.07364028665865836,0.0,-0.3990814852747954,2.7236812599489055,561.800100000255
10,3,2,"(37.5, 37.5, 0.2538960140809293)",0.008761862913771776,0.0,-0.5963602384158175,2.6760191162787503,609.8419000009017
10,3,3,"(37.5, 37.5, 0.2538960140809293)",0.059018557180336204,729.2020263671875,-0.19886756313039847,2.6945342694400463,249.2485000002489
10,3,4,"(37.5, 62.5, 0.31824704025207695)",0.07850982287618495,0.0,-0.3977643244824498,2.653296608466144,580.5295999998634
10,3,5,"(62.5, 62.5, 0.35313588701570037)",0.010523319244378443,0.0,-0.5949487220158091,2.596896384829706,606.2434000014036
10,3,6,"(62.5, 62.5, 0.35313588701570037)",0.06680172150307132,733.5603637695312,-0.19910699287603256,2.632283500348143,252.90150000000722
10,3,7,"(87.5, 62.5, 0.3872155041735832)",0.08614729940906203,0.0,-0.39909080583633827,2.587778570343458,578.9737000013702
10,3,8,"(112.5, 62.5, 0.419239905687106)",0.010881120959915152,0.0,-0.5969947524928259,2.5232970504190986,601.9506000011461
10,3,9,"(112.5, 62.5, 0.419239905687106)",0.07497153753704089,735.02197265625,-0.20000438089593972,2.563074015458821,252.83549999949173
10,3,10,"(137.5, 62.5, 0.44787782153750527)",0.0945074416855334,0.0,-0.40095053302784045,2.514155638935726,576.9443000026513
10,3,11,"(162.5, 62.5, 0.47180880263826486)",0.013900871078175272,0.0,-0.5992945616244819,2.4407141351639274,609.5358999991731
10,3,12,"(162.5, 62.5, 0.47180880263826486)",0.08684306550061807,735.25634765625,-0.20065886129289892,2.4889289520273254,248.2741999992868
10,3,13,"(162.5, 87.5, 0.6032065562571883)",0.12020282041342739,0.0,-0.4022526897246258,2.439986717519312,573.3860000000277
10,3,14,"(162.5, 112.5, 0.7707480035341532)",0.01484859858951304,0.0,-0.6006860975738061,2.3679935421081564,605.0217000010889
10,3,15,"(162.5, 112.5, 0.7707480035341532)",0.10961078115265889,736.752685546875,-0.20097589765602517,2.427720671225554,250.32649999775458
10,3,16,"(187.5, 112.5, 0.8042742873749242)",0.14313252213294833,0.0,-0.40370431664810935,2.3755269802743797,577.7181000012206
10,3,17,"(212.5, 112.5, 0.8251710721949009)",0.018620386719716255,0.0,-0.6030095900647262,2.289058083447244,607.938599998306
10,3,18,"(212.5, 112.5, 0.8251710721949009)",0.12430971056846082,736.839111328125,-0.20149935051791418,2.343850249139559,251.68789999952423
10,3,19,"(237.5, 112.5, 0.8320971275868169)",0.14438265685214158,0.0,-0.40234841795946524,2.2809301262894883,577.738899999531
10,3,20,"(262.5, 112.5, 0.8245972333394317)",0.014155838638557497,0.0,-0.5994751370837768,2.2017699829136124,609.1049000024213
10,3,21,"(262.5, 112.5, 0.8245972333394317)",0.11215529269781196,736.7782592773438,-0.19986086058142322,2.2833181559424354,249.49370000103954
10,3,22,"(262.5, 137.5, 1.058087161761929)",0.1695006234769958,0.0,-0.402430393904024,2.245704923596778,585.9295999980532
10,3,23,"(262.5, 162.5, 1.3575429670008718)",0.02721754213173374,0.0,-0.6035655364874665,2.172403647866318,605.4536999981792
10,3,24,"(262.5, 162.5, 1.3575429670008718)",0.1768308151692485,737.1475219726562,-0.20328648543884273,2.2692761422236765,249.0724000017508
10,3,25,"(262.5, 187.5, 1.7415094379554124)",0.2566546050351289,0.0,-0.4103677034512294,2.2606326698287185,573.4779999984312
10,3,26,"(262.5, 212.5, 2.2336800277132602)",0.03301477432254552,0.0,-0.6149560880767787,2.198711199930885,610.6746000004932
10,3,27,"(262.5, 212.5, 2.2336800277132602)",0.2496595092635735,737.2271728515625,-0.20540383695317602,2.347025643452798,250.70119999872986
10,3,28,"(262.5, 237.5, 2.8642732943218303)",0.32141550655847617,0.0,-0.4159117593091296,2.356884293968553,579.8491000023205
10,3,29,"(262.5, 262.5, 3.67172557574007)",0.047983725865698115,0.0,-0.6326112516138594,2.192553577583972,606.1155999996117
10,3,30,"(262.5, 262.5, 3.67172557574007)",0.3795267456184571,737.6552124023438,-0.21332111869448253,2.3358785456014988,252.25529999806895
10,3,31,"(262.5, 287.5, 4.7047099342161465)",0.4831843855436618,0.0,-0.42492871148306927,2.0745969790277345,576.3752999991993
10,3,32,"(262.5, 312.5, 6.024387455566984)",0.046722491582235785,0.0,-0.6306479788964153,1.5774623977305613,618.8931000033335
10,3,33,"(262.5, 312.5, 6.024387455566984)",0.48600683851020143,740.5419921875,-0.21087070737398822,1.7402298802469467,252.70620000083
10,3,34,"(287.5, 312.5, 5.684209381380459)",0.574212101134042,0.0,-0.42703596886185846,1.7768579276208107,576.6828000014357
10,3,35,"(312.5, 312.5, 5.183930710700896)",0.07248846193153244,0.0,-0.6420806721087825,1.5888255398625324,662.4207999993814
10,3,36,"(312.5, 312.5, 5.183930710700896)",0.5350582890187462,738.6627807617188,-0.21454155523122823,1.9503212237518839,250.33339999936288
10,3,37,"(312.5, 337.5, 6.4720487778634865)",0.6803058622346644,0.0,-0.4310312422699005,1.7001410006043531,575.1609999970242
10,3,38,"(312.5, 362.5, 7.999359988870806)",0.06989693641664817,0.0,-0.6397118026781412,1.2172258520491839,614.5372000028146
10,3,39,"(312.5, 362.5, 7.999359988870806)",0.6680103128837387,744.1931762695312,-0.21181642252617525,1.331970760607001,249.29669999983162
10,3,40,"(312.5, 387.5, 9.73254467824523)",0.6875278771995169,0.0,-0.4221624768291653,0.9306845764476017,563.2463000001735
10,3,41,"(312.5, 412.5, 11.543004562335339)",0.12135526537893582,0.0,-0.6729587028207141,0.5839864430354745,673.1558000028599
10,3,42,"(312.5, 412.5, 11.543004562335339)",0.8140835474369409,753.822021484375,-0.24349148033729875,0.7408073425128238,253.24239999827114
10,3,43,"(287.5, 412.5, 13.851283065501828)",0.9455482379639721,0.0,-0.4648846511112789,0.7128188607156999,503.6321000006865
10,3,44,"(262.5, 412.5, 15.847883528411389)",0.17720864216486512,0.0,-0.7605677570168484,0.32572710141855593,703.5948000011558
10,3,45,"(262.5, 412.5, 15.847883528411389)",0.9339368975508152,760.7244873046875,-0.27683192986171634,0.7319640317289098,251.2440999998944
10,3,46,"(262.5, 437.5, 19.691492564685472)",0.23417656604352977,0.0,-0.4062245399690823,0.10997434069342425,527.7199999982258
10,4,0,"(12.5, 12.5, 0.18196833376614466)",0.11734660301348587,362.0561828613281,-0.20357661345496705,2.8091497642427465,251.05819999953383
10,4,1,"(37.5, 12.5, 0.20209293496961436)",0.07149602820225939,0.0,-0.3990814852747954,2.7236812599489055,562.8077000001213
10,4,2,"(37.5, 37.5, 0.2538960140809293)",0.009207785129549223,0.0,-0.5963602384158176,2.6760191162787508,605.0175999989733
10,4,3,"(37.5, 37.5, 0.2538960140809293)",0.05779391184977304,729.2078857421875,-0.19886756313039847,2.694534264494542,250.9117999979935
10,4,4,"(62.5, 37.5, 0.2803162176055565)",0.07389002045385495,0.0,-0.39813120743929376,2.6499203029609575,578.3330000012938
10,4,5,"(87.5, 37.5, 0.305944805296555)",0.010251414030791333,0.0,-0.5955122894477036,2.590204796720631,607.3743000015384
10,4,6,"(87.5, 37.5, 0.305944805296555)",0.06378929517856129,732.42822265625,-0.1994228187835401,2.6266810257638715,249.13800000285846
10,4,7,"(112.5, 37.5, 0.3298751691987006)",0.0827573331620287,0.0,-0.39973118528560053,2.5821441947694974,570.5425000014657
10,4,8,"(137.5, 37.5, 0.35115528165535553)",0.011742318669946945,0.0,-0.5977248686280495,2.515694478871637,605.4011000014725
10,4,9,"(137.5, 37.5, 0.35115528165535553)",0.07490594990711116,733.0185546875,-0.2001584394747726,2.559951443444226,251.55110000196146
10,4,10,"(137.5, 62.5, 0.44787782153750527)",0.09365086083441634,0.0,-0.40111778902116746,2.512538334535016,575.1479999998992
10,4,11,"(162.5, 62.5, 0.47180880263826486)",0.01568463941413455,0.0,-0.5993447593047285,2.439837387043648,608.6983999994118
10,4,12,"(162.5, 62.5, 0.47180880263826486)",0.08526306472285292,735.2527465820312,-0.20063758704924867,2.489940958450109,249.79009999879054
10,4,13,"(187.5, 62.5, 0.48983624009848803)",0.11219961393207016,0.0,-0.40181275256713417,2.435263757107442,583.6211999994703
10,4,14,"(187.5, 87.5, 0.6277479464004823)",0.016604165236153438,0.0,-0.5999626961677844,2.3561518474128706,613.6764000002586
10,4,15,"(187.5, 87.5, 0.6277479464004823)",0.10368490517961407,736.3502807617188,-0.20093591300413205,2.4162970696678028,251.26109999837354
10,4,16,"(187.5, 112.5, 0.8042742873749242)",0.1424879903355223,0.0,-0.4033827720169326,2.3667501006859766,575.5583999998635
10,4,17,"(187.5, 137.5, 1.0301064259405408)",0.022111309071379162,0.0,-0.6025695409709253,2.2940879815781834,612.365700002556
10,4,18,"(187.5, 137.5, 1.0301064259405408)",0.13313046673961595,736.9468383789062,-0.2018022825172598,2.3641608132663325,250.23719999808236
10,4,19,"(187.5, 162.5, 1.3188200407831676)",0.18173708608720146,0.0,-0.40502522369311034,2.3312282112715774,579.153700000461
10,4,20,"(212.5, 162.5, 1.3586399298398657)",0.02650037904580466,0.0,-0.6068800182304238,2.2624563719696464,607.3116000006848
10,4,21,"(212.5, 162.5, 1.3586399298398657)",0.17608765996206968,737.0910034179688,-0.20360005854109164,2.32390886317886,250.1431999990018
10,4,22,"(237.5, 162.5, 1.3718954582653125)",0.2308884894010548,0.0,-0.40923600507141167,2.2673834100366856,575.2182999967772
10,4,23,"(262.5, 162.5, 1.3575429670008718)",0.029339308540027847,0.0,-0.6097568843315694,2.165200913089704,640.4842999982066
10,4,24,"(262.5, 162.5, 1.3575429670008718)",0.18016126241563135,737.1561279296875,-0.20328645079818755,2.2587415888744764,253.38689999989583
10,4,25,"(287.5, 162.5, 1.316711791097397)",0.19265501109741406,0.0,-0.4070150058590044,2.2412729641757925,576.6700999993191
10,4,26,"(287.5, 187.5, 1.6846716355053617)",0.03151909510292602,0.0,-0.6097230516598827,2.1933316478051648,615.3912000008859
10,4,27,"(287.5, 187.5, 1.6846716355053617)",0.19014123323355026,737.2062377929688,-0.2032133966548416,2.307649289863495,248.37010000192095
10,4,28,"(287.5, 212.5, 2.154010388857775)",0.2704753109083158,0.0,-0.4096065322904342,2.3008209814798883,576.7592000011064
10,4,29,"(287.5, 237.5, 2.751681670936008)",0.04331252972284782,0.0,-0.6201467256704641,2.210906711741731,605.052999999316
10,4,30,"(287.5, 237.5, 2.751681670936008)",0.3039735978424046,737.325927734375,-0.20998819384863646,2.3666287124179535,252.15570000000298
10,4,31,"(287.5, 262.5, 3.5110384656530513)",0.42417510780685497,0.0,-0.4217156840935882,2.299264574576652,574.9687000025006
10,4,32,"(287.5, 287.5, 4.472629217733303)",0.05184300740560303,0.0,-0.6296270772317821,1.9504459292751888,602.1333999997296
10,4,33,"(287.5, 287.5, 4.472629217733303)",0.4256505947786511,738.4821166992188,-0.2104736833458327,2.1083184304469875,248.742100000527
10,4,34,"(287.5, 312.5, 5.684209381380459)",0.5276002844343176,0.0,-0.41897398309691847,1.796673301396379,570.8779999986291
10,4,35,"(287.5, 337.5, 7.198514700667702)",0.05077068010966607,0.0,-0.6204862523195342,1.3373934536281185,625.9222000007867
10,4,36,"(287.5, 337.5, 7.198514700667702)",0.5294432805478987,743.3701171875,-0.20448698152459577,1.4737576607248537,250.94589999935124
10,4,37,"(287.5, 362.5, 9.065091200270214)",0.650056459036069,0.0,-0.41643597096226154,1.167277162555375,573.6648000020068
10,4,38,"(287.5, 387.5, 11.306348749090457)",0.06425088147322912,0.0,-0.6270165941859633,0.805049019087366,615.9623999992618
10,4,39,"(287.5, 387.5, 11.306348749090457)",0.671419303366203,754.0086059570312,-0.21148540796342774,0.9339469406297122,250.75659999856725
10,4,40,"(312.5, 387.5, 9.73254467824523)",0.9170243404551013,0.0,-0.5032490376186822,0.9080685107984239,571.1032999970485
10,4,41,"(312.5, 412.5, 11.543004562335339)",0.11432477831840744,0.0,-0.77646657661095,0.41419325957642844,704.0913999990153
10,4,42,"(312.5, 412.5, 11.543004562335339)",0.931336975984961,746.0782470703125,-0.2568967655873214,0.8573475226681971,249.51060000239522
10,4,43,"(287.5, 412.5, 13.851283065501828)",0.9252372054655843,0.0,-0.4648635896584894,0.695618728906565,491.34029999913764
10,4,44,"(262.5, 412.5, 15.847883528411389)",0.17271691560745706,0.0,-0.7606167911027788,0.3263187101014947,695.6652000008035
10,4,45,"(262.5, 412.5, 15.847883528411389)",0.9381583622427266,760.4916381835938,-0.27667230941219184,0.7318016458145497,250.98110000180895
10,4,46,"(262.5, 437.5, 19.691492564685472)",0.252888712747009,0.0,-0.40622073256482377,0.10993766215814768,531.186299998808
10,5,0,"(12.5, 12.5, 0.18196833376614466)",0.11405284361409332,362.0514221191406,-0.20357661345496708,2.8091497442756417,250.0655999974697
10,5,1,"(12.5, 37.5, 0.22749405581943968)",0.07103610719917353,0.0,-0.39883169136530894,2.7259209040087513,559.9714999989374
10,5,2,"(37.5, 37.5, 0.2538960140809293)",0.01014087597528082,0.0,-0.596201894491902,2.677932693865783,613.2362000025751
10,5,3,"(37.5, 37.5, 0.2538960140809293)",0.06126206043912027,729.2160034179688,-0.1989165731240483,2.695266365199949,250.49070000022766
10,5,4,"(37.5, 62.5, 0.31824704025207695)",0.07631167283788663,0.0,-0.3977966994397081,2.653564108141426,587.0122000014817
10,5,5,"(62.5, 62.5, 0.35313588701570037)",0.010234038035077468,0.0,-0.5949558047170772,2.596947658322831,615.4124999993655
10,5,6,"(62.5, 62.5, 0.35313588701570037)",0.06918113771190362,733.5712890625,-0.19910789635861442,2.632295129941568,247.32979999680538
10,5,7,"(87.5, 62.5, 0.3872155041735832)",0.08665178620510168,0.0,-0.3990909559870882,2.5877795265914356,576.2760000034177
10,5,8,"(112.5, 62.5, 0.419239905687106)",0.01136209070682998,0.0,-0.596994714741887,2.523297098674596,610.3330999976606
10,5,9,"(112.5, 62.5, 0.419239905687106)",0.07638288759655966,735.0316162109375,-0.2000043908591391,2.56307393766171,255.04549999823212
10,5,10,"(112.5, 87.5, 0.5321495904899729)",0.09501477622893864,0.0,-0.4005287165500896,2.519610950718969,588.5481000004802
10,5,11,"(112.5, 112.5, 0.6744671801974309)",0.014563191682098851,0.0,-0.5983022318387091,2.4577327929927595,606.9962000001397
10,5,12,"(112.5, 112.5, 0.6744671801974309)",0.09415307270696696,736.5252685546875,-0.19996527332746197,2.5080889158192265,247.60959999912302
10,5,13,"(112.5, 137.5, 0.8533265268579882)",0.1289176174111808,0.0,-0.40126923789259694,2.4739566215429583,569.0261999989161
10,5,14,"(112.5, 162.5, 1.0772911766684767)",0.022493809461580663,0.0,-0.6017316046178318,2.4215128204339753,605.2543000005244
10,5,15,"(112.5, 162.5, 1.0772911766684767)",0.1320284358926783,736.774169921875,-0.20203506502511312,2.4780040714241767,252.04590000066673
10,5,16,"(112.5, 187.5, 1.356447175660002)",0.2100034688992749,0.0,-0.40835169245932634,2.4527692086889914,576.7259999993257
10,5,17,"(112.5, 212.5, 1.7023465120987893)",0.038012479742360626,0.0,-0.6165005597267124,2.3799880159076894,610.8213999978034
10,5,18,"(112.5, 212.5, 1.7023465120987893)",0.21859268798563503,736.9349365234375,-0.20872731233020936,2.4442468219216784,248.28770000021905
10,5,19,"(112.5, 237.5, 2.1276559796850996)",0.3337435746860446,0.0,-0.42064511376440283,2.366127896680289,573.3209000027273
10,5,20,"(112.5, 262.5, 2.645266895480795)",0.05776998897396454,0.0,-0.6323817509769203,2.170357729729952,606.0214999997697
10,5,21,"(112.5, 262.5, 2.645266895480795)",0.3432988083504059,737.3901977539062,-0.21458117806192276,2.325760065187527,249.64850000105798
10,5,22,"(112.5, 287.5, 3.266470567666104)",0.517767020803447,0.0,-0.43180934057992293,2.180306728715292,574.6391000029689
10,5,23,"(112.5, 312.5, 3.997603125569143)",0.07225995759170996,0.0,-0.6437159879665703,1.7768707792347693,617.1828000005917
10,5,24,"(112.5, 312.5, 3.997603125569143)",0.45976561151204964,738.4749755859375,-0.21626038043755816,1.908164429918586,252.6227000016661
10,5,25,"(112.5, 337.5, 4.834376816244601)",0.6398405714673661,0.0,-0.4334880294918245,1.608124411640804,573.5000999993645
10,5,26,"(112.5, 362.5, 5.753213768936505)",0.05423447986443925,0.0,-0.6238292844949404,1.019545466704496,615.4768000014883
10,5,27,"(112.5, 362.5, 5.753213768936505)",0.43136678201045753,742.2160034179688,-0.20579235361069143,1.3339238330699676,252.38009999884525
10,5,28,"(112.5, 387.5, 6.700045574866817)",0.6114043317898594,0.0,-0.4318962746700885,1.074190587188548,587.9002999972727
10,5,29,"(112.5, 412.5, 7.580708003809701)",0.08864588538805349,0.0,-0.6600273318536108,0.5161266209929545,661.185500001011
10,5,30,"(112.5, 412.5, 7.580708003809701)",0.5256378724977329,750.1788330078125,-0.22618119682216978,0.714585520566918,249.99080000270624
10,5,31,"(137.5, 412.5, 9.458994007438445)",0.7632535114726993,0.0,-0.44380005515267795,0.6642977551899206,576.6255000016827
10,5,32,"(137.5, 437.5, 10.499382396270086)",0.04554286599161296,0.0,-0.7001781650067894,0.19483167305014787,790.0797999973292
10,5,33,"(137.5, 437.5, 10.499382396270086)",0.7466988907270834,748.5520629882812,-0.24350315852431467,0.8038980932028037,251.23760000133188
10,5,34,"(162.5, 437.5, 13.254586740016286)",0.7293555458992977,0.0,-0.4580387171475043,0.4073993876991994,492.26679999992484
10,5,35,"(162.5, 462.5, 14.173358874352427)",0.030112301309898896,0.0,-0.8552615441244508,0.19013027035578758,814.1806000021461
10,5,36,"(162.5, 462.5, 14.173358874352427)",0.6576660412426658,764.3405151367188,-0.2578916166276686,0.5703662430733162,253.44879999829573
10,5,37,"(187.5, 462.5, 18.15511649450833)",0.1691051765686525,0.0,-0.4084092743459057,0.07622671103655762,452.5015999970492
10,6,0,"(12.5, 12.5, 0.18196833376614466)",0.11405453414773893,362.0526428222656,-0.20357661345496705,2.8091498090772458,247.43540000054054
10,6,1,"(37.5, 12.5, 0.20209293496961436)",0.07064680719262793,0.0,-0.3990814852747955,2.7236812599489055,559.8745999996027
10,6,2,"(37.5, 37.5, 0.2538960140809293)",0.011359830697363231,0.0,-0.5963602384158173,2.67601911627875,614.2886000016006
10,6,3,"(37.5, 37.5, 0.2538960140809293)",0.0595924894132326,729.208251953125,-0.19886756313039844,2.694534286176221,250.73990000237245
10,6,4,"(37.5, 62.5, 0.31824704025207695)",0.06732032629975183,0.0,-0.3977643244824497,2.6532966084661447,575.929400001769
10,6,5,"(37.5, 87.5, 0.39785095890575445)",0.009770603229609516,0.0,-0.5945068925733719,2.6002863034208215,611.6999000005308
10,6,6,"(37.5, 87.5, 0.39785095890575445)",0.06936505519543251,732.4443359375,-0.19869968243746264,2.6396528523078264,250.29829999766662
10,6,7,"(37.5, 112.5, 0.49583347937863365)",0.08874598993346133,0.0,-0.398299186247866,2.6074091934435395,571.961999998166
10,6,8,"(62.5, 112.5, 0.556583440432868)",0.011495843529716483,0.0,-0.5962109741912677,2.5531263669890043,611.9682000025932
10,6,9,"(62.5, 112.5, 0.556583440432868)",0.08484415838212035,735.0496826171875,-0.19955552842023377,2.5893826913977103,252.96010000238311
10,6,10,"(62.5, 137.5, 0.695764963091263)",0.11645994372744875,0.0,-0.40027422893528514,2.5552838913172304,580.2659000000858
10,6,11,"(62.5, 162.5, 0.8666422036722684)",0.01713883380096401,0.0,-0.6003849158430412,2.507407105461356,607.686700001068
10,6,12,"(62.5, 162.5, 0.8666422036722684)",0.11863278693954647,735.2581176757812,-0.2016914923302262,2.556361078645384,251.49669999882462
10,6,13,"(87.5, 162.5, 0.9734020271305479)",0.1638160502835826,0.0,-0.40469322031428756,2.5183646874615646,574.5258999995713
10,6,14,"(112.5, 162.5, 1.0772911766684767)",0.026143600543320784,0.0,-0.6053341701710737,2.453103779804985,606.6748000012012
10,6,15,"(112.5, 162.5, 1.0772911766684767)",0.14507204204046278,736.796630859375,-0.20246984356463163,2.4906563525437564,249.71809999988182
10,6,16,"(137.5, 162.5, 1.173168873178471)",0.18541176777751997,0.0,-0.405140531573984,2.4381998150399484,578.5694000005606
10,6,17,"(162.5, 162.5, 1.2554782219517804)",0.026578734318401537,0.0,-0.605230763017348,2.362743352103516,612.522399998852
10,6,18,"(162.5, 162.5, 1.2554782219517804)",0.1537807771219742,737.0565795898438,-0.2023170562937405,2.408062912267462,250.73329999941052
10,6,19,"(187.5, 162.5, 1.3188200407831676)",0.19569482041857353,0.0,-0.4053868674904428,2.351558351598983,573.8383999996586
10,6,20,"(212.5, 162.5, 1.3586399298398657)",0.02883942425250098,0.0,-0.6068997398933447,2.266739014556986,618.991699997423
10,6,21,"(212.5, 162.5, 1.3586399298398657)",0.17666237675533955,737.0938720703125,-0.20384889912627838,2.3232217420339407,247.65730000217445
10,6,22,"(237.5, 162.5, 1.3718954582653125)",0.22877129062057505,0.0,-0.4091782622903904,2.266134484265944,570.801300000312
10,6,23,"(262.5, 162.5, 1.3575429670008718)",0.028156116604814097,0.0,-0.6096984522089168,2.164717060528275,635.8732000007876
10,6,24,"(262.5, 162.5, 1.3575429670008718)",0.18062768429023557,737.1185913085938,-0.20328611048474063,2.2584727489639085,251.06800000139629
10,6,25,"(287.5, 162.5, 1.316711791097397)",0.18104227074494356,0.0,-0.40700944395180744,2.241189841122747,569.9309000010544
10,6,26,"(287.5, 187.5, 1.6846716355053617)",0.030110915501906,0.0,-0.6097209287500549,2.193314660533828,614.0846000016609
10,6,27,"(287.5, 187.5, 1.6846716355053617)",0.19124362345887153,737.1658935546875,-0.20321362284723313,2.307650045476577,251.56669999705628
10,6,28,"(287.5, 212.5, 2.154010388857775)",0.27429710721093026,0.0,-0.4096066333881767,2.3008221273538974,572.9328999987047
10,6,29,"(287.5, 237.5, 2.751681670936008)",0.04324640830361042,0.0,-0.6201467423380336,2.210906962547417,610.203600001114
10,6,30,"(287.5, 237.5, 2.751681670936008)",0.30404255571933114,737.296630859375,-0.2099881975922882,2.36662873479813,251.18550000115647
10,6,31,"(287.5, 262.5, 3.5110384656530513)",0.42466684013726247,0.0,-0.4217156898770739,2.2992645877681,578.0033000010008
10,6,32,"(287.5, 287.5, 4.472629217733303)",0.04874865214032278,0.0,-0.6296270729622288,1.9504459269743353,608.3533999990323
10,6,33,"(287.5, 287.5, 4.472629217733303)",0.4232443356834103,738.5,-0.2104736836932985,2.1083184493723075,248.1907000001229
10,6,34,"(287.5, 312.5, 5.684209381380459)",0.5228746655243042,0.0,-0.4189739754030539,1.796673302261852,574.063500000193
10,6,35,"(287.5, 337.5, 7.198514700667702)",0.05537573496499052,0.0,-0.6204862523195341,1.337393453628118,615.0587999982235
10,6,36,"(287.5, 337.5, 7.198514700667702)",0.5331313511461652,743.3817138671875,-0.20448698152459577,1.4737576393980196,250.91919999977108
10,6,37,"(312.5, 337.5, 6.4720487778634865)",0.6831198867023285,0.0,-0.43136830834039863,1.4650262163125454,599.2053000009037
10,6,38,"(312.5, 362.5, 7.999359988870806)",0.08562167485556244,0.0,-0.6635026480523655,1.2745745724184743,637.4758999991172
10,6,39,"(312.5, 362.5, 7.999359988870806)",0.7241875261460907,742.2217407226562,-0.2165106452193293,1.4762844367719594,254.13800000023912
10,6,40,"(312.5, 387.5, 9.73254467824523)",0.6998012305691239,0.0,-0.42457627245795404,0.9695313310073772,565.1204999994661
10,6,41,"(312.5, 412.5, 11.543004562335339)",0.11124441027642705,0.0,-0.6735809954501505,0.589248585151138,674.5480000026873
10,6,42,"(312.5, 412.5, 11.543004562335339)",0.810274403736726,753.938232421875,-0.2435545290885675,0.7411097826974982,248.36639999921317
10,6,43,"(287.5, 412.5, 13.851283065501828)",0.9357935201811004,0.0,-0.4648723367292106,0.7126106823936547,504.46519999968586
10,6,44,"(262.5, 412.5, 15.847883528411389)",0.1773176789283728,0.0,-0.7605683503532384,0.32573463574641365,705.0844000004872
10,6,45,"(262.5, 412.5, 15.847883528411389)",0.9322183876697727,760.7584228515625,-0.27683075940123436,0.7319625127299504,249.81909999769414
10,6,46,"(262.5, 437.5, 19.691492564685472)",0.24001769160521225,0.0,-0.40622451700781037,0.10997410973701509,526.9979000004241
10,7,0,"(12.5, 12.5, 0.18196833376614466)",0.1121793995669075,362.04345703125,-0.20357661345496708,2.8091497193484396,248.57380000321427
10,7,1,"(12.5, 37.5, 0.22749405581943968)",0.07064838759704836,0.0,-0.39883169136530894,2.7259209040087513,562.5181000032171
10,7,2,"(12.5, 62.5, 0.28363914902845005)",0.008573591709141307,0.0,-0.5958467897595184,2.6804631707014566,605.1855000005162
10,7,3,"(12.5, 62.5, 0.28363914902845005)",0.06609309433579551,547.7855224609375,-0.19856170105127752,2.700637576672919,252.7730999972846
10,7,4,"(37.5, 62.5, 0.31824704025207695)",0.07482154215678928,0.0,-0.3975815726180766,2.6574570163719082,570.375300001615
10,7,5,"(37.5, 87.5, 0.39785095890575445)",0.010309349745515159,0.0,-0.594314303111821,2.603809566815667,605.0684000001638
10,7,6,"(37.5, 87.5, 0.39785095890575445)",0.06863008134049071,732.4422607421875,-0.1987514529201434,2.6410297706438293,250.68459999965853
10,7,7,"(62.5, 87.5, 0.4439050803778254)",0.0962827871604002,0.0,-0.3985017746349897,2.599272536300927,580.7884999994712
10,7,8,"(87.5, 87.5, 0.48924148841142295)",0.012316348652046564,0.0,-0.5962589754677842,2.53777455366513,609.6423000017239
10,7,9,"(87.5, 87.5, 0.48924148841142295)",0.07998948963716171,735.6881103515625,-0.19969553969139828,2.5735118006314153,253.39320000057342
10,7,10,"(87.5, 112.5, 0.6169091202045394)",0.11088221303272774,0.0,-0.39993272508759137,2.5340779773171254,575.7530000009865
10,7,11,"(87.5, 137.5, 0.7760333427861217)",0.014789696782840813,0.0,-0.5982863156455888,2.4796051339177296,612.6567000028444
10,7,12,"(87.5, 137.5, 0.7760333427861217)",0.106994820910608,736.280029296875,-0.20034818145713829,2.5296712271939805,248.51359999956912
10,7,13,"(87.5, 162.5, 0.9734020271305479)",0.1568543663748433,0.0,-0.4033304048118887,2.503234890802413,579.9707999976818
10,7,14,"(87.5, 187.5, 1.2167243398877836)",0.030209839344009715,0.0,-0.6072214330404876,2.4531716631987104,610.5007000005571
10,7,15,"(87.5, 187.5, 1.2167243398877836)",0.15963249156239093,736.3883056640625,-0.2050105329788388,2.5080144417438244,251.00369999927352
10,7,16,"(87.5, 212.5, 1.5144023862066305)",0.25515507341232735,0.0,-0.41537604202061573,2.474717022883524,574.0710999998555
10,7,17,"(87.5, 237.5, 1.8749993990357805)",0.043070117632571944,0.0,-0.6279874222472857,2.3700393394387325,605.7531000005838
10,7,18,"(87.5, 237.5, 1.8749993990357805)",0.2655196890152044,736.5963134765625,-0.2134729088994571,2.448886344038976,251.14340000072843
10,7,19,"(87.5, 262.5, 2.3062152958190487)",0.39064262441096376,0.0,-0.42984850017224535,2.3583617201282463,571.33039999826
10,7,20,"(87.5, 287.5, 2.8131085484191836)",0.06444849570589097,0.0,-0.6429916880247678,2.122215688076265,602.3579000029713
10,7,21,"(87.5, 287.5, 2.8131085484191836)",0.3373341517428382,737.0523071289062,-0.2151922387176538,2.251117396688884,251.56760000027134
10,7,22,"(87.5, 312.5, 3.3952550877786836)",0.45278644129619616,0.0,-0.4334423416097769,2.0408623421412195,571.6936999997415
10,7,23,"(87.5, 337.5, 4.042605949689198)",0.0704562465350085,0.0,-0.6471772068023414,1.631025838388034,630.2364000002854
10,7,24,"(87.5, 337.5, 4.042605949689198)",0.40634097589890433,738.5416870117188,-0.2130380725786125,1.8146886469298193,249.91120000049705
10,7,25,"(112.5, 337.5, 4.834376816244601)",0.5538761323697986,0.0,-0.42522366219726326,1.668342642395446,576.5595999982907
10,7,26,"(137.5, 337.5, 5.675677129206918)",0.06609787046908301,0.0,-0.6301007145430322,1.4330174627240448,606.9291999992856
10,7,27,"(137.5, 337.5, 5.675677129206918)",0.530152868240536,739.8629150390625,-0.2085339145463704,1.6706014234094695,253.3220999976038
10,7,28,"(137.5, 362.5, 6.88289330546234)",0.6106191712368544,0.0,-0.41997406913104307,1.255860992787557,576.4197999997123
10,7,29,"(137.5, 387.5, 8.184609533832969)",0.08015878001847561,0.0,-0.6372474421843659,0.8762578413698767,610.4654000009759
10,7,30,"(137.5, 387.5, 8.184609533832969)",0.6845584714530908,743.0827026367188,-0.22420290111527477,1.159656821821601,247.51130000004196
10,7,31,"(112.5, 387.5, 6.700045574866817)",0.6335805117293883,0.0,-0.4445650413042476,1.0440855885149967,552.742700001545
10,7,32,"(112.5, 412.5, 7.580708003809701)",0.10860096414877868,0.0,-0.6742600046906368,0.6518736166485132,608.6348999997426
10,7,33,"(112.5, 412.5, 7.580708003809701)",0.6250799773615433,743.5093994140625,-0.22376310091344567,1.0923331863130394,252.31050000002142
10,7,34,"(137.5, 412.5, 9.458994007438445)",0.8011777147455843,0.0,-0.44296461611612753,0.74771200139745,577.5910999982443
10,7,35,"(137.5, 437.5, 10.499382396270086)",0.04713065425553566,0.0,-0.7000063483229912,0.2006566290122614,803.5036000001128
10,7,36,"(137.5, 437.5, 10.499382396270086)",0.7522543865901368,748.599853515625,-0.24361644681288125,0.8038819293842365,255.09629999942263
10,7,37,"(162.5, 437.5, 13.254586740016286)",0.7212788789806935,0.0,-0.4580783892633266,0.4075715232396018,490.3441999995266
10,7,38,"(162.5, 462.5, 14.173358874352427)",0.030112301309896256,0.0,-0.8552725696165214,0.19007719092542857,806.5101000029244
10,7,39,"(162.5, 462.5, 14.173358874352427)",0.6438584102057652,764.1693725585938,-0.25790373712479525,0.5703851546578593,251.18279999878723
10,7,40,"(187.5, 462.5, 18.15511649450833)",0.18798304007429278,0.0,-0.40840954795156437,0.07622923395655072,466.7773000001034
10,8,0,"(12.5, 12.5, 0.18196833376614466)",0.11623459599276553,362.0498046875,-0.20357661345496703,2.8091497271653973,247.90950000169687
10,8,1,"(37.5, 12.5, 0.20209293496961436)",0.07272121384384715,0.0,-0.3990814852747955,2.7236812599489055,560.8744999990449
10,8,2,"(37.5, 37.5, 0.2538960140809293)",0.009074111779526628,0.0,-0.5963602384158176,2.676019116278751,612.3509999997623
10,8,3,"(37.5, 37.5, 0.2538960140809293)",0.05950199611090337,729.2139282226562,-0.19886756313039844,2.69453426038104,251.05100000291714
10,8,4,"(37.5, 62.5, 0.31824704025207695)",0.07876208818587829,0.0,-0.3977643244824497,2.653296608466144,579.417500001
10,8,5,"(62.5, 62.5, 0.35313588701570037)",0.009691953659063097,0.0,-0.5949487220158091,2.596896384829705,613.0228000001807
10,8,6,"(62.5, 62.5, 0.35313588701570037)",0.0666579554811653,733.5733642578125,-0.19910699287603253,2.632283496544762,251.62909999926342
10,8,7,"(87.5, 62.5, 0.3872155041735832)",0.08077236796933827,0.0,-0.3990908058363385,2.587778570343459,582.5994999977411
10,8,8,"(112.5, 62.5, 0.419239905687106)",0.012762005130444303,0.0,-0.5969947524928257,2.523297050419098,606.8085000006249
10,8,9,"(112.5, 62.5, 0.419239905687106)",0.07645832877605856,735.0362548828125,-0.2000043808959397,2.563074018063894,253.74979999833158
10,8,10,"(112.5, 87.5, 0.5321495904899729)",0.09971014916425165,0.0,-0.40052872218307356,2.519610866297913,583.6682000008295
10,8,11,"(137.5, 87.5, 0.5707647585841463)",0.013720707347005345,0.0,-0.5989978266835977,2.452963016503021,615.1597000025504
10,8,12,"(137.5, 87.5, 0.5707647585841463)",0.09136782632188226,736.2738037109375,-0.2006092969127484,2.498168024928792,255.4521999991266
10,8,13,"(162.5, 87.5, 0.6032065562571883)",0.11982361624040208,0.0,-0.402286006956205,2.444822813148862,577.728100000968
10,8,14,"(187.5, 87.5, 0.6277479464004823)",0.015083769957225551,0.0,-0.6010125506785559,2.364433717687814,608.8945000010426
10,8,15,"(187.5, 87.5, 0.6277479464004823)",0.1037387365338684,736.3596801757812,-0.20114958063964913,2.41628457780667,250.0849999996717
10,8,16,"(212.5, 87.5, 0.6429935442951963)",0.12312688377604243,0.0,-0.40219379458434046,2.356626073370295,583.5865000008198
10,8,17,"(237.5, 87.5, 0.6480380418535714)",0.015871645261839297,0.0,-0.5988129185965797,2.2712015175800206,612.8390999983822
10,8,18,"(237.5, 87.5, 0.6480380418535714)",0.09746040421878902,736.3555908203125,-0.19971627983395,2.341247655323802,251.92260000039823
10,8,19,"(237.5, 112.5, 0.8320971275868169)",0.13620399358091342,0.0,-0.40135597921520083,2.2901319217901137,573.176699999749
10,8,20,"(237.5, 137.5, 1.0684335817122816)",0.022152140736584013,0.0,-0.6004439577587959,2.2083482063653586,607.8433000002406
10,8,21,"(237.5, 137.5, 1.0684335817122816)",0.14835136179648822,737.055419921875,-0.20169357777236666,2.2803231857577795,248.85720000020228
10,8,22,"(237.5, 162.5, 1.3718954582653125)",0.22070902644789625,0.0,-0.40646768254761423,2.2419737910986317,577.6255999990099
10,8,23,"(262.5, 162.5, 1.3575429670008718)",0.029578680793424832,0.0,-0.6074807276601489,2.160418107181619,608.3187999975053
10,8,24,"(262.5, 162.5, 1.3575429670008718)",0.18065055827164367,737.1660766601562,-0.20315325182660923,2.26537111880968,252.6557999990473
10,8,25,"(287.5, 162.5, 1.316711791097397)",0.18539324252434689,0.0,-0.4073683150218341,2.2460833695114837,577.4535999989894
10,8,26,"(287.5, 187.5, 1.6846716355053617)",0.02911893526713206,0.0,-0.6098778751494066,2.194685025538883,613.0888999978197
10,8,27,"(287.5, 187.5, 1.6846716355053617)",0.19316494871506593,737.1810302734375,-0.20321240948805053,2.3079082874193766,253.02150000061374
10,8,28,"(287.5, 212.5, 2.154010388857775)",0.26703369109065955,0.0,-0.40960396158007123,2.3008157281747303,568.929000000935
10,8,29,"(287.5, 237.5, 2.751681670936008)",0.03980475664142901,0.0,-0.6201469462106202,2.2109044397184086,609.7488999985217
10,8,30,"(287.5, 237.5, 2.751681670936008)",0.3060870763661855,737.2946166992188,-0.2099885892410083,2.36662806560238,252.5628000003053
10,8,31,"(287.5, 262.5, 3.5110384656530513)",0.4253381170138723,0.0,-0.4217157044590385,2.2992644098162005,579.3931999978668
10,8,32,"(287.5, 287.5, 4.472629217733303)",0.05093359947205251,0.0,-0.6296271214827357,1.950446081893034,610.1823999997578
10,8,33,"(287.5, 287.5, 4.472629217733303)",0.4252138987937914,738.4615478515625,-0.21047369241769495,2.108318450781127,253.635299999587
10,8,34,"(287.5, 312.5, 5.684209381380459)",0.5354503966666381,0.0,-0.41897398469679076,1.7966733284603906,586.0905999979877
10,8,35,"(287.5, 337.5, 7.198514700667702)",0.050892988840739894,0.0,-0.6204862586149679,1.3373934707609316,620.5684000015026
10,8,36,"(287.5, 337.5, 7.198514700667702)",0.5318312995112393,743.4175415039062,-0.20448698230773504,1.4737576314403544,249.37839999984135
10,8,37,"(312.5, 337.5, 6.4720487778634865)",0.6886386006164504,0.0,-0.431368310035162,1.4650262283398467,603.7817999967956
10,8,38,"(312.5, 362.5, 7.999359988870806)",0.08831000328064013,0.0,-0.6635026480523656,1.2745745724184743,643.5702000017045
10,8,39,"(312.5, 362.5, 7.999359988870806)",0.7241086371907701,742.2513427734375,-0.2165106452193293,1.4762844298823345,252.70330000057584
10,8,40,"(312.5, 387.5, 9.73254467824523)",0.7004436389631936,0.0,-0.42457627245795404,0.9695313310073773,571.964000002481
10,8,41,"(312.5, 412.5, 11.543004562335339)",0.11519691348075768,0.0,-0.6735809954501506,0.5892485851511381,670.8317000011448
10,8,42,"(312.5, 412.5, 11.543004562335339)",0.8091292526019305,753.4314575195312,-0.24355452908856748,0.7411098435734941,259.99510000110604
10,8,43,"(287.5, 412.5, 13.851283065501828)",0.9013457840738669,0.0,-0.46487233672921063,0.7126106823936547,503.7573000008706
10,8,44,"(262.5, 412.5, 15.847883528411389)",0.17854958772658658,0.0,-0.7605683503532386,0.32573463574641365,708.3382000018901
10,8,45,"(262.5, 412.5, 15.847883528411389)",0.9316028086605979,761.1537475585938,-0.27683075940123447,0.7319625058548788,250.52159999904688
10,8,46,"(262.5, 437.5, 19.691492564685472)",0.23825025453314075,0.0,-0.40622451700781037,0.10997410939088882,529.9708000020473
10,9,0,"(12.5, 12.5, 0.18196833376614466)",0.11410307616335275,362.0421142578125,-0.20357661345496705,2.8091497813917883,254.78300000031595
10,9,1,"(12.5, 37.5, 0.22749405581943968)",0.07668697388485744,0.0,-0.3988316913653088,2.7259209040087504,560.9210000002349
10,9,2,"(12.5, 62.5, 0.28363914902845005)",0.008963803450272968,0.0,-0.5958467897595182,2.680463170701456,612.4358999986725
10,9,3,"(12.5, 62.5, 0.28363914902845005)",0.06598576815629134,547.7899169921875,-0.19856170105127754,2.700637583460152,253.27000000106636
10,9,4,"(37.5, 62.5, 0.31824704025207695)",0.07552171485615643,0.0,-0.3975815726180766,2.6574570163719087,577.0067999983439
10,9,5,"(62.5, 62.5, 0.35313588701570037)",0.009720404942832567,0.0,-0.5947569411204915,2.5992171931418486,604.4382000000041
10,9,6,"(62.5, 62.5, 0.35313588701570037)",0.0686093531731332,733.560546875,-0.19914617227332942,2.632627804628447,249.1641000015079
10,9,7,"(87.5, 62.5, 0.3872155041735832)",0.08401444158921574,0.0,-0.3990905215381124,2.587755227513642,577.8389999977662
10,9,8,"(87.5, 87.5, 0.48924148841142295)",0.012242995202540827,0.0,-0.5964144525779228,2.528092183582385,608.0005000003439
10,9,9,"(87.5, 87.5, 0.48924148841142295)",0.07926909926328529,735.69091796875,-0.19949297186442413,2.5706603155088783,253.69970000247122
10,9,10,"(112.5, 87.5, 0.5321495904899729)",0.1053999900450752,0.0,-0.40019219066103556,2.5246511478981097,576.6623000017717
10,9,11,"(137.5, 87.5, 0.5707647585841463)",0.012732939173785023,0.0,-0.598727077743135,2.455623841074069,605.426099999022
10,9,12,"(137.5, 87.5, 0.5707647585841463)",0.09200694719032718,736.2587280273438,-0.20066931593196363,2.498103082389561,250.57459999879939
10,9,13,"(162.5, 87.5, 0.6032065562571883)",0.11742679724135485,0.0,-0.40226659619634697,2.444565624199853,586.3169000003836
10,9,14,"(187.5, 87.5, 0.6277479464004823)",0.016059537728639082,0.0,-0.60100022623616,2.3643467396246485,606.2949999977718
10,9,15,"(187.5, 87.5, 0.6277479464004823)",0.10345469416259682,736.357666015625,-0.20114843531009954,2.4162290710373098,255.36739999733982
10,9,16,"(212.5, 87.5, 0.6429935442951963)",0.13382324980985677,0.0,-0.40219191654969344,2.3566052098164354,574.2190999990271
10,9,17,"(237.5, 87.5, 0.6480380418535714)",0.013575118035087869,0.0,-0.5988122524257119,2.2711960084303553,615.6795000024431
10,9,18,"(237.5, 87.5, 0.6480380418535714)",0.09850781922519299,736.3426513671875,-0.19971620260368303,2.341245242351308,253.870000000461
10,9,19,"(237.5, 112.5, 0.8320971275868169)",0.13995984102267534,0.0,-0.40135592820872035,2.2901312427124823,583.1047000028775
10,9,20,"(237.5, 137.5, 1.0684335817122816)",0.020121132334092438,0.0,-0.600443942362675,2.2083481019888502,613.5566999982984
10,9,21,"(237.5, 137.5, 1.0684335817122816)",0.14686063262694832,737.0301513671875,-0.20169357379944136,2.2803231375787485,249.1522000018449
10,9,22,"(237.5, 162.5, 1.3718954582653125)",0.2160568499654143,0.0,-0.4064676786791256,2.2419737736829446,586.6476000010152
10,9,23,"(237.5, 187.5, 1.761548008038559)",0.031492210924635666,0.0,-0.6094992570255712,2.174500417516841,607.68779999853
10,9,24,"(237.5, 187.5, 1.761548008038559)",0.21833943757888702,737.2560424804688,-0.20484280283887876,2.3009663541664587,252.3354000004474
10,9,25,"(262.5, 187.5, 1.7415094379554124)",0.25968274357394816,0.0,-0.41216594892416303,2.280111751055091,575.0974000002316
10,9,26,"(287.5, 187.5, 1.6846716355053617)",0.03552746772762688,0.0,-0.6139558567517447,2.189555877565119,647.5336999974388
10,9,27,"(287.5, 187.5, 1.6846716355053617)",0.20253795025761898,737.1544799804688,-0.2034801878504692,2.3078656163424363,254.18530000024475
10,9,28,"(312.5, 187.5, 1.5958170587390115)",0.20693463714874724,0.0,-0.40645476147556064,2.2917039079345742,577.5482999997621
10,9,29,"(312.5, 212.5, 2.0303276744152)",0.03429802258808943,0.0,-0.611448139428061,2.2332090493990053,618.4534000021813
10,9,30,"(312.5, 212.5, 2.0303276744152)",0.22335168014980186,737.1461791992188,-0.20561790094991925,2.349204532321541,248.83129999943776
10,9,31,"(312.5, 237.5, 2.5784026504198194)",0.3273505217352026,0.0,-0.41615110404637323,2.3238273506319485,572.978600001079
10,9,32,"(312.5, 262.5, 3.266470567666104)",0.04934620857240962,0.0,-0.6268489815079162,2.13411210488226,608.0605999995896
10,9,33,"(312.5, 262.5, 3.266470567666104)",0.3553600382402472,737.6481323242188,-0.21148031803700648,2.2873978445125274,251.2105000023439
10,9,34,"(312.5, 287.5, 4.124508633098295)",0.5174956993525157,0.0,-0.42217292988397914,2.0970728364631284,577.5049000003492
10,9,35,"(312.5, 312.5, 5.183930710700896)",0.06129637857277199,0.0,-0.6275139236790838,1.7082749169306568,608.4431000017503
10,9,36,"(312.5, 312.5, 5.183930710700896)",0.4997278915320885,739.3110961914062,-0.2107356196522927,1.8908569180365997,250.00770000042394
10,9,37,"(312.5, 337.5, 6.4720487778634865)",0.6499709663621972,0.0,-0.42728119979900114,1.6367609253455573,576.5347000015026
10,9,38,"(312.5, 362.5, 7.999359988870806)",0.07527669270834497,0.0,-0.6395701688205332,1.2197025335969007,624.1872999999032
10,9,39,"(312.5, 362.5, 7.999359988870806)",0.6709760931410148,744.0629272460938,-0.21166244566717055,1.3317129587582777,253.67809999806923
10,9,40,"(312.5, 387.5, 9.73254467824523)",0.6996814186617153,0.0,-0.42211519077838333,0.9300066680141061,565.132599997014
10,9,41,"(312.5, 412.5, 11.543004562335339)",0.11185190081597737,0.0,-0.6729311850917153,0.5837433666141763,676.835199999914
10,9,42,"(312.5, 412.5, 11.543004562335339)",0.8132119909631392,753.9466552734375,-0.24348820684710593,0.740791688355863,263.8265000023239
10,9,43,"(287.5, 412.5, 13.851283065501828)",0.9249927420338481,0.0,-0.46488427535988386,0.7128246073722327,509.721599999466
10,9,44,"(262.5, 412.5, 15.847883528411389)",0.1734068195025194,0.0,-0.7605677071363921,0.3257259840835582,714.4904999986466
10,9,45,"(262.5, 412.5, 15.847883528411389)",0.9351384526741727,760.8272705078125,-0.2768320208090242,0.7319641808770394,251.88530000013998
10,9,46,"(262.5, 437.5, 19.691492564685472)",0.2120166286873601,0.0,-0.4062245375736446,0.10997430585393564,531.0161999987031
10,0,0,"(137.5, 362.5, 6.88289330546234)",0.7743934446965135,739.8368530273438,-0.22205261736513476,1.8996657699695778,252.9757000011159
10,0,1,"(112.5, 362.5, 5.753213768936505)",0.5418479375376601,0.0,-0.42657168284494146,1.5257932106977585,551.7156999994768
10,0,2,"(112.5, 337.5, 4.834376816244601)",0.03382242967686275,0.0,-0.6361403158045327,1.2434552759341075,621.8890000018291
10,0,3,"(112.5, 337.5, 4.834376816244601)",0.4277170978110095,739.7882690429688,-0.21130272535643901,1.580346453972993,246.2626000015007
10,0,4,"(112.5, 312.5, 3.997603125569143)",0.44881802768013035,0.0,-0.42621950867092173,1.583279109357462,609.1841000015847
10,0,5,"(112.5, 287.5, 3.266470567666104)",0.029750322302207238,0.0,-0.6295349730714596,1.3289069688015316,605.8338999973785
10,0,6,"(112.5, 287.5, 3.266470567666104)",0.3273184388270275,738.003662109375,-0.20329037540043068,1.9175992099850665,250.91539999993984
10,0,7,"(112.5, 312.5, 3.997603125569143)",0.5061513291310904,0.0,-0.4255089794764127,1.9062379742515012,575.4561000030662
10,0,8,"(112.5, 337.5, 4.834376816244601)",0.0940927366415371,0.0,-0.6452281756568365,1.431378880928954,607.907300000079
10,0,9,"(112.5, 337.5, 4.834376816244601)",0.5340112184928076,739.8499145507812,-0.2159689596922998,1.6253134130994646,252.8469999997469
10,0,10,"(112.5, 362.5, 5.753213768936505)",0.49560446627405397,0.0,-0.41890622191668203,1.30462833661491,567.2935000002326
10,0,11,"(112.5, 387.5, 6.700045574866817)",0.07825143138570138,0.0,-0.6435127684716699,0.9076988930664706,616.7931999989378
10,0,12,"(112.5, 387.5, 6.700045574866817)",0.5218284322946627,743.81298828125,-0.22586552698763535,1.0771505992398256,251.35660000159987
10,0,13,"(112.5, 412.5, 7.580708003809701)",0.7008427296428512,0.0,-0.44825837983419836,0.7089640012868212,570.7792999965022
10,0,14,"(112.5, 437.5, 8.264048786739911)",0.05496349930752892,0.0,-0.6768201481407449,0.17335591674401032,606.0650999970676
10,0,15,"(112.5, 437.5, 8.264048786739911)",0.5013317398942205,751.3382568359375,-0.23501460140303698,0.7027916973488213,247.2025000024587
10,0,16,"(137.5, 437.5, 10.499382396270086)",0.6520592875411071,0.0,-0.4264194407818496,0.6696450549288921,565.2432999995654
10,0,17,"(162.5, 437.5, 13.254586740016286)",0.0796832342942558,0.0,-0.6447256576865293,0.28245418718618986,636.8715999997221
10,0,18,"(162.5, 437.5, 13.254586740016286)",0.5785795031017743,764.311279296875,-0.2403522119829167,0.41039778052831033,248.03930000052787
10,0,19,"(162.5, 462.5, 14.173358874352427)",0.8417363916991913,0.0,-0.5980226251332477,0.46322469948262146,573.3726999969804
10,0,20,"(187.5, 462.5, 18.15511649450833)",0.041976332664485534,0.0,-0.7454578254381299,0.21187218935740187,728.367800002161
10,0,21,"(187.5, 462.5, 18.15511649450833)",0.23059243186645798,797.2066650390625,-0.20827274639040128,0.14125721887183046,246.11540000114474
10,1,0,"(137.5, 362.5, 6.88289330546234)",0.7800421486397461,739.6700439453125,-0.22205261736513476,1.8996658041294265,246.93560000014259
10,1,1,"(162.5, 362.5, 8.044975170611863)",0.7443795809095486,0.0,-0.4326019490972459,1.500222185045581,577.2269000008237
10,1,2,"(187.5, 362.5, 9.103110310900643)",0.07621892293293153,0.0,-0.636505253005312,1.0044145752270308,598.5374000010779
10,1,3,"(187.5, 362.5, 9.103110310900643)",0.6974019737846225,746.3058471679688,-0.2083189864950658,1.164251094962108,247.3734000013792
10,1,4,"(187.5, 387.5, 11.364582883745452)",0.6150125367743484,0.0,-0.41855407915460907,0.8497931386674451,564.5074999993085
10,1,5,"(212.5, 387.5, 12.56601886791643)",0.041591977079705654,0.0,-0.6143054246828805,0.45185978672682275,651.7539999986184
10,1,6,"(212.5, 387.5, 12.56601886791643)",0.5968293978724425,756.7803955078125,-0.20223324554885252,0.6886396743072273,246.9474999998056
10,1,7,"(237.5, 387.5, 13.016039592385813)",0.7267290756110476,0.0,-0.4201113793433982,0.4303237156351185,570.0343999997131
10,1,8,"(237.5, 362.5, 10.136936791802604)",0.002634983199334661,0.0,-0.6155545141079745,0.04683629279564675,634.5961000006355
10,1,9,"(237.5, 362.5, 10.136936791802604)",0.3532166635953058,755.7740478515625,-0.20626394428978856,0.5891813799391047,248.73180000213324
10,1,10,"(262.5, 362.5, 9.841761282285685)",0.4988971491023144,0.0,-0.4259510096885325,0.7529393468960025,605.7953000017733
10,1,11,"(262.5, 387.5, 12.530028997518446)",0.024159843722981505,0.0,-0.6401531003117246,0.5032648235853739,611.3070999999763
10,1,12,"(262.5, 387.5, 12.530028997518446)",0.4895362841547198,759.289306640625,-0.2084616473281683,0.6907434267870528,247.26119999832008
10,1,13,"(262.5, 412.5, 15.847883528411389)",0.5138455259941475,0.0,-0.4026261482956398,0.3764396929226219,517.0571999988169
10,1,14,"(287.5, 412.5, 13.851283065501828)",0.1943038900693274,0.0,-0.7680567283287218,0.3070523671403542,711.6597000022011
10,1,15,"(287.5, 412.5, 13.851283065501828)",0.8893032581532296,756.8140869140625,-0.32784673811828086,0.6121122419167792,248.86699999842676
10,1,16,"(287.5, 437.5, 16.365669713099226)",0.9440713254634729,0.0,-0.5243696822972772,0.4526500155854396,519.3351999987499
10,1,17,"(262.5, 437.5, 19.691492564685472)",0.011067166924502986,0.0,-0.8063849524796823,0.1729426099292814,770.0173999983235
10,1,18,"(262.5, 437.5, 19.691492564685472)",0.2864079276976927,784.86279296875,-0.20803471038217977,0.18255521151178133,249.89170000117156
10,1,19,"(237.5, 437.5, 21.459341898515387)",0.08784797115319652,0.0,-0.6603106974303742,0.13879065527008363,500.42559999928926
10,2,0,"(137.5, 362.5, 6.88289330546234)",0.7809561925257222,739.955322265625,-0.22205261736513476,1.8996657532678907,245.47069999971427
10,2,1,"(137.5, 387.5, 8.184609533832969)",0.808675081375038,0.0,-0.44704262592654087,1.3495462670338692,572.3680999981298
10,2,2,"(112.5, 387.5, 6.700045574866817)",0.07378243406613333,0.0,-0.6602732308209359,1.0566406847632925,681.1189999971248
10,2,3,"(112.5, 387.5, 6.700045574866817)",0.5653959258495062,740.390380859375,-0.22117433192041155,1.3110698934305336,252.60070000149426
10,2,4,"(112.5, 412.5, 7.580708003809701)",0.7684980105465163,0.0,-0.45406796172019526,0.9158674909077087,567.6480000001902
10,2,5,"(137.5, 412.5, 9.458994007438445)",0.08205543955166537,0.0,-0.6694785278620463,0.42650920295728045,607.74709999896
10,2,6,"(137.5, 412.5, 9.458994007438445)",0.689025336975515,748.5341186523438,-0.22675170368076975,0.7658013081267208,250.97879999884753
10,2,7,"(137.5, 437.5, 10.499382396270086)",0.9305086274961004,0.0,-0.4841172789075971,0.7338347722859985,571.8572000005224
10,2,8,"(162.5, 437.5, 13.254586740016286)",0.11680858333905556,0.0,-0.7333588388552613,0.31632531420656407,698.3290999996825
10,2,9,"(162.5, 437.5, 13.254586740016286)",0.7052605099652308,760.8265380859375,-0.24969455906619828,0.4953684734507783,248.64290000186884
10,2,10,"(162.5, 462.5, 14.173358874352427)",0.889244623734053,0.0,-0.60540483442059,0.4654954185797854,564.4036999983655
10,2,11,"(187.5, 462.5, 18.15511649450833)",0.034444130957134986,0.0,-0.7443816692637775,0.2118317834618858,729.0054000004602
10,2,12,"(187.5, 462.5, 18.15511649450833)",0.23988789601475138,797.8959350585938,-0.20831128534896265,0.14232465961051585,255.71150000178022
10,3,0,"(137.5, 362.5, 6.88289330546234)",0.7746197354951923,739.7572021484375,-0.2220526173651348,1.8996658096499122,248.58790000143927
10,3,1,"(137.5, 387.5, 8.184609533832969)",0.7950534113651813,0.0,-0.44704262592654087,1.3495462670338692,560.0520000007236
10,3,2,"(112.5, 387.5, 6.700045574866817)",0.08121990164119662,0.0,-0.6602732308209358,1.0566406847632923,670.738299999357
10,3,3,"(112.5, 387.5, 6.700045574866817)",0.564568129194337,740.3073120117188,-0.2211743319204115,1.311069880588542,249.22130000049947
10,3,4,"(112.5, 412.5, 7.580708003809701)",0.7840332924212019,0.0,-0.4540679617201953,0.9158674909077087,564.7943999974814
10,3,5,"(137.5, 412.5, 9.458994007438445)",0.07198654611908982,0.0,-0.6694785278620463,0.4265092029572805,609.8311999994621
10,3,6,"(137.5, 412.5, 9.458994007438445)",0.6903590152090895,748.3943481445312,-0.22675170368076977,0.7658013369484737,248.4985000010056
10,3,7,"(137.5, 437.5, 10.499382396270086)",0.9316579277897216,0.0,-0.48411727890759704,0.7338347727197331,564.7148000025481
10,3,8,"(162.5, 437.5, 13.254586740016286)",0.11809850732485407,0.0,-0.7333588388552612,0.316325314206564,707.5987999996869
10,3,9,"(162.5, 437.5, 13.254586740016286)",0.7049291184902953,760.9540405273438,-0.24969455906619825,0.4953684542460568,250.85160000162432
10,3,10,"(187.5, 437.5, 16.502195647044346)",0.7560953322566086,0.0,-0.5402745872294143,0.372251171510015,567.375999999058
10,3,11,"(187.5, 462.5, 18.15511649450833)",5.152930198819675e-07,0.0,-0.9641785231567055,0.002521720328329443,623.4648000026937
10,3,12,"(187.5, 462.5, 18.15511649450833)",0.6845767255029023,772.0851440429688,-0.39860838576845276,0.38329798117647995,360.5122000008123
10,4,0,"(137.5, 362.5, 6.88289330546234)",0.7738703514680759,739.7774047851562,-0.2220526173651348,1.899665783884153,257.1100999994087
10,4,1,"(112.5, 362.5, 5.753213768936505)",0.5486930109266612,0.0,-0.42657168284494146,1.5257932106977583,551.7396000032022
10,4,2,"(112.5, 337.5, 4.834376816244601)",0.038789960245287296,0.0,-0.6361403158045327,1.243455275934108,615.5478000000585
10,4,3,"(112.5, 337.5, 4.834376816244601)",0.42993436185638495,739.8648071289062,-0.21130272535643901,1.5803464341395925,249.20850000125938
10,4,4,"(112.5, 312.5, 3.997603125569143)",0.4549653291626698,0.0,-0.42621950867092173,1.583279109357462,606.4436999986356
10,4,5,"(112.5, 287.5, 3.266470567666104)",0.03291429579257887,0.0,-0.6295349730714596,1.3289069688015311,603.387200000725
10,4,6,"(112.5, 287.5, 3.266470567666104)",0.3194785123207274,738.0603637695312,-0.20329037540043068,1.9175992266470245,248.53710000024876
10,4,7,"(112.5, 312.5, 3.997603125569143)",0.5121458676521056,0.0,-0.4255089794764127,1.906237974251501,573.8216999998258
10,4,8,"(112.5, 337.5, 4.834376816244601)",0.09153760472933481,0.0,-0.6452281756568364,1.431378880928954,604.095700000471
10,4,9,"(112.5, 337.5, 4.834376816244601)",0.5324953711596314,739.7670288085938,-0.2159689596922998,1.6253134413235037,248.92130000080215
10,4,10,"(112.5, 362.5, 5.753213768936505)",0.49257966972215983,0.0,-0.4189062219166821,1.30462833661491,567.6682000012079
10,4,11,"(112.5, 387.5, 6.700045574866817)",0.07935213049254679,0.0,-0.64351276847167,0.9076988930664707,610.9432999983255
10,4,12,"(112.5, 387.5, 6.700045574866817)",0.5232295231350405,743.7681274414062,-0.22586552698763535,1.0771506455306876,247.48619999809307
10,4,13,"(112.5, 412.5, 7.580708003809701)",0.6958126261307367,0.0,-0.44825837983419836,0.7089640012868212,569.8167000009562
10,4,14,"(112.5, 437.5, 8.264048786739911)",0.028593768676155165,0.0,-0.6768201481407449,0.17335591674401032,599.2589000015869
10,4,15,"(112.5, 437.5, 8.264048786739911)",0.4963829275931766,751.2656860351562,-0.23501460140303695,0.7027916769382271,250.18379999892204
10,4,16,"(137.5, 437.5, 10.499382396270086)",0.6463706987811285,0.0,-0.4264194407818496,0.6696450552573401,564.3147000009776
10,4,17,"(162.5, 437.5, 13.254586740016286)",0.08126100897788578,0.0,-0.6447256576865295,0.28245418718618986,630.502299998625
10,4,18,"(162.5, 437.5, 13.254586740016286)",0.5851141227900305,763.7891235351562,-0.2403522119829167,0.4103977377002441,246.92620000132592
10,4,19,"(162.5, 462.5, 14.173358874352427)",0.8334020195615556,0.0,-0.5980226251332477,0.46322469912147896,569.0786000013759
10,4,20,"(187.5, 462.5, 18.15511649450833)",0.04555674393971137,0.0,-0.7454578254381298,0.21187218935740182,720.2367999998387
10,4,21,"(187.5, 462.5, 18.15511649450833)",0.23774514186390902,797.1288452148438,-0.20827274639040128,0.14125727646897263,247.4201000004541
10,5,0,"(137.5, 362.5, 6.88289330546234)",0.7753178803973496,739.8928833007812,-0.22205261736513474,1.8996657737786997,252.28640000204905
10,5,1,"(112.5, 362.5, 5.753213768936505)",0.5366533538067847,0.0,-0.4265716828449413,1.5257932106977583,540.6074000020453
10,5,2,"(112.5, 337.5, 4.834376816244601)",0.03485255688429555,0.0,-0.6361403158045326,1.2434552759341075,605.7113999995636
10,5,3,"(112.5, 337.5, 4.834376816244601)",0.42427173822346254,739.8956298828125,-0.21130272535643896,1.5803464925482809,246.4929999987362
10,5,4,"(112.5, 312.5, 3.997603125569143)",0.4680959319692496,0.0,-0.4262195086709218,1.583279109357462,602.3138999989897
10,5,5,"(112.5, 287.5, 3.266470567666104)",0.0329060306151581,0.0,-0.6295349730714597,1.3289069688015318,601.950799999031
10,5,6,"(112.5, 287.5, 3.266470567666104)",0.3281192797527314,738.0734252929688,-0.20329037540043068,1.9175992282573537,248.9659999992
10,5,7,"(112.5, 262.5, 2.645266895480795)",0.36369675283871583,0.0,-0.4209376320077709,2.0977944131080277,602.5354000012157
10,5,8,"(112.5, 237.5, 2.1276559796850996)",0.04195701579252364,0.0,-0.6377472226407115,2.0272314850323956,688.0648000005749
10,5,9,"(112.5, 237.5, 2.1276559796850996)",0.2862736752831339,737.2130737304688,-0.20768662674138613,2.3217196410357808,249.58450000121957
10,5,10,"(112.5, 212.5, 1.7023465120987893)",0.26636935551544594,0.0,-0.4154439605902125,2.3298131919808864,570.1629999966826
10,5,11,"(137.5, 212.5, 1.8800807210840746)",0.03966630995270923,0.0,-0.6222442433539693,2.252825113134017,597.0353000011528
10,5,12,"(137.5, 212.5, 1.8800807210840746)",0.24260400352193254,737.2086791992188,-0.20620486002543773,2.4009119711988234,247.19850000110455
10,5,13,"(162.5, 212.5, 2.0359929489759456)",0.29916432625128186,0.0,-0.4143380219054436,2.355514743460311,567.7567000020645
10,5,14,"(187.5, 212.5, 2.1581048160551872)",0.03966482480367854,0.0,-0.6166815108771536,2.24574786909931,599.0537000034237
10,5,15,"(187.5, 212.5, 2.1581048160551872)",0.2606665013162245,737.2520141601562,-0.20572616208760447,2.3726788468421254,247.24339999738731
10,5,16,"(212.5, 212.5, 2.2358312589572185)",0.32116056524609105,0.0,-0.4144047438262204,2.3470388648115983,586.021899998741
10,5,17,"(237.5, 212.5, 2.261871450534782)",0.042127033074674934,0.0,-0.61793136594116,2.2479689482939103,637.3550999996951
10,5,18,"(237.5, 212.5, 2.261871450534782)",0.26993678108322067,737.1884765625,-0.20497595930246476,2.370340183939529,248.44319999829168
10,5,19,"(262.5, 212.5, 2.2336800277132602)",0.33407741170872696,0.0,-0.4143695518930973,2.3593585038308684,563.930899999832
10,5,20,"(287.5, 212.5, 2.154010388857775)",0.03840645154318212,0.0,-0.618889621554318,2.2599823789109057,649.1931000018667
10,5,21,"(287.5, 212.5, 2.154010388857775)",0.2610984424035209,737.146240234375,-0.2050481190744956,2.363478927292176,246.3169000002381
10,5,22,"(312.5, 212.5, 2.0303276744152)",0.2894558986638493,0.0,-0.4114502183086822,2.3273558854459826,567.0468999996956
10,5,23,"(337.5, 212.5, 1.8733097780882446)",0.03573163102067943,0.0,-0.6152672341118888,2.2508009155301143,637.5162000003911
10,5,24,"(337.5, 212.5, 1.8733097780882446)",0.22005530060030776,737.1414184570312,-0.20526969010038645,2.366027015258738,245.00020000050426
10,5,25,"(337.5, 237.5, 2.3610390308062064)",0.33457216958696256,0.0,-0.41599927746629284,2.327021216382272,567.6763999981631
10,5,26,"(337.5, 262.5, 2.964249814698708)",0.04931346575424141,0.0,-0.6283564697823996,2.1586912876833195,596.3007999998808
10,5,27,"(337.5, 262.5, 2.964249814698708)",0.3488114428112391,737.4669799804688,-0.21258640796832418,2.316538582212831,247.27160000111326
10,5,28,"(337.5, 287.5, 3.7025046815464644)",0.49353641231807854,0.0,-0.4238342619005649,2.133337573458883,564.5137999999861
10,5,29,"(337.5, 312.5, 4.592532186196013)",0.08345683415729488,0.0,-0.6405775998142748,1.7507632376463016,594.0555999986827
10,5,30,"(337.5, 312.5, 4.592532186196013)",0.542328217223214,738.8757934570312,-0.21863993860335137,1.9104099563143626,249.97430000075838
10,5,31,"(337.5, 337.5, 5.641752186721501)",0.6053263668277659,0.0,-0.4245503751684492,1.6277722717287013,566.7331000004197
10,5,32,"(337.5, 362.5, 6.836404624384365)",0.07073028882343897,0.0,-0.6354995419776662,1.20849385249737,599.1480000011506
10,5,33,"(337.5, 362.5, 6.836404624384365)",0.6270983525791125,741.2819213867188,-0.2142493657522416,1.417066598492937,247.06460000015795
10,5,34,"(362.5, 362.5, 5.709929773131825)",0.7308588917779082,0.0,-0.46702763178043327,1.5329382459337357,567.0563000021502
10,5,35,"(387.5, 362.5, 4.6920389042223976)",0.045496558149656925,0.0,-0.6338896382658218,1.1101013644918374,596.0439000009501
10,5,36,"(387.5, 362.5, 4.6920389042223976)",0.41308627017423283,739.5360107421875,-0.20727307646796678,1.549371695648461,246.00529999952414
10,5,37,"(387.5, 337.5, 4.012520353342856)",0.5728561244716437,0.0,-0.446671444556154,1.686846377326683,605.2082000023802
10,5,38,"(387.5, 312.5, 3.371997408476144)",0.04794058700404225,0.0,-0.6639870126278754,1.4352382280585367,757.4117000003753
10,5,39,"(387.5, 312.5, 3.371997408476144)",0.3681352579240601,738.1741333007812,-0.20738856905947783,1.8881390902616277,247.9583000022103
10,5,40,"(387.5, 287.5, 2.795360823982221)",0.3831905130894102,0.0,-0.42394825332884,2.017904520703888,606.2778000014077
10,5,41,"(387.5, 262.5, 2.2927863351327353)",0.05132430295148186,0.0,-0.6444529608692222,1.957292741926286,733.9926999993622
10,5,42,"(387.5, 262.5, 2.2927863351327353)",0.3114673607983169,737.2685546875,-0.2089193657659133,2.3074060688851206,248.70340000052238
10,5,43,"(387.5, 237.5, 1.86489266876442)",0.3424100384123583,0.0,-0.42215361168592447,2.328828419619524,571.6974999995728
10,5,44,"(387.5, 212.5, 1.5068207512166414)",0.030664140979464783,0.0,-0.6277592744397557,2.2217167907830584,642.6887000015995
10,5,45,"(387.5, 212.5, 1.5068207512166414)",0.2074450770722522,736.9501342773438,-0.20560804226835158,2.4181789297868006,248.5990999994101
10,5,46,"(362.5, 212.5, 1.6949517469263145)",0.26137989688344193,0.0,-0.41395483569939173,2.394579427762443,568.1792000032146
10,5,47,"(362.5, 237.5, 2.1176379791076854)",0.04340479771297893,0.0,-0.6230706673038545,2.2979997280599855,602.0183000000543
10,5,48,"(362.5, 237.5, 2.1176379791076854)",0.2715216587967528,737.1925659179688,-0.21003510271867457,2.3924915323616034,248.09069999901112
10,5,49,"(362.5, 262.5, 2.6317000424023482)",0.3916758743741724,0.0,-0.42368841541658125,2.316824918342532,566.6001999998116
10,5,50,"(362.5, 287.5, 3.2481324511568093)",0.06948765118918744,0.0,-0.6423303124018233,2.0794755796957083,598.5705000020971
10,5,51,"(362.5, 287.5, 3.2481324511568093)",0.4179263846240049,737.6163330078125,-0.21879429684672372,2.217797193918777,245.4031000015675
10,5,52,"(362.5, 312.5, 3.972924796908688)",0.5969293502739165,0.0,-0.4360355231757367,1.9932162308550818,567.2799000021769
10,5,53,"(362.5, 337.5, 4.801447242030367)",0.06163040796919796,0.0,-0.6399126335908202,1.508091755717519,600.1734999990731
10,5,54,"(362.5, 337.5, 4.801447242030367)",0.472939305465814,738.9889526367188,-0.21281957982011815,1.6800049463848168,247.64580000191927
10,5,55,"(362.5, 362.5, 5.709929773131825)",0.7149353578426092,0.0,-0.4414350499809373,1.4206581323381815,566.2976999992679
10,5,56,"(362.5, 387.5, 6.644563227708976)",0.07653579612570888,0.0,-0.6453754486001811,0.8714079289139828,608.9479000002029
10,5,57,"(362.5, 387.5, 6.644563227708976)",0.6287203032700901,741.0750122070312,-0.2165986987434721,1.20582865400405,249.99319999915315
10,5,58,"(337.5, 387.5, 8.122025837780313)",0.7305012674747683,0.0,-0.4326429517095484,1.1066953954790006,566.9546999997692
10,5,59,"(312.5, 387.5, 9.73254467824523)",0.06100187202295403,0.0,-0.6234740850596272,0.736153606959428,603.255199999694
10,5,60,"(312.5, 387.5, 9.73254467824523)",0.6397896502748797,749.050048828125,-0.21364586035652305,0.9708628614093807,249.8966000021028
10,5,61,"(287.5, 387.5, 11.306348749090457)",1.1630465436907622,0.0,-0.48691332635551765,0.8815555649250169,569.7091000001819
10,5,62,"(287.5, 412.5, 13.851283065501828)",0.13480780522030048,0.0,-0.7811978587699049,0.4219436854634552,615.1629000014509
10,5,63,"(287.5, 412.5, 13.851283065501828)",0.800493477007261,759.9005126953125,-0.241300359742177,0.629431906091063,246.61390000255778
10,5,64,"(287.5, 437.5, 16.365669713099226)",0.8852978299703614,0.0,-0.5031043259233301,0.39873712556935004,529.012099999818
10,5,65,"(262.5, 437.5, 19.691492564685472)",0.015938217441233166,0.0,-0.8139100099503627,0.14198093049256932,756.4676000001782
10,5,66,"(262.5, 437.5, 19.691492564685472)",0.2845816664519457,787.3548583984375,-0.20796772820888418,0.17617214660544364,250.12019999849144
10,5,67,"(237.5, 437.5, 21.459341898515387)",0.07183173093293257,0.0,-0.6594020560985469,0.14019954366494128,502.7358000006643
10,6,0,"(137.5, 362.5, 6.88289330546234)",0.7708796881477766,739.9324951171875,-0.22205261736513474,1.8996657796937237,246.6921999985061
10,6,1,"(137.5, 387.5, 8.184609533832969)",0.8067978790440213,0.0,-0.447042625926541,1.3495462670338694,565.872400002263
10,6,2,"(112.5, 387.5, 6.700045574866817)",0.07421325643856971,0.0,-0.6602732308209359,1.0566406847632928,669.3773000006331
10,6,3,"(112.5, 387.5, 6.700045574866817)",0.5661126703740267,740.548095703125,-0.22117433192041153,1.311069847936826,248.3914000004006
10,6,4,"(112.5, 412.5, 7.580708003809701)",0.7587686143172586,0.0,-0.45406796172019526,0.9158674909077087,567.2868000001472
10,6,5,"(137.5, 412.5, 9.458994007438445)",0.07909873127939507,0.0,-0.6694785278620462,0.4265092029572804,605.6310999993002
10,6,6,"(137.5, 412.5, 9.458994007438445)",0.693465328529311,748.8927612304688,-0.22675170368076977,0.7658013306404832,247.49599999995553
10,6,7,"(137.5, 437.5, 10.499382396270086)",0.9329393054665279,0.0,-0.48411727890759704,0.7338347726635148,567.5846000012825
10,6,8,"(162.5, 437.5, 13.254586740016286)",0.1180755396683992,0.0,-0.7333588388552613,0.31632531420656407,694.2347999975027
10,6,9,"(162.5, 437.5, 13.254586740016286)",0.7077536727503403,760.3646240234375,-0.24969455906619828,0.4953685088381628,246.06599999970058
10,6,10,"(162.5, 462.5, 14.173358874352427)",0.8997928228315983,0.0,-0.6054048344205901,0.4654954186816229,568.9700000002631
10,6,11,"(187.5, 462.5, 18.15511649450833)",0.04197633266449034,0.0,-0.7443816692637778,0.2118317834618859,725.1474000004237
10,6,12,"(187.5, 462.5, 18.15511649450833)",0.23577551159226243,797.409912109375,-0.20831128534896265,0.14232464173484716,249.88420000227052
10,7,0,"(137.5, 362.5, 6.88289330546234)",0.7847124662410375,739.9049682617188,-0.22205261736513474,1.8996657494893936,248.96689999877708
10,7,1,"(137.5, 387.5, 8.184609533832969)",0.7723946466654745,0.0,-0.44704262592654087,1.349546267033869,568.7319999997271
10,7,2,"(112.5, 387.5, 6.700045574866817)",0.07367419203122479,0.0,-0.6602732308209358,1.0566406847632925,655.9670999995433
10,7,3,"(112.5, 387.5, 6.700045574866817)",0.5636159179253971,740.5851440429688,-0.22117433192041155,1.3110699089929878,250.0127999992401
10,7,4,"(112.5, 412.5, 7.580708003809701)",0.7779846285645197,0.0,-0.45406796172019526,0.9158674909077087,568.1178999984695
10,7,5,"(137.5, 412.5, 9.458994007438445)",0.08212068676949416,0.0,-0.6694785278620463,0.4265092029572805,608.1021999998484
10,7,6,"(137.5, 412.5, 9.458994007438445)",0.6888344092624019,748.587890625,-0.22675170368076975,0.7658013661848292,246.97379999997793
10,7,7,"(137.5, 437.5, 10.499382396270086)",0.9341607329506942,0.0,-0.48411727890759704,0.7338347728205153,567.8239000008034
10,7,8,"(162.5, 437.5, 13.254586740016286)",0.11760299404462153,0.0,-0.7333588388552614,0.3163253142065642,695.0990000004822
10,7,9,"(162.5, 437.5, 13.254586740016286)",0.7023468121518375,760.7195434570312,-0.24969455906619828,0.49536846742107066,246.71930000113207
10,7,10,"(162.5, 462.5, 14.173358874352427)",0.8904608502168381,0.0,-0.6054048344205901,0.4654954184482857,560.6593999982579
10,7,11,"(187.5, 462.5, 18.15511649450833)",0.035736677547318615,0.0,-0.7443816692637777,0.21183178346188591,718.7655999987328
10,7,12,"(187.5, 462.5, 18.15511649450833)",0.2364694256499111,797.5942993164062,-0.20831128534896262,0.14232461862121307,248.76539999968372
10,8,0,"(137.5, 362.5, 6.88289330546234)",0.7777131421686502,739.8043212890625,-0.2220526173651348,1.8996657981243346,245.99270000180695
10,8,1,"(137.5, 337.5, 5.675677129206918)",0.5977790250227184,0.0,-0.44086933905863335,1.5118435644163923,556.243999999424
10,8,2,"(162.5, 337.5, 6.503826249283008)",0.07505011061825641,0.0,-0.6489633094999941,1.2387790005967447,601.7627000001085
10,8,3,"(162.5, 337.5, 6.503826249283008)",0.6187931905445023,739.726318359375,-0.21295153362959304,1.725353032803456,247.34900000112248
10,8,4,"(162.5, 362.5, 8.044975170611863)",0.6959330197677865,0.0,-0.4267314143122647,1.3331903829768963,571.2069000001065
10,8,5,"(162.5, 387.5, 9.797797492156253)",0.06444383660952928,0.0,-0.6301544810158615,0.7951508348255713,601.0120999999344
10,8,6,"(162.5, 387.5, 9.797797492156253)",0.6556729072563925,749.2157592773438,-0.2137323485390933,0.9694581542156034,247.6886000004015
10,8,7,"(162.5, 412.5, 11.634380720059667)",0.8602493665866178,0.0,-0.4507039951783586,0.6431636357249273,576.5303999978642
10,8,8,"(187.5, 412.5, 13.941569591049829)",0.013827695200847999,0.0,-0.6416114824076652,0.0675216607549277,627.5749000014912
10,8,9,"(187.5, 412.5, 13.941569591049829)",0.3773405394077232,781.5359497070312,-0.2102535684035102,0.3177915189431586,247.5226999995357
10,8,10,"(187.5, 437.5, 16.502195647044346)",0.48867145694129127,0.0,-0.47550435212042247,0.1794911021014344,531.2314000002516
10,8,11,"(212.5, 437.5, 19.809611758762614)",1.5264959074556824e-08,0.0,-0.6758385856341013,1.3136360655996391e-05,602.2307000021101
10,8,12,"(212.5, 437.5, 19.809611758762614)",0.05449421673831028,853.1973876953125,-0.20156089208222924,0.03218539122308948,245.07850000009057
10,9,0,"(137.5, 362.5, 6.88289330546234)",0.7758113189825129,739.7750854492188,-0.22205261736513476,1.8996658005496514,246.38380000033067
10,9,1,"(137.5, 387.5, 8.184609533832969)",0.7960918871113176,0.0,-0.447042625926541,1.3495462670338692,563.8521000000765
10,9,2,"(112.5, 387.5, 6.700045574866817)",0.07261322935423435,0.0,-0.6602732308209359,1.0566406847632925,664.1286999984004
10,9,3,"(112.5, 387.5, 6.700045574866817)",0.5659111939875325,740.5283203125,-0.2211743319204115,1.3110699426669996,247.52779999835184
10,9,4,"(112.5, 412.5, 7.580708003809701)",0.7627054947171877,0.0,-0.4540679617201953,0.9158674909077088,571.1475999996765
10,9,5,"(137.5, 412.5, 9.458994007438445)",0.08538026611009511,0.0,-0.6694785278620463,0.42650920295728045,604.5376000001852
10,9,6,"(137.5, 412.5, 9.458994007438445)",0.6856630576031529,748.3770141601562,-0.22675170368076977,0.7658013735978842,246.67279999994207
10,9,7,"(137.5, 437.5, 10.499382396270086)",0.9374010838843034,0.0,-0.48411727890759704,0.7338347723204891,565.4420999999274
10,9,8,"(162.5, 437.5, 13.254586740016286)",0.11587986350059692,0.0,-0.7333588388552615,0.3163253142065642,699.0482000001066
10,9,9,"(162.5, 437.5, 13.254586740016286)",0.7070287533611964,760.6361694335938,-0.24969455906619825,0.49536851897717316,248.88020000071265
10,9,10,"(162.5, 462.5, 14.173358874352427)",0.925172340172892,0.0,-0.6054048344205902,0.4654954189943747,565.2819000024465
10,9,11,"(187.5, 462.5, 18.15511649450833)",0.052389820416756716,0.0,-0.7443816692637777,0.2118317834618859,716.1680000026536
10,9,12,"(187.5, 462.5, 18.15511649450833)",0.24325201944717062,797.1143798828125,-0.20831128534896265,0.14232475733232924,249.97110000185785
10,0,0,"(487.5, 487.5, 2.4370033062802148)",0.5250532544486779,362.4747314453125,-0.25422876019952084,2.6527068153217077,247.93140000110725
10,0,1,"(487.5, 462.5, 2.446737931289699)",0.47748837750985534,0.0,-0.44384332208125843,2.189390359982174,547.2090000002936
10,0,2,"(462.5, 462.5, 3.1411719247664083)",0.06118694941199798,0.0,-0.6461897418451901,1.8610108968730708,602.803199999471
10,0,3,"(462.5, 462.5, 3.1411719247664083)",0.3741260033222705,730.6663818359375,-0.21310395195972462,1.9791317050786676,249.66420000055223
10,0,4,"(437.5, 462.5, 4.032539977718922)",0.4807068355329188,0.0,-0.43251638736320114,1.7009004298324903,569.4962000015948
10,0,5,"(412.5, 462.5, 5.176557100199439)",0.057899489998804635,0.0,-0.6505962104126707,1.4262901156061176,609.1144000019995
10,0,6,"(412.5, 462.5, 5.176557100199439)",0.40470873480690767,735.542236328125,-0.2250321528790335,1.5171875712337097,246.62810000154423
10,0,7,"(387.5, 462.5, 6.644563227708976)",0.5181419392230566,0.0,-0.440383983720317,1.1819426669302873,570.5576000000292
10,0,8,"(387.5, 437.5, 6.419652941837749)",0.07715307672818396,0.0,-0.6821555371578355,1.102533060964836,681.4420000009704
10,0,9,"(387.5, 437.5, 6.419652941837749)",0.49512995646003277,739.1961059570312,-0.21776690204268928,1.312433562249554,248.53759999678005
10,0,10,"(387.5, 412.5, 5.968521653217249)",0.528325075977365,0.0,-0.4367993181958915,1.2320642995144475,571.7880000011064
10,0,11,"(387.5, 387.5, 5.365977503075057)",0.036442230145130844,0.0,-0.6334927895675898,0.8090234923542127,661.417999999685
10,0,12,"(387.5, 387.5, 5.365977503075057)",0.36024099278528027,741.3504638671875,-0.20504883140316207,1.2622381307867887,249.10409999938565
10,0,13,"(387.5, 362.5, 4.6920389042223976)",0.5187442346428013,0.0,-0.43015614462827934,1.3355872068599768,568.7915000016801
10,0,14,"(387.5, 337.5, 4.012520353342856)",0.08193232119082332,0.0,-0.6606748420676488,1.1400294943809546,620.673599998554
10,0,15,"(387.5, 337.5, 4.012520353342856)",0.4774823247008064,738.6383666992188,-0.21864884622796002,1.6993706013252055,248.66219999967143
10,0,16,"(387.5, 312.5, 3.371997408476144)",0.4187674369424864,0.0,-0.42817736917060056,1.7991112145260166,592.9369999976188
10,0,17,"(387.5, 287.5, 2.795360823982221)",0.04543250302474078,0.0,-0.6415952587326752,1.6357714256864402,630.8423000009498
10,0,18,"(387.5, 287.5, 2.795360823982221)",0.34324538866789445,737.663330078125,-0.21014261715085306,2.1248561684807634,248.9586000010604
10,0,19,"(387.5, 262.5, 2.2927863351327353)",0.3618080080283671,0.0,-0.42664342908454256,2.2429204168207426,578.4023000014713
10,0,20,"(387.5, 237.5, 1.86489266876442)",0.04082178572815699,0.0,-0.6400851240404861,2.1342030629336946,633.1600000012259
10,0,21,"(387.5, 237.5, 1.86489266876442)",0.2745650547081256,737.072998046875,-0.2080388249350647,2.3761949229300203,250.0365999985661
10,0,22,"(387.5, 212.5, 1.5068207512166414)",0.25207343697520457,0.0,-0.4172877171897903,2.3794752710782174,570.1736000009987
10,0,23,"(362.5, 212.5, 1.6949517469263145)",0.034808161358044085,0.0,-0.6238856507331796,2.3125739066849604,601.9688999986101
10,0,24,"(362.5, 212.5, 1.6949517469263145)",0.22074393929760472,737.0960083007812,-0.20608952340983858,2.4117294371025233,254.1915000001609
10,0,25,"(337.5, 212.5, 1.8733097780882446)",0.2751347820834838,0.0,-0.4124368097127904,2.358924840909557,572.7282000007108
10,0,26,"(312.5, 212.5, 2.0303276744152)",0.03506318728129789,0.0,-0.6147175259619081,2.2630585849751013,604.6208999978262
10,0,27,"(312.5, 212.5, 2.0303276744152)",0.24060430717989825,737.232421875,-0.2052003298269554,2.3667112578627716,252.1601999978884
10,0,28,"(312.5, 237.5, 2.5784026504198194)",0.3184035545648451,0.0,-0.4157900855094435,2.3298785571413156,567.9655999992974
10,0,29,"(312.5, 262.5, 3.266470567666104)",0.054033041000363456,0.0,-0.6272943280240375,2.1397513231992926,597.7956000024278
10,0,30,"(312.5, 262.5, 3.266470567666104)",0.35175384472032856,737.6298828125,-0.211523481705254,2.2909013089586683,245.94689999867114
10,0,31,"(312.5, 287.5, 4.124508633098295)",0.49955667802455883,0.0,-0.4222237142026724,2.0982485889654674,567.5150999995822
10,0,32,"(312.5, 312.5, 5.183930710700896)",0.05474264919759221,0.0,-0.6275298119478258,1.7084529417244512,602.0993000020098
10,0,33,"(312.5, 312.5, 5.183930710700896)",0.49709774996987954,739.295654296875,-0.21073845032586544,1.8908663969388926,251.95479999820236
10,0,34,"(312.5, 337.5, 6.4720487778634865)",0.6636747192205712,0.0,-0.427280996885572,1.6367576508453485,578.420300000289
10,0,35,"(312.5, 362.5, 7.999359988870806)",0.08093285560606656,0.0,-0.6395700431052951,1.2196996258870696,612.1206999996502
10,0,36,"(312.5, 362.5, 7.999359988870806)",0.6670978403985629,744.012939453125,-0.21166245495643002,1.3317131457986093,247.25869999747374
10,0,37,"(337.5, 362.5, 6.836404624384365)",0.7127284571986077,0.0,-0.45964121240397826,1.4542174153634935,572.2248000020045
10,0,38,"(362.5, 362.5, 5.709929773131825)",0.07216954231260758,0.0,-0.658705676073551,1.1918212570076527,612.7000999986194
10,0,39,"(362.5, 362.5, 5.709929773131825)",0.5195912592967818,741.1642456054688,-0.21065088489693296,1.3908546481487403,247.800000001007
10,0,40,"(362.5, 337.5, 4.801447242030367)",0.542883634757018,0.0,-0.4487696883228472,1.5499353728921468,605.8062999982212
10,0,41,"(362.5, 312.5, 3.972924796908688)",0.0347436269124411,0.0,-0.647328672628104,1.2208091198776903,600.8600999994087
10,0,42,"(362.5, 312.5, 3.972924796908688)",0.3754926462817174,738.310302734375,-0.20496364539169176,1.7046726784070452,248.08860000121058
10,0,43,"(362.5, 287.5, 3.2481324511568093)",0.4394232172625856,0.0,-0.4238952778693741,1.8863830188124544,606.5521000018634
10,0,44,"(362.5, 262.5, 2.6317000424023482)",0.04063765207928145,0.0,-0.6383853869098084,1.7753279592071176,616.6119000008621
10,0,45,"(362.5, 262.5, 2.6317000424023482)",0.31552630061154746,737.491943359375,-0.20523956719779923,2.2144041165280166,249.38040000051842
10,0,46,"(362.5, 287.5, 3.2481324511568093)",0.47547362076469135,0.0,-0.4273983415419004,2.2068684924950834,566.3824000002933
10,0,47,"(362.5, 312.5, 3.972924796908688)",0.08330392837524514,0.0,-0.6506046036022669,1.86247254602398,615.2517999980773
10,0,48,"(362.5, 312.5, 3.972924796908688)",0.49637385723647715,738.19189453125,-0.2185023109361226,2.0039434372878033,249.45189999925788
10,0,49,"(362.5, 337.5, 4.801447242030367)",0.5287813823651868,0.0,-0.42498461625316797,1.6666082917646377,571.3126000009652
10,0,50,"(362.5, 362.5, 5.709929773131825)",0.08526682853702969,0.0,-0.6499326753944543,1.2288822283323066,604.2884000016784
10,0,51,"(362.5, 362.5, 5.709929773131825)",0.6220731090573444,739.6426391601562,-0.2254964478702118,1.4296961948842926,247.16569999873172
10,0,52,"(362.5, 387.5, 6.644563227708976)",0.7099411888443585,0.0,-0.43680971979084593,1.1674926733833704,568.4051999996882
10,0,53,"(387.5, 387.5, 5.365977503075057)",0.037719756364816975,0.0,-0.6640330322521237,1.1739729777426848,759.2043000004196
10,0,54,"(387.5, 387.5, 5.365977503075057)",0.39977973446354187,739.8577270507812,-0.20374375571668407,1.5126379035764423,250.83599999925354
10,0,55,"(387.5, 362.5, 4.6920389042223976)",0.5244856760300355,0.0,-0.4340226097176037,1.4455420105386212,612.5547000010556
10,0,56,"(387.5, 337.5, 4.012520353342856)",0.08452662825581989,0.0,-0.6641493819176115,1.178848440046219,619.873199997528
10,0,57,"(387.5, 337.5, 4.012520353342856)",0.477942730777081,738.5965576171875,-0.21876986586156222,1.7076938900354819,247.7106999976968
10,0,58,"(387.5, 312.5, 3.371997408476144)",0.41537681414697475,0.0,-0.4281147095439858,1.7988858888998356,594.4198999968648
10,0,59,"(387.5, 287.5, 2.795360823982221)",0.04421863456567123,0.0,-0.6415722684683609,1.6355231977943072,633.1613000002108
10,0,60,"(387.5, 287.5, 2.795360823982221)",0.34558606944321857,737.6719970703125,-0.21014389897369198,2.1248070924624045,250.5581000004895
10,0,61,"(387.5, 262.5, 2.2927863351327353)",0.37867552553704326,0.0,-0.4266439830416109,2.242917299558811,576.2896000014734
10,0,62,"(387.5, 237.5, 1.86489266876442)",0.04826537271337771,0.0,-0.640085172008777,2.134202853704974,635.5270000021846
10,0,63,"(387.5, 237.5, 1.86489266876442)",0.27562443089739164,737.1778564453125,-0.20803881550787934,2.3761946659557833,247.87279999873135
10,0,64,"(362.5, 237.5, 2.1176379791076854)",0.3384860089847233,0.0,-0.4195567208273359,2.362743228456951,574.2905000006431
10,0,65,"(362.5, 262.5, 2.6317000424023482)",0.05109445254007627,0.0,-0.6295967759036339,2.2252859672000027,604.8238000003039
10,0,66,"(362.5, 262.5, 2.6317000424023482)",0.31337327046710034,737.3016357421875,-0.20960738907970058,2.3537526035344487,248.152600001049
10,0,67,"(362.5, 287.5, 3.2481324511568093)",0.5058107716743006,0.0,-0.4300808980655901,2.21337572971115,569.6984999995038
10,0,68,"(362.5, 312.5, 3.972924796908688)",0.08008646965030956,0.0,-0.6491301148890296,1.8496974568284328,612.5840000022436
10,0,69,"(362.5, 312.5, 3.972924796908688)",0.49768819736446546,738.2286987304688,-0.21831908141918616,1.997400278521728,251.40640000245185
10,1,0,"(487.5, 487.5, 2.4370033062802148)",0.5283760652585698,362.512451171875,-0.2542287601995209,2.652706814957314,249.15909999981523
10,1,1,"(487.5, 462.5, 2.446737931289699)",0.45870524576283356,0.0,-0.4438433220812582,2.1893903598381983,545.7199000011315
10,1,2,"(462.5, 462.5, 3.1411719247664083)",0.05867640177409067,0.0,-0.6461897418451901,1.8610108968730714,602.1237000022666
10,1,3,"(462.5, 462.5, 3.1411719247664083)",0.37552929309610117,730.528076171875,-0.21310395195972456,1.97913172157778,249.46920000002137
10,1,4,"(437.5, 462.5, 4.032539977718922)",0.4708477143792644,0.0,-0.432516387363201,1.700900429740204,570.9775000032096
10,1,5,"(412.5, 462.5, 5.176557100199439)",0.05390168726445092,0.0,-0.6505962104126707,1.4262901156061176,615.5302000006486
10,1,6,"(412.5, 462.5, 5.176557100199439)",0.40340367186556875,735.4122924804688,-0.2250321528790335,1.5171875556736076,249.35580000237678
10,1,7,"(387.5, 462.5, 6.644563227708976)",0.5160916252816912,0.0,-0.4403839837203169,1.1819426668407227,569.6276000016951
10,1,8,"(387.5, 437.5, 6.419652941837749)",0.07722992698354579,0.0,-0.6821555371578355,1.1025330609648363,683.2555000000866
10,1,9,"(387.5, 437.5, 6.419652941837749)",0.485897360122211,739.220703125,-0.21776690204268928,1.3124335913373,250.61460000142688
10,1,10,"(387.5, 412.5, 5.968521653217249)",0.5468897148139191,0.0,-0.43679931819589146,1.2320642995144475,571.4552000026742
10,1,11,"(387.5, 387.5, 5.365977503075057)",0.036599506934488095,0.0,-0.6334927895675897,0.8090234923542126,666.7974000010872
10,1,12,"(387.5, 387.5, 5.365977503075057)",0.36248719806846036,741.4886474609375,-0.20504883140316202,1.2622381279227408,252.72929999846383
10,1,13,"(387.5, 362.5, 4.6920389042223976)",0.5322704603969548,0.0,-0.43015614462827934,1.3355872068599768,569.3796999985352
10,1,14,"(387.5, 337.5, 4.012520353342856)",0.08034342030683822,0.0,-0.6606748420676491,1.1400294943809548,645.8420000017213
10,1,15,"(387.5, 337.5, 4.012520353342856)",0.47936019601323687,738.5818481445312,-0.21864884622796,1.6993706032223368,275.32179999980144
10,1,16,"(387.5, 312.5, 3.371997408476144)",0.42573345437435506,0.0,-0.42817736917060056,1.7991112145260166,598.8862999984121
10,1,17,"(387.5, 287.5, 2.795360823982221)",0.039505178729724436,0.0,-0.6415952587326752,1.6357714256864406,627.809999998135
10,1,18,"(387.5, 287.5, 2.795360823982221)",0.3404675040838513,737.6533813476562,-0.21014261715085303,2.1248561663772936,251.86289999692235
10,1,19,"(387.5, 262.5, 2.2927863351327353)",0.36447365836344475,0.0,-0.42664342908454245,2.2429204168207426,567.4816999999166
10,1,20,"(387.5, 237.5, 1.86489266876442)",0.04521456857522586,0.0,-0.6400851240404862,2.1342030629336946,640.3309000015724
10,1,21,"(387.5, 237.5, 1.86489266876442)",0.2760913791697528,737.1514892578125,-0.2080388249350647,2.3761949177728594,249.14519999947515
10,1,22,"(387.5, 212.5, 1.5068207512166414)",0.24889828028725314,0.0,-0.4172877171897903,2.3794752710782174,571.1386000002676
10,1,23,"(362.5, 212.5, 1.6949517469263145)",0.03682661304870455,0.0,-0.6238856507331798,2.3125739066849604,617.5591000028362
10,1,24,"(362.5, 212.5, 1.6949517469263145)",0.22151761177934318,737.0897827148438,-0.20608952340983858,2.411729427359444,250.388299999031
10,1,25,"(362.5, 237.5, 2.1176379791076854)",0.32971569538519985,0.0,-0.4194152844288162,2.3654850380318506,575.9365000012622
10,1,26,"(362.5, 262.5, 2.6317000424023482)",0.06434162457779893,0.0,-0.6327449418052601,2.21138848248506,598.3903000014834
10,1,27,"(362.5, 262.5, 2.6317000424023482)",0.32704612215231293,737.407958984375,-0.21227368284279108,2.3343478321940165,249.29250000059255
10,1,28,"(362.5, 287.5, 3.2481324511568093)",0.5020263702366704,0.0,-0.4299232756360578,2.1960088314876107,573.5131000001275
10,1,29,"(362.5, 312.5, 3.972924796908688)",0.0879533290862945,0.0,-0.6483362225929534,1.839434451870763,623.4408000018448
10,1,30,"(362.5, 312.5, 3.972924796908688)",0.5000054472335597,738.2922973632812,-0.21818819372599227,1.995387199979683,250.62550000075134
10,1,31,"(362.5, 337.5, 4.801447242030367)",0.5407275487349301,0.0,-0.42490715177557203,1.6645615364767015,574.7980999985884
10,1,32,"(362.5, 362.5, 5.709929773131825)",0.09413814544677591,0.0,-0.6499246335740035,1.2286526994995843,608.4116000020003
10,1,33,"(362.5, 362.5, 5.709929773131825)",0.6207518691462066,739.6978759765625,-0.2254944105229254,1.4296658865190837,247.84429999999702
10,1,34,"(362.5, 387.5, 6.644563227708976)",0.6853244663078404,0.0,-0.4368097226841379,1.1674891580051534,566.0104000016872
10,1,35,"(387.5, 387.5, 5.365977503075057)",0.038546750942866664,0.0,-0.6640330081975347,1.1739715743293941,761.4916999991692
10,1,36,"(387.5, 387.5, 5.365977503075057)",0.39812107367024574,739.8707885742188,-0.20374375953135038,1.5126377208671518,252.15639999805717
10,1,37,"(387.5, 362.5, 4.6920389042223976)",0.5175040899279281,0.0,-0.43402261390385727,1.4455419592597136,606.0749999996915
10,1,38,"(387.5, 337.5, 4.012520353342856)",0.08185666302839704,0.0,-0.6641493959250239,1.1788484874769836,612.631699998019
10,1,39,"(387.5, 337.5, 4.012520353342856)",0.4793361396488727,738.54443359375,-0.21876985802003934,1.7076937949625446,251.37439999889466
10,1,40,"(387.5, 312.5, 3.371997408476144)",0.4309577467624135,0.0,-0.42811470172956234,1.798885894535801,609.1964000006556
10,1,41,"(387.5, 287.5, 2.795360823982221)",0.04430923362573467,0.0,-0.6415722605650993,1.6355231892840083,655.8807000001252
10,1,42,"(387.5, 287.5, 2.795360823982221)",0.3410658484845901,737.5988159179688,-0.21014390311519573,2.1248070770533913,248.72160000086296
10,1,43,"(387.5, 262.5, 2.2927863351327353)",0.3687481711105247,0.0,-0.4266439903551451,2.2429173403637273,574.1803999990225
10,1,44,"(387.5, 237.5, 1.86489266876442)",0.04261342187724047,0.0,-0.6400851707959493,2.1342027971516924,632.923999997729
10,1,45,"(387.5, 237.5, 1.86489266876442)",0.2776947510746016,737.1712646484375,-0.20803882623065945,2.3761946424849345,248.72279999908642
10,1,46,"(387.5, 212.5, 1.5068207512166414)",0.24475467133416556,0.0,-0.41728769675923305,2.3794752653459934,569.1718000016408
10,1,47,"(362.5, 212.5, 1.6949517469263145)",0.03412827104329862,0.0,-0.6238856624611007,2.3125739795362517,607.1785999993153
10,1,48,"(362.5, 212.5, 1.6949517469263145)",0.22294075047220932,737.1278076171875,-0.20608951803257414,2.4117294166507945,251.10769999810145
10,1,49,"(362.5, 237.5, 2.1176379791076854)",0.3297098953321732,0.0,-0.41941529508069464,2.3654850179167246,570.0529999994615
10,1,50,"(362.5, 262.5, 2.6317000424023482)",0.05387465159102899,0.0,-0.632744937394028,2.2113884711620497,609.9771000008332
10,1,51,"(362.5, 262.5, 2.6317000424023482)",0.3293286774979313,737.4054565429688,-0.2122736786882937,2.3343478610842365,250.99609999961103
10,1,52,"(362.5, 287.5, 3.2481324511568093)",0.5106101585217846,0.0,-0.4299232781248915,2.1960088336295702,576.3022999999521
10,1,53,"(362.5, 312.5, 3.972924796908688)",0.08057554562889217,0.0,-0.6483362225929535,1.8394344518707635,625.0743000018701
10,1,54,"(362.5, 312.5, 3.972924796908688)",0.4986851686302544,738.2847290039062,-0.21818819372599227,1.9953871724754022,252.86599999890313
10,1,55,"(362.5, 337.5, 4.801447242030367)",0.5598184959295951,0.0,-0.424907151775572,1.6645615364767015,575.0885999987077
10,1,56,"(362.5, 362.5, 5.709929773131825)",0.08847490946453448,0.0,-0.6499246335740035,1.2286526994995843,612.6041999996232
10,1,57,"(362.5, 362.5, 5.709929773131825)",0.6174835512203811,739.6691284179688,-0.22549441052292543,1.4296658652364949,251.84919999810518
10,1,58,"(362.5, 387.5, 6.644563227708976)",0.7067703778215844,0.0,-0.43680972268413787,1.1674891580051534,572.3937000002479
10,1,59,"(387.5, 387.5, 5.365977503075057)",0.039096782604855274,0.0,-0.6640330081975347,1.173971574329394,764.1321000010066
10,1,60,"(387.5, 387.5, 5.365977503075057)",0.4008136462018513,739.7713623046875,-0.20374375953135035,1.5126377043908439,252.3540000001958
10,1,61,"(387.5, 362.5, 4.6920389042223976)",0.538528625348129,0.0,-0.43402261390385716,1.4455419592597134,613.4476000006543
10,1,62,"(387.5, 337.5, 4.012520353342856)",0.08605497082072133,0.0,-0.6641493959250238,1.1788484874769833,620.5521999982011
10,1,63,"(387.5, 337.5, 4.012520353342856)",0.4801248632661649,738.5071411132812,-0.21876985802003932,1.7076938067378993,250.94659999740543
10,1,64,"(387.5, 312.5, 3.371997408476144)",0.42700159870268023,0.0,-0.4281147017295624,1.798885894535801,594.3474000014248
10,1,65,"(387.5, 287.5, 2.795360823982221)",0.047614112496350086,0.0,-0.6415722605650994,1.6355231892840085,631.3162000005832
10,1,66,"(387.5, 287.5, 2.795360823982221)",0.3356632805320749,737.6563720703125,-0.21014390311519576,2.1248070732519513,248.31869999979972
10,1,67,"(387.5, 262.5, 2.2927863351327353)",0.379062167849857,0.0,-0.4266439903551451,2.2429173403637273,571.699100000842
10,1,68,"(387.5, 237.5, 1.86489266876442)",0.045519664883594275,0.0,-0.6400851707959493,2.134202797151692,635.1083000008657
10,1,69,"(387.5, 237.5, 1.86489266876442)",0.2733622291210239,737.1137084960938,-0.20803882623065945,2.3761946373563467,257.9856000011205
10,2,0,"(487.5, 487.5, 2.4370033062802148)",0.5230885724962219,362.4683837890625,-0.2542287601995209,2.6527068982865365,249.06560000090394
10,2,1,"(487.5, 462.5, 2.446737931289699)",0.4805012907900322,0.0,-0.44384332208125826,2.189390359889357,545.0821999984328
10,2,2,"(462.5, 462.5, 3.1411719247664083)",0.0609741210937233,0.0,-0.6461897418451902,1.8610108968730716,608.8194999974803
10,2,3,"(462.5, 462.5, 3.1411719247664083)",0.37218648439130797,730.5455932617188,-0.2131039519597246,1.9791316723657735,250.37819999852218
10,2,4,"(437.5, 462.5, 4.032539977718922)",0.4745988832143242,0.0,-0.4325163873632011,1.7009004296401247,570.1774999979534
10,2,5,"(437.5, 437.5, 3.9290738535618197)",0.052956531445194334,0.0,-0.6389016761808547,1.4766915190781098,620.5274000021745
10,2,6,"(437.5, 437.5, 3.9290738535618197)",0.3654778594838653,735.8089599609375,-0.2072403733381764,1.6778717059279198,260.7547000006889
10,2,7,"(437.5, 412.5, 3.7158125367455015)",0.4419591768194386,0.0,-0.4237968406420374,1.6381854402096432,568.3607999999367
10,2,8,"(437.5, 387.5, 3.41874755045311)",0.03797414898874996,0.0,-0.6282528547068512,1.411949175546591,725.2086000007694
10,2,9,"(437.5, 387.5, 3.41874755045311)",0.31763663893979827,736.7698974609375,-0.20237888838336057,1.7781587686296227,249.01110000064364
10,2,10,"(437.5, 362.5, 3.0693002026442198)",0.4221712249721219,0.0,-0.41911491169189374,1.8337935055536982,590.5567999980121
10,2,11,"(437.5, 337.5, 2.697731893066704)",0.053726529081643506,0.0,-0.6364194945112234,1.711488907085545,751.131400000304
10,2,12,"(437.5, 337.5, 2.697731893066704)",0.34990741010126647,736.2460327148438,-0.2122326058542631,2.130147269282846,247.23680000170134
10,2,13,"(437.5, 312.5, 2.3288409680820936)",0.38478384868277027,0.0,-0.4276301799649892,2.193617391775091,568.6301000023377
10,2,14,"(437.5, 287.5, 1.9802988879790537)",0.046555295586579254,0.0,-0.6401722301250127,2.0912263703612557,680.2800000004936
10,2,15,"(437.5, 287.5, 1.9802988879790537)",0.27742337996473787,735.7877197265625,-0.2068130522311262,2.371166036151732,249.68749999970896
10,2,16,"(437.5, 262.5, 1.6629239389874948)",0.31376199993167636,0.0,-0.42113220480994606,2.38791006501051,577.0634000000427
10,2,17,"(412.5, 262.5, 1.9657998932270644)",0.04609097540379612,0.0,-0.6305280851949746,2.27821812962971,598.7297000028775
10,2,18,"(412.5, 262.5, 1.9657998932270644)",0.28955830913747804,736.7020263671875,-0.21030230551413104,2.4355336639498124,255.22520000231452
10,2,19,"(412.5, 237.5, 1.6163909269654968)",0.3084119154210382,0.0,-0.4247086688563473,2.404052267959779,570.4990000012913
10,2,20,"(387.5, 237.5, 1.86489266876442)",0.047240490714694584,0.0,-0.6305797262667467,2.2724633499685627,607.462600000872
10,2,21,"(387.5, 237.5, 1.86489266876442)",0.2730893403419533,737.0902099609375,-0.20883529883380064,2.4259854649876216,250.55289999727393
10,2,22,"(387.5, 262.5, 2.2927863351327353)",0.37822367227867487,0.0,-0.4261208047958425,2.361267160966736,567.5030999991577
10,2,23,"(387.5, 287.5, 2.795360823982221)",0.061366652449012085,0.0,-0.6457026178864177,2.1591349449559827,611.4847999997437
10,2,24,"(387.5, 287.5, 2.795360823982221)",0.3693723582915096,737.3795776367188,-0.22018619347978985,2.31012225567533,247.51340000148048
10,2,25,"(387.5, 312.5, 3.371997408476144)",0.47802960467388345,0.0,-0.43574567636569783,2.104939089728101,569.0485999984958
10,2,26,"(387.5, 337.5, 4.012520353342856)",0.062102809548389364,0.0,-0.6517068926616258,1.6912917124755729,603.9802000013879
10,2,27,"(387.5, 337.5, 4.012520353342856)",0.4083667750173178,738.3983764648438,-0.22193734829771944,1.8601826768580667,250.59440000040922
10,2,28,"(362.5, 337.5, 4.801447242030367)",0.48756912708442335,0.0,-0.43004140800300816,1.732930039574811,568.3720000015455
10,2,29,"(362.5, 362.5, 5.709929773131825)",0.08649174372359233,0.0,-0.6755027872199271,1.4613183802638474,641.7579000008118
10,2,30,"(362.5, 362.5, 5.709929773131825)",0.6176262967606942,738.657470703125,-0.23482717463382594,1.6397835788998403,249.14669999998296
10,2,31,"(362.5, 387.5, 6.644563227708976)",0.7082808838819392,0.0,-0.4398722845061619,1.2390519128387572,572.0586999996158
10,2,32,"(337.5, 387.5, 8.122025837780313)",0.09044449528059503,0.0,-0.6766888274703006,0.9575989831486241,673.0557999981102
10,2,33,"(337.5, 387.5, 8.122025837780313)",0.6562621914957559,744.9652099609375,-0.21722536083897678,1.1587113623453293,245.9902000009606
10,2,34,"(312.5, 387.5, 9.73254467824523)",0.6742857498474519,0.0,-0.4210960059368221,0.886489893986392,574.8306999994384
10,2,35,"(287.5, 387.5, 11.306348749090457)",0.1451561649640415,0.0,-0.6900709579343454,0.6861206965306229,673.6209000009694
10,2,36,"(287.5, 387.5, 11.306348749090457)",0.9611303230134254,747.3504028320312,-0.2644627673355823,0.9376879993857699,246.14569999903324
10,2,37,"(287.5, 412.5, 13.851283065501828)",0.9605717533096025,0.0,-0.47124668096406774,0.6955760763720997,503.42259999888483
10,2,38,"(287.5, 437.5, 16.365669713099226)",0.06379295885563194,0.0,-0.7082144803583874,0.15386798974430627,644.4482000006246
10,2,39,"(287.5, 437.5, 16.365669713099226)",0.6993517788431981,779.9169311523438,-0.2800851623934719,0.4774155195113182,249.43980000170995
10,2,40,"(262.5, 437.5, 19.691492564685472)",0.22615648210809708,0.0,-0.4169330883365883,0.07076314497357632,485.68410000007134
10,2,41,"(237.5, 437.5, 21.459341898515387)",0.011532619595527434,0.0,-0.758296748820314,0.15844812111461667,802.7397000005294
10,2,42,"(237.5, 437.5, 21.459341898515387)",0.05714530460841659,859.4957885742188,-0.279562798927195,0.035451041949962174,248.93530000190367
10,3,0,"(487.5, 487.5, 2.4370033062802148)",0.5287044930685605,362.4604797363281,-0.25422876019952084,2.652706799757593,247.34589999934542
10,3,1,"(462.5, 487.5, 3.127296379115885)",0.5085429857868621,0.0,-0.4375749093910468,1.9885345901677314,547.5931000000855
10,3,2,"(437.5, 487.5, 4.012520353342856)",0.05558069050306496,0.0,-0.6407384291551756,1.6426225520917805,603.5673000005772
10,3,3,"(437.5, 487.5, 4.012520353342856)",0.3650434960154728,549.3923950195312,-0.21180376539716075,1.6752150965854093,249.42789999840898
10,3,4,"(412.5, 487.5, 5.147226552974528)",0.45820412458722926,0.0,-0.42341853897720366,1.359331944006106,568.9936000017042
10,3,5,"(387.5, 487.5, 6.600725374454914)",0.02456672489641491,0.0,-0.6409225626166671,1.0163967901384239,621.215300001495
10,3,6,"(387.5, 487.5, 6.600725374454914)",0.3249585786191915,553.3372802734375,-0.22311210447567154,1.1730933511162174,249.1991999995662
10,3,7,"(362.5, 487.5, 8.460406646791682)",0.5377679225667,0.0,-0.4760034955636405,0.8238367951108926,518.3206000001519
10,3,8,"(362.5, 462.5, 8.527721324025148)",0.055584073066735656,0.0,-0.6954334017197625,0.5735975254545422,608.7881999992533
10,3,9,"(362.5, 462.5, 8.527721324025148)",0.5852357777466998,743.0501708984375,-0.21319091422286235,0.9544066350160622,250.23610000062035
10,3,10,"(362.5, 437.5, 8.184609533832969)",0.8787464697140512,0.0,-0.48310893298830904,1.3016550511077047,606.8989000013971
10,3,11,"(387.5, 437.5, 6.419652941837749)",0.037306497494371454,0.0,-0.7179555406884595,0.7098183837828517,642.4871000017447
10,3,12,"(387.5, 437.5, 6.419652941837749)",0.3231463758239758,743.083740234375,-0.21533117557416925,0.9848132365019544,252.51059999936842
10,3,13,"(387.5, 412.5, 5.968521653217249)",0.4815006222837491,0.0,-0.42975882028276285,1.092110951321046,608.3926999999676
10,3,14,"(387.5, 387.5, 5.365977503075057)",0.03099873661997183,0.0,-0.6315697547586601,0.7868190269950777,713.6076000024332
10,3,15,"(387.5, 387.5, 5.365977503075057)",0.3575295719680293,741.3411865234375,-0.20495096285676734,1.2545679519152344,246.5120000015304
10,3,16,"(387.5, 362.5, 4.6920389042223976)",0.5255998680954599,0.0,-0.4300769486748876,1.336227906466353,588.4865999978501
10,3,17,"(387.5, 337.5, 4.012520353342856)",0.08511138955748299,0.0,-0.6607486515993034,1.1407864976173063,632.2312000011152
10,3,18,"(387.5, 337.5, 4.012520353342856)",0.4781327905035806,738.5450439453125,-0.2186499404558277,1.6996231268419033,251.45590000101947
10,3,19,"(387.5, 312.5, 3.371997408476144)",0.4243773904843885,0.0,-0.4281762169727824,1.7991286915351783,593.5223999986192
10,3,20,"(387.5, 287.5, 2.795360823982221)",0.04227409263453847,0.0,-0.6415948365579254,1.6357693441221242,633.1064000005426
10,3,21,"(387.5, 287.5, 2.795360823982221)",0.34246600033212005,737.6510620117188,-0.21014270643577942,2.124853652420896,246.93109999861917
10,3,22,"(387.5, 262.5, 2.2927863351327353)",0.369709088824383,0.0,-0.4266434445938531,2.242920270736766,565.5541999985871
10,3,23,"(387.5, 237.5, 1.86489266876442)",0.04716125627357002,0.0,-0.640085130233611,2.1342029668977207,637.6272999987123
10,3,24,"(387.5, 237.5, 1.86489266876442)",0.27356306572167094,737.1417846679688,-0.20803882737697169,2.376194819919106,247.14679999669897
10,3,25,"(387.5, 212.5, 1.5068207512166414)",0.2600688751359035,0.0,-0.4172877087639708,2.3794751746392837,570.591499999864
10,3,26,"(362.5, 212.5, 1.6949517469263145)",0.03454145044089654,0.0,-0.623885648940629,2.3125738308862482,604.0081999999529
10,3,27,"(362.5, 212.5, 1.6949517469263145)",0.22323539739366163,737.1002807617188,-0.20608952305065836,2.4117293813397134,249.0202999979374
10,3,28,"(337.5, 212.5, 1.8733097780882446)",0.2794787792220811,0.0,-0.41243681315910924,2.3589248977304944,563.6315000010654
10,3,29,"(337.5, 187.5, 1.4819113252306622)",0.02388373762370301,0.0,-0.612397235861761,2.2737330733090313,598.3654000010574
10,3,30,"(337.5, 187.5, 1.4819113252306622)",0.17370964722589965,737.1176147460938,-0.20242370021512307,2.373985552090606,246.7383000002883
10,3,31,"(312.5, 187.5, 1.5958170587390115)",0.22686701946169435,0.0,-0.40676457155450363,2.3343804962711174,567.3290999984602
10,3,32,"(287.5, 187.5, 1.6846716355053617)",0.029888153076187786,0.0,-0.6077984977620984,2.24466776644313,606.6948999978194
10,3,33,"(287.5, 187.5, 1.6846716355053617)",0.20106373311733855,737.184814453125,-0.2032929881578169,2.3204678224546846,246.69229999926756
10,3,34,"(262.5, 187.5, 1.7415094379554124)",0.26731323640033866,0.0,-0.4104621791600669,2.2848883574068544,570.0517999976
10,3,35,"(237.5, 187.5, 1.761548008038559)",0.03682102511327763,0.0,-0.6147977636406585,2.19483050943947,653.3525999984704
10,3,36,"(237.5, 187.5, 1.761548008038559)",0.23304459390227425,737.1874389648438,-0.20528584822803692,2.303180334014713,248.23570000080508
10,3,37,"(212.5, 187.5, 1.743039893786265)",0.24187544132851194,0.0,-0.4105082215591499,2.286360980028611,572.6972000011301
10,3,38,"(187.5, 187.5, 1.6876002167496233)",0.03203352044023622,0.0,-0.6122907755280983,2.2252152438451462,643.2422999969276
10,3,39,"(187.5, 187.5, 1.6876002167496233)",0.18596783130488628,737.1397705078125,-0.20291570727430092,2.3321693285276024,248.19690000003902
10,3,40,"(187.5, 212.5, 2.1581048160551872)",0.2810685544154835,0.0,-0.41271636301859815,2.3332281128396173,571.4833999991242
10,3,41,"(187.5, 237.5, 2.7574493337721258)",0.04489856958390469,0.0,-0.6237455488014896,2.2216474655891463,601.086499998928
10,3,42,"(187.5, 237.5, 2.7574493337721258)",0.2971586060008002,737.4427490234375,-0.20919691862582798,2.33476166682266,249.0496999998868
10,3,43,"(187.5, 262.5, 3.519235619237839)",0.43913199182861207,0.0,-0.4229216060306878,2.2323256169950434,576.7962000027183
10,3,44,"(187.5, 287.5, 4.484402965683246)",0.04895321528118846,0.0,-0.6260228877129078,1.8504771488798124,604.3118000015966
10,3,45,"(187.5, 287.5, 4.484402965683246)",0.42375564116685793,738.7691040039062,-0.2070932620952437,2.027896997054342,248.22230000063428
10,3,46,"(187.5, 312.5, 5.701335627950545)",0.5076176480188673,0.0,-0.4181308734192162,1.7704671272222552,573.2568999992509
10,3,47,"(187.5, 337.5, 7.2238068944948735)",0.05030989150206059,0.0,-0.6201037260728062,1.3304328804408037,620.4778999999689
10,3,48,"(187.5, 337.5, 7.2238068944948735)",0.527438656438461,743.3408813476562,-0.20407161956008785,1.4658914465950519,249.410500000522
10,3,49,"(212.5, 337.5, 7.7206787211523045)",0.6948126177918238,0.0,-0.4190030277805863,1.3594550518812878,567.3795999973663
10,3,50,"(237.5, 337.5, 7.894671343450355)",0.0871596932411016,0.0,-0.640543542299363,1.0149498800264818,607.0399000018369
10,3,51,"(237.5, 337.5, 7.894671343450355)",0.684908620072481,742.3018188476562,-0.2183700838192735,1.4122572245933742,244.4534999995085
10,3,52,"(237.5, 312.5, 6.148385304590252)",0.5233068823762941,0.0,-0.4287951261663311,1.3838635206624608,541.027799998119
10,3,53,"(262.5, 312.5, 6.024387455566984)",0.04167755444844243,0.0,-0.6344389398262485,1.0840876472107372,676.2622999995074
10,3,54,"(262.5, 312.5, 6.024387455566984)",0.5147139929625456,740.081298828125,-0.2069582895054866,1.6551215252717142,244.66530000063358
10,3,55,"(262.5, 287.5, 4.7047099342161465)",0.4734818037061772,0.0,-0.42061098894877014,1.720467088722048,604.9646999999823
10,3,56,"(287.5, 287.5, 4.472629217733303)",0.06791281700131377,0.0,-0.6383718251807247,1.6006063075337584,673.5912000003736
10,3,57,"(287.5, 287.5, 4.472629217733303)",0.46054198918390155,738.2361450195312,-0.208911394829352,2.077204509579092,248.50969999897643
10,3,58,"(312.5, 287.5, 4.124508633098295)",0.5109041239383154,0.0,-0.42355571828175376,2.111579438700008,565.0518000002194
10,3,59,"(337.5, 287.5, 3.7025046815464644)",0.055307070414239386,0.0,-0.6339770673829964,1.9519643515599936,673.3230999998341
10,3,60,"(337.5, 287.5, 3.7025046815464644)",0.4048201214638389,737.6614990234375,-0.20850955937648472,2.1669780968743564,249.7789000008197
10,3,61,"(337.5, 312.5, 4.592532186196013)",0.6292225287972409,0.0,-0.43524647026275826,1.9876138813631756,570.236699997622
10,3,62,"(337.5, 337.5, 5.641752186721501)",0.0599155376355137,0.0,-0.6357979918628465,1.4471735398001087,599.4185999988986
10,3,63,"(337.5, 337.5, 5.641752186721501)",0.5533572163804454,739.8359985351562,-0.2088360202126949,1.6501917345501658,248.73870000010356
10,3,64,"(337.5, 362.5, 6.836404624384365)",0.6703612748396756,0.0,-0.4240231881483969,1.3931329097659677,565.9257000006619
10,3,65,"(362.5, 362.5, 5.709929773131825)",0.10352166493731162,0.0,-0.6878440826613329,1.2930134009032155,687.3655999988841
10,3,66,"(362.5, 362.5, 5.709929773131825)",0.6314200022309382,738.9547119140625,-0.227051693763262,1.6556323013371799,248.0795000010403
10,3,67,"(387.5, 362.5, 4.6920389042223976)",0.4789079757861324,0.0,-0.4332624357145337,1.5341302877742538,571.4054000018223
10,3,68,"(387.5, 337.5, 4.012520353342856)",0.08205168942612154,0.0,-0.6684851238427655,1.3949767815426712,787.6567999992403
10,3,69,"(387.5, 337.5, 4.012520353342856)",0.4694547315020872,738.5778198242188,-0.21668987446512294,1.7635351951247327,247.8131999996549
10,4,0,"(487.5, 487.5, 2.4370033062802148)",0.5214117232458136,362.4771423339844,-0.25422876019952084,2.6527066822580365,247.0404999985476
10,4,1,"(487.5, 462.5, 2.446737931289699)",0.46718452878629085,0.0,-0.4438433220812584,2.1893903599258766,543.107699999382
10,4,2,"(462.5, 462.5, 3.1411719247664083)",0.06306600570677,0.0,-0.64618974184519,1.861010896873071,605.0074999984645
10,4,3,"(462.5, 462.5, 3.1411719247664083)",0.37268665395499107,730.5518188476562,-0.21310395195972462,1.9791316731664936,248.93670000165002
10,4,4,"(437.5, 462.5, 4.032539977718922)",0.475224014512091,0.0,-0.4325163873632011,1.7009004294682224,567.1261999996204
10,4,5,"(437.5, 437.5, 3.9290738535618197)",0.05365144213040289,0.0,-0.6389016761808548,1.4766915190781098,601.3519000007364
10,4,6,"(437.5, 437.5, 3.9290738535618197)",0.3609120496747042,735.7303466796875,-0.2072403733381764,1.6778717591396728,248.3326000001398
10,4,7,"(437.5, 412.5, 3.7158125367455015)",0.4361860674240544,0.0,-0.4237968406420374,1.6381854404704839,569.7126000013668
10,4,8,"(437.5, 387.5, 3.41874755045311)",0.034567783276255766,0.0,-0.6282528547068514,1.4119491755465912,721.6838000022108
10,4,9,"(437.5, 387.5, 3.41874755045311)",0.3184706656267317,736.94677734375,-0.20237888838336054,1.7781587663338625,248.9943000000494
10,4,10,"(437.5, 362.5, 3.0693002026442198)",0.411717546643937,0.0,-0.41911491169189385,1.8337935055795465,578.7539000011748
10,4,11,"(437.5, 337.5, 2.697731893066704)",0.04889219502608911,0.0,-0.6364194945112233,1.711488907085545,759.7822999996424
10,4,12,"(437.5, 337.5, 2.697731893066704)",0.3470026353982718,736.3099365234375,-0.2122326058542631,2.1301472631994245,255.23080000129994
10,4,13,"(437.5, 312.5, 2.3288409680820936)",0.3912816821099476,0.0,-0.4276301799649891,2.1936173917171393,572.1193999997922
10,4,14,"(437.5, 287.5, 1.9802988879790537)",0.04564962287745362,0.0,-0.6401722301250129,2.0912263703612557,677.2789999995439
10,4,15,"(437.5, 287.5, 1.9802988879790537)",0.27379336346219735,735.7523803710938,-0.2068130522311262,2.371166014446553,256.2627000006614
10,4,16,"(412.5, 287.5, 2.3680192003946603)",0.35958863153286297,0.0,-0.4172389176134,2.30921868015323,569.7030000010272
10,4,17,"(412.5, 262.5, 1.9657998932270644)",0.04181867341202905,0.0,-0.6239799838720642,2.182566090045996,601.1409000020649
10,4,18,"(412.5, 262.5, 1.9657998932270644)",0.28857989189892536,736.7355346679688,-0.20962539323006327,2.3992634817927416,247.37629999799537
10,4,19,"(412.5, 237.5, 1.6163909269654968)",0.3206958732572398,0.0,-0.42361958723203647,2.3948470962462243,572.4297000015213
10,4,20,"(412.5, 212.5, 1.3188200407831676)",0.033926462133707175,0.0,-0.6277454837357184,2.294570233642285,613.9117000020633
10,4,21,"(412.5, 212.5, 1.3188200407831676)",0.18898620642300756,736.473876953125,-0.2054251013121877,2.465482231574203,248.7483999975666
10,4,22,"(387.5, 212.5, 1.5068207512166414)",0.25261007602614455,0.0,-0.41424776672705205,2.4374811461433503,570.2034999994794
10,4,23,"(362.5, 212.5, 1.6949517469263145)",0.03676986942688728,0.0,-0.6188843820107134,2.3541528401732448,608.0525000033958
10,4,24,"(362.5, 212.5, 1.6949517469263145)",0.2231247949667038,737.1348876953125,-0.20653857075511245,2.41889255348669,247.23889999950188
10,4,25,"(362.5, 237.5, 2.1176379791076854)",0.33174899939598934,0.0,-0.4196724508156915,2.3668054514896153,578.1506999992416
10,4,26,"(362.5, 262.5, 2.6317000424023482)",0.057357152303066226,0.0,-0.6327828588157965,2.2114913739225046,603.218400003243
10,4,27,"(362.5, 262.5, 2.6317000424023482)",0.3303931994723952,737.3678588867188,-0.21230422866469506,2.33409081496147,247.46560000130557
10,4,28,"(362.5, 287.5, 3.2481324511568093)",0.5054315385214482,0.0,-0.42991862873494135,2.195868971582716,569.2808000021614
10,4,29,"(362.5, 312.5, 3.972924796908688)",0.08774463335671136,0.0,-0.6483353272054172,1.8393997013277383,619.4126000009419
10,4,30,"(362.5, 312.5, 3.972924796908688)",0.4957411783552004,738.2672119140625,-0.21818798382139706,1.9953854327191407,248.4425000002375
10,4,31,"(362.5, 337.5, 4.801447242030367)",0.5593176598123395,0.0,-0.4249071541576508,1.6645616187731107,574.4101000018418
10,4,32,"(362.5, 362.5, 5.709929773131825)",0.08853673934937409,0.0,-0.6499246578210589,1.228652919502575,603.9813999996113
10,4,33,"(362.5, 362.5, 5.709929773131825)",0.6194100252519855,739.6703491210938,-0.22549441493963332,1.4296658803074835,246.3151999982074
10,4,34,"(362.5, 387.5, 6.644563227708976)",0.6998913326440741,0.0,-0.43680972482290004,1.1674891929358646,572.6117999984126
10,4,35,"(387.5, 387.5, 5.365977503075057)",0.03637650609019155,0.0,-0.6640330039130121,1.1739715825517427,757.4187999998685
10,4,36,"(387.5, 387.5, 5.365977503075057)",0.4026203083426143,739.7694091796875,-0.20374375790109403,1.5126377124040196,249.15859999964596
10,4,37,"(387.5, 362.5, 4.6920389042223976)",0.5141444654611598,0.0,-0.4340226074333665,1.4455419676480095,606.7991999989317
10,4,38,"(387.5, 337.5, 4.012520353342856)",0.08057842155298695,0.0,-0.6641493851167766,1.1788484752253325,614.519200000359
10,4,39,"(387.5, 337.5, 4.012520353342856)",0.47978725672727607,738.4506225585938,-0.2187698639363015,1.7076939332865797,249.98469999991357
10,4,40,"(387.5, 312.5, 3.371997408476144)",0.42361547766667773,0.0,-0.4281147064040033,1.7988859473887888,594.6853999994346
10,4,41,"(387.5, 287.5, 2.795360823982221)",0.048316890994682345,0.0,-0.6415722650596252,1.635523171704068,635.5431000010867
10,4,42,"(387.5, 287.5, 2.795360823982221)",0.33779554944473483,737.6129150390625,-0.21014390406086797,2.124807068591973,248.39090000023134
10,4,43,"(387.5, 262.5, 2.2927863351327353)",0.38026736045654785,0.0,-0.4266439799206476,2.2429172840992537,572.985200000403
10,4,44,"(387.5, 237.5, 1.86489266876442)",0.04289443790914356,0.0,-0.6400851720087769,2.134202853704974,639.1555000009248
10,4,45,"(387.5, 237.5, 1.86489266876442)",0.2771138694774077,737.1394653320312,-0.20803881550787937,2.3761946549764543,247.27580000035232
10,4,46,"(387.5, 212.5, 1.5068207512166414)",0.25290720126237676,0.0,-0.4172876988826809,2.3794752411273468,566.7537000008451
10,4,47,"(387.5, 187.5, 1.2110473413619063)",0.025762967765326203,0.0,-0.6212466537880517,2.330432179770937,607.522299997072
10,4,48,"(387.5, 187.5, 1.2110473413619063)",0.15518765989903086,736.830322265625,-0.20316336071570612,2.443790065929844,250.38359999962267
10,4,49,"(362.5, 187.5, 1.3509857344576865)",0.20621517980421994,0.0,-0.4073869411375284,2.4092282927825677,576.2410999996064
10,4,50,"(337.5, 187.5, 1.4819113252306622)",0.02535048872233132,0.0,-0.6081615817479208,2.3303598123179103,605.6564999998955
10,4,51,"(337.5, 187.5, 1.4819113252306622)",0.17767301054543144,737.1008911132812,-0.20304010456848665,2.3872060569162263,251.90809999912744
10,4,52,"(312.5, 187.5, 1.5958170587390115)",0.22057178671887315,0.0,-0.4070776669724259,2.336499620973172,569.9987999978475
10,4,53,"(287.5, 187.5, 1.6846716355053617)",0.035440365473391605,0.0,-0.6078729433290461,2.2451144239735816,599.1538999987824
10,4,54,"(287.5, 187.5, 1.6846716355053617)",0.20025139143870563,737.1744384765625,-0.2032968883428711,2.3202579952897597,247.6671999975224
10,4,55,"(262.5, 187.5, 1.7415094379554124)",0.27156541159188974,0.0,-0.4104614752409051,2.2847908026579122,567.2881999998935
10,4,56,"(237.5, 187.5, 1.761548008038559)",0.03614041954279947,0.0,-0.6147963805958184,2.1948120454793743,640.890099999524
10,4,57,"(237.5, 187.5, 1.761548008038559)",0.22933680243621293,737.1944580078125,-0.2052867786087454,2.3031786964763423,247.94950000068638
10,4,58,"(212.5, 187.5, 1.743039893786265)",0.23936650722206043,0.0,-0.41050864709742885,2.2863630607804653,566.4589999978489
10,4,59,"(212.5, 212.5, 2.2358312589572185)",0.03482143084209034,0.0,-0.615608620220628,2.227797246350663,611.2952999974368
10,4,60,"(212.5, 212.5, 2.2358312589572185)",0.24539392319793965,737.2257080078125,-0.20542926796111746,2.3508239763924887,248.65240000144695
10,4,61,"(212.5, 237.5, 2.8673241576271007)",0.3638801687435723,0.0,-0.4200165947032328,2.347468144751742,570.7717000004777
10,4,62,"(187.5, 237.5, 2.7574493337721258)",0.04665134350455387,0.0,-0.6269626978761201,2.246696905607473,608.0906999995932
10,4,63,"(187.5, 237.5, 2.7574493337721258)",0.3144681793391688,737.2275390625,-0.20731270623922343,2.3869522551665594,247.5886000029277
10,4,64,"(187.5, 262.5, 3.519235619237839)",0.42889705032549685,0.0,-0.42476017521259263,2.2724612699444156,567.8396000002977
10,4,65,"(187.5, 287.5, 4.484402965683246)",0.04983003934224991,0.0,-0.6269409205835161,1.8618077248334466,599.7271999985969
10,4,66,"(187.5, 287.5, 4.484402965683246)",0.42124414066187915,738.767578125,-0.20721805583174366,2.031124177669283,245.8053000009386
10,4,67,"(187.5, 312.5, 5.701335627950545)",0.5334479529090467,0.0,-0.41813673262329465,1.7709018986686293,567.5011999992421
10,4,68,"(187.5, 337.5, 7.2238068944948735)",0.05089735488096684,0.0,-0.6201138183656937,1.3304930772798966,610.653599997022
10,4,69,"(187.5, 337.5, 7.2238068944948735)",0.5263980990979156,743.2885131835938,-0.20407309701427184,1.4658862136018167,251.11869999818737
10,5,0,"(487.5, 487.5, 2.4370033062802148)",0.522769893611344,362.48016357421875,-0.25422876019952084,2.652706805489005,246.60550000044168
10,5,1,"(487.5, 462.5, 2.446737931289699)",0.47632283107734447,0.0,-0.4438433220812583,2.1893903595805893,545.9045999996306
10,5,2,"(487.5, 437.5, 2.3962294749129978)",0.06168364981809143,0.0,-0.6540541658079583,1.9919574175579784,600.640900000144
10,5,3,"(487.5, 437.5, 2.3962294749129978)",0.3649557760422141,548.3516845703125,-0.21245464682332477,2.239620916163605,245.97980000180542
10,5,4,"(487.5, 412.5, 2.290558742230985)",0.41498990263312613,0.0,-0.4273914194628878,2.1542874365899145,568.2396000011067
10,5,5,"(462.5, 412.5, 2.919906180572381)",0.04444847007592476,0.0,-0.6300459531041477,1.8686353376034022,596.000899997307
10,5,6,"(462.5, 412.5, 2.919906180572381)",0.32948533856108125,733.6021728515625,-0.20815834460217691,2.0664754452303797,250.53069999921718
10,5,7,"(437.5, 412.5, 3.7158125367455015)",0.41720353115824316,0.0,-0.42147525327233215,1.7995210198303828,561.8931999997585
10,5,8,"(412.5, 412.5, 4.71743372998353)",0.0355189939339753,0.0,-0.619706491622716,1.48009786879044,600.3934999971534
10,5,9,"(412.5, 412.5, 4.71743372998353)",0.32306935865412945,738.3204956054688,-0.20679654231962408,1.6179430336521212,245.95319999934873
10,5,10,"(387.5, 412.5, 5.968521653217249)",0.451990393894127,0.0,-0.4248057202343313,1.3703351958296495,566.3328000009642
10,5,11,"(362.5, 412.5, 7.512358105982148)",0.03879187007744049,0.0,-0.6181705828906273,1.0045921968666758,611.2429999993765
10,5,12,"(362.5, 412.5, 7.512358105982148)",0.42480790075149893,743.2298583984375,-0.20314009575349415,1.19735007729161,247.24659999992582
10,5,13,"(337.5, 412.5, 9.377700043801939)",0.4941036516821323,0.0,-0.4107351676230015,0.9222500973567155,564.6534000006795
10,5,14,"(312.5, 412.5, 11.543004562335339)",0.03920170913140178,0.0,-0.6131586258014758,0.7090672851992126,605.4180999999517
10,5,15,"(312.5, 412.5, 11.543004562335339)",0.5516417202532304,754.6832885742188,-0.203616803585447,0.8371209676152636,250.00469999940833
10,5,16,"(312.5, 387.5, 9.73254467824523)",1.001652131072679,0.0,-0.5017711459215818,0.9241899173062258,570.5157999982475
10,5,17,"(287.5, 387.5, 11.306348749090457)",0.0919679999351368,0.0,-0.7735171996042306,0.4452186180758416,795.6641999990097
10,5,18,"(287.5, 387.5, 11.306348749090457)",0.8796698030313161,746.4160766601562,-0.2568464459189162,0.8699485907244991,249.4989999977406
10,5,19,"(287.5, 412.5, 13.851283065501828)",0.9348526922473139,0.0,-0.46889311690508584,0.6732220838998977,497.443000000203
10,5,20,"(287.5, 437.5, 16.365669713099226)",0.052540237704917635,0.0,-0.7081349880494167,0.15298270179642834,632.151599998906
10,5,21,"(287.5, 437.5, 16.365669713099226)",0.6961208981758046,780.273681640625,-0.2800611769441017,0.47747175283493887,246.9989000019268
10,5,22,"(262.5, 437.5, 19.691492564685472)",0.19372090291224836,0.0,-0.4169303204726256,0.07072405855157428,485.59300000124495
10,5,23,"(237.5, 437.5, 21.459341898515387)",0.004466607856254486,0.0,-0.7582868154671648,0.15843326198016952,797.5831000003382
10,5,24,"(237.5, 437.5, 21.459341898515387)",0.06195470495855777,847.43310546875,-0.2795627990985757,0.035451140229247044,247.29389999993145
10,6,0,"(487.5, 487.5, 2.4370033062802148)",0.5266870715429971,362.4356994628906,-0.2542287601995208,2.6527067751684803,248.43150000015157
10,6,1,"(462.5, 487.5, 3.127296379115885)",0.5090217611384666,0.0,-0.43757490939104676,1.9885345901064666,548.070299999381
10,6,2,"(437.5, 487.5, 4.012520353342856)",0.05224092304704361,0.0,-0.6407384291551756,1.6426225520917803,610.3060000023106
10,6,3,"(437.5, 487.5, 4.012520353342856)",0.36646062544577823,549.270263671875,-0.21180376539716078,1.6752151325948477,249.0068999977666
10,6,4,"(412.5, 487.5, 5.147226552974528)",0.444778133450879,0.0,-0.42341853897720366,1.3593319440061054,567.7310999999463
10,6,5,"(387.5, 487.5, 6.600725374454914)",0.022710079948118553,0.0,-0.6409225626166671,1.0163967901384239,610.2017999983218
10,6,6,"(387.5, 487.5, 6.600725374454914)",0.3218729585907571,553.3167724609375,-0.22311210447567154,1.173093319348569,246.48529999831226
10,6,7,"(362.5, 487.5, 8.460406646791682)",0.5430287209388279,0.0,-0.4760034955636405,0.8238367951108927,515.6653999983973
10,6,8,"(362.5, 462.5, 8.527721324025148)",0.06208916505174882,0.0,-0.6954334017197625,0.5735975254545422,598.3547999967413
10,6,9,"(362.5, 462.5, 8.527721324025148)",0.5777442067677389,743.0175170898438,-0.21319091422286235,0.9544065847440695,246.66939999951865
10,6,10,"(362.5, 437.5, 8.184609533832969)",0.8696021721137249,0.0,-0.4831089329883091,1.3016550509619564,601.124400000117
10,6,11,"(387.5, 437.5, 6.419652941837749)",0.01938862601924473,0.0,-0.7179555406884596,0.7098183837828517,626.8468000016583
10,6,12,"(387.5, 437.5, 6.419652941837749)",0.3221958103245939,742.8414916992188,-0.21533117557416923,0.9848132758843127,244.60700000054203
10,6,13,"(387.5, 412.5, 5.968521653217249)",0.4986584067339179,0.0,-0.42975882028276285,1.092110951321046,603.403299999627
10,6,14,"(387.5, 387.5, 5.365977503075057)",0.03382042050363413,0.0,-0.6315697547586598,0.7868190269950776,711.9765000024927
10,6,15,"(387.5, 387.5, 5.365977503075057)",0.35735519102897934,741.344970703125,-0.20495096285676737,1.2545679752096615,246.82360000224435
10,6,16,"(387.5, 362.5, 4.6920389042223976)",0.5289364217076034,0.0,-0.4300769486748876,1.3362279064663534,588.2516999990912
10,6,17,"(387.5, 337.5, 4.012520353342856)",0.07639528810980958,0.0,-0.6607486515993032,1.1407864976173063,618.0206999997608
10,6,18,"(387.5, 337.5, 4.012520353342856)",0.48277774532353607,738.5429077148438,-0.21864994045582767,1.6996231415015908,247.98950000331388
10,6,19,"(387.5, 312.5, 3.371997408476144)",0.4078440765450382,0.0,-0.4281762169727824,1.7991286915351785,586.1091000006127
10,6,20,"(387.5, 287.5, 2.795360823982221)",0.04623470207053637,0.0,-0.6415948365579254,1.6357693441221244,624.7103000023344
10,6,21,"(387.5, 287.5, 2.795360823982221)",0.33805126908913147,737.6293334960938,-0.21014270643577937,2.1248536690033473,248.58730000050855
10,6,22,"(387.5, 262.5, 2.2927863351327353)",0.3680457779139147,0.0,-0.42664344459385317,2.2429202707367666,565.2841000010085
10,6,23,"(387.5, 237.5, 1.86489266876442)",0.044464503725385386,0.0,-0.6400851302336111,2.134202966897721,632.3642000024847
10,6,24,"(387.5, 237.5, 1.86489266876442)",0.2773013609634665,737.1436157226562,-0.20803882737697166,2.376194826147768,246.99730000065756
10,6,25,"(387.5, 212.5, 1.5068207512166414)",0.2496140156825651,0.0,-0.41728770876397087,2.379475174639284,563.4733000006236
10,6,26,"(362.5, 212.5, 1.6949517469263145)",0.036355736354980905,0.0,-0.6238856489406291,2.3125738308862482,596.2209999997867
10,6,27,"(362.5, 212.5, 1.6949517469263145)",0.22267451022179585,737.1366577148438,-0.20608952305065834,2.4117294015604083,247.0431000001554
10,6,28,"(362.5, 237.5, 2.1176379791076854)",0.3237880107990207,0.0,-0.41941529646616055,2.365484995910165,570.8260999999766
10,6,29,"(362.5, 262.5, 2.6317000424023482)",0.06425372759496806,0.0,-0.6327449358360928,2.211388462387193,603.3305999990262
10,6,30,"(362.5, 262.5, 2.6317000424023482)",0.33334878120237466,737.4526977539062,-0.21227367859943286,2.3343478673824865,245.91479999799049
10,6,31,"(362.5, 287.5, 3.2481324511568093)",0.5007309898123687,0.0,-0.42992327808817205,2.19600883362957,566.6080999981205
10,6,32,"(362.5, 312.5, 3.972924796908688)",0.08436226844787117,0.0,-0.6483362225929534,1.8394344518707633,616.3791999970272
10,6,33,"(362.5, 312.5, 3.972924796908688)",0.491916063523793,738.2479248046875,-0.2181881937259923,1.995387205804951,247.6600000009057
10,6,34,"(362.5, 337.5, 4.801447242030367)",0.5636948234718414,0.0,-0.424907151775572,1.6645615364767015,564.4721999997273
10,6,35,"(362.5, 362.5, 5.709929773131825)",0.08965071042379878,0.0,-0.6499246335740035,1.228652699499584,597.5991000013892
10,6,36,"(362.5, 362.5, 5.709929773131825)",0.6196509377165657,739.607666015625,-0.22549441052292546,1.4296658749248936,247.99829999756184
10,6,37,"(362.5, 387.5, 6.644563227708976)",0.7108186019317124,0.0,-0.436809722684138,1.1674891580051534,568.0745000026945
10,6,38,"(387.5, 387.5, 5.365977503075057)",0.04292570551234301,0.0,-0.6640330081975349,1.1739715743293944,756.634600002144
10,6,39,"(387.5, 387.5, 5.365977503075057)",0.40130052418090806,739.7877807617188,-0.2037437595313504,1.512637729209861,247.95589999848744
10,6,40,"(387.5, 362.5, 4.6920389042223976)",0.5258374374571031,0.0,-0.4340226139038572,1.4455419592597136,609.1587000009895
10,6,41,"(387.5, 337.5, 4.012520353342856)",0.08311082422734212,0.0,-0.6641493959250241,1.1788484874769842,614.9900999989768
10,6,42,"(387.5, 337.5, 4.012520353342856)",0.4825887819123136,738.5472412109375,-0.21876985802003937,1.7076938283318626,247.35549999968498
10,6,43,"(387.5, 312.5, 3.371997408476144)",0.4248403912835745,0.0,-0.42811470172956234,1.798885894535801,593.1984999988344
10,6,44,"(387.5, 287.5, 2.795360823982221)",0.047029033303247696,0.0,-0.6415722605650993,1.6355231892840085,626.8876000031014
10,6,45,"(387.5, 287.5, 2.795360823982221)",0.3408558596851217,737.5946655273438,-0.21014390311519576,2.1248070634785483,247.98640000153682
10,6,46,"(387.5, 262.5, 2.2927863351327353)",0.3803712982620141,0.0,-0.426643990355145,2.2429173403637273,565.5079999996815
10,6,47,"(387.5, 237.5, 1.86489266876442)",0.050530826051999184,0.0,-0.6400851707959493,2.134202797151692,637.9613999997673
10,6,48,"(387.5, 237.5, 1.86489266876442)",0.2756731705151149,737.1298828125,-0.20803882623065947,2.3761946304301547,247.19749999712803
10,6,49,"(387.5, 212.5, 1.5068207512166414)",0.23858268796643894,0.0,-0.41728769675923294,2.379475265345993,567.7574000001187
10,6,50,"(362.5, 212.5, 1.6949517469263145)",0.035935245454311676,0.0,-0.6238856624611006,2.3125739795362508,621.1965000002238
10,6,51,"(362.5, 212.5, 1.6949517469263145)",0.22267400483073024,737.1221313476562,-0.2060895180325741,2.411729424513362,248.46999999863328
10,6,52,"(362.5, 237.5, 2.1176379791076854)",0.3220599141264392,0.0,-0.4194152950806947,2.365485017916725,571.9577999989269
10,6,53,"(362.5, 262.5, 2.6317000424023482)",0.05891895294188009,0.0,-0.6327449373940282,2.2113884711620497,600.277499997901
10,6,54,"(362.5, 262.5, 2.6317000424023482)",0.3327220458335272,737.3409423828125,-0.21227367868829372,2.3343478631670904,246.3184000007459
10,6,55,"(362.5, 287.5, 3.2481324511568093)",0.5078612598839444,0.0,-0.4299232781248915,2.1960088336295702,569.3064000006416
10,6,56,"(362.5, 312.5, 3.972924796908688)",0.08490133285521699,0.0,-0.6483362225929533,1.8394344518707633,608.7059999990743
10,6,57,"(362.5, 312.5, 3.972924796908688)",0.4939996757754486,738.2531127929688,-0.21818819372599227,1.9953871844645765,246.44400000033784
10,6,58,"(362.5, 337.5, 4.801447242030367)",0.5585210717881088,0.0,-0.4249071517755721,1.664561536476702,565.7481999987795
10,6,59,"(362.5, 362.5, 5.709929773131825)",0.08844129244490413,0.0,-0.6499246335740035,1.2286526994995841,601.2432999996236
10,6,60,"(362.5, 362.5, 5.709929773131825)",0.6204464953535849,739.514892578125,-0.22549441052292543,1.429665864614692,247.19569999797386
10,6,61,"(362.5, 387.5, 6.644563227708976)",0.6984319156694105,0.0,-0.4368097226841379,1.1674891580051534,565.9788000011758
10,6,62,"(387.5, 387.5, 5.365977503075057)",0.03797597686450396,0.0,-0.6640330081975349,1.1739715743293944,753.7425000009534
10,6,63,"(387.5, 387.5, 5.365977503075057)",0.3994430261037919,739.8548583984375,-0.20374375953135035,1.5126377274854956,246.9399000001431
10,6,64,"(387.5, 362.5, 4.6920389042223976)",0.5203429525225595,0.0,-0.43402261390385716,1.4455419592597132,602.3033000019495
10,6,65,"(387.5, 337.5, 4.012520353342856)",0.08053010205427956,0.0,-0.6641493959250239,1.1788484874769836,606.1277000007976
10,6,66,"(387.5, 337.5, 4.012520353342856)",0.4786755543549451,738.6683959960938,-0.21876985802003934,1.7076938328980282,245.98280000282102
10,6,67,"(387.5, 312.5, 3.371997408476144)",0.43131366074971356,0.0,-0.42811470172956234,1.798885894535801,592.0771000019158
10,6,68,"(387.5, 287.5, 2.795360823982221)",0.04720379412172645,0.0,-0.6415722605650993,1.6355231892840085,629.763400000229
10,6,69,"(387.5, 287.5, 2.795360823982221)",0.33729734573522974,737.6015014648438,-0.21014390311519573,2.124807081035693,247.44990000181133
10,7,0,"(487.5, 487.5, 2.4370033062802148)",0.5212765614756611,362.46826171875,-0.2542287601995208,2.6527067903609294,246.74740000045858
10,7,1,"(462.5, 487.5, 3.127296379115885)",0.5053504667996703,0.0,-0.4375749093910467,1.9885345904305223,542.3220000011497
10,7,2,"(462.5, 462.5, 3.1411719247664083)",0.07082184155777986,0.0,-0.6490458493016235,1.790582985153404,603.5502000013366
10,7,3,"(462.5, 462.5, 3.1411719247664083)",0.3935595270375423,730.7266235351562,-0.21309421567278075,1.946070201290141,247.8363000009267
10,7,4,"(462.5, 437.5, 3.0693002026442198)",0.40258394845797846,0.0,-0.4230981710863224,1.8033893761530586,568.0984999999055
10,7,5,"(462.5, 412.5, 2.919906180572381)",0.05856737991175016,0.0,-0.6379552119111678,1.6659522318171878,657.391100001405
10,7,6,"(462.5, 412.5, 2.919906180572381)",0.35251393169126416,733.702392578125,-0.2077831045118178,1.9758434584489755,249.99989999923855
10,7,7,"(462.5, 387.5, 2.7089644303699463)",0.41365771712139354,0.0,-0.42036090063744763,1.9486554156337836,574.9471000017365
10,7,8,"(462.5, 362.5, 2.4565270421865075)",0.04080275694532542,0.0,-0.629030651881512,1.799589224315905,676.3707999998587
10,7,9,"(462.5, 362.5, 2.4565270421865075)",0.3085656487705953,733.9691162109375,-0.20563164694178318,2.1707832060189496,248.98259999827133
10,7,10,"(437.5, 362.5, 3.0693002026442198)",0.4164066322403384,0.0,-0.41856230373748826,2.043637338982251,572.755799999868
10,7,11,"(412.5, 362.5, 3.8109821376558286)",0.06847832103571265,0.0,-0.6307533924854843,1.809057498889787,597.1954999986337
10,7,12,"(412.5, 362.5, 3.8109821376558286)",0.4272869555895131,738.034423828125,-0.2149743463897908,1.9510833183837655,251.0394000019005
10,7,13,"(387.5, 362.5, 4.6920389042223976)",0.4972744742463576,0.0,-0.4253974455626022,1.7310374658368566,564.6764999983134
10,7,14,"(362.5, 362.5, 5.709929773131825)",0.08104340235394443,0.0,-0.6426339166795358,1.4347413424562503,602.8846999979578
10,7,15,"(362.5, 362.5, 5.709929773131825)",0.559090640815074,740.5225219726562,-0.21722458535349431,1.5470880808137617,250.96629999825382
10,7,16,"(337.5, 362.5, 6.836404624384365)",0.613237763089718,0.0,-0.4256122949625174,1.311165100053057,573.8114999985555
10,7,17,"(337.5, 337.5, 5.641752186721501)",0.05976334710915654,0.0,-0.6772303200226629,1.2859719925911968,764.278499998909
10,7,18,"(337.5, 337.5, 5.641752186721501)",0.5300061414111267,739.0999755859375,-0.20706950855465936,1.7161685329727234,251.2151000009908
10,7,19,"(362.5, 337.5, 4.801447242030367)",0.496263623213345,0.0,-0.4179576756349767,1.6878753230426835,572.997100000066
10,7,20,"(362.5, 312.5, 3.972924796908688)",0.03866473833720287,0.0,-0.6269021561933079,1.4375807351915175,685.5281999996805
10,7,21,"(362.5, 312.5, 3.972924796908688)",0.38066793716369496,738.457763671875,-0.20583874347406375,1.8159492001630062,248.11760000011418
10,7,22,"(362.5, 287.5, 3.2481324511568093)",0.4535183767122113,0.0,-0.4262774843066404,1.928427944094332,606.9263999997929
10,7,23,"(362.5, 262.5, 2.6317000424023482)",0.04569832483927662,0.0,-0.6395514416334214,1.7879947364412243,606.7652999990969
10,7,24,"(362.5, 262.5, 2.6317000424023482)",0.31770966914515864,737.4962768554688,-0.20528139595562878,2.2158984067083067,247.43210000087856
10,7,25,"(362.5, 237.5, 2.1176379791076854)",0.33845440177585534,0.0,-0.4180655763308817,2.2760150176154483,592.932200001087
10,7,26,"(362.5, 212.5, 1.6949517469263145)",0.03543877849975643,0.0,-0.6263579000011289,2.1790811638742644,656.7491999994672
10,7,27,"(362.5, 212.5, 1.6949517469263145)",0.2197477872486439,737.1265258789062,-0.20516029560563087,2.375950698927468,246.6640999991796
10,7,28,"(337.5, 212.5, 1.8733097780882446)",0.26788827107668695,0.0,-0.41162769688652845,2.351638552326293,572.1257000004698
10,7,29,"(337.5, 237.5, 2.3610390308062064)",0.03835032135250929,0.0,-0.6186304203191689,2.2445079508043584,600.5996999992931
10,7,30,"(337.5, 237.5, 2.3610390308062064)",0.27538876091181197,737.29833984375,-0.20785321712514654,2.365074684905708,248.5698999989836
10,7,31,"(337.5, 262.5, 2.964249814698708)",0.41067832428309115,0.0,-0.4228964223902711,2.303504195978681,568.0109999993874
10,7,32,"(337.5, 287.5, 3.7025046815464644)",0.06771715482077355,0.0,-0.637014668257948,2.0321743586804777,606.7667999996047
10,7,33,"(337.5, 287.5, 3.7025046815464644)",0.4251736105062882,738.1201171875,-0.21244853146834433,2.141910229051063,248.65019999924698
10,7,34,"(337.5, 312.5, 4.592532186196013)",0.6199205099637793,0.0,-0.43157519894266616,1.9001735613321191,569.4547000020975
10,7,35,"(337.5, 337.5, 5.641752186721501)",0.06442617873351765,0.0,-0.6343740157681059,1.4323974924825755,598.4331999970891
10,7,36,"(337.5, 337.5, 5.641752186721501)",0.5565509148305179,739.9722900390625,-0.20859130417879285,1.64594721345644,246.98290000014822
10,7,37,"(337.5, 362.5, 6.836404624384365)",0.6532474885287096,0.0,-0.4240019471898576,1.3924545226750698,563.6315000010654
10,7,38,"(362.5, 362.5, 5.709929773131825)",0.08929045995082392,0.0,-0.6878256105511783,1.292860965502243,682.9071000029217
10,7,39,"(362.5, 362.5, 5.709929773131825)",0.6376420520314454,738.9346313476562,-0.22705305536500708,1.655591058294671,247.81830000210903
10,7,40,"(362.5, 337.5, 4.801447242030367)",0.5321573808016957,0.0,-0.44776105606890715,1.5748738834723854,617.4677000017255
10,7,41,"(362.5, 312.5, 3.972924796908688)",0.03547604878743912,0.0,-0.6452559794884477,1.210255685841283,600.2991999994265
10,7,42,"(362.5, 312.5, 3.972924796908688)",0.37639251108679794,738.3927612304688,-0.20490091603315636,1.7052841864290396,248.20809999800986
10,7,43,"(362.5, 287.5, 3.2481324511568093)",0.4300077519111748,0.0,-0.42386189598301494,1.8861072336229252,612.4926999982563
10,7,44,"(362.5, 262.5, 2.6317000424023482)",0.0425992012024015,0.0,-0.6383691472685483,1.775171514969687,613.9583000003768
10,7,45,"(362.5, 262.5, 2.6317000424023482)",0.318313140135525,737.4907836914062,-0.20523792730934393,2.214366482085974,248.4963000024436
10,7,46,"(362.5, 237.5, 2.1176379791076854)",0.3455739591645912,0.0,-0.41805274864261976,2.2758782915299887,594.9006000009831
10,7,47,"(362.5, 212.5, 1.6949517469263145)",0.04047115892167285,0.0,-0.6263540827244476,2.1790445639793066,652.231899999606
10,7,48,"(362.5, 212.5, 1.6949517469263145)",0.22033036306784556,737.1552124023438,-0.20516000457925748,2.375952833288719,247.49380000139354
10,7,49,"(337.5, 212.5, 1.8733097780882446)",0.27994486434364835,0.0,-0.4116278154034433,2.3516398993250385,567.971899999975
10,7,50,"(312.5, 212.5, 2.0303276744152)",0.03511365254722554,0.0,-0.6144809940583756,2.261212742830326,600.7433000013407
10,7,51,"(312.5, 212.5, 2.0303276744152)",0.24128689166527245,737.24658203125,-0.20517302355138095,2.3666150514536852,245.11770000026445
10,7,52,"(287.5, 212.5, 2.154010388857775)",0.28756969865492954,0.0,-0.41191665502064684,2.333939927319038,570.1043999979447
10,7,53,"(262.5, 212.5, 2.2336800277132602)",0.03526234626772856,0.0,-0.6147199649531153,2.2373790468469292,645.3218999995443
10,7,54,"(262.5, 212.5, 2.2336800277132602)",0.2579276757636406,737.1654663085938,-0.20476976474210412,2.3609030322792735,256.2720999994781
10,7,55,"(237.5, 212.5, 2.261871450534782)",0.332423182244282,0.0,-0.4143310414820477,2.3569171184716127,566.0405999988143
10,7,56,"(212.5, 212.5, 2.2358312589572185)",0.04510958989460311,0.0,-0.6201374227072397,2.2642136841488893,673.800199998368
10,7,57,"(212.5, 212.5, 2.2358312589572185)",0.27652124918216014,737.1478271484375,-0.20616455525744645,2.3725705372074994,250.15069999790285
10,7,58,"(187.5, 212.5, 2.1581048160551872)",0.3055884424974096,0.0,-0.4143231095054389,2.3409752729794326,575.804899999639
10,7,59,"(162.5, 212.5, 2.0359929489759456)",0.03936838606991521,0.0,-0.619606772201437,2.2580008353926195,652.7767000006861
10,7,60,"(162.5, 212.5, 2.0359929489759456)",0.24073576905676478,737.1905517578125,-0.20652448333730036,2.3726580060759255,250.30779999724473
10,7,61,"(162.5, 237.5, 2.5862997483722747)",0.3479652928103356,0.0,-0.4178664483401031,2.315360067583455,581.7623999973875
10,7,62,"(162.5, 262.5, 3.2775456166337156)",0.050474559267406266,0.0,-0.6282352856397508,2.1035831768166284,610.2797999992617
10,7,63,"(162.5, 262.5, 3.2775456166337156)",0.34665997948540267,737.7323608398438,-0.2104255668449455,2.253768897822158,252.29769999714335
10,7,64,"(162.5, 287.5, 4.140142738102741)",0.47829924315595695,0.0,-0.4196091055720541,2.0135429509826595,573.9061999993282
10,7,65,"(162.5, 312.5, 5.206150757863988)",0.05559451878072621,0.0,-0.6240894643185276,1.6003417126556823,611.924299999373
10,7,66,"(162.5, 312.5, 5.206150757863988)",0.4835704615313502,739.8997802734375,-0.20797454734050844,1.7748964768787283,248.87240000316524
10,7,67,"(162.5, 337.5, 6.503826249283008)",0.6315487667670519,0.0,-0.4254466256144991,1.5853602664222717,569.9256000007153
10,7,68,"(162.5, 362.5, 8.044975170611863)",0.07386898497741014,0.0,-0.6387341903171693,1.2149955484911152,615.6757000026118
10,7,69,"(162.5, 362.5, 8.044975170611863)",0.6636039123153872,744.2667846679688,-0.21109453477533455,1.3211944640944644,251.57880000188015
10,8,0,"(487.5, 487.5, 2.4370033062802148)",0.5260681045895851,362.45172119140625,-0.25422876019952084,2.652706706948019,253.28989999979967
10,8,1,"(487.5, 462.5, 2.446737931289699)",0.45973659907355047,0.0,-0.4438433220812583,2.1893903597770947,553.7144000008993
10,8,2,"(487.5, 437.5, 2.3962294749129978)",0.05972996850806776,0.0,-0.6540541658079583,1.9919574175579788,601.6162000014447
10,8,3,"(487.5, 437.5, 2.3962294749129978)",0.3642391230199879,548.3522338867188,-0.21245464682332482,2.2396209106758205,253.61200000043027
10,8,4,"(462.5, 437.5, 3.0693002026442198)",0.4409095412368714,0.0,-0.4272792911806924,1.9825204560799456,560.2367999999842
10,8,5,"(437.5, 437.5, 3.9290738535618197)",0.04530488451321465,0.0,-0.6298499232394884,1.654064034932701,611.5934000008565
10,8,6,"(437.5, 437.5, 3.9290738535618197)",0.3356480602479164,735.6442260742188,-0.2096797668051969,1.7466614339070825,245.58479999905103
10,8,7,"(412.5, 437.5, 5.025427393027027)",0.4145730780191066,0.0,-0.42091526585728944,1.45603847292855,573.20030000119
10,8,8,"(412.5, 412.5, 4.71743372998353)",0.061406085888521124,0.0,-0.6330241552144698,1.2919789291087118,606.9562000011501
10,8,9,"(412.5, 412.5, 4.71743372998353)",0.3707023451178404,738.35888671875,-0.20759890806642275,1.5561931348940756,247.57959999988088
10,8,10,"(412.5, 387.5, 4.295992126710907)",0.42348882985362135,0.0,-0.4171519351663989,1.4797919530783707,573.5468999992008
10,8,11,"(412.5, 362.5, 3.8109821376558286)",0.03678661088148776,0.0,-0.6228125707196633,1.214036675756532,682.4655999989773
10,8,12,"(412.5, 362.5, 3.8109821376558286)",0.3523753119054337,738.3566284179688,-0.2088104943258497,1.6994814738410864,250.176300000021
10,8,13,"(412.5, 337.5, 3.3073470145874904)",0.48808040444547457,0.0,-0.4343292013347919,1.8367740419581107,598.1345000000147
10,8,14,"(412.5, 312.5, 2.8190600723806885)",0.062266166011497384,0.0,-0.6585309467799819,1.7232024261325776,672.4008999990474
10,8,15,"(412.5, 312.5, 2.8190600723806885)",0.35495712413001446,737.341064453125,-0.20916879181583525,2.096532385473332,246.9201999992947
10,8,16,"(412.5, 287.5, 2.3680192003946603)",0.3697253592683263,0.0,-0.42163869693551614,2.157731109483134,601.5865000008489
10,8,17,"(412.5, 262.5, 1.9657998932270644)",0.04252653817336714,0.0,-0.6352933838528353,2.061109188367879,774.1499000003387
10,8,18,"(412.5, 262.5, 1.9657998932270644)",0.2875969160576245,736.8097534179688,-0.2090779217909457,2.3635760002369404,247.68649999896297
10,8,19,"(412.5, 237.5, 1.6163909269654968)",0.3246277694712216,0.0,-0.42273215628606375,2.384687592276008,577.9104999965057
10,8,20,"(387.5, 237.5, 1.86489266876442)",0.04238136112691102,0.0,-0.6299339856430468,2.2677337770420913,607.3226000007708
10,8,21,"(387.5, 237.5, 1.86489266876442)",0.2727073288192714,737.098388671875,-0.20878464885594852,2.4250427745276624,252.32609999875422
10,8,22,"(362.5, 237.5, 2.1176379791076854)",0.3521758326501794,0.0,-0.4205776869374398,2.372902165482694,567.1113999997033
10,8,23,"(337.5, 237.5, 2.3610390308062064)",0.051188210646261854,0.0,-0.6252495798059056,2.258626803555414,612.935599998309
10,8,24,"(337.5, 237.5, 2.3610390308062064)",0.29396997378163764,737.2667846679688,-0.20740061035161592,2.3891809174806453,252.0535999974527
10,8,25,"(312.5, 237.5, 2.5784026504198194)",0.34338356853302515,0.0,-0.4148753709476947,2.3432328187728118,573.8199000006716
10,8,26,"(287.5, 237.5, 2.751681670936008)",0.045775711536404924,0.0,-0.6201743900836629,2.248697793077239,607.4741000011272
10,8,27,"(287.5, 237.5, 2.751681670936008)",0.3160715629984198,737.22509765625,-0.2072191613294291,2.403990459365212,249.895099997957
10,8,28,"(262.5, 237.5, 2.8642732943218303)",0.3665143673359794,0.0,-0.4167960531738648,2.399357317580487,574.8935000010533
10,8,29,"(237.5, 237.5, 2.9042989281312113)",0.047497789065016144,0.0,-0.6237744676889472,2.3129944736921892,671.8445000005886
10,8,30,"(237.5, 237.5, 2.9042989281312113)",0.32752510726119444,737.1863403320312,-0.2070354095088355,2.445408203367217,259.56829999995534
10,8,31,"(212.5, 237.5, 2.8673241576271007)",0.405499546516871,0.0,-0.4187376331895914,2.409915653552741,572.2057999992103
10,8,32,"(187.5, 237.5, 2.7574493337721258)",0.05721352497731306,0.0,-0.6263998311579038,2.28556453595187,676.9873999983247
10,8,33,"(187.5, 237.5, 2.7574493337721258)",0.3302307617495174,737.2136840820312,-0.20822422416170622,2.3976979653354102,252.4797000005492
10,8,34,"(187.5, 212.5, 2.1581048160551872)",0.32046239420341915,0.0,-0.4174428394246719,2.3313129779069883,577.5962999978219
10,8,35,"(187.5, 187.5, 1.6876002167496233)",0.03623215109106529,0.0,-0.6204583368003447,2.2090689865329542,609.3292000005022
10,8,36,"(187.5, 187.5, 1.6876002167496233)",0.20402105934784728,737.16748046875,-0.2035928361018543,2.3544321963907677,248.85920000087935
10,8,37,"(212.5, 187.5, 1.743039893786265)",0.25408352629619335,0.0,-0.40841912170817857,2.3154867935342165,578.1518000003416
10,8,38,"(237.5, 187.5, 1.761548008038559)",0.03676491727432437,0.0,-0.6129886264899616,2.2302239525892995,642.6013999989664
10,8,39,"(237.5, 187.5, 1.761548008038559)",0.22721882282552294,737.1708374023438,-0.20575274358096637,2.3176934798101034,254.52190000214614
10,8,40,"(262.5, 187.5, 1.7415094379554124)",0.27278106669737195,0.0,-0.412075630209484,2.277898735756489,569.8306000012963
10,8,41,"(287.5, 187.5, 1.6846716355053617)",0.03098909060162139,0.0,-0.6136643096787376,2.1871628951544095,643.3110999969358
10,8,42,"(287.5, 187.5, 1.6846716355053617)",0.20552541798985963,737.1630249023438,-0.20350507207811266,2.306917831170132,252.95770000229822
10,8,43,"(312.5, 187.5, 1.5958170587390115)",0.19857038887918368,0.0,-0.4064667247886581,2.2916427165094184,569.3952000001445
10,8,44,"(312.5, 212.5, 2.0303276744152)",0.03419812520344832,0.0,-0.6114502876049144,2.233235910689796,612.8123000016785
10,8,45,"(312.5, 212.5, 2.0303276744152)",0.2256463411035558,737.2061767578125,-0.20561865175663452,2.3492196068745708,248.81359999926644
10,8,46,"(312.5, 237.5, 2.5784026504198194)",0.32330760006364784,0.0,-0.416151196473983,2.3238302626966085,568.6021000001347
10,8,47,"(312.5, 262.5, 3.266470567666104)",0.04828850428266319,0.0,-0.6268490702264852,2.1341130548220364,600.5629999999655
10,8,48,"(312.5, 262.5, 3.266470567666104)",0.3571118867802474,737.6216430664062,-0.2114803337872879,2.2873981932610272,249.3350000004284
10,8,49,"(312.5, 287.5, 4.124508633098295)",0.5029875143594859,0.0,-0.4221729369579302,2.0970729670873935,569.1555000012158
10,8,50,"(312.5, 312.5, 5.183930710700896)",0.056273773312577303,0.0,-0.6275139166628231,1.7082748859020365,600.2565999988292
10,8,51,"(312.5, 312.5, 5.183930710700896)",0.4996160196354834,739.3240356445312,-0.2107356209515937,1.8908568930301342,249.79339999845251
10,8,52,"(312.5, 337.5, 6.4720487778634865)",0.655764612681892,0.0,-0.4272812036489289,1.636760957625237,563.284100000601
10,8,53,"(312.5, 362.5, 7.999359988870806)",0.06765270233155514,0.0,-0.6395701608960612,1.2197025452770838,613.2393000007141
10,8,54,"(312.5, 362.5, 7.999359988870806)",0.6636388194747173,744.1721801757812,-0.21166244849467503,1.3317129542583188,249.8516000014206
10,8,55,"(337.5, 362.5, 6.836404624384365)",0.7277997014365519,0.0,-0.45964120936304464,1.4542177157917557,568.048799999815
10,8,56,"(362.5, 362.5, 5.709929773131825)",0.07228295008341318,0.0,-0.6587056707884421,1.19182121187101,600.0192999999854
10,8,57,"(362.5, 362.5, 5.709929773131825)",0.521227798716094,741.0247802734375,-0.21065088170450164,1.39085468240694,249.09459999980754
10,8,58,"(362.5, 337.5, 4.801447242030367)",0.5243462597881404,0.0,-0.44876969568451747,1.5499353947698056,606.8175000000338
10,8,59,"(362.5, 312.5, 3.972924796908688)",0.03171316782635565,0.0,-0.6473286656592214,1.2208092024949881,603.2145999997738
10,8,60,"(362.5, 312.5, 3.972924796908688)",0.3735117373126669,738.337890625,-0.20496365292000718,1.7046726915870947,249.55920000138576
10,8,61,"(362.5, 287.5, 3.2481324511568093)",0.43930438710239506,0.0,-0.42389526921764864,1.8863830745606023,605.6998000021849
10,8,62,"(362.5, 262.5, 2.6317000424023482)",0.04214994112651284,0.0,-0.6383853925458507,1.7753279753800466,612.5022000014724
10,8,63,"(362.5, 262.5, 2.6317000424023482)",0.31415435584321966,737.4219360351562,-0.2052395579504325,2.214404098566015,250.95800000053714
10,8,64,"(362.5, 287.5, 3.2481324511568093)",0.4790282514874741,0.0,-0.42739835088501976,2.2068684572714505,572.9930999987118
10,8,65,"(362.5, 312.5, 3.972924796908688)",0.0856273969014628,0.0,-0.6506046128471853,1.8624724861543753,613.7864000011177
10,8,66,"(362.5, 312.5, 3.972924796908688)",0.4916671006001855,738.3736572265625,-0.21850230047148372,2.003943443225539,244.49710000044433
10,8,67,"(362.5, 337.5, 4.801447242030367)",0.5350267928367198,0.0,-0.4249846220254895,1.6666082607010033,570.5446000029042
10,8,68,"(362.5, 362.5, 5.709929773131825)",0.09544293085731188,0.0,-0.6499326700616609,1.2288822381543958,598.3225000018138
10,8,69,"(362.5, 362.5, 5.709929773131825)",0.6191034314640778,739.573974609375,-0.22549644804197463,1.4296962245573142,248.98920000123326
10,9,0,"(487.5, 487.5, 2.4370033062802148)",0.5200853202147009,362.43951416015625,-0.2542287601995209,2.652706827365782,248.20579999868642
10,9,1,"(462.5, 487.5, 3.127296379115885)",0.49886845746148034,0.0,-0.4375749093910468,1.9885345902310216,549.5548999970197
10,9,2,"(437.5, 487.5, 4.012520353342856)",0.049083784222602816,0.0,-0.6407384291551758,1.6426225520917803,602.8605999999854
10,9,3,"(437.5, 487.5, 4.012520353342856)",0.3699926040866114,549.4199829101562,-0.21180376539716075,1.6752151139980316,246.97899999955553
10,9,4,"(412.5, 487.5, 5.147226552974528)",0.43290439490381133,0.0,-0.4234185389772037,1.3593319440061058,566.7119000027014
10,9,5,"(387.5, 487.5, 6.600725374454914)",0.024666860699650937,0.0,-0.640922562616667,1.0163967901384239,607.0832000004884
10,9,6,"(387.5, 487.5, 6.600725374454914)",0.3229943973362565,553.2882080078125,-0.22311210447567156,1.173093292911779,248.3791000013298
10,9,7,"(362.5, 487.5, 8.460406646791682)",0.5672547306891798,0.0,-0.47600349556364047,0.8238367951108925,518.1737999992038
10,9,8,"(337.5, 487.5, 10.834577821017316)",0.03704807907340008,0.0,-0.7405271662447811,0.4982528401043805,811.8720000020403
10,9,9,"(337.5, 487.5, 10.834577821017316)",0.5414119141993287,557.0548706054688,-0.26957632743205445,0.7230310071216555,248.88280000232044
10,9,10,"(312.5, 487.5, 13.851283065501828)",0.7363878268753464,0.0,-0.533570108824683,0.4284673055879707,538.7558000002173
10,9,11,"(312.5, 462.5, 14.033224262378283)",0.042878826459258654,0.0,-0.9108576105626894,0.15593746906181927,624.5576000001165
10,9,12,"(312.5, 462.5, 14.033224262378283)",0.78594428851462,759.3694458007812,-0.27072657796150956,0.5305889870048408,247.27440000060597
10,9,13,"(337.5, 462.5, 10.942007264844266)",0.7128208962639337,0.0,-0.625324049317954,0.457819694479728,556.1110999988159
10,9,14,"(337.5, 437.5, 10.400297021568935)",0.05096675455573378,0.0,-0.9010207947075229,0.2604719603416957,705.7308999974339
10,9,15,"(337.5, 437.5, 10.400297021568935)",0.47385614609165233,751.5079345703125,-0.2569727602750517,0.7116961280937598,247.38780000188854
10,9,16,"(337.5, 412.5, 9.377700043801939)",0.6310049194065688,0.0,-0.4504222321778941,0.7006769501141413,570.6008000015572
10,9,17,"(362.5, 412.5, 7.512358105982148)",0.023894364635156096,0.0,-0.6360841064683581,0.3970248799363458,630.2290000021458
10,9,18,"(362.5, 412.5, 7.512358105982148)",0.3352867719778276,747.7703857421875,-0.20086956744052953,0.8760283008540657,250.92030000087107
10,9,19,"(362.5, 387.5, 6.644563227708976)",0.5602548133896981,0.0,-0.424126629898642,1.021891651543929,607.9524000015226
10,9,20,"(387.5, 387.5, 5.365977503075057)",0.030515144268660043,0.0,-0.6308677473491284,0.9124446115547065,625.7489999989048
10,9,21,"(387.5, 387.5, 5.365977503075057)",0.34014752916817453,741.4408569335938,-0.203949269343863,1.3146564891636434,249.23039999703178
10,9,22,"(387.5, 362.5, 4.6920389042223976)",0.5221070242443245,0.0,-0.430143332193853,1.344615725121461,565.8187999979418
10,9,23,"(387.5, 337.5, 4.012520353342856)",0.08258598546184981,0.0,-0.6612606435878857,1.1475334813849323,620.6196999992244
10,9,24,"(387.5, 337.5, 4.012520353342856)",0.48066033258086444,738.5380249023438,-0.21868401915384433,1.700267622078701,249.14859999989858
10,9,25,"(387.5, 312.5, 3.371997408476144)",0.4279803238514478,0.0,-0.4281624064690196,1.7989877985697718,597.3316999989038
10,9,26,"(387.5, 287.5, 2.795360823982221)",0.04248556991419683,0.0,-0.641589426502531,1.635708461872609,634.9871999991592
10,9,27,"(387.5, 287.5, 2.795360823982221)",0.3420081368096059,737.6430053710938,-0.21014310449714615,2.1248550743414967,253.46329999956652
10,9,28,"(387.5, 262.5, 2.2927863351327353)",0.38151500944725636,0.0,-0.42664384499257124,2.2429218024274618,570.6902999991144
10,9,29,"(387.5, 237.5, 1.86489266876442)",0.04610657195249877,0.0,-0.6400852152124885,2.1342036728347553,633.4080999986327
10,9,30,"(387.5, 237.5, 1.86489266876442)",0.2723387421375717,737.1078491210938,-0.20803882840461776,2.376194826049489,249.56940000265604
10,9,31,"(387.5, 212.5, 1.5068207512166414)",0.250513860082216,0.0,-0.41728772315482404,2.37947528192314,573.0681000022742
10,9,32,"(362.5, 212.5, 1.6949517469263145)",0.034727496405448345,0.0,-0.6238856584671303,2.3125740368302026,602.5642999993579
10,9,33,"(362.5, 212.5, 1.6949517469263145)",0.223198981286722,737.08935546875,-0.20608951751942442,2.4117293892883738,250.69539999822155
10,9,34,"(337.5, 212.5, 1.8733097780882446)",0.2859826398575941,0.0,-0.41243680803035304,2.3589247886619966,565.5618999990111
10,9,35,"(312.5, 212.5, 2.0303276744152)",0.03565661112468145,0.0,-0.6147174947662627,2.2630585899946944,601.5282999978808
10,9,36,"(312.5, 212.5, 2.0303276744152)",0.2426891182279596,737.2600708007812,-0.2052003405504501,2.3667112421619745,247.091500001261
10,9,37,"(312.5, 237.5, 2.5784026504198194)",0.31915432325542586,0.0,-0.41579008953455665,2.329878565083965,566.3354999996955
10,9,38,"(312.5, 262.5, 3.266470567666104)",0.05040407180787448,0.0,-0.6272943273385029,2.1397514020419908,604.1512999981933
10,9,39,"(312.5, 262.5, 3.266470567666104)",0.35887381852944306,737.5861206054688,-0.21152348446742433,2.2909013018258317,250.0620999999228
10,9,40,"(312.5, 287.5, 4.124508633098295)",0.5129950122503577,0.0,-0.4222237103494698,2.098248557772913,569.559700001264
10,9,41,"(312.5, 312.5, 5.183930710700896)",0.05571921169759668,0.0,-0.6275298164226593,1.7084529170489222,601.6147999980603
10,9,42,"(312.5, 312.5, 5.183930710700896)",0.5017676994448353,739.3917846679688,-0.21073845312646747,1.8908664542270615,248.66580000161775
10,9,43,"(312.5, 337.5, 6.4720487778634865)",0.6700330561656646,0.0,-0.4272810161907355,1.6367576696792783,572.3799000006693
10,9,44,"(312.5, 362.5, 7.999359988870806)",0.08247852325437088,0.0,-0.6395700308119838,1.2196996688551505,614.1788000022643
10,9,45,"(312.5, 362.5, 7.999359988870806)",0.6703394986954581,744.1954956054688,-0.21166245818742807,1.3317131991282791,249.0605000020878
10,9,46,"(312.5, 387.5, 9.73254467824523)",0.6810418145875202,0.0,-0.4221151912639735,0.9300066673202463,555.1098999967508
10,9,47,"(312.5, 412.5, 11.543004562335339)",0.10761456688246354,0.0,-0.6729311885284087,0.5837433451807238,661.7890999987139
10,9,48,"(312.5, 412.5, 11.543004562335339)",0.8130603291609528,754.0364990234375,-0.243488206847343,0.7407917259455429,247.116400001687
10,9,49,"(287.5, 412.5, 13.851283065501828)",0.9538705415919646,0.0,-0.4648842753598839,0.7128246073722329,499.7358999971766
10,9,50,"(262.5, 412.5, 15.847883528411389)",0.1750751137733469,0.0,-0.7605677071363921,0.32572598408355824,697.9995000001509
10,9,51,"(262.5, 412.5, 15.847883528411389)",0.9292751883174175,759.5624389648438,-0.27683202080902425,0.7319641826572757,249.40040000001318
10,9,52,"(262.5, 437.5, 19.691492564685472)",0.2574598232729304,0.0,-0.4062245375736445,0.10997430632019749,522.3418999994465
10,0,0,"(262.5, 487.5, 22.1418731987782)",0.418202788729279,600.4640502929688,-0.4051836941886182,0.19106300344144314,252.27979999908712
10,1,0,"(262.5, 487.5, 22.1418731987782)",0.4221617285408997,600.5555419921875,-0.4051836941886182,0.19106325260217344,247.6656000035291
10,2,0,"(262.5, 487.5, 22.1418731987782)",0.42326303873659316,599.4627075195312,-0.4051836941886183,0.19106310824847508,253.62560000212397
10,3,0,"(262.5, 487.5, 22.1418731987782)",0.42178410550198475,600.5943603515625,-0.4051836941886183,0.19106305086861505,253.23429999843938
10,4,0,"(262.5, 487.5, 22.1418731987782)",0.42341935350401727,600.55078125,-0.4051836941886182,0.19106315652047656,261.94390000091516
10,5,0,"(262.5, 487.5, 22.1418731987782)",0.41900567116303955,600.53125,-0.40518369418861827,0.19106312460767932,251.61130000196863
10,6,0,"(262.5, 487.5, 22.1418731987782)",0.4206568829639176,600.3441162109375,-0.40518369418861827,0.19106319270174982,255.3451000021596
10,7,0,"(262.5, 487.5, 22.1418731987782)",0.41992461097914274,600.544189453125,-0.40518369418861827,0.1910631049876537,252.51940000089235
10,8,0,"(262.5, 487.5, 22.1418731987782)",0.426741115489328,599.9241333007812,-0.40518369418861827,0.19106318497578892,250.32149999969988
10,9,0,"(262.5, 487.5, 22.1418731987782)",0.41868401207979755,600.5009155273438,-0.4051836941886183,0.1910631486413442,251.9575000005716
10,0,0,"(462.5, 487.5, 3.127296379115885)",0.6168440535226912,546.69482421875,-0.24382846428447544,2.3951717693033334,247.2405999978946
10,0,1,"(462.5, 462.5, 3.1411719247664083)",0.5174270038908976,0.0,-0.4439627676981236,1.9180244717888337,556.7125999987184
10,0,2,"(462.5, 437.5, 3.0693002026442198)",0.05121435225009289,0.0,-0.6517775569759903,1.7133673783075605,627.8775000027963
10,0,3,"(462.5, 437.5, 3.0693002026442198)",0.3659813931330919,732.8494262695312,-0.20867675573596153,1.9443042846758691,247.03969999973197
10,0,4,"(462.5, 412.5, 2.919906180572381)",0.4246104101401673,0.0,-0.4267122483339814,1.896970174416376,566.3931000017328
10,0,5,"(462.5, 387.5, 2.7089644303699463)",0.052832578619259975,0.0,-0.6326083166482837,1.6915230809237798,636.9970000014291
10,0,6,"(462.5, 387.5, 2.7089644303699463)",0.3368096519766644,733.9862670898438,-0.20779068244086135,2.063084142333727,249.07159999929718
10,0,7,"(462.5, 362.5, 2.4565270421865075)",0.37469957909271023,0.0,-0.4202301377156103,2.069199520283986,569.9514000007184
10,0,8,"(437.5, 362.5, 3.0693002026442198)",0.047874545057607486,0.0,-0.626986577902091,1.8668424619269672,601.5985000012734
10,0,9,"(437.5, 362.5, 3.0693002026442198)",0.3488803771762919,736.3422241210938,-0.20874466529602972,2.08640230794966,253.49809999897843
10,0,10,"(412.5, 362.5, 3.8109821376558286)",0.5176957353373108,0.0,-0.4276187605773349,1.9086414739026052,576.0961999985739
10,0,11,"(387.5, 362.5, 4.6920389042223976)",0.06528903543947683,0.0,-0.6344818308214645,1.6452933693575011,594.9920999992173
10,0,12,"(387.5, 362.5, 4.6920389042223976)",0.4474981837176159,739.18017578125,-0.2119344866554289,1.7575336220681328,247.4311999976635
10,0,13,"(362.5, 362.5, 5.709929773131825)",0.6559164039771771,0.0,-0.432957954798201,1.5280196883055526,568.4314999998605
10,0,14,"(337.5, 362.5, 6.836404624384365)",0.05969349543253907,0.0,-0.6270420178474361,1.059087002101019,594.4950000011886
10,0,15,"(337.5, 362.5, 6.836404624384365)",0.56338367334924,742.1878662109375,-0.21038759431889623,1.3849487931263804,248.5008999974525
10,0,16,"(337.5, 337.5, 5.641752186721501)",0.5556894921036898,0.0,-0.4508964867723636,1.5527798224012774,571.9831000023987
10,0,17,"(362.5, 337.5, 4.801447242030367)",0.054209788640336626,0.0,-0.6570014791731712,1.3043808602220133,748.713900000439
10,0,18,"(362.5, 337.5, 4.801447242030367)",0.43984866237265874,739.438232421875,-0.2076309152626454,1.6803979667218525,247.0307999974466
10,0,19,"(362.5, 312.5, 3.972924796908688)",0.3826355500156323,0.0,-0.42042536479904674,1.6628751812283111,601.9228000004659
10,0,20,"(362.5, 287.5, 3.2481324511568093)",0.050959587097167386,0.0,-0.63645244187377,1.4837783905759367,600.3521000020555
10,0,21,"(362.5, 287.5, 3.2481324511568093)",0.3807611125698984,737.7999267578125,-0.20982088651434339,1.9967333030240872,247.16890000127023
10,0,22,"(337.5, 287.5, 3.7025046815464644)",0.42552508947860807,0.0,-0.4182797122871251,2.11011991122315,575.5865999999514
10,0,23,"(337.5, 312.5, 4.592532186196013)",0.08803979555762284,0.0,-0.6500430052839814,1.8849108090176756,598.5045999987051
10,0,24,"(337.5, 312.5, 4.592532186196013)",0.5313166044685451,738.2671508789062,-0.22040141017137668,2.0255880337545817,246.1089999997057
10,0,25,"(337.5, 337.5, 5.641752186721501)",0.6341458984586912,0.0,-0.4264759472224372,1.6695933115162418,563.422699997318
10,0,26,"(337.5, 362.5, 6.836404624384365)",0.06720852851867268,0.0,-0.6361803856380999,1.2148354492907574,596.875800001726
10,0,27,"(337.5, 362.5, 6.836404624384365)",0.6282083698718309,741.3284912109375,-0.21439586850531914,1.4176257713804485,249.12319999930332
10,0,28,"(362.5, 362.5, 5.709929773131825)",0.7468805222603152,0.0,-0.4670579170957797,1.5329128295057017,572.5758000007772
10,0,29,"(387.5, 362.5, 4.6920389042223976)",0.053292130430498616,0.0,-0.6338944251102112,1.1101310946940754,599.387400001433
10,0,30,"(387.5, 362.5, 4.6920389042223976)",0.4095193777374529,739.5529174804688,-0.20727331887449787,1.5493763752751282,246.5212999995856
10,0,31,"(387.5, 337.5, 4.012520353342856)",0.5814233991705998,0.0,-0.4466717321346849,1.6868506794122997,603.1122000022151
10,0,32,"(387.5, 312.5, 3.371997408476144)",0.05378573636212196,0.0,-0.6639872086707722,1.4352402988475919,743.7433000013698
10,0,33,"(387.5, 312.5, 3.371997408476144)",0.3650174907361082,738.2694702148438,-0.20738856055469565,1.8881393775501532,245.25229999926523
10,0,34,"(387.5, 287.5, 2.795360823982221)",0.39143082851983224,0.0,-0.4239482407938777,2.0179045346836033,603.8491999970574
10,0,35,"(387.5, 262.5, 2.2927863351327353)",0.050134753187504606,0.0,-0.6444529725446198,1.9572927786144578,734.4415000006848
10,0,36,"(387.5, 262.5, 2.2927863351327353)",0.30974266860794025,737.2733764648438,-0.20891937057934842,2.307406148842132,247.5159999994503
10,0,37,"(387.5, 237.5, 1.86489266876442)",0.3481135108373695,0.0,-0.4221536010749433,2.3288284379757376,569.8093999999401
10,0,38,"(387.5, 212.5, 1.5068207512166414)",0.03488613665102359,0.0,-0.6277592781717268,2.221716836927906,635.7329999991634
10,0,39,"(387.5, 212.5, 1.5068207512166414)",0.2055243478093454,736.9533081054688,-0.20560804653001247,2.418178957198097,249.38770000153454
10,0,40,"(362.5, 212.5, 1.6949517469263145)",0.2695014407623549,0.0,-0.4139548361525213,2.3945794258843613,574.2548000016541
10,0,41,"(337.5, 212.5, 1.8733097780882446)",0.03208144257469363,0.0,-0.6163516274603889,2.2975677173314653,596.9617000009748
10,0,42,"(337.5, 212.5, 1.8733097780882446)",0.22469175556776802,737.2199096679688,-0.20493940397014865,2.381135099252656,248.28319999869564
10,0,43,"(312.5, 212.5, 2.0303276744152)",0.2921813899587048,0.0,-0.411981647877707,2.3394419472150476,567.0422000002873
10,0,44,"(287.5, 212.5, 2.154010388857775)",0.03819616635639873,0.0,-0.6160514688294072,2.256815766921974,612.2771000009379
10,0,45,"(287.5, 212.5, 2.154010388857775)",0.2506875755290357,737.1950073242188,-0.20458472393451554,2.3588456127224045,247.64309999955003
10,0,46,"(262.5, 212.5, 2.2336800277132602)",0.30840249927965574,0.0,-0.4106675074426406,2.328122795401581,572.3886000014318
10,0,47,"(237.5, 212.5, 2.261871450534782)",0.049777567386616865,0.0,-0.6187688267954587,2.2563650610551553,651.8226999978651
10,0,48,"(237.5, 212.5, 2.261871450534782)",0.28864672870189734,737.1437377929688,-0.20709009552146368,2.3858933905408346,245.69239999982528
10,0,49,"(212.5, 212.5, 2.2358312589572185)",0.33677004551476925,0.0,-0.41322325095252316,2.346741473809601,567.6271000011184
10,0,50,"(187.5, 212.5, 2.1581048160551872)",0.03648980458579922,0.0,-0.618385867359618,2.2487780587292088,637.9357000005257
10,0,51,"(187.5, 212.5, 2.1581048160551872)",0.26148039661021727,737.158447265625,-0.20723803143966912,2.3710882878301547,245.39879999792902
10,0,52,"(187.5, 237.5, 2.7574493337721258)",0.3544001101553693,0.0,-0.4189428611043302,2.3340644595756816,577.4486000009347
10,0,53,"(187.5, 262.5, 3.519235619237839)",0.05844767888384645,0.0,-0.6306201157695934,2.0974092924853465,600.5076000001281
10,0,54,"(187.5, 262.5, 3.519235619237839)",0.377463373812586,737.7369384765625,-0.21332498038707223,2.2563998801541265,249.30650000169408
10,0,55,"(187.5, 287.5, 4.484402965683246)",0.4684056722732378,0.0,-0.41913888401314064,2.010381292625666,568.2915999968827
10,0,56,"(187.5, 312.5, 5.701335627950545)",0.04971861342589633,0.0,-0.6244874612530305,1.6043440788683379,597.1830999988015
10,0,57,"(187.5, 312.5, 5.701335627950545)",0.48139816517928163,740.1807250976562,-0.20915964256205752,1.787040751765365,246.33579999863287
10,0,58,"(162.5, 312.5, 5.206150757863988)",0.5959861752962053,0.0,-0.4297027041634172,1.8268067514782782,566.0957000000053
10,0,59,"(137.5, 312.5, 4.617102976724376)",0.05489553511142189,0.0,-0.6358427121025361,1.6482065365602871,613.9083000016399
10,0,60,"(137.5, 312.5, 4.617102976724376)",0.4506103072056134,738.4769287109375,-0.2080381190917228,1.9123358491333156,247.5099000002956
10,0,61,"(137.5, 337.5, 5.675677129206918)",0.6947305941097477,0.0,-0.43437038335854716,1.652481962086828,565.5272000003606
10,0,62,"(137.5, 362.5, 6.88289330546234)",0.05727741618950055,0.0,-0.6198514877765869,0.9540206082889345,595.1357999983884
10,0,63,"(137.5, 362.5, 6.88289330546234)",0.5625059772022192,742.70947265625,-0.20698724822408823,1.2332615159602816,247.584700002335
10,0,64,"(162.5, 362.5, 8.044975170611863)",0.6740388891967344,0.0,-0.41738954923856775,1.2132076099566962,572.0589000011387
10,0,65,"(187.5, 362.5, 9.103110310900643)",0.06593553225200882,0.0,-0.6258183935014074,0.8621990701761125,609.9902999994811
10,0,66,"(187.5, 362.5, 9.103110310900643)",0.6709174679197152,746.9395141601562,-0.20728122007581587,1.0982495133801373,248.82280000019819
10,0,67,"(187.5, 387.5, 11.364582883745452)",0.6155385936787303,0.0,-0.41716618639766057,0.8309403297757252,591.6695000014442
10,0,68,"(212.5, 387.5, 12.56601886791643)",0.03512884676456767,0.0,-0.6140307577324629,0.4486889179901673,653.0434999986028
10,0,69,"(212.5, 387.5, 12.56601886791643)",0.5926829454685787,756.850341796875,-0.2021816137108158,0.6878772434076436,249.12159999803407
10,1,0,"(462.5, 487.5, 3.127296379115885)",0.612629251842404,546.77685546875,-0.24382846428447544,2.3951717464340234,248.19529999876977
10,1,1,"(462.5, 462.5, 3.1411719247664083)",0.5153876382740777,0.0,-0.4439627676981236,1.9180244716716717,550.9296999989601
10,1,2,"(462.5, 437.5, 3.0693002026442198)",0.05481224755446232,0.0,-0.6517775569759903,1.71336737830756,623.2310000013968
10,1,3,"(462.5, 437.5, 3.0693002026442198)",0.36554212845537803,732.8285522460938,-0.20867675573596153,1.9443043313946733,246.6175999979896
10,1,4,"(437.5, 437.5, 3.9290738535618197)",0.375293908795904,0.0,-0.4185212617904637,1.693429634606858,568.2320999985677
10,1,5,"(412.5, 437.5, 5.025427393027027)",0.04152074456216911,0.0,-0.628685374482343,1.39017885445333,599.0928999999596
10,1,6,"(412.5, 437.5, 5.025427393027027)",0.3656453477929454,738.213134765625,-0.20946043127956385,1.4875101040704253,247.73629999981495
10,1,7,"(412.5, 412.5, 4.71743372998353)",0.44873987565562456,0.0,-0.4314125625722981,1.432013490781212,581.7326000033063
10,1,8,"(412.5, 387.5, 4.295992126710907)",0.04258417089778335,0.0,-0.6381246119343278,1.1524639586689953,605.442199997924
10,1,9,"(412.5, 387.5, 4.295992126710907)",0.3678668607359195,739.0962524414062,-0.20537211436729125,1.5229852458502833,250.0294000019494
10,1,10,"(412.5, 362.5, 3.8109821376558286)",0.3663751283116598,0.0,-0.4191925884586912,1.5877556530572867,604.716500001814
10,1,11,"(412.5, 337.5, 3.3073470145874904)",0.06305477519834214,0.0,-0.646180737630397,1.467723569987308,604.0487000027497
10,1,12,"(412.5, 337.5, 3.3073470145874904)",0.3978847043921697,737.6233520507812,-0.2133786846963135,1.9279927924674496,246.15740000081132
10,1,13,"(412.5, 312.5, 2.8190600723806885)",0.4383661043847338,0.0,-0.4298853245616592,2.01699619120976,563.3376000005228
10,1,14,"(412.5, 287.5, 2.3680192003946603)",0.044286146759987904,0.0,-0.6420651912241776,1.8624745650386059,695.5263000018022
10,1,15,"(412.5, 287.5, 2.3680192003946603)",0.30802641593782665,737.0278930664062,-0.20818713776535788,2.2477736208852224,246.9582999983686
10,1,16,"(412.5, 262.5, 1.9657998932270644)",0.35105329145947306,0.0,-0.42143628244898185,2.2940839996770284,565.8025000011548
10,1,17,"(412.5, 237.5, 1.6163909269654968)",0.04353916148344876,0.0,-0.6343708183049991,2.2102696789294263,675.2435999987938
10,1,18,"(412.5, 237.5, 1.6163909269654968)",0.25465615222507204,736.6270141601562,-0.20799894916009815,2.427960806190468,244.73740000030375
10,1,19,"(387.5, 237.5, 1.86489266876442)",0.33391548504644797,0.0,-0.4200756704133843,2.399026896137248,567.2592999981134
10,1,20,"(362.5, 237.5, 2.1176379791076854)",0.04508374134698927,0.0,-0.6246090717752172,2.2714353960637865,596.7975999992632
10,1,21,"(362.5, 237.5, 2.1176379791076854)",0.28592740085752744,737.27978515625,-0.20880113330378133,2.4046581892431256,250.8181000011973
10,1,22,"(362.5, 262.5, 2.6317000424023482)",0.3811353849940968,0.0,-0.42347487179988863,2.3273866732894484,569.4844999998168
10,1,23,"(362.5, 287.5, 3.2481324511568093)",0.07209157943727777,0.0,-0.6432099499913304,2.0881026745091664,601.7231999976502
10,1,24,"(362.5, 287.5, 3.2481324511568093)",0.41582346915854335,737.6989135742188,-0.21889433175669112,2.22115660543604,247.94240000119316
10,1,25,"(362.5, 312.5, 3.972924796908688)",0.585625080013084,0.0,-0.4360819028528138,1.9942586412857748,567.0458999993571
10,1,26,"(362.5, 337.5, 4.801447242030367)",0.0642775694529305,0.0,-0.6399270078358911,1.5083467648492075,597.9191000005812
10,1,27,"(362.5, 337.5, 4.801447242030367)",0.4790089611287283,738.8516235351562,-0.21282073395096202,1.6800280287826888,246.59500000052503
10,1,28,"(362.5, 362.5, 5.709929773131825)",0.7142460433706093,0.0,-0.4414356459288826,1.4206657691306848,563.5906999996223
10,1,29,"(362.5, 387.5, 6.644563227708976)",0.07370163500311694,0.0,-0.6453755535652815,0.8714095367786161,607.2424999983923
10,1,30,"(362.5, 387.5, 6.644563227708976)",0.6292496332076911,741.018798828125,-0.21659869745349214,1.2058289175668253,249.32199999966542
10,1,31,"(337.5, 387.5, 8.122025837780313)",0.7239567564884754,0.0,-0.43264293619462046,1.1066953287649672,566.826400001446
10,1,32,"(312.5, 387.5, 9.73254467824523)",0.06548684338728221,0.0,-0.6234740780626927,0.7361535665630795,595.6313999995473
10,1,33,"(312.5, 387.5, 9.73254467824523)",0.6441884911299658,748.8182373046875,-0.2136458578020094,0.9708628307830399,247.81719999737106
10,1,34,"(287.5, 387.5, 11.306348749090457)",1.141960581114831,0.0,-0.4869133258206772,0.8815555629373644,565.6042999980855
10,1,35,"(287.5, 412.5, 13.851283065501828)",0.13024685780208412,0.0,-0.7811978587688279,0.42194368547038913,614.7330000021611
10,1,36,"(287.5, 412.5, 13.851283065501828)",0.8013613187889468,759.8260498046875,-0.241300359742177,0.6294319101792394,248.31819999963045
10,1,37,"(287.5, 437.5, 16.365669713099226)",0.8729463018063253,0.0,-0.5031043259233301,0.3987371254290768,535.1276000001235
10,1,38,"(262.5, 437.5, 19.691492564685472)",0.01593821744123062,0.0,-0.8139100099503628,0.14198093049256932,760.1157999997668
10,1,39,"(262.5, 437.5, 19.691492564685472)",0.29947044957309654,785.4127197265625,-0.2079677282088842,0.176172011066329,244.73139999827254
10,1,40,"(237.5, 437.5, 21.459341898515387)",0.06789310885806474,0.0,-0.6594020560985469,0.1401995433023643,508.86589999936405
10,2,0,"(462.5, 487.5, 3.127296379115885)",0.6158549348884058,546.6732788085938,-0.24382846428447544,2.3951717658965967,252.67909999820404
10,2,1,"(462.5, 462.5, 3.1411719247664083)",0.5189819894952223,0.0,-0.4439627676981236,1.9180244718109896,568.1194999997388
10,2,2,"(437.5, 462.5, 4.032539977718922)",0.06408347189427549,0.0,-0.654299946781515,1.6699804106164584,597.0611999982793
10,2,3,"(437.5, 462.5, 4.032539977718922)",0.4092888807163101,733.6651000976562,-0.2147084715016478,1.7467073035092648,247.06510000032722
10,2,4,"(437.5, 437.5, 3.9290738535618197)",0.46796072472872935,0.0,-0.43211837356358046,1.6045871991399714,569.698100000096
10,2,5,"(437.5, 412.5, 3.7158125367455015)",0.05454698204993043,0.0,-0.6445170005850067,1.4013799839648662,672.5000000005821
10,2,6,"(437.5, 412.5, 3.7158125367455015)",0.3743158317000793,736.6852416992188,-0.20905554703238435,1.7158277085318565,245.35769999783952
10,2,7,"(437.5, 387.5, 3.41874755045311)",0.3698072583187921,0.0,-0.41498785159378193,1.6723693180800898,569.2049999997835
10,2,8,"(437.5, 362.5, 3.0693002026442198)",0.05031372606752932,0.0,-0.6294507083758827,1.5275038009769057,612.3531999983243
10,2,9,"(437.5, 362.5, 3.0693002026442198)",0.34349460328462683,736.7665405273438,-0.20773383347465954,1.9369095650518175,247.99789999815403
10,2,10,"(437.5, 337.5, 2.697731893066704)",0.41250876375459905,0.0,-0.4268081159842734,2.02517547994986,588.1034000012733
10,2,11,"(412.5, 337.5, 3.3073470145874904)",0.058385267853711766,0.0,-0.6403110971494749,1.899850238271242,603.0639999989944
10,2,12,"(412.5, 337.5, 3.3073470145874904)",0.3775355758940592,737.5426635742188,-0.2098138424435406,2.077895657482868,244.70429999928456
10,2,13,"(387.5, 337.5, 4.012520353342856)",0.47460538547088627,0.0,-0.4239871178698005,1.8830428559692773,574.042999996891
10,2,14,"(362.5, 337.5, 4.801447242030367)",0.05747071901960717,0.0,-0.6330827944894779,1.6342937588326625,602.2632000021986
10,2,15,"(362.5, 337.5, 4.801447242030367)",0.44482634841188595,739.2388305664062,-0.21103437223036958,1.7907327174081675,248.08940000002622
10,2,16,"(362.5, 312.5, 3.972924796908688)",0.39590282967955026,0.0,-0.43092760866035673,1.7829693704093408,569.2041000002064
10,2,17,"(362.5, 287.5, 3.2481324511568093)",0.05097667376200921,0.0,-0.6402494339963377,1.5240328044575318,597.8565999976126
10,2,18,"(362.5, 287.5, 3.2481324511568093)",0.3858331557966496,737.8336791992188,-0.21001871936647395,2.0115236986384186,249.71930000174325
10,2,19,"(362.5, 262.5, 2.6317000424023482)",0.36365922688504493,0.0,-0.4217031470496527,2.144685489353411,592.082000002847
10,2,20,"(362.5, 237.5, 2.1176379791076854)",0.03966917594273004,0.0,-0.6335316260131711,2.02892596673907,595.9464999978081
10,2,21,"(362.5, 237.5, 2.1176379791076854)",0.2827197374932401,737.309326171875,-0.2072647318177662,2.3297716783280262,247.26670000018203
10,2,22,"(362.5, 212.5, 1.6949517469263145)",0.271225065675439,0.0,-0.4163377051677475,2.33793946557415,565.7905000007304
10,2,23,"(337.5, 212.5, 1.8733097780882446)",0.033808546761677646,0.0,-0.6206010879866177,2.2541227141275777,602.7400999992096
10,2,24,"(337.5, 212.5, 1.8733097780882446)",0.22503025003708804,737.2236328125,-0.2044721138052647,2.3759432465745514,245.67230000320706
10,2,25,"(312.5, 212.5, 2.0303276744152)",0.28542109743424043,0.0,-0.4118080455740652,2.339001783235251,569.5257000006677
10,2,26,"(287.5, 212.5, 2.154010388857775)",0.03997166951499038,0.0,-0.6160281299914202,2.2568031657430567,635.1624000017182
10,2,27,"(287.5, 212.5, 2.154010388857775)",0.24982522640664295,737.2060546875,-0.20457896808151355,2.359043799156804,250.85690000196337
10,2,28,"(262.5, 212.5, 2.2336800277132602)",0.2994021430717589,0.0,-0.41066591187611745,2.3281783843432367,563.8797999999952
10,2,29,"(237.5, 212.5, 2.261871450534782)",0.04279047250748839,0.0,-0.6187688297846388,2.256363970138308,651.9268000010925
10,2,30,"(237.5, 212.5, 2.261871450534782)",0.2868569812693902,737.1597900390625,-0.2070897930838374,2.3858887990298663,250.12490000153775
10,2,31,"(212.5, 212.5, 2.2358312589572185)",0.3253596641495753,0.0,-0.4132233200481886,2.346741703566952,563.3358999984921
10,2,32,"(187.5, 212.5, 2.1581048160551872)",0.03935313224792967,0.0,-0.6183859089563467,2.248778466474003,633.8600000017323
10,2,33,"(187.5, 212.5, 2.1581048160551872)",0.26140741759551733,737.1324462890625,-0.20723804552101624,2.371088421993692,248.88719999944442
10,2,34,"(187.5, 237.5, 2.7574493337721258)",0.3414427467264897,0.0,-0.41894285619813165,2.3340645403612337,558.9856999977201
10,2,35,"(187.5, 262.5, 3.519235619237839)",0.05397733052571021,0.0,-0.6306201209969065,2.097409334257854,594.5156000016141
10,2,36,"(187.5, 262.5, 3.519235619237839)",0.38133020635636733,737.8067626953125,-0.2133249930311194,2.2563998695129133,245.47119999988354
10,2,37,"(187.5, 287.5, 4.484402965683246)",0.4803215251362406,0.0,-0.41913887053371734,2.0103812670523644,566.775700001017
10,2,38,"(187.5, 312.5, 5.701335627950545)",0.05060274899005611,0.0,-0.6244874534011347,1.6043440012601766,599.5044999981474
10,2,39,"(187.5, 312.5, 5.701335627950545)",0.47823549637148155,740.1785888671875,-0.20915964197818457,1.7870407574289036,250.1656999993429
10,2,40,"(187.5, 337.5, 7.2238068944948735)",0.5518260232799085,0.0,-0.41339382719857365,1.4623605247519298,586.7364999976417
10,2,41,"(212.5, 337.5, 7.7206787211523045)",0.0662715435028043,0.0,-0.626511930469906,1.1101019264718681,630.4866999998922
10,2,42,"(212.5, 337.5, 7.7206787211523045)",0.6183736241098929,742.8389892578125,-0.20867676433076532,1.4064837552787475,251.48320000153035
10,2,43,"(237.5, 337.5, 7.894671343450355)",0.7232870957452617,0.0,-0.43335077607945766,1.3329495190532497,574.2577000019082
10,2,44,"(262.5, 337.5, 7.706480720276972)",0.055116732915212685,0.0,-0.6433054066710515,1.0092468405747124,663.2414000014251
10,2,45,"(262.5, 337.5, 7.706480720276972)",0.6683367673936744,742.0508422851562,-0.2076370097267568,1.3991941611458356,245.1688999972248
10,2,46,"(262.5, 312.5, 6.024387455566984)",0.4933564974778627,0.0,-0.4154237126600078,1.330674242154047,573.6853999987943
10,2,47,"(237.5, 312.5, 6.148385304590252)",0.0491849382718147,0.0,-0.6283602158790109,1.109530741250822,642.6049000001512
10,2,48,"(237.5, 312.5, 6.148385304590252)",0.5338349470890116,740.0691528320312,-0.20970918834196056,1.686698682382898,247.6888000019244
10,2,49,"(237.5, 287.5, 4.7883724346521515)",0.49640900841642177,0.0,-0.4238424330939406,1.7119140860741269,606.359599998541
10,2,50,"(212.5, 287.5, 4.711065216163657)",0.06962005297341597,0.0,-0.6447257667421626,1.5955137014145386,680.1802000009047
10,2,51,"(212.5, 287.5, 4.711065216163657)",0.491450917432747,738.2481689453125,-0.21136596053874707,2.060628516213175,248.97729999793228
10,2,52,"(187.5, 287.5, 4.484402965683246)",0.5073457899828172,0.0,-0.4227793811609867,2.068517278350117,570.3078000005917
10,2,53,"(162.5, 287.5, 4.140142738102741)",0.061571434140204655,0.0,-0.6353297926590071,1.8830119664401332,646.2285999987216
10,2,54,"(162.5, 287.5, 4.140142738102741)",0.4496399729014655,737.8742065429688,-0.21079899643493552,2.100358486367486,247.633400002087
10,2,55,"(162.5, 262.5, 3.2775456166337156)",0.3722098333085069,0.0,-0.4209817335559442,2.066672095740554,569.3679000032716
10,2,56,"(162.5, 237.5, 2.5862997483722747)",0.033619140585289246,0.0,-0.623419258789451,1.8655239075478462,601.1548999995284
10,2,57,"(162.5, 237.5, 2.5862997483722747)",0.3012585098594024,737.5030517578125,-0.2053348991337281,2.242413836083262,247.78800000058254
10,2,58,"(162.5, 212.5, 2.0359929489759456)",0.3052178342550288,0.0,-0.41353361947198525,2.274207464453477,573.940300000686
10,2,59,"(187.5, 212.5, 2.1581048160551872)",0.03508321444194181,0.0,-0.6183532256188196,2.187226994393265,609.2458000020997
10,2,60,"(187.5, 212.5, 2.1581048160551872)",0.25749780781479203,737.1661376953125,-0.20504956164719124,2.366294844578155,250.8499999967171
10,2,61,"(212.5, 212.5, 2.2358312589572185)",0.31140155596622265,0.0,-0.41427182323252415,2.347886082081575,573.7768999970285
10,2,62,"(237.5, 212.5, 2.261871450534782)",0.039055883884426955,0.0,-0.6179438880425722,2.2484694737230684,631.4801999978954
10,2,63,"(237.5, 212.5, 2.261871450534782)",0.26978845761226694,737.177490234375,-0.2049581080891588,2.3706568337253477,247.82319999940228
10,2,64,"(262.5, 212.5, 2.2336800277132602)",0.3455554785752066,0.0,-0.41435733421303766,2.3593538266344045,565.7930000015767
10,2,65,"(287.5, 212.5, 2.154010388857775)",0.041191577911387875,0.0,-0.6188876144824469,2.259962664832949,656.4289000016288
10,2,66,"(287.5, 212.5, 2.154010388857775)",0.2602036946144399,737.1648559570312,-0.20504776525709445,2.363473383086404,250.12150000111433
10,2,67,"(312.5, 212.5, 2.0303276744152)",0.28568225450692497,0.0,-0.4114501272148505,2.3273547421481076,574.1981000028318
10,2,68,"(312.5, 237.5, 2.5784026504198194)",0.03939467420182703,0.0,-0.6212592422235301,2.24664523660753,614.7520000013174
10,2,69,"(312.5, 237.5, 2.5784026504198194)",0.2894626523960547,737.2669067382812,-0.2080691846897577,2.372926685736312,252.1922000014456
10,3,0,"(462.5, 487.5, 3.127296379115885)",0.6165869874003552,546.8211669921875,-0.24382846428447544,2.39517179173483,249.09190000107628
10,3,1,"(462.5, 462.5, 3.1411719247664083)",0.527120316720036,0.0,-0.4439627676981236,1.9180244713915573,556.2245000000985
10,3,2,"(462.5, 437.5, 3.0693002026442198)",0.055483713746063014,0.0,-0.6517775569759904,1.7133673783075603,631.0255999997025
10,3,3,"(462.5, 437.5, 3.0693002026442198)",0.3652666969460176,732.8363037109375,-0.20867675573596153,1.9443043488905347,249.53150000146707
10,3,4,"(462.5, 412.5, 2.919906180572381)",0.45672589203010455,0.0,-0.42671224833398147,1.896970174502215,569.6042000017769
10,3,5,"(462.5, 387.5, 2.7089644303699463)",0.044694398840284345,0.0,-0.6326083166482837,1.69152308092378,636.1596999995527
10,3,6,"(462.5, 387.5, 2.7089644303699463)",0.33564605828083355,733.9706420898438,-0.20779068244086135,2.063084034629547,247.73539999659988
10,3,7,"(462.5, 362.5, 2.4565270421865075)",0.3642242356681237,0.0,-0.4202301377156103,2.069199520499779,567.8485999997065
10,3,8,"(462.5, 337.5, 2.1828984217128706)",0.04765498638153372,0.0,-0.6335315184596627,1.9578548623714263,656.2155999999959
10,3,9,"(462.5, 337.5, 2.1828984217128706)",0.3025602202142224,733.7329711914062,-0.2091192024182803,2.317267342033963,248.78899999748683
10,3,10,"(437.5, 337.5, 2.697731893066704)",0.43290453339907187,0.0,-0.4256581752853999,2.2275109370322905,570.2524999978777
10,3,11,"(412.5, 337.5, 3.3073470145874904)",0.06183979411919261,0.0,-0.6359077171269689,2.004011883350128,600.675500001671
10,3,12,"(412.5, 337.5, 3.3073470145874904)",0.3909612189824158,737.47802734375,-0.21279791586972552,2.1178144189028982,248.54490000143414
10,3,13,"(387.5, 337.5, 4.012520353342856)",0.4804305351605684,0.0,-0.4246356111344512,1.8868597650556513,564.954099998431
10,3,14,"(362.5, 337.5, 4.801447242030367)",0.05622498194379677,0.0,-0.6330791790389767,1.6329769356636328,598.7763999983144
10,3,15,"(362.5, 337.5, 4.801447242030367)",0.44110557756798324,739.204345703125,-0.2110185572627277,1.789741297754697,248.4439999971073
10,3,16,"(337.5, 337.5, 5.641752186721501)",0.49491487329593203,0.0,-0.4163638950641117,1.6635451513140045,585.6698000025062
10,3,17,"(312.5, 337.5, 6.4720487778634865)",0.07090115050475732,0.0,-0.636383088005816,1.500228789823171,601.4181999998982
10,3,18,"(312.5, 337.5, 6.4720487778634865)",0.6335383793070885,740.170654296875,-0.21862092809541434,1.7033303120600038,244.93250000159605
10,3,19,"(287.5, 337.5, 7.198514700667702)",0.7561106535149603,0.0,-0.43919720336276297,1.5540633403544635,572.7098999996088
10,3,20,"(262.5, 337.5, 7.706480720276972)",0.06531715393068971,0.0,-0.6509843341182322,1.1927307028653844,624.8244000016712
10,3,21,"(262.5, 337.5, 7.706480720276972)",0.6348239130137073,742.0070190429688,-0.21228596536598296,1.4710330959016529,247.0495999987179
10,3,22,"(262.5, 362.5, 9.841761282285685)",0.5368508789694799,0.0,-0.4176588227042719,0.9875072421005294,564.2250000018976
10,3,23,"(237.5, 362.5, 10.136936791802604)",0.022961040337921398,0.0,-0.6340444681096937,0.6273201801658381,637.5321999985317
10,3,24,"(237.5, 362.5, 10.136936791802604)",0.6157513858511351,747.1095581054688,-0.21538127915978603,1.0353054882802784,246.04229999749805
10,3,25,"(237.5, 387.5, 13.016039592385813)",0.48554014760991493,0.0,-0.44125050041351865,0.5841560033517665,500.7110000005923
10,3,26,"(212.5, 387.5, 12.56601886791643)",-2.2315359263443034e-07,0.0,-0.6170829289249407,0.06475800135792811,688.4510999989288
10,3,27,"(212.5, 387.5, 12.56601886791643)",0.35412886771836044,762.7608032226562,-0.19491923498969094,0.37512264902161085,248.75220000103582
10,3,28,"(212.5, 412.5, 15.910281935579775)",0.34811748115617125,0.0,-0.39349690656544273,0.22581044845686107,526.2856000008469
10,3,29,"(237.5, 412.5, 16.71281874556001)",0.003105833816028639,0.0,-0.6209001399130629,0.009541674477059524,609.7090000002936
10,3,30,"(237.5, 412.5, 16.71281874556001)",0.3359454249896738,781.9097290039062,-0.23309335858087912,0.21390340465125304,251.95049999820185
10,3,31,"(237.5, 437.5, 21.459341898515387)",0.05071623773474933,0.0,-0.5125132563649066,0.017435204153681338,467.07360000073095
10,4,0,"(462.5, 487.5, 3.127296379115885)",0.6164696754300535,546.7068481445312,-0.24382846428447544,2.395171810175154,247.1256999997422
10,4,1,"(462.5, 462.5, 3.1411719247664083)",0.5210165420980646,0.0,-0.4439627676981236,1.9180244717569201,563.9535000009346
10,4,2,"(462.5, 437.5, 3.0693002026442198)",0.05101074278356497,0.0,-0.6517775569759902,1.71336737830756,628.9612000000488
10,4,3,"(462.5, 437.5, 3.0693002026442198)",0.370331869768273,732.8773193359375,-0.20867675573596153,1.9443043133626645,252.15310000203317
10,4,4,"(462.5, 412.5, 2.919906180572381)",0.440974425455378,0.0,-0.4267122483339814,1.8969701742715297,570.9324999988894
10,4,5,"(437.5, 412.5, 3.7158125367455015)",0.050936530033751384,0.0,-0.6338869382947807,1.6553759228767517,604.1809000016656
10,4,6,"(437.5, 412.5, 3.7158125367455015)",0.37139864648016796,736.47509765625,-0.21006646729513656,1.84057441224727,246.6820000008738
10,4,7,"(437.5, 387.5, 3.41874755045311)",0.3712138234358232,0.0,-0.4195482609005846,1.7194348022100083,581.4456999978574
10,4,8,"(437.5, 362.5, 3.0693002026442198)",0.048157309492444976,0.0,-0.6314845393772753,1.5470123840672052,608.3768999997119
10,4,9,"(437.5, 362.5, 3.0693002026442198)",0.3515402169162108,736.6998901367188,-0.20784313313715014,1.942234245272291,253.3880999981193
10,4,10,"(437.5, 337.5, 2.697731893066704)",0.41777001940664743,0.0,-0.4268648336735702,2.026233253194882,603.6925999978848
10,4,11,"(437.5, 312.5, 2.3288409680820936)",0.05112593869368687,0.0,-0.6451441902060995,1.947438261927022,797.6649000011093
10,4,12,"(437.5, 312.5, 2.3288409680820936)",0.3122762757261472,735.9227905273438,-0.20907246085957135,2.273765699667099,250.21319999723346
10,4,13,"(437.5, 287.5, 1.9802988879790537)",0.34730111209151604,0.0,-0.4226043313841925,2.308828840182736,578.4116000031645
10,4,14,"(437.5, 262.5, 1.6629239389874948)",0.04376802345115493,0.0,-0.6321984626663814,2.191603685620542,645.4334000009112
10,4,15,"(437.5, 262.5, 1.6629239389874948)",0.25687409753959417,735.5846557617188,-0.2086531151109771,2.443208066134299,249.31929999729618
10,4,16,"(437.5, 237.5, 1.3819496843188617)",0.2628595287792934,0.0,-0.4202643389856537,2.447293691735991,569.2166999979236
10,4,17,"(412.5, 237.5, 1.6163909269654968)",0.04089891413849589,0.0,-0.62833611550859,2.3499445001173385,612.1545000023616
10,4,18,"(412.5, 237.5, 1.6163909269654968)",0.2461726427303792,736.5606689453125,-0.2093246489439878,2.4708199798883235,249.27759999991395
10,4,19,"(387.5, 237.5, 1.86489266876442)",0.3400360815976649,0.0,-0.42118918136494543,2.408764717444358,570.0350000006438
10,4,20,"(362.5, 237.5, 2.1176379791076854)",0.04585677385328329,0.0,-0.6248984694585199,2.273766653171025,600.7267999993928
10,4,21,"(362.5, 237.5, 2.1176379791076854)",0.28236848790686514,737.1819458007812,-0.2088300240689285,2.404947528298763,252.9216999973869
10,4,22,"(362.5, 262.5, 2.6317000424023482)",0.3809252753641388,0.0,-0.4234920990520319,2.327460648917579,577.4621000018669
10,4,23,"(362.5, 287.5, 3.2481324511568093)",0.0774513880411437,0.0,-0.6432081542077697,2.0880868508791033,610.8886999973038
10,4,24,"(362.5, 287.5, 3.2481324511568093)",0.42022465431397393,737.6898803710938,-0.21889465596231114,2.221144493477918,250.03069999729632
10,4,25,"(362.5, 312.5, 3.972924796908688)",0.5995593371392807,0.0,-0.4360817945769835,1.9942545308145243,576.5004999993835
10,4,26,"(362.5, 337.5, 4.801447242030367)",0.06435004870095336,0.0,-0.63992702615104,1.5083467086871236,608.1544999979087
10,4,27,"(362.5, 337.5, 4.801447242030367)",0.4821663045296277,738.825439453125,-0.2128207177041008,1.680027996133894,250.85269999908633
10,4,28,"(362.5, 362.5, 5.709929773131825)",0.7243989459591778,0.0,-0.4414356501650492,1.4206657735293267,573.7274000020989
10,4,29,"(362.5, 387.5, 6.644563227708976)",0.07215382158757552,0.0,-0.6453755446016721,0.8714095432312912,620.6677000009222
10,4,30,"(362.5, 387.5, 6.644563227708976)",0.626439875021388,741.1345825195312,-0.21659869976584667,1.2058289962010773,251.5614000003552
10,4,31,"(337.5, 387.5, 8.122025837780313)",0.7317744038990336,0.0,-0.4326429472342325,1.106695354460499,582.3005999991437
10,4,32,"(312.5, 387.5, 9.73254467824523)",0.06216567258040538,0.0,-0.6234740853436687,0.7361536028376414,598.5823000009987
10,4,33,"(312.5, 387.5, 9.73254467824523)",0.6352331161904201,748.9514770507812,-0.21364586035652305,0.9708628677502794,247.3948000006203
10,4,34,"(287.5, 387.5, 11.306348749090457)",1.1499624671301776,0.0,-0.4869133263555176,0.8815555649250167,567.7251999986765
10,4,35,"(287.5, 412.5, 13.851283065501828)",0.13890192906060514,0.0,-0.7811978587699048,0.42194368546345495,629.8194999981206
10,4,36,"(287.5, 412.5, 13.851283065501828)",0.806145923594472,759.4447021484375,-0.241300359742177,0.6294318516230374,252.36989999757498
10,4,37,"(287.5, 437.5, 16.365669713099226)",0.8711636662934089,0.0,-0.5031043259233301,0.3987371253941006,539.3440999978338
10,4,38,"(262.5, 437.5, 19.691492564685472)",0.014347806572932291,0.0,-0.8139100099503627,0.1419809304925693,772.0091000010143
10,4,39,"(262.5, 437.5, 19.691492564685472)",0.29180641216611614,786.4675903320312,-0.2079677282088842,0.17617208718861102,252.63039999845205
10,4,40,"(237.5, 437.5, 21.459341898515387)",0.06880354440674194,0.0,-0.6594020560985469,0.1401995438800545,505.7861999994202
10,5,0,"(462.5, 487.5, 3.127296379115885)",0.6165447450958214,546.6570434570312,-0.2438284642844755,2.395171764728039,250.8176999981515
10,5,1,"(462.5, 462.5, 3.1411719247664083)",0.507647530068619,0.0,-0.4439627676981235,1.918024471741616,562.0466000000306
10,5,2,"(462.5, 437.5, 3.0693002026442198)",0.06003123025097465,0.0,-0.6517775569759903,1.7133673783075605,636.2980000012612
10,5,3,"(462.5, 437.5, 3.0693002026442198)",0.36861475175026037,732.82666015625,-0.20867675573596153,1.9443043168786438,257.49870000072406
10,5,4,"(462.5, 412.5, 2.919906180572381)",0.4295529264932724,0.0,-0.42671224833398147,1.8969701744797831,571.8878000006953
10,5,5,"(462.5, 387.5, 2.7089644303699463)",0.047964309652640494,0.0,-0.6326083166482837,1.69152308092378,643.7928000013926
10,5,6,"(462.5, 387.5, 2.7089644303699463)",0.3350147130553707,734.0302124023438,-0.2077906824408613,2.0630841537306424,250.37640000300598
10,5,7,"(462.5, 362.5, 2.4565270421865075)",0.37445317004499834,0.0,-0.42023013771561035,2.0691995202313223,570.791600002849
10,5,8,"(437.5, 362.5, 3.0693002026442198)",0.04902014633019703,0.0,-0.6269865779020912,1.8668424619269672,607.021399999212
10,5,9,"(437.5, 362.5, 3.0693002026442198)",0.34729566002155976,736.352294921875,-0.2087446652960298,2.0864022984188364,251.3674000001629
10,5,10,"(437.5, 337.5, 2.697731893066704)",0.43527689062938124,0.0,-0.4300985726080693,2.0678063519892405,572.2184000005655
10,5,11,"(437.5, 312.5, 2.3288409680820936)",0.05416243771710633,0.0,-0.646559678180884,1.9616128258666754,784.3729999985953
10,5,12,"(437.5, 312.5, 2.3288409680820936)",0.3137961652883034,735.9210815429688,-0.20906068794858124,2.2766432118521713,252.14540000160923
10,5,13,"(437.5, 287.5, 1.9802988879790537)",0.34359607138611115,0.0,-0.42264918000857854,2.309557273942855,574.593500001356
10,5,14,"(437.5, 262.5, 1.6629239389874948)",0.043296193083122596,0.0,-0.6322195565639079,2.1918158435838486,638.2178000021668
10,5,15,"(437.5, 262.5, 1.6629239389874948)",0.2565642326236101,735.5607299804688,-0.20865519406993158,2.44325527455715,250.90150000323774
10,5,16,"(412.5, 262.5, 1.9657998932270644)",0.3573242981785467,0.0,-0.42257184785544644,2.409250213916946,579.2963999992935
10,5,17,"(387.5, 262.5, 2.2927863351327353)",0.05092439552145486,0.0,-0.6274789225545712,2.258548623592675,606.4616000003298
10,5,18,"(387.5, 262.5, 2.2927863351327353)",0.3055341317787126,737.181884765625,-0.20882738812646245,2.3914280574990077,248.6943000003521
10,5,19,"(387.5, 237.5, 1.86489266876442)",0.3510847238090763,0.0,-0.42492714941924037,2.3592117732388456,570.7713000010699
10,5,20,"(387.5, 212.5, 1.5068207512166414)",0.030189290642745135,0.0,-0.628878098548502,2.2316716855611287,636.363400000846
10,5,21,"(387.5, 212.5, 1.5068207512166414)",0.20613507261152417,736.925537109375,-0.2056660985857943,2.4201964622059653,250.52369999684743
10,5,22,"(362.5, 212.5, 1.6949517469263145)",0.26700190005310875,0.0,-0.4139878260791128,2.3949303097734744,571.8277000014496
10,5,23,"(337.5, 212.5, 1.8733097780882446)",0.0355639432867367,0.0,-0.6163606713887378,2.2976464720026657,601.9912000010663
10,5,24,"(337.5, 212.5, 1.8733097780882446)",0.22824689808557588,737.1690063476562,-0.20494046684971995,2.381149340164318,250.87799999892013
10,5,25,"(312.5, 212.5, 2.0303276744152)",0.28411478057009526,0.0,-0.41198215227687557,2.3394455438359008,568.5878000003868
10,5,26,"(312.5, 237.5, 2.5784026504198194)",0.03965876251459243,0.0,-0.6189077311135069,2.2425946431643906,602.0299999981944
10,5,27,"(312.5, 237.5, 2.5784026504198194)",0.2759081576859361,737.2950439453125,-0.20670733794962123,2.3607497796483767,249.35779999941587
10,5,28,"(312.5, 262.5, 3.266470567666104)",0.40704824517208776,0.0,-0.42037309456273503,2.2817097824068373,570.9367999988899
10,5,29,"(312.5, 287.5, 4.124508633098295)",0.06367047627768316,0.0,-0.6296752849862159,1.951463776404754,599.267300000065
10,5,30,"(312.5, 287.5, 4.124508633098295)",0.4371127834449038,738.5131225585938,-0.20989779038932518,2.1135465815711907,247.0616999999038
10,5,31,"(312.5, 312.5, 5.183930710700896)",0.5377392461632298,0.0,-0.4196168307370771,1.8685719261315505,569.2082999994454
10,5,32,"(312.5, 337.5, 6.4720487778634865)",0.07201615472634174,0.0,-0.6325413866637819,1.4848241466181573,617.05019999863
10,5,33,"(312.5, 337.5, 6.4720487778634865)",0.6144313015718318,740.8483276367188,-0.21679450010398163,1.649177520264634,249.64929999987362
10,5,34,"(312.5, 362.5, 7.999359988870806)",0.7039099479212501,0.0,-0.4295755470471649,1.3396733425194716,567.913499999122
10,5,35,"(312.5, 387.5, 9.73254467824523)",0.06893962124983245,0.0,-0.6335432963442746,0.8274538576563033,609.3220000002475
10,5,36,"(312.5, 387.5, 9.73254467824523)",0.6608996793061176,749.1057739257812,-0.2144084014378242,0.9779735703262993,246.65210000239313
10,5,37,"(312.5, 412.5, 11.543004562335339)",1.0149142798590927,0.0,-0.46466072261967833,0.7144742746377655,568.7576000018453
10,5,38,"(287.5, 412.5, 13.851283065501828)",0.1478312611579842,0.0,-0.7894579123101488,0.5755740394625151,668.2509000020218
10,5,39,"(287.5, 412.5, 13.851283065501828)",0.7939183630533991,759.3353271484375,-0.23693575661454497,0.6288683435197749,248.07370000053197
10,5,40,"(262.5, 412.5, 15.847883528411389)",1.1493563610755757,0.0,-0.5318439966704477,0.6409386160767107,537.9715000017313
10,5,41,"(262.5, 437.5, 19.691492564685472)",0.033135349551806886,0.0,-0.7861160646811262,0.22714587451661292,755.3273999983503
10,5,42,"(262.5, 437.5, 19.691492564685472)",0.27364086715841207,796.9959716796875,-0.20843197420578036,0.16344127150378998,249.4600000027276
10,6,0,"(462.5, 487.5, 3.127296379115885)",0.6133360415515848,546.7282104492188,-0.24382846428447544,2.395171765928827,249.73750000208383
10,6,1,"(437.5, 487.5, 4.012520353342856)",0.45450622258530576,0.0,-0.42805681327441564,1.6797426416188999,573.4526999985974
10,6,2,"(412.5, 487.5, 5.147226552974528)",0.05241159101326126,0.0,-0.6388765903095477,1.3518889102843537,611.9360999982746
10,6,3,"(412.5, 487.5, 5.147226552974528)",0.39982422078631924,551.6328125,-0.21026078025832826,1.4254507981268785,250.09050000153366
10,6,4,"(412.5, 462.5, 5.176557100199439)",0.5842053922506378,0.0,-0.4383075212464186,1.3233701085110907,573.6289999986184
10,6,5,"(412.5, 437.5, 5.025427393027027)",0.058634986480094936,0.0,-0.6621276167804324,1.1823831534807918,835.25390000068
10,6,6,"(412.5, 437.5, 5.025427393027027)",0.4082059376750748,737.9509887695312,-0.2092398010491331,1.4444346206153815,250.4508000019996
10,6,7,"(412.5, 412.5, 4.71743372998353)",0.4668934181927179,0.0,-0.42487322943133526,1.3556052190277685,615.039500000421
10,6,8,"(412.5, 387.5, 4.295992126710907)",0.04463925957676357,0.0,-0.634342302995304,1.119955535270187,726.1661000011372
10,6,9,"(412.5, 387.5, 4.295992126710907)",0.3612624526784391,739.3087768554688,-0.20505664726543685,1.5132039974652272,253.87559999944642
10,6,10,"(412.5, 362.5, 3.8109821376558286)",0.36964661568832446,0.0,-0.41903453444962424,1.5848968229543277,605.6829999979527
10,6,11,"(412.5, 337.5, 3.3073470145874904)",0.06792797148225341,0.0,-0.6461142447494241,1.4668352833747251,607.9236000005039
10,6,12,"(412.5, 337.5, 3.3073470145874904)",0.3978546802579442,737.60302734375,-0.21337888228592614,1.9278481055953145,256.4775999999256
10,6,13,"(412.5, 312.5, 2.8190600723806885)",0.44099793787759056,0.0,-0.4298847968058939,2.0169759561399623,575.2052999996522
10,6,14,"(412.5, 287.5, 2.3680192003946603)",0.04620327055453231,0.0,-0.6420649271341345,1.8624710040822305,711.3516999997955
10,6,15,"(412.5, 287.5, 2.3680192003946603)",0.3094249076964474,737.0729370117188,-0.20818710570104168,2.247773850236556,251.667800002906
10,6,16,"(412.5, 262.5, 1.9657998932270644)",0.3495441845091864,0.0,-0.4214362717671659,2.2940840353110934,566.0422000000835
10,6,17,"(412.5, 237.5, 1.6163909269654968)",0.039775962630937946,0.0,-0.6343708390052263,2.210269656228453,686.6966999987199
10,6,18,"(412.5, 237.5, 1.6163909269654968)",0.25179894728680596,736.6006469726562,-0.2079989520157782,2.427960882024455,251.04869999995572
10,6,19,"(387.5, 237.5, 1.86489266876442)",0.34003439570076094,0.0,-0.4200756692742129,2.399026922234478,575.261899997713
10,6,20,"(362.5, 237.5, 2.1176379791076854)",0.04435410102208261,0.0,-0.6246090760400963,2.2714354235996015,606.7313999992621
10,6,21,"(362.5, 237.5, 2.1176379791076854)",0.28812058606375895,737.262939453125,-0.20880114202870456,2.4046582771027376,249.76660000174888
10,6,22,"(362.5, 262.5, 2.6317000424023482)",0.37971718783282093,0.0,-0.4234748824576384,2.3273867145075378,565.9212999998999
10,6,23,"(362.5, 287.5, 3.2481324511568093)",0.06865048408508713,0.0,-0.6432099587532576,2.0881026579367097,611.0705999999482
10,6,24,"(362.5, 287.5, 3.2481324511568093)",0.41939342838354354,737.781494140625,-0.21889434271398106,2.2211565455691686,248.77099999866914
10,6,25,"(362.5, 312.5, 3.972924796908688)",0.5970618612347808,0.0,-0.4360818917000195,1.9942586021328814,573.8854000010178
10,6,26,"(362.5, 337.5, 4.801447242030367)",0.060169219970759656,0.0,-0.6399270110464366,1.5083467658149055,599.1770000000542
10,6,27,"(362.5, 337.5, 4.801447242030367)",0.4828161151564615,738.9961547851562,-0.21282071403681546,1.6800280184551097,247.06820000210428
10,6,28,"(362.5, 362.5, 5.709929773131825)",0.7000220547156034,0.0,-0.44143563859130885,1.4206657691971312,571.9658999987587
10,6,29,"(362.5, 387.5, 6.644563227708976)",0.0796214888493046,0.0,-0.6453755535652815,0.871409536778616,616.475899998477
10,6,30,"(362.5, 387.5, 6.644563227708976)",0.6255625718826698,740.976318359375,-0.2165986974534921,1.205828925259472,246.53979999857256
10,6,31,"(337.5, 387.5, 8.122025837780313)",0.7196806905853188,0.0,-0.4326429361946204,1.1066953287649672,572.4642999994103
10,6,32,"(312.5, 387.5, 9.73254467824523)",0.06353204945722633,0.0,-0.6234740780626925,0.7361535665630794,599.3868999976257
10,6,33,"(312.5, 387.5, 9.73254467824523)",0.6472815400824545,749.0418701171875,-0.21364585780200937,0.9708628247586693,250.05950000195298
10,6,34,"(287.5, 387.5, 11.306348749090457)",1.1526968610327775,0.0,-0.4869133258206769,0.8815555629373639,566.6835000010906
10,6,35,"(287.5, 412.5, 13.851283065501828)",0.14509365955985698,0.0,-0.7811978587688277,0.4219436854703886,623.7879000000248
10,6,36,"(287.5, 412.5, 13.851283065501828)",0.8091501553124009,759.5830078125,-0.241300359742177,0.6294318731827234,249.04919999971753
10,6,37,"(287.5, 437.5, 16.365669713099226)",0.8603043468283831,0.0,-0.50310432592333,0.3987371255689962,537.0822000004409
10,6,38,"(312.5, 437.5, 13.134116007120344)",0.005935444186124547,0.0,-0.8301035210053774,0.19915033753888894,755.5470000006608
10,6,39,"(312.5, 437.5, 13.134116007120344)",0.20678179877604708,774.7213745117188,-0.2262884893231043,0.2770438941474207,247.06619999778923
10,6,40,"(312.5, 412.5, 11.543004562335339)",0.5909857894276205,0.0,-0.46663431708866765,0.384811582092206,566.2907000005362
10,6,41,"(287.5, 412.5, 13.851283065501828)",0.1752217411994664,0.0,-0.774723715084081,0.4641887512837224,696.0103999990679
10,6,42,"(287.5, 412.5, 13.851283065501828)",0.873257445386073,759.4869995117188,-0.24070475049121381,0.7157012404622054,248.44540000049165
10,6,43,"(262.5, 412.5, 15.847883528411389)",1.2007722844505466,0.0,-0.5461694731616565,0.6121688575945071,536.248100001103
10,6,44,"(262.5, 437.5, 19.691492564685472)",0.031810695926348206,0.0,-0.7810422964695594,0.23944283813351552,757.2217000015371
10,6,45,"(262.5, 437.5, 19.691492564685472)",0.28062324217330437,794.4547119140625,-0.20849592479962914,0.16644743681226437,248.54319999940344
10,7,0,"(462.5, 487.5, 3.127296379115885)",0.6153524358455539,546.6987915039062,-0.2438284642844754,2.3951717238252455,250.43880000157515
10,7,1,"(462.5, 462.5, 3.1411719247664083)",0.524956268690956,0.0,-0.44396276769812354,1.9180244714890664,552.8230000018084
10,7,2,"(462.5, 437.5, 3.0693002026442198)",0.05806840956207952,0.0,-0.6517775569759902,1.71336737830756,628.1315999985964
10,7,3,"(462.5, 437.5, 3.0693002026442198)",0.3677466876789879,732.7822875976562,-0.2086767557359615,1.9443042606395295,249.53559999994468
10,7,4,"(462.5, 412.5, 2.919906180572381)",0.4371285176779539,0.0,-0.42671224833398147,1.8969701744304652,566.1556999984896
10,7,5,"(462.5, 387.5, 2.7089644303699463)",0.04987396299835878,0.0,-0.6326083166482835,1.6915230809237798,641.8272999981127
10,7,6,"(462.5, 387.5, 2.7089644303699463)",0.3360475720883251,734.0231323242188,-0.20779068244086132,2.0630841182687814,250.24969999867608
10,7,7,"(462.5, 362.5, 2.4565270421865075)",0.37284120856263275,0.0,-0.4202301377156102,2.0691995204956495,567.3018999987107
10,7,8,"(462.5, 337.5, 2.1828984217128706)",0.05261623859403969,0.0,-0.6335315184596627,1.957854862371426,668.8742000005732
10,7,9,"(462.5, 337.5, 2.1828984217128706)",0.3033115175126105,733.7924194335938,-0.20911920241828028,2.3172673602361793,249.62610000147833
10,7,10,"(437.5, 337.5, 2.697731893066704)",0.42675787386646574,0.0,-0.42565817528539984,2.227510937310062,563.9672000033897
10,7,11,"(412.5, 337.5, 3.3073470145874904)",0.06066319843135413,0.0,-0.635907717126969,2.0040118833501284,597.7613000031852
10,7,12,"(412.5, 337.5, 3.3073470145874904)",0.3887572148526054,737.5034790039062,-0.21279791586972552,2.11781439293643,247.52190000072005
10,7,13,"(387.5, 337.5, 4.012520353342856)",0.4541112105612572,0.0,-0.42463561113445114,1.886859765055651,571.0072000001674
10,7,14,"(362.5, 337.5, 4.801447242030367)",0.058127641677855967,0.0,-0.6330791790389769,1.6329769356636332,595.0062000010803
10,7,15,"(362.5, 337.5, 4.801447242030367)",0.44651021228635923,739.2866821289062,-0.21101855726272772,1.7897413524358021,250.1972999998543
10,7,16,"(337.5, 337.5, 5.641752186721501)",0.4656246003668612,0.0,-0.41636389506411164,1.6635451513140045,567.1755000003031
10,7,17,"(312.5, 337.5, 6.4720487778634865)",0.07779279847938352,0.0,-0.6363830880058159,1.500228789823171,614.4693000023835
10,7,18,"(312.5, 337.5, 6.4720487778634865)",0.6314621236878774,740.2195434570312,-0.21862092809541436,1.7033302963233528,250.47010000344017
10,7,19,"(287.5, 337.5, 7.198514700667702)",0.7497701173869807,0.0,-0.4391972033627631,1.5540633403544637,571.8497999987449
10,7,20,"(262.5, 337.5, 7.706480720276972)",0.06574535369876386,0.0,-0.6509843341182323,1.1927307028653844,630.8408999975654
10,7,21,"(262.5, 337.5, 7.706480720276972)",0.6354247458456195,741.9657592773438,-0.21228596536598293,1.4710330631251383,245.48450000293087
10,7,22,"(262.5, 362.5, 9.841761282285685)",0.543447541516029,0.0,-0.417658822704272,0.9875072421005295,552.8691999970761
10,7,23,"(237.5, 362.5, 10.136936791802604)",0.031472822030383665,0.0,-0.634044468109694,0.6273201801658381,634.8962999982177
10,7,24,"(237.5, 362.5, 10.136936791802604)",0.6114632405350572,747.059814453125,-0.215381279159786,1.0353054682742584,248.20900000122492
10,7,25,"(212.5, 362.5, 9.863883753989105)",0.7596981054453198,0.0,-0.42616580184710595,0.9431817631166154,569.5230000019365
10,7,26,"(187.5, 362.5, 9.103110310900643)",0.030578295389820563,0.0,-0.6181992144186421,0.5145894005468941,700.3221999984817
10,7,27,"(187.5, 362.5, 9.103110310900643)",0.5987223805457366,747.5301513671875,-0.19980531478321292,0.9822487319291441,245.64480000117328
10,7,28,"(187.5, 387.5, 11.364582883745452)",0.5858169985106473,0.0,-0.4098010728929254,0.7293075163957041,604.3895000002522
10,7,29,"(187.5, 412.5, 13.941569591049829)",0.08345179756481963,0.0,-0.6331752231360731,0.43310844588771763,607.270199998311
10,7,30,"(187.5, 412.5, 13.941569591049829)",0.6238315170814994,772.2999267578125,-0.2172148845461686,0.5154478682233838,249.12069999845698
10,7,31,"(187.5, 437.5, 16.502195647044346)",0.6293328815154177,0.0,-0.47673792331673503,0.25465009834734814,538.2532000003266
10,7,32,"(212.5, 437.5, 19.809611758762614)",1.5264959074556828e-08,0.0,-0.6758388534366917,1.6116089152617735e-05,602.8358000003209
10,7,33,"(212.5, 437.5, 19.809611758762614)",0.053410618139035214,848.302734375,-0.20156102317934163,0.032879065811154434,247.9155000000901
10,8,0,"(462.5, 487.5, 3.127296379115885)",0.6214476473219583,546.5791015625,-0.2438284642844754,2.395171784790987,256.7722000021604
10,8,1,"(437.5, 487.5, 4.012520353342856)",0.45090766275341193,0.0,-0.4280568132744156,1.6797426413287204,572.2501999989618
10,8,2,"(412.5, 487.5, 5.147226552974528)",0.0543335626522943,0.0,-0.6388765903095477,1.351888910284354,607.251700002962
10,8,3,"(412.5, 487.5, 5.147226552974528)",0.401348351131862,551.464111328125,-0.21026078025832826,1.425450845976136,245.44479999894975
10,8,4,"(412.5, 462.5, 5.176557100199439)",0.5938246870545691,0.0,-0.4383075212464186,1.3233701086690703,568.9758000007714
10,8,5,"(412.5, 437.5, 5.025427393027027)",0.06410192449887568,0.0,-0.6621276167804324,1.1823831534807916,822.6132000017969
10,8,6,"(412.5, 437.5, 5.025427393027027)",0.4052066553324522,737.921630859375,-0.2092398010491331,1.444434624538689,246.5623999996751
10,8,7,"(412.5, 412.5, 4.71743372998353)",0.45696291054708854,0.0,-0.42487322943133526,1.3556052190277688,606.2003000006371
10,8,8,"(412.5, 387.5, 4.295992126710907)",0.043652762969313565,0.0,-0.634342302995304,1.1199555352701867,721.2017000019841
10,8,9,"(412.5, 387.5, 4.295992126710907)",0.3626582704206454,739.2193603515625,-0.20505664726543685,1.5132039745263048,248.68609999975888
10,8,10,"(412.5, 362.5, 3.8109821376558286)",0.36749636526381074,0.0,-0.41903453444962424,1.5848968229543277,602.62800000055
10,8,11,"(387.5, 362.5, 4.6920389042223976)",0.05904668072857894,0.0,-0.6375831824417667,1.536172666146661,611.284100003104
10,8,12,"(387.5, 362.5, 4.6920389042223976)",0.439501924258996,739.1328735351562,-0.21003418387020106,1.7273776238511114,244.84510000183946
10,8,13,"(362.5, 362.5, 5.709929773131825)",0.6358146606174507,0.0,-0.4329914301584755,1.5401513958922446,565.5169999990903
10,8,14,"(337.5, 362.5, 6.836404624384365)",0.05873672167458891,0.0,-0.6272392867629928,1.062427583746212,596.5314999994007
10,8,15,"(337.5, 362.5, 6.836404624384365)",0.5633292140347766,742.3762817382812,-0.21041435218521434,1.386939118617821,249.4297999983246
10,8,16,"(337.5, 337.5, 5.641752186721501)",0.5492920226824757,0.0,-0.45091033703619,1.5530871293765653,569.071999998414
10,8,17,"(362.5, 337.5, 4.801447242030367)",0.05160228411357015,0.0,-0.6569983632172763,1.3043899659561127,742.9553000001761
10,8,18,"(362.5, 337.5, 4.801447242030367)",0.43450268784400703,739.40185546875,-0.20763187377431297,1.6804091705845703,256.15729999844916
10,8,19,"(362.5, 312.5, 3.972924796908688)",0.3973094783059764,0.0,-0.42042521056839494,1.6628715803058929,609.4613999994181
10,8,20,"(362.5, 287.5, 3.2481324511568093)",0.05144524574279486,0.0,-0.6364522967485886,1.4837769522712139,596.8365000007907
10,8,21,"(362.5, 287.5, 3.2481324511568093)",0.37851694638728633,737.7745971679688,-0.2098208754630086,1.9967329996215384,246.7287999970722
10,8,22,"(362.5, 262.5, 2.6317000424023482)",0.3757378324761929,0.0,-0.4216104362486936,2.1416292718162704,595.0217999998131
10,8,23,"(362.5, 237.5, 2.1176379791076854)",0.03949791193009072,0.0,-0.6334808527568534,2.028272975143357,601.39369999888
10,8,24,"(362.5, 237.5, 2.1176379791076854)",0.2776954465414271,737.3483276367188,-0.2072592081948858,2.32966551722288,248.70390000069165
10,8,25,"(362.5, 212.5, 1.6949517469263145)",0.2654446118550707,0.0,-0.4163363092853132,2.337920304866164,572.9477000022598
10,8,26,"(337.5, 212.5, 1.8733097780882446)",0.03997532278296061,0.0,-0.6206007063435304,2.2541186756832645,597.9550000010931
10,8,27,"(337.5, 212.5, 1.8733097780882446)",0.22756346895830126,737.2338256835938,-0.20447206651471778,2.375942577288542,249.36180000077002
10,8,28,"(312.5, 212.5, 2.0303276744152)",0.281730998383433,0.0,-0.4118080060419102,2.3390016206893423,572.3110999970231
10,8,29,"(287.5, 212.5, 2.154010388857775)",0.04076409339903971,0.0,-0.6160281581441701,2.256803186154833,618.3154999998806
10,8,30,"(287.5, 212.5, 2.154010388857775)",0.2527361141276366,737.2236938476562,-0.20457897701713296,2.3590438415389365,249.42449999798555
10,8,31,"(262.5, 212.5, 2.2336800277132602)",0.29968972370682323,0.0,-0.41066591565705446,2.3281784271269235,575.0970000008238
10,8,32,"(237.5, 212.5, 2.261871450534782)",0.04530276854832565,0.0,-0.6187688321572729,2.256363981206316,645.2323000012257
10,8,33,"(237.5, 212.5, 2.261871450534782)",0.2834537537230497,737.1016235351562,-0.20708979214551002,2.385888804501953,252.03260000125738
10,8,34,"(212.5, 212.5, 2.2358312589572185)",0.32857593956741976,0.0,-0.41322332211901047,2.346741680882527,570.5798999988474
10,8,35,"(187.5, 212.5, 2.1581048160551872)",0.03909889856974544,0.0,-0.6183858915377919,2.248778397177251,638.5399999999208
10,8,36,"(187.5, 212.5, 2.1581048160551872)",0.2601963180386675,737.17578125,-0.20723803335653843,2.371088348526288,251.3933000009274
10,8,37,"(187.5, 237.5, 2.7574493337721258)",0.3486337557338443,0.0,-0.4189428566792113,2.3340645353938054,566.8120000009367
10,8,38,"(187.5, 262.5, 3.519235619237839)",0.05514097213743955,0.0,-0.6306201227197814,2.0974092971445017,596.9801999999618
10,8,39,"(187.5, 262.5, 3.519235619237839)",0.3775106649952177,737.7238159179688,-0.21332499556616505,2.256399924263019,251.91869999980554
10,8,40,"(187.5, 287.5, 4.484402965683246)",0.47762731835852146,0.0,-0.41913888165640345,2.0103813090367253,570.1924999993935
10,8,41,"(187.5, 312.5, 5.701335627950545)",0.04874896506468644,0.0,-0.6244874556495963,1.6043440034249559,597.5421000002825
10,8,42,"(187.5, 312.5, 5.701335627950545)",0.4825115451403384,740.1317138671875,-0.20915964014885105,1.7870407689016252,248.88590000045951
10,8,43,"(187.5, 337.5, 7.2238068944948735)",0.5596306876329303,0.0,-0.4133938325580805,1.462360570080099,575.7363000011537
10,8,44,"(187.5, 362.5, 9.103110310900643)",0.06420667966205502,0.0,-0.6190420435808729,1.0390683557757394,609.6950999999535
10,8,45,"(187.5, 362.5, 9.103110310900643)",0.6266793711575449,747.0484008789062,-0.2123314760494371,1.184201692311485,247.16230000194628
10,8,46,"(187.5, 387.5, 11.364582883745452)",0.7165336955104511,0.0,-0.42358628995645753,0.921439844555354,566.6098000001512
10,8,47,"(212.5, 387.5, 12.56601886791643)",0.0475342422723467,0.0,-0.6144928934669246,0.44863260167835045,643.6954000018886
10,8,48,"(212.5, 387.5, 12.56601886791643)",0.5966152365801255,756.5780029296875,-0.20250664348212738,0.6798029704827864,248.06140000146115
10,8,49,"(237.5, 387.5, 13.016039592385813)",0.6875598163691032,0.0,-0.41981637728734794,0.4264979926382123,570.1320999978634
10,8,50,"(237.5, 362.5, 10.136936791802604)",0.0034374206637362956,0.0,-0.6155555235247194,0.04685746453840818,634.2437999992399
10,8,51,"(237.5, 362.5, 10.136936791802604)",0.3509725178020691,756.2840576171875,-0.20626408623244302,0.5892330584055218,247.6887999982864
10,8,52,"(262.5, 362.5, 9.841761282285685)",0.49927804066294773,0.0,-0.4259510675062124,0.752940546465801,600.4558000022371
10,8,53,"(262.5, 387.5, 12.530028997518446)",0.02481803794701804,0.0,-0.6401531193882947,0.503264343108147,607.2601000014402
10,8,54,"(262.5, 387.5, 12.530028997518446)",0.49846925532339104,758.754150390625,-0.20846160233504826,0.6907428463449117,247.81489999804762
10,8,55,"(262.5, 412.5, 15.847883528411389)",0.5088809591549786,0.0,-0.402626146143345,0.376439706994678,517.2315000017988
10,8,56,"(287.5, 412.5, 13.851283065501828)",0.19388522704442523,0.0,-0.7680567211787009,0.3070523179674055,707.2656000018469
10,8,57,"(287.5, 412.5, 13.851283065501828)",0.8939261200620787,756.864013671875,-0.3278467381182897,0.6121122039949832,251.11660000038682
10,8,58,"(287.5, 437.5, 16.365669713099226)",0.9383192924061603,0.0,-0.5243696822972771,0.45265001633511565,516.9248999991396
10,8,59,"(287.5, 462.5, 17.977012825427398)",0.15878895918528657,0.0,-0.9697363624471208,0.2189629577791691,658.9257000014186
10,8,60,"(287.5, 462.5, 17.977012825427398)",1.0331074677844798,764.7547607421875,-0.456323434841248,0.5136393039281146,321.5273000023444
10,8,61,"(312.5, 462.5, 14.033224262378283)",0.018686005394763686,0.0,-0.7799968980795273,0.01799575935765071,571.0881000013615
10,8,62,"(312.5, 437.5, 13.134116007120344)",0.003997736920908997,0.0,-1.1023156506682945,0.03379170817562653,697.3824000015156
10,8,63,"(312.5, 437.5, 13.134116007120344)",0.3929138091806674,762.80712890625,-0.29984301856021217,0.5296672386326798,353.72750000169617
10,8,64,"(312.5, 412.5, 11.543004562335339)",0.749707582064119,0.0,-0.4844306003079504,0.5801590538875228,570.0713000005635
10,8,65,"(287.5, 412.5, 13.851283065501828)",0.17622063557304832,0.0,-0.7820986557793433,0.4918296313704552,602.7623000009044
10,8,66,"(287.5, 412.5, 13.851283065501828)",0.884006301263886,760.5650634765625,-0.24265423332932115,0.7281795546013228,245.66689999846858
10,8,67,"(262.5, 412.5, 15.847883528411389)",1.1972677791833437,0.0,-0.5465364931012318,0.6130413831473929,529.6400999977777
10,8,68,"(262.5, 437.5, 19.691492564685472)",0.024918491641680203,0.0,-0.7809447779018927,0.23963592278631474,753.1655999991926
10,8,69,"(262.5, 437.5, 19.691492564685472)",0.2794899436006252,791.9280395507812,-0.20849723424991354,0.16649091798131152,247.271100000944
10,9,0,"(462.5, 487.5, 3.127296379115885)",0.6133701751158249,546.7352905273438,-0.24382846428447544,2.3951717676685442,248.43820000023698
10,9,1,"(462.5, 462.5, 3.1411719247664083)",0.5228087196249552,0.0,-0.4439627676981236,1.9180244717040638,553.6005000030855
10,9,2,"(462.5, 437.5, 3.0693002026442198)",0.05188542107742625,0.0,-0.6517775569759903,1.7133673783075603,631.5963000015472
10,9,3,"(462.5, 437.5, 3.0693002026442198)",0.366807456888825,732.96484375,-0.20867675573596153,1.9443042802322335,250.46669999937876
10,9,4,"(462.5, 412.5, 2.919906180572381)",0.4392167671415056,0.0,-0.42671224833398147,1.8969701742796543,568.1628000020282
10,9,5,"(462.5, 387.5, 2.7089644303699463)",0.04708732664585346,0.0,-0.6326083166482835,1.6915230809237798,635.2536999984295
10,9,6,"(462.5, 387.5, 2.7089644303699463)",0.3361025033723989,733.9362182617188,-0.20779068244086132,2.0630841123193226,248.9371999981813
10,9,7,"(462.5, 362.5, 2.4565270421865075)",0.36523970198178335,0.0,-0.42023013771561035,2.0691995203805464,566.6835000010906
10,9,8,"(437.5, 362.5, 3.0693002026442198)",0.05138478179771708,0.0,-0.6269865779020912,1.8668424619269675,599.9484000021766
10,9,9,"(437.5, 362.5, 3.0693002026442198)",0.35162316532581706,736.4143676757812,-0.20874466529602978,2.0864023090912096,247.7127999991353
10,9,10,"(412.5, 362.5, 3.8109821376558286)",0.5250034676645795,0.0,-0.4276187605773349,1.9086414739026054,564.9654000008013
10,9,11,"(387.5, 362.5, 4.6920389042223976)",0.06780220568180106,0.0,-0.6344818308214644,1.6452933693575011,598.9121999991767
10,9,12,"(387.5, 362.5, 4.6920389042223976)",0.44443576052929745,739.1947631835938,-0.2119344866554289,1.757533660632216,247.98160000136704
10,9,13,"(362.5, 362.5, 5.709929773131825)",0.6560493099237733,0.0,-0.432957954798201,1.5280196883055523,564.3545000020822
10,9,14,"(337.5, 362.5, 6.836404624384365)",0.06111804644266849,0.0,-0.627042017847436,1.0590870021010188,600.1614000015252
10,9,15,"(337.5, 362.5, 6.836404624384365)",0.5630302825930577,742.2080688476562,-0.21038759431889623,1.384948801257092,248.70860000009998
10,9,16,"(337.5, 337.5, 5.641752186721501)",0.5487720993408729,0.0,-0.45089648677236355,1.5527798224012772,561.9058000011137
10,9,17,"(362.5, 337.5, 4.801447242030367)",0.04382888476055427,0.0,-0.6570014791731712,1.3043808602220135,741.2516000003961
10,9,18,"(362.5, 337.5, 4.801447242030367)",0.44095272387317996,739.4660034179688,-0.20763091526264538,1.6803980060594892,248.7109000030614
10,9,19,"(362.5, 312.5, 3.972924796908688)",0.3949259907149296,0.0,-0.42042536479904663,1.6628751812283105,605.6701000015892
10,9,20,"(362.5, 287.5, 3.2481324511568093)",0.05668441454565896,0.0,-0.6364524418737698,1.4837783905759363,599.9173000018345
10,9,21,"(362.5, 287.5, 3.2481324511568093)",0.3819154641139395,737.7655639648438,-0.20982088651434336,1.996733280363556,261.074699999881
10,9,22,"(362.5, 262.5, 2.6317000424023482)",0.3628713334417741,0.0,-0.4216104414124747,2.1416292903316174,590.0277000000642
10,9,23,"(362.5, 237.5, 2.1176379791076854)",0.04095965623853214,0.0,-0.6334808701681931,2.0282729008119347,607.906199998979
10,9,24,"(362.5, 237.5, 2.1176379791076854)",0.27814145315267175,737.2890014648438,-0.20725920198162348,2.3296654575604436,249.42579999697045
10,9,25,"(362.5, 212.5, 1.6949517469263145)",0.26932426782076085,0.0,-0.41633630628921414,2.3379203766523564,567.6633000002766
10,9,26,"(337.5, 212.5, 1.8733097780882446)",0.03231978168092005,0.0,-0.6206007201209616,2.2541187192189573,598.3839000000444
10,9,27,"(337.5, 212.5, 1.8733097780882446)",0.23140644526765422,737.195556640625,-0.20447205161199347,2.3759424434939413,248.54180000329507
10,9,28,"(312.5, 212.5, 2.0303276744152)",0.28069102025633097,0.0,-0.41180801089806973,2.3390015712511056,563.7386000016704
10,9,29,"(287.5, 212.5, 2.154010388857775)",0.03833031654358284,0.0,-0.6160281444733814,2.256803267555578,621.197000000393
10,9,30,"(287.5, 212.5, 2.154010388857775)",0.2548748943888171,737.255615234375,-0.20457895895920608,2.3590437270451727,251.3801000022795
10,9,31,"(262.5, 212.5, 2.2336800277132602)",0.2928124746464249,0.0,-0.4106659146063188,2.3281784046388663,570.2534000010928
10,9,32,"(237.5, 212.5, 2.261871450534782)",0.045321524143213575,0.0,-0.6187688310331922,2.2563639778317284,651.8037999994704
10,9,33,"(237.5, 212.5, 2.261871450534782)",0.28994306792461627,737.1610107421875,-0.20708979214551,2.3858887773196638,250.12639999840758
10,9,34,"(212.5, 212.5, 2.2358312589572185)",0.3128289257098011,0.0,-0.41322332211901036,2.3467416808825265,568.3451999975659
10,9,35,"(187.5, 212.5, 2.1581048160551872)",0.04161516825357673,0.0,-0.618385891537792,2.2487783971772504,640.572100001009
10,9,36,"(187.5, 212.5, 2.1581048160551872)",0.2587767586658153,737.1712036132812,-0.20723803335653843,2.3710883631280195,246.48530000195024
10,9,37,"(187.5, 237.5, 2.7574493337721258)",0.3456111204908334,0.0,-0.41894285667921116,2.334064535393805,567.6402999997663
10,9,38,"(187.5, 262.5, 3.519235619237839)",0.051239093144737416,0.0,-0.6306201227197815,2.0974092971445017,596.8614000012167
10,9,39,"(187.5, 262.5, 3.519235619237839)",0.381982208595899,737.7924194335938,-0.21332499556616516,2.2563999074546643,248.9187999999558
10,9,40,"(187.5, 287.5, 4.484402965683246)",0.46129386461029886,0.0,-0.41913888165640334,2.0103813090367257,567.0433999985107
10,9,41,"(187.5, 312.5, 5.701335627950545)",0.048779005805670794,0.0,-0.6244874556495964,1.6043440034249559,592.7239999982703
10,9,42,"(187.5, 312.5, 5.701335627950545)",0.48399474828635763,740.0986938476562,-0.20915964014885102,1.7870407390064174,250.15139999959501
10,9,43,"(162.5, 312.5, 5.206150757863988)",0.5851993310066271,0.0,-0.42970268466325523,1.8268067503264076,565.3251000003365
10,9,44,"(137.5, 312.5, 4.617102976724376)",0.056369041403160146,0.0,-0.6358427103289854,1.6482065219651272,598.2647999990149
10,9,45,"(137.5, 312.5, 4.617102976724376)",0.4518103511054666,738.5460205078125,-0.20803812760196605,1.9123358787005085,249.38359999941895
10,9,46,"(137.5, 337.5, 5.675677129206918)",0.6965664805488435,0.0,-0.43437037822106733,1.6524819471958725,568.0279000007431
10,9,47,"(137.5, 362.5, 6.88289330546234)",0.05389823019504313,0.0,-0.6198514824356942,0.9540206037572376,594.3845000001602
10,9,48,"(137.5, 362.5, 6.88289330546234)",0.5676037356415378,742.7435302734375,-0.20698724799687143,1.2332614654292402,249.2576000004192
10,9,49,"(137.5, 387.5, 8.184609533832969)",0.7355421172423077,0.0,-0.435437337329226,1.1277753069161482,562.180900000385
10,9,50,"(112.5, 387.5, 6.700045574866817)",0.07887902855872737,0.0,-0.6512297846038548,0.8930893974646736,674.8025000015332
10,9,51,"(112.5, 387.5, 6.700045574866817)",0.5504995446765202,740.8290405273438,-0.22094903727973753,1.2403579296726002,247.17940000118688
10,9,52,"(112.5, 412.5, 7.580708003809701)",0.7609973451619155,0.0,-0.45285898665560065,0.8761346161037031,570.4999000008684
10,9,53,"(137.5, 412.5, 9.458994007438445)",0.08368797103563454,0.0,-0.6684266124775164,0.4147857013309436,609.1297999992094
10,9,54,"(137.5, 412.5, 9.458994007438445)",0.6904977735057307,748.4451293945312,-0.22676585149506204,0.7649186104223987,247.25029999899562
10,9,55,"(137.5, 437.5, 10.499382396270086)",0.951052058347925,0.0,-0.4841218147124776,0.7336313979938663,566.9101000021328
10,9,56,"(162.5, 437.5, 13.254586740016286)",0.1167177458604183,0.0,-0.7333588961939352,0.31632117328746595,700.4733000030683
10,9,57,"(162.5, 437.5, 13.254586740016286)",0.7074796697708798,760.963623046875,-0.24969468713652174,0.49536639552494494,249.48670000230777
10,9,58,"(162.5, 462.5, 14.173358874352427)",0.8789797766460571,0.0,-0.6054063047943139,0.4654897542531272,567.118599999958
10,9,59,"(187.5, 462.5, 18.15511649450833)",0.03701340903839891,0.0,-0.7443814172002288,0.21183183266673034,725.0182999996468
10,9,60,"(187.5, 462.5, 18.15511649450833)",0.2366870354324154,796.990966796875,-0.20831129034929727,0.14232491650834597,247.4904000009701
10,9,61,"(187.5, 437.5, 16.502195647044346)",0.2683327355825535,0.0,-0.6634930068047262,0.1673621903824155,532.2648000001209
10,9,62,"(212.5, 437.5, 19.809611758762614)",1.5264959074556828e-08,0.0,-0.8912991666343344,4.366427328384095e-06,597.2742000012659
10,9,63,"(212.5, 437.5, 19.809611758762614)",0.02714646592558087,859.4930419921875,-0.20156004254046828,0.018851644709027914,248.70409999857657
10,0,0,"(187.5, 387.5, 11.364582883745452)",1.0404911738708968,744.0358276367188,-0.23753965915661243,1.5045671085796355,246.07010000181617
10,0,1,"(212.5, 387.5, 12.56601886791643)",0.7130834266338973,0.0,-0.4247867371676498,0.8164613452243462,536.4565000018047
10,0,2,"(237.5, 387.5, 13.016039592385813)",0.08260329067703252,0.0,-0.6373510060489885,0.3609723063613049,622.8771000023698
10,0,3,"(237.5, 387.5, 13.016039592385813)",0.6545358248726043,757.6483764648438,-0.2218238662941357,0.5589514776765572,249.10059999820078
10,0,4,"(237.5, 362.5, 10.136936791802604)",0.34105608361243067,0.0,-0.42815252482234134,0.47233693629092144,604.2629000003217
10,0,5,"(262.5, 362.5, 9.841761282285685)",0.010391475011936456,0.0,-0.6457079803367207,0.3408530737433702,713.6862999977893
10,0,6,"(262.5, 362.5, 9.841761282285685)",0.3669813190885013,755.4926147460938,-0.20773726029270753,0.7840631347950459,244.93910000092
10,0,7,"(237.5, 362.5, 10.136936791802604)",0.648297684318795,0.0,-0.4289260803569855,0.8902297855056421,606.6066000021237
10,0,8,"(237.5, 337.5, 7.894671343450355)",0.02975723892452508,0.0,-0.6388923275541614,0.5805163573653144,620.795700000599
10,0,9,"(237.5, 337.5, 7.894671343450355)",0.4901261126830844,745.6141967773438,-0.21029872313855924,1.1151165685017808,248.78850000095554
10,0,10,"(212.5, 337.5, 7.7206787211523045)",0.611263668782541,0.0,-0.4290372220725496,1.2467990856352813,604.2357999976957
10,0,11,"(187.5, 337.5, 7.2238068944948735)",0.047217364112539954,0.0,-0.6361555337364164,0.9890645073355668,659.5139999990351
10,0,12,"(187.5, 337.5, 7.2238068944948735)",0.6021082906035297,742.2012939453125,-0.20336264671220963,1.4038234069970348,251.7666999992798
10,0,13,"(187.5, 362.5, 9.103110310900643)",0.6701497966968548,0.0,-0.4119582615113231,1.1339346208983976,570.4164999988279
10,0,14,"(187.5, 387.5, 11.364582883745452)",0.056092833479248476,0.0,-0.6223282107737494,0.7669099565715559,620.0921999989077
10,0,15,"(187.5, 387.5, 11.364582883745452)",0.6574207195342054,754.55419921875,-0.20936337386143192,0.9180596624357197,254.11460000032093
10,0,16,"(212.5, 387.5, 12.56601886791643)",0.5866483570821103,0.0,-0.41067679257138157,0.6029599011569704,567.6306999994267
10,0,17,"(237.5, 387.5, 13.016039592385813)",0.05763172606628177,0.0,-0.6246922445694681,0.25503898965024874,615.2116999983264
10,0,18,"(237.5, 387.5, 13.016039592385813)",0.5696673873920315,760.0745849609375,-0.22020976953477656,0.4595737787600457,250.24499999926775
10,0,19,"(237.5, 362.5, 10.136936791802604)",0.3183737154940316,0.0,-0.42614881200696625,0.4231898909039863,612.2746000000916
10,0,20,"(262.5, 362.5, 9.841761282285685)",0.016446591665348616,0.0,-0.6448723600345396,0.33213135174296626,739.6028000002843
10,0,21,"(262.5, 362.5, 9.841761282285685)",0.3775811911307764,755.1312866210938,-0.20782108711130412,0.783652908297626,252.75610000244342
10,0,22,"(237.5, 362.5, 10.136936791802604)",0.6272025984079471,0.0,-0.4289249855741276,0.8899440487991918,608.4842000018398
10,0,23,"(237.5, 337.5, 7.894671343450355)",0.03035821268958564,0.0,-0.6388882634139454,0.5804268094590114,617.0834999975341
10,0,24,"(237.5, 337.5, 7.894671343450355)",0.4959841370030473,745.955322265625,-0.21029667795193316,1.1150872057709018,251.88250000064727
10,0,25,"(212.5, 337.5, 7.7206787211523045)",0.6189776967265123,0.0,-0.42903662921896135,1.2467960894324328,608.9420999996946
10,0,26,"(212.5, 312.5, 6.0337808765239185)",0.03958686192828325,0.0,-0.6322906497564743,1.0449588219699488,598.2722000007925
10,0,27,"(212.5, 312.5, 6.0337808765239185)",0.467909740805159,741.524658203125,-0.20366162806794946,1.5347508108060768,250.11720000111382
10,0,28,"(187.5, 312.5, 5.701335627950545)",0.5528655908334384,0.0,-0.41776344371848867,1.6491334771353872,606.6686999984086
10,0,29,"(187.5, 287.5, 4.484402965683246)",0.0329036712646673,0.0,-0.624915939879896,1.4906078153755948,599.6947000021464
10,0,30,"(187.5, 287.5, 4.484402965683246)",0.404741640357577,738.7645263671875,-0.20221491672318312,1.9124272841337115,253.77369999841903
10,0,31,"(162.5, 287.5, 4.140142738102741)",0.4799881922867288,0.0,-0.41619352271484256,1.981514359944768,571.1733999996795
10,0,32,"(137.5, 287.5, 3.720264207629609)",0.0625799248615717,0.0,-0.6317798633474613,1.8903172605844059,634.1363999999885
10,0,33,"(137.5, 287.5, 3.720264207629609)",0.4201952308044708,737.666259765625,-0.2109270448113007,2.1287124233825856,248.742099996889
10,0,34,"(137.5, 312.5, 4.617102976724376)",0.5669642904417999,0.0,-0.43113886950850266,1.9435849854173517,573.4121999994386
10,0,35,"(137.5, 337.5, 5.675677129206918)",0.079300855596882,0.0,-0.642987975756897,1.420132287990713,598.929899999348
10,0,36,"(137.5, 337.5, 5.675677129206918)",0.5812180022574736,740.5768432617188,-0.21574065989497798,1.525522341141598,247.33229999765172
10,0,37,"(137.5, 362.5, 6.88289330546234)",0.6313795492972901,0.0,-0.4170340505841089,1.1688100062950542,566.9479999996838
10,0,38,"(137.5, 387.5, 8.184609533832969)",0.07595855991046034,0.0,-0.6373798653595587,0.8779997141772768,599.8521000001347
10,0,39,"(137.5, 387.5, 8.184609533832969)",0.6906055562001746,742.9791259765625,-0.224393972772391,1.1628832634032973,252.8448999983084
10,0,40,"(112.5, 387.5, 6.700045574866817)",0.6333318520503565,0.0,-0.4445089850564,1.0436709243158178,544.6432999997342
10,0,41,"(112.5, 412.5, 7.580708003809701)",0.09013782938325555,0.0,-0.6742436318004732,0.6516460473371609,596.9242999999551
10,0,42,"(112.5, 412.5, 7.580708003809701)",0.6285682663188071,743.7537841796875,-0.2237617532221926,1.092317491073939,249.92980000024545
10,0,43,"(137.5, 412.5, 9.458994007438445)",0.793652750274903,0.0,-0.4429645086410715,0.7477115521632278,569.7774000000209
10,0,44,"(137.5, 437.5, 10.499382396270086)",0.03896950682004722,0.0,-0.7000063638074979,0.2006570341189211,786.6348999996262
10,0,45,"(137.5, 437.5, 10.499382396270086)",0.7470304821150331,748.6133422851562,-0.2436164463165583,0.8038821843797737,248.7719000018842
10,0,46,"(162.5, 437.5, 13.254586740016286)",0.7228377321937124,0.0,-0.45807838951469426,0.40757154410748603,492.6967000028526
10,0,47,"(162.5, 462.5, 14.173358874352427)",0.02768742541471952,0.0,-0.8552725696165215,0.19007719092542857,797.3437000000558
10,0,48,"(162.5, 462.5, 14.173358874352427)",0.6406097416096801,764.0553588867188,-0.25790373712479525,0.5703849989924394,246.26599999828613
10,0,49,"(187.5, 462.5, 18.15511649450833)",0.18571833697640033,0.0,-0.40840954795156437,0.0762292339879804,446.61289999930887
10,1,0,"(187.5, 387.5, 11.364582883745452)",1.046426214694838,744.2294921875,-0.23753965915661246,1.5045671157268743,249.1119999976945
10,1,1,"(187.5, 412.5, 13.941569591049829)",0.8528621781490222,0.0,-0.4368680762390398,0.6624758803853049,571.0510999997496
10,1,2,"(187.5, 437.5, 16.502195647044346)",0.03971188515424812,0.0,-0.6797557607745424,0.14557332485480057,648.1144999997923
10,1,3,"(187.5, 437.5, 16.502195647044346)",0.6670248482907188,782.8514404296875,-0.26036314235607555,0.45985089124873146,249.93869999889284
10,1,4,"(162.5, 437.5, 13.254586740016286)",0.38887330856124624,0.0,-0.5395634094248873,0.16712774082327822,485.26330000095186
10,1,5,"(162.5, 462.5, 14.173358874352427)",0.03908605873584028,0.0,-0.8902650890255558,0.05106400919951708,629.5724000010523
10,1,6,"(162.5, 462.5, 14.173358874352427)",0.7089183718020816,770.2330322265625,-0.3361027745231754,0.5439656582390253,354.0748000013991
10,1,7,"(187.5, 462.5, 18.15511649450833)",0.20861949899478757,0.0,-0.4114196336223263,0.09968313708835672,445.7661999986158
10,2,0,"(187.5, 387.5, 11.364582883745452)",1.0461650567844962,744.0218505859375,-0.23753965915661238,1.504567115789026,253.58280000000377
10,2,1,"(212.5, 387.5, 12.56601886791643)",0.678126337634735,0.0,-0.42478673716764986,0.8164613452243463,543.4387999994215
10,2,2,"(237.5, 387.5, 13.016039592385813)",0.07840132216610488,0.0,-0.6373510060489885,0.3609723063613049,631.8223999987822
10,2,3,"(237.5, 387.5, 13.016039592385813)",0.6510045410421231,756.5634765625,-0.2218238662941357,0.5589514621884321,251.27649999922141
10,2,4,"(237.5, 362.5, 10.136936791802604)",0.3282728492429928,0.0,-0.4281525248223414,0.47233693629092144,608.1564999985858
10,2,5,"(262.5, 362.5, 9.841761282285685)",0.02062249307830221,0.0,-0.6457079803367208,0.3408530737433703,731.1415000003763
10,2,6,"(262.5, 362.5, 9.841761282285685)",0.38849763866621967,755.2349243164062,-0.2077372602927075,0.7840630722991457,254.93289999940316
10,2,7,"(237.5, 362.5, 10.136936791802604)",0.6285238695390241,0.0,-0.4289260803569856,0.8902297855056422,617.6756000022579
10,2,8,"(212.5, 362.5, 9.863883753989105)",0.06295744578045591,0.0,-0.6488525843961873,0.5636389850569139,641.9571000005817
10,2,9,"(212.5, 362.5, 9.863883753989105)",0.6416364390052182,749.4771118164062,-0.20376562774478676,0.9187075046376522,255.76899999941816
10,2,10,"(212.5, 387.5, 12.56601886791643)",0.48592865988497835,0.0,-0.40797539765605184,0.6307879553487833,557.0736000008765
10,2,11,"(212.5, 412.5, 15.910281935579775)",0.018709316849712148,0.0,-0.5992303744972741,0.22311205716612506,629.4743999969796
10,2,12,"(212.5, 412.5, 15.910281935579775)",0.47425709238780295,766.520263671875,-0.19712714956118038,0.4070062957532504,248.91030000071623
10,2,13,"(212.5, 437.5, 19.809611758762614)",0.1360161624652526,0.0,-0.39645223389279105,0.05868789056754387,497.99540000094566
10,3,0,"(187.5, 387.5, 11.364582883745452)",1.0379698345658206,744.01806640625,-0.23753965915661243,1.5045670857440627,251.70319999961066
10,3,1,"(187.5, 412.5, 13.941569591049829)",0.8651424162828685,0.0,-0.4368680762390397,0.6624758803853048,573.5494000000472
10,3,2,"(187.5, 437.5, 16.502195647044346)",0.04647367695966383,0.0,-0.6797557607745424,0.1455733248548006,648.1200000016543
10,3,3,"(187.5, 437.5, 16.502195647044346)",0.6720288800608101,782.2683715820312,-0.26036314235607555,0.45985087697950316,253.10300000273855
10,3,4,"(162.5, 437.5, 13.254586740016286)",0.3942537153910456,0.0,-0.5395634094248873,0.16712774130635963,493.5402000010072
10,3,5,"(162.5, 462.5, 14.173358874352427)",0.026303643981670424,0.0,-0.8902650890255558,0.051064009199517084,620.2799999991839
10,3,6,"(162.5, 462.5, 14.173358874352427)",0.7180282247297944,773.6025390625,-0.33610277452317533,0.5439657592584742,356.25440000148956
10,3,7,"(187.5, 462.5, 18.15511649450833)",0.218139303545424,0.0,-0.41141963362232625,0.09968313720149816,457.6124000013806
10,4,0,"(187.5, 387.5, 11.364582883745452)",1.0442785240384396,744.2010498046875,-0.23753965915661238,1.5045670684125683,262.88320000094245
10,4,1,"(187.5, 412.5, 13.941569591049829)",0.8586459379556495,0.0,-0.4368680762390398,0.6624758803853048,580.0161000006483
10,4,2,"(187.5, 437.5, 16.502195647044346)",0.033671629925576554,0.0,-0.6797557607745425,0.14557332485480057,646.9343999997363
10,4,3,"(187.5, 437.5, 16.502195647044346)",0.6719876930646,782.85400390625,-0.26036314235607555,0.45985081395882604,251.94610000107787
10,4,4,"(162.5, 437.5, 13.254586740016286)",0.4028937548259494,0.0,-0.5395634094248875,0.16712774126289348,491.0624000003736
10,4,5,"(162.5, 462.5, 14.173358874352427)",0.032923574248958885,0.0,-0.8902650890255558,0.05106400919951707,629.8717999998189
10,4,6,"(162.5, 462.5, 14.173358874352427)",0.7208307290425781,770.2615356445312,-0.3361027745231754,0.5439657107395461,356.8325000014738
10,4,7,"(187.5, 462.5, 18.15511649450833)",0.20505510274983169,0.0,-0.41141963362232625,0.0996831374074616,448.157099999662
10,5,0,"(187.5, 387.5, 11.364582883745452)",1.0427606135635563,743.8578491210938,-0.23753965915661238,1.5045671191768113,251.51479999840376
10,5,1,"(212.5, 387.5, 12.56601886791643)",0.7230323212102525,0.0,-0.42478673716764986,0.8164613452243465,535.0875000003725
10,5,2,"(237.5, 387.5, 13.016039592385813)",0.06870539486410487,0.0,-0.6373510060489886,0.36097230636130495,634.5508999984304
10,5,3,"(237.5, 387.5, 13.016039592385813)",0.6569485617889388,757.0091552734375,-0.22182386629413564,0.5589514800186893,252.70689999888418
10,5,4,"(237.5, 362.5, 10.136936791802604)",0.33883539845253113,0.0,-0.4281525248223414,0.47233693629092144,599.1256999986945
10,5,5,"(262.5, 362.5, 9.841761282285685)",0.016246002167464503,0.0,-0.6457079803367207,0.34085307374337026,714.2622000028496
10,5,6,"(262.5, 362.5, 9.841761282285685)",0.37542367329490844,755.4868774414062,-0.2077372602927075,0.7840630642389438,245.8418000023812
10,5,7,"(237.5, 362.5, 10.136936791802604)",0.6303728538766769,0.0,-0.42892608035698565,0.8902297855056422,614.2189999991388
10,5,8,"(237.5, 337.5, 7.894671343450355)",0.036260185142356044,0.0,-0.6388923275541613,0.5805163573653145,619.3130999999994
10,5,9,"(237.5, 337.5, 7.894671343450355)",0.4953575853229692,745.7810668945312,-0.21029872313855924,1.1151165884118732,246.5035999994143
10,5,10,"(212.5, 337.5, 7.7206787211523045)",0.618407683430126,0.0,-0.42903722207254946,1.246799085635281,603.884600001038
10,5,11,"(187.5, 337.5, 7.2238068944948735)",0.050366794069592935,0.0,-0.6361555337364164,0.9890645073355668,651.0720000005676
10,5,12,"(187.5, 337.5, 7.2238068944948735)",0.6027845263064714,741.9712524414062,-0.2033626467122096,1.4038233957487105,249.7457999998005
10,5,13,"(187.5, 362.5, 9.103110310900643)",0.6669147669572668,0.0,-0.4119582615113231,1.1339346208983978,576.5179000009084
10,5,14,"(187.5, 387.5, 11.364582883745452)",0.0687767018874398,0.0,-0.6223282107737493,0.7669099565715558,612.933399999747
10,5,15,"(187.5, 387.5, 11.364582883745452)",0.653115156668275,754.845703125,-0.20936337386143192,0.9180596377641056,245.94340000112425
10,5,16,"(212.5, 387.5, 12.56601886791643)",0.5866439823415548,0.0,-0.41067679257138157,0.6029599011569704,575.5735999991884
10,5,17,"(237.5, 387.5, 13.016039592385813)",0.059383943676942205,0.0,-0.6246922445694681,0.25503898965024874,623.5112999966077
10,5,18,"(237.5, 387.5, 13.016039592385813)",0.5602388995604736,760.7704467773438,-0.22020976953477656,0.4595737699982737,253.96360000013374
10,5,19,"(237.5, 362.5, 10.136936791802604)",0.3067821655389078,0.0,-0.4261488120069663,0.42318989090398623,615.4338999986066
10,5,20,"(262.5, 362.5, 9.841761282285685)",0.01891295239327982,0.0,-0.6448723600345397,0.33213135174296643,745.1247999997577
10,5,21,"(262.5, 362.5, 9.841761282285685)",0.3764623471697443,754.8667602539062,-0.20782108711130415,0.7836529498059749,252.02960000024177
10,5,22,"(237.5, 362.5, 10.136936791802604)",0.638802794849055,0.0,-0.4289249855741276,0.8899440487991916,613.4033000016643
10,5,23,"(237.5, 337.5, 7.894671343450355)",0.030748583376423416,0.0,-0.6388882634139456,0.5804268094590114,628.3475999989605
10,5,24,"(237.5, 337.5, 7.894671343450355)",0.49139706882360906,745.82470703125,-0.21029667795193316,1.1150871656191963,253.0551000018022
10,5,25,"(212.5, 337.5, 7.7206787211523045)",0.6100017038802291,0.0,-0.4290366292189613,1.2467960894324324,608.4661999993841
10,5,26,"(187.5, 337.5, 7.2238068944948735)",0.05074301858741184,0.0,-0.6361552892825748,0.9890623215282398,660.2745999989565
10,5,27,"(187.5, 337.5, 7.2238068944948735)",0.602407650284745,742.1305541992188,-0.20336261191583194,1.4038230868135135,252.04010000015842
10,5,28,"(187.5, 362.5, 9.103110310900643)",0.6658048100901626,0.0,-0.41195822848522307,1.1339345238386975,570.5938000028254
10,5,29,"(187.5, 387.5, 11.364582883745452)",0.05818432072798368,0.0,-0.6223282147413938,0.7669099421694341,614.7225000022445
10,5,30,"(187.5, 387.5, 11.364582883745452)",0.6540237158666904,754.3782348632812,-0.20936337386142986,0.9180596744111486,251.38850000075763
10,5,31,"(212.5, 387.5, 12.56601886791643)",0.5835559845017827,0.0,-0.41067679257138157,0.6029599011569703,570.9822999997414
10,5,32,"(237.5, 387.5, 13.016039592385813)",0.06524745126561751,0.0,-0.6246922445694681,0.2550389896502487,610.7804999992368
10,5,33,"(237.5, 387.5, 13.016039592385813)",0.5766015064668631,759.7586669921875,-0.2202097695347766,0.459573835303242,249.4507999981579
10,5,34,"(237.5, 362.5, 10.136936791802604)",0.2957968430439365,0.0,-0.4261488120069663,0.4231898909039863,605.6735999991361
10,5,35,"(262.5, 362.5, 9.841761282285685)",0.015509527176613046,0.0,-0.6448723600345397,0.3321313517429664,733.9866000002075
10,5,36,"(262.5, 362.5, 9.841761282285685)",0.3771026076371231,755.493408203125,-0.2078210871113041,0.783652948131472,253.5648000011861
10,5,37,"(237.5, 362.5, 10.136936791802604)",0.6387647113616165,0.0,-0.4289249855741276,0.8899440487991914,609.7441999991133
10,5,38,"(237.5, 337.5, 7.894671343450355)",0.029827333986810922,0.0,-0.6388882634139456,0.5804268094590114,623.5797000008461
10,5,39,"(237.5, 337.5, 7.894671343450355)",0.4947887396335142,745.6475219726562,-0.21029667795193313,1.1150871815571548,249.11259999862523
10,5,40,"(212.5, 337.5, 7.7206787211523045)",0.63126305596085,0.0,-0.4290366292189614,1.2467960894324328,606.3236000009056
10,5,41,"(187.5, 337.5, 7.2238068944948735)",0.04964295526347908,0.0,-0.6361552892825748,0.98906232152824,653.5918000008678
10,5,42,"(187.5, 337.5, 7.2238068944948735)",0.5964476246385475,741.8841552734375,-0.20336261191583194,1.4038230339730475,248.87569999918924
10,5,43,"(187.5, 362.5, 9.103110310900643)",0.6484785542969924,0.0,-0.411958228485223,1.1339345238386975,562.9197000016575
10,5,44,"(187.5, 387.5, 11.364582883745452)",0.055189624428765224,0.0,-0.6223282147413938,0.7669099421694341,615.7423000004201
10,5,45,"(187.5, 387.5, 11.364582883745452)",0.6605927749418765,754.3692016601562,-0.20936337386142984,0.9180596314663686,245.96820000078878
10,5,46,"(212.5, 387.5, 12.56601886791643)",0.5622640308648347,0.0,-0.4106767925713816,0.6029599011569703,570.0873999994656
10,5,47,"(237.5, 387.5, 13.016039592385813)",0.060983017086953195,0.0,-0.6246922445694681,0.2550389896502487,613.1205999990925
10,5,48,"(237.5, 387.5, 13.016039592385813)",0.5620142580417585,760.46240234375,-0.2202097695347766,0.4595737674314614,248.00260000120034
10,5,49,"(262.5, 387.5, 12.530028997518446)",0.5071844670012167,0.0,-0.4535871093097287,0.5331727773996322,564.1307000005327
10,5,50,"(287.5, 387.5, 11.306348749090457)",0.12755960226059992,0.0,-0.7200017763121539,0.4971237504676797,676.9346000000951
10,5,51,"(287.5, 387.5, 11.306348749090457)",0.8237010198655792,749.3904418945312,-0.25852784368641735,0.8111491939254709,246.21979999938048
10,5,52,"(287.5, 412.5, 13.851283065501828)",0.9318709459454599,0.0,-0.4707668688385698,0.7182251049027595,482.29390000051353
10,5,53,"(287.5, 437.5, 16.365669713099226)",0.06379295885561936,0.0,-0.7081156121679271,0.14976003674481614,631.8616999997175
10,5,54,"(287.5, 437.5, 16.365669713099226)",0.692195096430642,780.76904296875,-0.2811685794600815,0.4642541032635713,248.83799999952316
10,5,55,"(262.5, 437.5, 19.691492564685472)",0.2116457239282714,0.0,-0.41703331676277805,0.07189680147364932,488.163900001382
10,5,56,"(237.5, 437.5, 21.459341898515387)",0.011532619595527212,0.0,-0.758650202670675,0.15897505786882524,798.1600999992224
10,5,57,"(237.5, 437.5, 21.459341898515387)",0.06466798210868771,850.6864624023438,-0.27956279269212625,0.03543224615300769,249.1345000016736
10,6,0,"(187.5, 387.5, 11.364582883745452)",1.035937970579117,744.0546875,-0.23753965915661243,1.5045671267688172,249.0295999996306
10,6,1,"(212.5, 387.5, 12.56601886791643)",0.7139351947269562,0.0,-0.4247867371676498,0.8164613452243463,531.7653000020073
10,6,2,"(237.5, 387.5, 13.016039592385813)",0.07273172835511084,0.0,-0.6373510060489886,0.3609723063613049,623.4442999993917
10,6,3,"(237.5, 387.5, 13.016039592385813)",0.652651770959215,756.5491333007812,-0.2218238662941357,0.5589514825635714,247.4886999989394
10,6,4,"(237.5, 362.5, 10.136936791802604)",0.32859580159322943,0.0,-0.42815252482234145,0.47233693629092155,600.6715000003169
10,6,5,"(262.5, 362.5, 9.841761282285685)",0.016994557032980546,0.0,-0.6457079803367209,0.34085307374337037,730.3275000012945
10,6,6,"(262.5, 362.5, 9.841761282285685)",0.37827567882097124,755.3700561523438,-0.2077372602927076,0.7840631051419878,250.05709999823011
10,6,7,"(237.5, 362.5, 10.136936791802604)",0.6347473464315224,0.0,-0.42892608035698565,0.8902297855056422,602.1920000021055
10,6,8,"(237.5, 337.5, 7.894671343450355)",0.03532391538222241,0.0,-0.6388923275541615,0.5805163573653145,626.0042999965663
10,6,9,"(237.5, 337.5, 7.894671343450355)",0.49503778126002607,746.0761108398438,-0.21029872313855924,1.1151165761791488,249.42680000094697
10,6,10,"(212.5, 337.5, 7.7206787211523045)",0.613931916154683,0.0,-0.4290372220725494,1.246799085635281,605.927900000097
10,6,11,"(187.5, 337.5, 7.2238068944948735)",0.05107871194677655,0.0,-0.6361555337364166,0.989064507335567,657.1847999985039
10,6,12,"(187.5, 337.5, 7.2238068944948735)",0.6075580802139022,742.0446166992188,-0.2033626467122096,1.403823367087345,251.31730000066455
10,6,13,"(187.5, 362.5, 9.103110310900643)",0.6455268708654105,0.0,-0.41195826151132303,1.1339346208983976,571.1785999992571
10,6,14,"(187.5, 387.5, 11.364582883745452)",0.058603142698605344,0.0,-0.6223282107737494,0.7669099565715558,620.9816999980831
10,6,15,"(187.5, 387.5, 11.364582883745452)",0.6575310678662296,754.342041015625,-0.2093633738614319,0.9180596543214414,248.04880000010598
10,6,16,"(187.5, 412.5, 13.941569591049829)",0.7420644951234412,0.0,-0.42819216263545046,0.5551199310156282,566.6477000013401
10,6,17,"(187.5, 437.5, 16.502195647044346)",0.024452380836009625,0.0,-0.6752215884927268,0.07116951363020076,628.5318999980518
10,6,18,"(187.5, 437.5, 16.502195647044346)",0.5575141504546274,786.5966796875,-0.264292249335088,0.37220503848217384,250.3126000010525
10,6,19,"(187.5, 462.5, 18.15511649450833)",0.6510962057948814,0.0,-0.6943882727733818,0.19711185217033494,566.884799998661
10,7,0,"(187.5, 387.5, 11.364582883745452)",1.0391220367768865,743.7036743164062,-0.2375396591566124,1.5045670787311591,257.08529999974417
10,7,1,"(187.5, 412.5, 13.941569591049829)",0.8455979604660884,0.0,-0.4368680762390398,0.6624758803853049,584.6058000024641
10,7,2,"(187.5, 437.5, 16.502195647044346)",0.04546333849430758,0.0,-0.6797557607745424,0.1455733248548006,645.690299999842
10,7,3,"(187.5, 437.5, 16.502195647044346)",0.6639598877488734,782.4508056640625,-0.2603631423560755,0.45985089195613355,250.5114000014146
10,7,4,"(212.5, 437.5, 19.809611758762614)",0.006869750054583398,0.0,-0.4672910961942544,0.0020595353186214286,531.926999999996
10,8,0,"(187.5, 387.5, 11.364582883745452)",1.0424597212128808,744.204833984375,-0.23753965915661243,1.5045671163478653,253.06130000171834
10,8,1,"(187.5, 412.5, 13.941569591049829)",0.8407484990108207,0.0,-0.4368680762390398,0.6624758803853048,571.5964999981225
10,8,2,"(187.5, 437.5, 16.502195647044346)",0.050803040464703714,0.0,-0.6797557607745424,0.14557332485480057,635.5584999982966
10,8,3,"(187.5, 437.5, 16.502195647044346)",0.6738429545810515,781.986083984375,-0.26036314235607555,0.4598508722092433,249.00410000191187
10,8,4,"(162.5, 437.5, 13.254586740016286)",0.39206118912138266,0.0,-0.5395634094248875,0.16712774124752794,487.7624000000651
10,8,5,"(162.5, 462.5, 14.173358874352427)",0.027869815627768205,0.0,-0.8902650890255557,0.05106400919951708,619.9567999974533
10,8,6,"(162.5, 462.5, 14.173358874352427)",0.7221119705398811,772.5099487304688,-0.33610277452317533,0.5439657250807741,352.96310000194353
10,8,7,"(187.5, 462.5, 18.15511649450833)",0.1982417476342459,0.0,-0.41141963362232625,0.09968313735380555,445.1176000002306
10,8,8,"(187.5, 487.5, 17.803971808826255)",0.21182495355602832,0.0,-1.018117415858412,0.17122095834632794,642.9203999978199
10,8,9,"(187.5, 487.5, 17.803971808826255)",0.5753750942169277,610.3682250976562,-0.5124593392680878,0.3291398831405833,250.4016999992018
10,8,10,"(212.5, 487.5, 22.32743679833657)",-1.7247077679540557e-07,0.0,-1.1377035665847477,4.46822630378916e-05,536.6881000009016
10,9,0,"(187.5, 387.5, 11.364582883745452)",1.0414942664583324,744.1161499023438,-0.23753965915661235,1.5045671122804953,254.58920000164653
10,9,1,"(187.5, 412.5, 13.941569591049829)",0.8772349646044538,0.0,-0.4368680762390398,0.6624758803853048,576.2826000027417
10,9,2,"(187.5, 437.5, 16.502195647044346)",0.05299299458661473,0.0,-0.6797557607745423,0.14557332485480057,647.8070999983174
10,9,3,"(187.5, 437.5, 16.502195647044346)",0.6735592079802659,781.9902954101562,-0.26036314235607555,0.45985086357428134,250.8280999973067
10,9,4,"(162.5, 437.5, 13.254586740016286)",0.3894501927026412,0.0,-0.5395634094248873,0.16712774075708556,486.77280000265455
10,9,5,"(162.5, 462.5, 14.173358874352427)",0.032422259449961945,0.0,-0.8902650890255557,0.05106400919951706,619.3585000000894
10,9,6,"(162.5, 462.5, 14.173358874352427)",0.7221343285862678,772.2153930664062,-0.3361027745231754,0.5439656535405917,355.9156000010262
10,9,7,"(187.5, 462.5, 18.15511649450833)",0.204492818772603,0.0,-0.4114196336223263,0.09968313728648726,447.7087000013853
10,0,0,"(212.5, 487.5, 22.32743679833657)",0.6368526948000132,592.114013671875,-0.45469286595676084,0.2858666203437129,250.35770000249613
10,0,1,"(187.5, 487.5, 17.803971808826255)",-6.885868804588271e-07,0.0,-1.1377035790229804,9.489094892148599e-05,454.60319999983767
10,0,2,"(212.5, 487.5, 22.32743679833657)",-9.897727674992346e-08,0.0,-1.7654515410880964,3.9725738112601577e-07,615.5472999998892
10,0,3,"(212.5, 487.5, 22.32743679833657)",0.07994165373603525,590.4232788085938,-0.6277385055191261,0.03761483463090639,247.94130000009318
10,0,4,"(212.5, 487.5, 22.32743679833657)",0.5648188598806304,0.0,-0.9191991763070861,0.21984731600663823,424.86970000027213
10,0,5,"(187.5, 487.5, 17.803971808826255)",-1.800945028662682e-07,0.0,-1.765145712930678,0.0025437862520654646,814.0432999971381
10,0,6,"(187.5, 487.5, 17.803971808826255)",0.08900902205630104,657.3071899414062,-0.5099533628943007,0.04983275042064484,249.41589999798452
10,0,7,"(212.5, 487.5, 22.32743679833657)",-1.724707767954029e-07,0.0,-1.1377035622677636,4.462993065085429e-05,531.5771999994467
10,1,0,"(212.5, 487.5, 22.32743679833657)",0.6316482908178102,592.1768188476562,-0.4546928659567608,0.2858667363923653,249.540299999353
10,1,1,"(187.5, 487.5, 17.803971808826255)",-6.883547309439664e-07,0.0,-1.1377035790229983,9.489094892165018e-05,452.9384999987087
10,1,2,"(212.5, 487.5, 22.32743679833657)",-9.897727674992345e-08,0.0,-1.7654515410880964,3.9725738112601577e-07,613.4425999989617
10,1,3,"(212.5, 487.5, 22.32743679833657)",0.08100948173508131,597.080322265625,-0.6277385055191261,0.037614903117624485,247.43690000104834
10,2,0,"(212.5, 487.5, 22.32743679833657)",0.6291248666691991,592.7240600585938,-0.4546928659567608,0.28586664950026963,247.03800000133924
10,2,1,"(187.5, 487.5, 17.803971808826255)",-6.885273532656474e-07,0.0,-1.1377035790229966,9.489094892161482e-05,458.54590000089956
10,2,2,"(212.5, 487.5, 22.32743679833657)",-9.897727674992345e-08,0.0,-1.7654515410880964,3.9725738112601577e-07,615.6952000019373
10,2,3,"(212.5, 487.5, 22.32743679833657)",0.08238125372241237,597.6905517578125,-0.6277385055191259,0.037614762349845635,250.02569999924162
10,3,0,"(212.5, 487.5, 22.32743679833657)",0.64150324562828,591.6748046875,-0.45469286595676073,0.28586675632051295,249.7860999974364
10,3,1,"(187.5, 487.5, 17.803971808826255)",-6.887075915720265e-07,0.0,-1.1377035790229777,9.489094892145214e-05,454.23049999953946
10,3,2,"(212.5, 487.5, 22.32743679833657)",-9.897727674992346e-08,0.0,-1.7654515410880964,3.9725738112601577e-07,613.8578000027337
10,3,3,"(212.5, 487.5, 22.32743679833657)",0.08082402913711602,590.776611328125,-0.627738505519126,0.03761481007276614,248.75690000044415
10,4,0,"(212.5, 487.5, 22.32743679833657)",0.6425769223545147,592.1788940429688,-0.4546928659567608,0.28586672455342654,247.05600000015693
10,4,1,"(187.5, 487.5, 17.803971808826255)",-6.887790579166789e-07,0.0,-1.1377035790229626,9.48909489213131e-05,456.4366999984486
10,4,2,"(212.5, 487.5, 22.32743679833657)",-9.897727674992346e-08,0.0,-1.7654515410880964,3.9725738112601577e-07,607.8928999995696
10,4,3,"(212.5, 487.5, 22.32743679833657)",0.07796801643490116,603.9784545898438,-0.627738505519126,0.037614864784757764,247.93470000076923
10,5,0,"(212.5, 487.5, 22.32743679833657)",0.6387560776737328,591.9508666992188,-0.45469286595676073,0.2858666776166914,246.1436000012327
10,5,1,"(187.5, 487.5, 17.803971808826255)",-6.886503480541315e-07,0.0,-1.1377035790229684,9.489094892136533e-05,455.54189999893424
10,5,2,"(212.5, 487.5, 22.32743679833657)",-9.897727674992346e-08,0.0,-1.7654515410880964,3.9725738112601577e-07,609.8358999988704
10,5,3,"(212.5, 487.5, 22.32743679833657)",0.08482960353128904,583.8348388671875,-0.627738505519126,0.037614833964380014,246.0283000000345
10,6,0,"(212.5, 487.5, 22.32743679833657)",0.6389465684686636,591.779541015625,-0.45469286595676073,0.28586670280069204,253.47150000015972
10,6,1,"(187.5, 487.5, 17.803971808826255)",-6.885581227272566e-07,0.0,-1.1377035790229748,9.489094892142749e-05,458.2449999979872
10,6,2,"(212.5, 487.5, 22.32743679833657)",-9.897727674992345e-08,0.0,-1.7654515410880964,3.9725738112601577e-07,605.7431999979599
10,6,3,"(212.5, 487.5, 22.32743679833657)",0.0850987817992523,604.0032958984375,-0.627738505519126,0.037614827005529594,250.16239999968093
10,6,4,"(212.5, 487.5, 22.32743679833657)",0.5765951989272579,0.0,-0.9191991763070861,0.21984731600663818,421.57790000055684
10,6,5,"(187.5, 487.5, 17.803971808826255)",-1.8009450286626816e-07,0.0,-1.7651457129306776,0.002543786252065477,823.6476999991282
10,6,6,"(187.5, 487.5, 17.803971808826255)",0.09523688520481521,656.208740234375,-0.5099533628943007,0.04983263263317206,248.1563000001188
10,6,7,"(212.5, 487.5, 22.32743679833657)",-1.7247077679540424e-07,0.0,-1.1377035622677638,4.462993065085429e-05,530.509100000927
10,7,0,"(212.5, 487.5, 22.32743679833657)",0.6402195990375895,592.0328369140625,-0.4546928659567608,0.2858667611686523,247.72650000159047
10,7,1,"(187.5, 487.5, 17.803971808826255)",-6.886441250593262e-07,0.0,-1.13770357902299,9.48909489215606e-05,454.86759999766946
10,7,2,"(212.5, 487.5, 22.32743679833657)",-9.897727674992346e-08,0.0,-1.7654515410880964,3.9725738112601577e-07,613.2999000001291
10,7,3,"(212.5, 487.5, 22.32743679833657)",0.08219048961023902,597.0908813476562,-0.6277385055191259,0.037614834208978036,250.009700001101
10,7,4,"(212.5, 487.5, 22.32743679833657)",0.5849108822257697,0.0,-0.9191991763070858,0.2198473160066382,419.5523999987927
10,7,5,"(187.5, 487.5, 17.803971808826255)",-1.8009450286626816e-07,0.0,-1.7651457129306771,0.0025437862520654502,810.1672999982839
10,7,6,"(187.5, 487.5, 17.803971808826255)",0.08962596127496839,656.4852294921875,-0.5099533628943006,0.04983272236547528,248.30279999878258
10,7,7,"(212.5, 487.5, 22.32743679833657)",-1.724707767954038e-07,0.0,-1.1377035622677636,4.4629930650854296e-05,533.1495999998879
10,8,0,"(212.5, 487.5, 22.32743679833657)",0.6369254772325138,591.22216796875,-0.45469286595676084,0.2858666277113525,250.64760000168462
10,8,1,"(187.5, 487.5, 17.803971808826255)",-6.886209794761012e-07,0.0,-1.1377035790229595,9.489094892129075e-05,451.23270000112825
10,8,2,"(212.5, 487.5, 22.32743679833657)",-9.897727674992346e-08,0.0,-1.7654515410880964,3.9725738112601577e-07,605.7518999987224
10,8,3,"(212.5, 487.5, 22.32743679833657)",0.07693271211151308,590.7830810546875,-0.627738505519126,0.03761489316590009,251.33180000193533
10,9,0,"(212.5, 487.5, 22.32743679833657)",0.636542929070468,591.9407958984375,-0.45469286595676084,0.2858667700965165,246.484799998143
10,9,1,"(187.5, 487.5, 17.803971808826255)",-6.887507175328149e-07,0.0,-1.1377035790229928,9.489094892158628e-05,452.7135999996972
10,9,2,"(212.5, 487.5, 22.32743679833657)",-9.897727674992346e-08,0.0,-1.7654515410880964,3.9725738112601577e-07,608.3413000014843
10,9,3,"(212.5, 487.5, 22.32743679833657)",0.07974219018534662,597.08984375,-0.627738505519126,0.03761487299565064,249.47969999993802
