resolution,trial,step,observation,info_gain,pred_divergence,expected_accuracy,expected_Qs_entropy,inference_time_ms
20,0,0,"(437.5, 412.5, 3.7158125367455015)",0.6440840245543138,736.302001953125,-0.2278303733243819,2.4370797337069843,2261.267500000031
20,0,3,"(387.5, 412.5, 5.968521653217249)",0.4932592778125962,740.2713623046875,-0.2064652138038174,1.804443540813776,2264.869599999656
20,0,6,"(337.5, 412.5, 9.377700043801939)",0.6996320459067624,745.386474609375,-0.215703346684242,1.4417656725099324,2253.6322999985714
20,0,9,"(312.5, 437.5, 13.134116007120344)",0.7398115370838754,754.5903930664062,-0.2100801734137162,0.8631274050210425,2261.5033999991283
20,0,12,"(287.5, 462.5, 17.977012825427398)",0.5843151319400404,787.6173095703125,-0.1951378450814967,0.5146635779382106,2246.749300000374
20,1,0,"(437.5, 412.5, 3.7158125367455015)",0.637415560806792,736.1396484375,-0.227830373324382,2.4370797147836063,2248.46129999969
20,1,3,"(387.5, 412.5, 5.968521653217249)",0.4953797488578483,740.0507202148438,-0.2064652138038173,1.804443529107712,2245.107400000052
20,1,6,"(337.5, 412.5, 9.377700043801939)",0.7013981667498783,745.7183837890625,-0.2157033466842419,1.4417656844403046,2240.4324999988603
20,1,9,"(312.5, 437.5, 13.134116007120344)",0.7451978514212955,754.89697265625,-0.2100801734137163,0.8631273616618087,2234.0972000001784
20,1,12,"(287.5, 462.5, 17.977012825427398)",0.5694959070214316,786.849609375,-0.1951378450814967,0.514663646068888,2248.0299999988347
20,2,0,"(437.5, 412.5, 3.7158125367455015)",0.6430817805686802,736.2448120117188,-0.2278303733243819,2.4370797766135395,2268.0311999993137
20,2,3,"(387.5, 412.5, 5.968521653217249)",0.4970353189955218,740.2870483398438,-0.2064652138038173,1.8044435327300303,2269.568699999581
20,2,6,"(337.5, 412.5, 9.377700043801939)",0.6985558957696237,745.537109375,-0.2157033466842419,1.4417656926975873,2255.4670000008628
20,2,9,"(312.5, 437.5, 13.134116007120344)",0.7428261231601415,754.3401489257812,-0.2100801734137162,0.8631273620475738,2271.292699999321
20,2,12,"(287.5, 462.5, 17.977012825427398)",0.5808947211825708,786.569091796875,-0.1951378450814967,0.5146635497727247,2290.9499000015785
20,3,0,"(437.5, 412.5, 3.7158125367455015)",0.6432488514764836,736.0916137695312,-0.2278303733243819,2.437079745911352,2239.2438000006223
20,3,3,"(387.5, 412.5, 5.968521653217249)",0.4986230922064077,740.154296875,-0.2064652138038173,1.8044435488770911,2257.1518999993714
20,3,6,"(337.5, 412.5, 9.377700043801939)",0.7063987125222573,745.417236328125,-0.2157033466842419,1.441765635728271,2282.566100000622
20,3,9,"(312.5, 437.5, 13.134116007120344)",0.7481778588566815,754.744873046875,-0.2100801734137163,0.863127314878094,2207.49479999904
20,3,12,"(287.5, 462.5, 17.977012825427398)",0.5818019034498783,786.9798583984375,-0.1951378450814967,0.5146635587968328,2216.174899998805
20,4,0,"(437.5, 412.5, 3.7158125367455015)",0.6397388228967116,736.240966796875,-0.227830373324382,2.4370797624883336,2268.4458999992785
20,4,3,"(387.5, 412.5, 5.968521653217249)",0.4960473335618477,740.2889404296875,-0.2064652138038173,1.804443551446333,2237.9079000002093
20,4,6,"(337.5, 412.5, 9.377700043801939)",0.7097623851611053,745.40771484375,-0.2157033466842419,1.441765652309017,2279.922900001111
20,4,9,"(312.5, 437.5, 13.134116007120344)",0.7484320700618413,754.9129028320312,-0.2100801734137162,0.8631273800711069,2271.266399999149
20,4,12,"(287.5, 462.5, 17.977012825427398)",0.5811308900739929,787.0302124023438,-0.1951378450814967,0.5146635441852274,2262.8359999998797
20,5,0,"(437.5, 412.5, 3.7158125367455015)",0.6466495140680629,736.1682739257812,-0.227830373324382,2.437079764152728,2253.5470000002533
20,5,3,"(387.5, 412.5, 5.968521653217249)",0.4954345151716894,740.0537719726562,-0.2064652138038173,1.8044435185090628,2240.0346000013087
20,5,6,"(337.5, 412.5, 9.377700043801939)",0.7077646188456346,745.648681640625,-0.215703346684242,1.4417656566639905,2248.5771000010573
20,5,9,"(312.5, 437.5, 13.134116007120344)",0.7440382402816789,754.7046508789062,-0.2100801734137162,0.8631274058570717,2246.1112000000867
20,5,12,"(287.5, 462.5, 17.977012825427398)",0.5889256651117265,786.8284301757812,-0.1951378450814967,0.514663496599716,2253.968900000473
20,6,0,"(437.5, 412.5, 3.7158125367455015)",0.6414768993608655,736.161376953125,-0.2278303733243819,2.4370797744884745,2250.3762999986066
20,6,3,"(437.5, 362.5, 3.0693002026442198)",0.3698490366720445,736.4910278320312,-0.2018806224662323,2.250766569638256,2239.6042000000307
20,6,6,"(437.5, 312.5, 2.3288409680820936)",0.3149340225093829,736.04736328125,-0.200482945046576,2.4344456747688965,2245.474600000307
20,6,9,"(437.5, 262.5, 1.6629239389874948)",0.2597508746762531,735.6299438476562,-0.2005619501559511,2.574426717372889,2256.4297999997507
20,6,12,"(387.5, 262.5, 2.2927863351327353)",0.3042035228809102,737.1979370117188,-0.2005179311470351,2.5288783566226662,2239.759399999457
20,6,15,"(387.5, 212.5, 1.5068207512166414)",0.2069130479834719,736.9224853515625,-0.197632958378917,2.5531755475712448,2264.7830999994767
20,6,18,"(362.5, 237.5, 2.1176379791076854)",0.2725337488816241,737.2245483398438,-0.2013840349784007,2.530798227215436,2265.3709999995044
20,6,21,"(362.5, 287.5, 3.2481324511568093)",0.4050736188956476,737.6843872070312,-0.207768232853387,2.39452624430094,2268.454400000337
20,6,24,"(362.5, 337.5, 4.801447242030367)",0.5199521583779352,739.0570068359375,-0.2071855710068054,2.003269396631347,2257.4139000007563
20,6,27,"(362.5, 387.5, 6.644563227708976)",0.6042041951301681,740.9069213867188,-0.2031264264019896,1.604679713937074,2262.0372000001225
20,6,30,"(312.5, 387.5, 9.73254467824523)",0.7502663500609444,747.7625122070312,-0.2058511694228367,1.449274999503707,2270.312399999966
20,6,33,"(337.5, 412.5, 9.377700043801939)",0.6894809774137528,746.3258056640625,-0.2172580699868237,1.2830456723965815,2257.815599999958
20,6,36,"(312.5, 437.5, 13.134116007120344)",0.6896037149551791,760.0514526367188,-0.2109413257163409,0.9303649185660736,2208.4451999999146
20,6,39,"(287.5, 412.5, 13.851283065501828)",0.689073134870943,760.6837768554688,-0.2063363200052794,0.7923936389078476,2219.3809999989758
20,6,42,"(262.5, 387.5, 12.530028997518446)",0.7518012867906911,757.062255859375,-0.2103987197900718,0.9477867400038312,2241.879899998821
20,6,45,"(237.5, 412.5, 16.71281874556001)",0.752715590709714,773.5724487304688,-0.1990484906148607,0.7341834227860103,2237.394100000529
20,6,48,"(212.5, 437.5, 19.809611758762614)",0.8544570510303204,805.8804321289062,-0.2690777598246205,0.6144612256911057,2267.536299999847
20,7,0,"(437.5, 412.5, 3.7158125367455015)",0.6409999746446717,736.3342895507812,-0.2278303733243819,2.43707974150026,2225.674200000867
20,7,3,"(387.5, 412.5, 5.968521653217249)",0.4937572951836418,739.9923706054688,-0.2064652138038173,1.8044435116364776,2222.7530000000115
20,7,6,"(337.5, 412.5, 9.377700043801939)",0.7053735916100774,745.6412353515625,-0.2157033466842419,1.4417656451109195,2255.1889999995183
20,7,9,"(312.5, 437.5, 13.134116007120344)",0.7442522094216315,754.8400268554688,-0.2100801734137163,0.8631273830217429,2251.474499998949
20,7,12,"(287.5, 462.5, 17.977012825427398)",0.5806282346054646,786.6828002929688,-0.1951378450814967,0.5146635507797984,2259.8398000009183
20,8,0,"(437.5, 412.5, 3.7158125367455015)",0.6449588725019288,736.2403564453125,-0.2278303733243819,2.437079727472288,2319.032800000059
20,8,3,"(437.5, 362.5, 3.0693002026442198)",0.3744293848606222,736.4656372070312,-0.2018806224662323,2.250766571543464,2259.9726999997074
20,8,6,"(412.5, 337.5, 3.3073470145874904)",0.3715215820962801,737.4525146484375,-0.2014842467376978,2.2862867905464377,2234.5402000009926
20,8,9,"(362.5, 337.5, 4.801447242030367)",0.4618850120068763,738.9422607421875,-0.2027324836410396,2.080714019382476,2216.421499999342
20,8,12,"(312.5, 337.5, 6.4720487778634865)",0.5811690246388391,740.379150390625,-0.2005472372706443,1.9540071224939983,2202.443199999834
20,8,15,"(262.5, 337.5, 7.706480720276972)",0.7482588395673939,741.31689453125,-0.2113054405699704,1.8631456444446253,2192.482899999959
20,8,18,"(237.5, 312.5, 6.148385304590252)",0.5929199954887034,739.4873046875,-0.2045690951137475,2.037422124296953,2214.9435999999696
20,8,21,"(237.5, 362.5, 10.136936791802604)",0.71317486359943,749.8593139648438,-0.2005578494835732,1.409152946829607,2254.464100000405
20,8,24,"(187.5, 362.5, 9.103110310900643)",0.7943336103880814,743.6254272460938,-0.2108328743202142,1.539945587740423,2234.572200000912
20,8,27,"(162.5, 387.5, 9.797797492156253)",0.7736101684538806,746.704345703125,-0.2088349600208248,1.374146263357932,2254.2850999998336
20,8,30,"(137.5, 412.5, 9.458994007438445)",0.6916503248264215,746.4800415039062,-0.2156158754676069,1.253202952918519,2276.532199999565
20,8,33,"(162.5, 437.5, 13.254586740016286)",0.6561953001358674,761.5076904296875,-0.2061861636289821,0.9055199975415702,2280.6679000004806
20,8,36,"(187.5, 462.5, 18.15511649450833)",0.5348915530123092,789.2279052734375,-0.1924937176403237,0.4561639786554516,2254.568800000925
20,9,0,"(437.5, 412.5, 3.7158125367455015)",0.6468143854007217,736.0916137695312,-0.2278303733243819,2.4370797184484867,2241.0302000007505
20,9,3,"(412.5, 387.5, 4.295992126710907)",0.4199395835459777,738.1555786132812,-0.2031892572246601,2.066874223003229,2192.9159999999683
20,9,6,"(362.5, 387.5, 6.644563227708976)",0.5172571006645815,741.8138427734375,-0.2013301872003182,1.7293314976905076,2209.2969000004814
20,9,9,"(312.5, 387.5, 9.73254467824523)",0.7484946347679171,747.7037963867188,-0.2059389833880807,1.449862471458398,2225.855000000593
20,9,12,"(312.5, 437.5, 13.134116007120344)",0.9080915088825624,754.0458984375,-0.2094664954730165,0.9657260140968282,2262.836799998695
20,9,15,"(287.5, 462.5, 17.977012825427398)",0.5851541540561451,785.3997192382812,-0.1951047348637658,0.5148838078842294,2256.011299999954
20,0,0,"(37.5, 437.5, 3.968016468858607)",0.6528055299744053,733.29052734375,-0.2269886075132103,2.3381423726949264,2233.0490999993344
20,0,3,"(37.5, 387.5, 3.4504418791542615)",0.3823409892069057,734.5396118164062,-0.2017985128367262,2.113524326331001,2219.2739000001893
20,0,6,"(87.5, 387.5, 5.413067831237064)",0.4535269454804071,739.4454956054688,-0.2037056030170259,1.8733986368506064,2224.54480000124
20,0,9,"(137.5, 387.5, 8.184609533832969)",0.5834470473348874,744.9624633789062,-0.1992524140416779,1.5524046786821968,2223.832400000901
20,0,12,"(162.5, 362.5, 8.044975170611863)",0.7057681881965329,742.43310546875,-0.2016127918873664,1.760164424342081,2215.732900000148
20,0,15,"(212.5, 362.5, 9.863883753989105)",0.8593055676961012,745.8634643554688,-0.2081946989446286,1.5449345345478631,2238.129699999263
20,0,18,"(237.5, 337.5, 7.894671343450355)",0.6770381021003494,742.05810546875,-0.206609243917648,1.7196111218048262,2239.7332999989885
20,0,21,"(237.5, 387.5, 13.016039592385813)",0.8571578621790071,754.7157592773438,-0.2165762444299914,1.1447996449934796,2222.543100000621
20,0,24,"(212.5, 412.5, 15.910281935579775)",1.1067659024420595,757.5263671875,-0.2581259795252549,0.9313551085736842,2207.7037999988534
20,0,27,"(187.5, 437.5, 16.502195647044346)",0.776593165165981,767.3279418945312,-0.2096745109215944,0.7223868645089803,2198.8066000012623
20,1,0,"(37.5, 437.5, 3.968016468858607)",0.65927248357528,733.3329467773438,-0.2269886075132103,2.3381423627553075,2203.0081000011705
20,1,3,"(87.5, 437.5, 6.482612700641647)",0.4715846698413151,739.9020385742188,-0.2015356331267044,1.6607753105915264,2234.1531999991275
20,1,6,"(137.5, 437.5, 10.499382396270086)",0.5715398573590794,750.4302978515625,-0.197086553778093,1.176644257495033,2217.7313000011054
20,1,9,"(162.5, 462.5, 14.173358874352427)",0.408028919372441,769.1032104492188,-0.1941866688183472,0.6832991978361883,2211.958500000037
20,2,0,"(37.5, 437.5, 3.968016468858607)",0.6571604607980109,733.2816162109375,-0.2269886075132103,2.338142395101967,2216.656100001273
20,2,3,"(87.5, 437.5, 6.482612700641647)",0.4688974259299834,739.989990234375,-0.2015356331267044,1.660775302049286,2213.641700000153
20,2,6,"(137.5, 437.5, 10.499382396270086)",0.5721888459703925,750.606689453125,-0.197086553778093,1.1766442467124507,2216.9002999999066
20,2,9,"(162.5, 462.5, 14.173358874352427)",0.4099081915687687,769.1244506835938,-0.1941866688183472,0.6832991584930467,2246.33730000096
20,3,0,"(37.5, 437.5, 3.968016468858607)",0.6586901963049336,733.267578125,-0.2269886075132103,2.3381424083730664,2231.514299999617
20,3,3,"(87.5, 437.5, 6.482612700641647)",0.4682528255790284,739.8577270507812,-0.2015356331267044,1.660775346081648,2226.972200000091
20,3,6,"(137.5, 437.5, 10.499382396270086)",0.5695158201121225,750.4082641601562,-0.197086553778093,1.1766442304753124,2234.685100000206
20,3,9,"(162.5, 462.5, 14.173358874352427)",0.4095898464718304,769.5537719726562,-0.1941866688183472,0.6832991162607526,2207.1555999991688
20,4,0,"(37.5, 437.5, 3.968016468858607)",0.6564214867163801,733.2366333007812,-0.2269886075132103,2.3381424611933994,2215.624200000093
20,4,3,"(87.5, 437.5, 6.482612700641647)",0.4683342888208593,739.7861328125,-0.2015356331267044,1.6607753259703282,2244.702199999665
20,4,6,"(137.5, 437.5, 10.499382396270086)",0.5688776790464943,750.4623413085938,-0.197086553778093,1.1766442115613338,2215.920399999959
20,4,9,"(162.5, 462.5, 14.173358874352427)",0.407534559199932,769.5498657226562,-0.1941866688183472,0.6832991518866735,2221.543899999233
20,5,0,"(37.5, 437.5, 3.968016468858607)",0.6622932018506336,733.331298828125,-0.2269886075132103,2.338142393181351,2225.665699999809
20,5,3,"(87.5, 437.5, 6.482612700641647)",0.4657412086678826,740.03076171875,-0.2015356331267044,1.660775342041927,2231.6577000001416
20,5,6,"(137.5, 437.5, 10.499382396270086)",0.5720166206961061,750.2577514648438,-0.197086553778093,1.1766442510266626,2219.195199999376
20,5,9,"(162.5, 462.5, 14.173358874352427)",0.4088317127410346,769.4572143554688,-0.1941866688183472,0.6832991367359732,2223.69609999987
20,5,12,"(187.5, 437.5, 16.502195647044346)",0.5849088333193092,776.861083984375,-0.2134329448260198,0.4627698482775352,2220.4099999999016
20,5,15,"(212.5, 412.5, 15.910281935579775)",0.7473908388685995,776.2714233398438,-0.270238520955796,0.6190770126816301,2226.2734999985696
20,5,18,"(237.5, 437.5, 21.459341898515387)",0.5936820876701966,804.5776977539062,-0.1946133749226505,0.3964957094635585,2225.279999998748
20,6,0,"(37.5, 437.5, 3.968016468858607)",0.6668592624370477,733.2095947265625,-0.2269886075132103,2.3381423717687277,2206.92229999986
20,6,3,"(87.5, 437.5, 6.482612700641647)",0.4697560780046375,739.9638671875,-0.2015356331267044,1.6607752731952898,2201.5105999998923
20,6,6,"(137.5, 437.5, 10.499382396270086)",0.5695695062654931,750.242919921875,-0.197086553778093,1.1766442316952856,2235.0113000011333
20,6,9,"(162.5, 412.5, 11.634380720059667)",0.8202082898884572,751.2642822265625,-0.2091159840473047,1.2508389009241054,2220.7904999995662
20,6,12,"(187.5, 437.5, 16.502195647044346)",0.7490575964089591,768.87548828125,-0.210957879282527,0.7188540054746898,2260.015100000601
20,7,0,"(37.5, 437.5, 3.968016468858607)",0.6639577740007747,733.33203125,-0.2269886075132103,2.338142362012581,2218.383999999787
20,7,3,"(87.5, 437.5, 6.482612700641647)",0.4663567914970074,739.8914184570312,-0.2015356331267044,1.6607752975296832,2237.633000000642
20,7,6,"(137.5, 437.5, 10.499382396270086)",0.5696013949336654,750.5741577148438,-0.197086553778093,1.176644290310494,2257.6974000003247
20,7,9,"(162.5, 462.5, 14.173358874352427)",0.4083441960033269,769.2985229492188,-0.1941866688183472,0.6832991275617682,2243.351499999335
20,8,0,"(37.5, 437.5, 3.968016468858607)",0.6619997479676716,733.2722778320312,-0.2269886075132103,2.338142333219443,2258.585800000219
20,8,3,"(87.5, 437.5, 6.482612700641647)",0.4674398405664764,739.898681640625,-0.2015356331267044,1.6607753317497902,2208.206400000563
20,8,6,"(137.5, 437.5, 10.499382396270086)",0.5734279975992573,750.4190673828125,-0.197086553778093,1.1766442064598577,2232.22750000059
20,8,9,"(162.5, 412.5, 11.634380720059667)",0.8268968959038637,751.2377319335938,-0.2091159840473047,1.250838899325693,2235.022699998808
20,8,12,"(187.5, 437.5, 16.502195647044346)",0.7441276021317765,769.4869995117188,-0.210957879282527,0.7188540755292453,2239.434999999503
20,9,0,"(37.5, 437.5, 3.968016468858607)",0.6586408811693778,733.2830810546875,-0.2269886075132103,2.338142361268237,2251.443999999537
20,9,3,"(87.5, 437.5, 6.482612700641647)",0.4707675889199582,739.8511962890625,-0.2015356331267044,1.6607752955503663,2265.5338999993546
20,9,6,"(137.5, 437.5, 10.499382396270086)",0.5692794076681076,750.599365234375,-0.197086553778093,1.176644297053185,2263.7353999998595
20,9,9,"(162.5, 412.5, 11.634380720059667)",0.8251784261647537,751.8640747070312,-0.2091159840473047,1.2508388945110864,2237.3461999995925
20,9,12,"(187.5, 437.5, 16.502195647044346)",0.7505035554889818,770.605712890625,-0.210957879282527,0.7188541163983125,2228.918699998758
20,0,0,"(12.5, 437.5, 3.099809189999389)",0.6150742448053902,548.7392578125,-0.2335932919741135,2.5562155655759407,2244.201100000282
20,0,3,"(62.5, 437.5, 5.075028620853257)",0.4202773645652712,736.9623413085938,-0.2031606866431986,1.8519398850470683,2254.039699999339
20,0,6,"(112.5, 437.5, 8.264048786739911)",0.5066010371671045,744.5623779296875,-0.1980999023017632,1.405131037343308,2222.6204999988117
20,0,9,"(137.5, 462.5, 11.051579161286583)",0.4315430145542915,753.8021850585938,-0.1946566995350538,0.9316585455018168,2245.5216999987897
20,0,12,"(162.5, 437.5, 13.254586740016286)",0.7076312257299233,756.3182373046875,-0.2072772075867014,0.8471141747109509,2210.921199999575
20,0,15,"(187.5, 412.5, 13.941569591049829)",0.6645280469220554,764.244873046875,-0.2065371581909035,0.7496581158239985,2222.375400000601
20,0,18,"(237.5, 412.5, 16.71281874556001)",0.9191273851497556,767.3494262695312,-0.2073521267020633,0.8662684044926245,2230.506299998524
20,0,21,"(262.5, 437.5, 19.691492564685472)",0.6641853201070497,796.9332275390625,-0.2877729931328828,0.392318021327653,2245.6672999996954
20,1,0,"(12.5, 437.5, 3.099809189999389)",0.6155885247270175,548.8652954101562,-0.2335932919741135,2.556215496563086,2269.174600000042
20,1,3,"(62.5, 437.5, 5.075028620853257)",0.4254643510964264,736.9056396484375,-0.2031606866431986,1.8519399205350229,2232.5098999990587
20,1,6,"(112.5, 437.5, 8.264048786739911)",0.5036909937931429,744.389404296875,-0.1980999023017631,1.4051310736638634,2236.7904000002454
20,1,9,"(162.5, 437.5, 13.254586740016286)",0.736199799036098,756.08935546875,-0.2085814024878575,1.0009829397145735,2236.967300001197
20,1,12,"(187.5, 412.5, 13.941569591049829)",0.8844172039529815,754.3550415039062,-0.2021045059390467,1.0775886212028123,2263.011600000027
20,1,15,"(212.5, 437.5, 19.809611758762614)",0.9155532201553064,795.8230590820312,-0.28012627023232,0.5584838340192848,2256.570300000021
20,2,0,"(12.5, 437.5, 3.099809189999389)",0.6144487554245387,548.8108520507812,-0.2335932919741135,2.556215509970916,2255.152499999894
20,2,3,"(62.5, 437.5, 5.075028620853257)",0.4240514777773969,736.8963012695312,-0.2031606866431986,1.8519398697503304,2231.130000000121
20,2,6,"(112.5, 437.5, 8.264048786739911)",0.4996677842073163,744.7283325195312,-0.1980999023017632,1.4051310398074557,2232.696200000646
20,2,9,"(162.5, 437.5, 13.254586740016286)",0.7437097436760463,755.7811889648438,-0.2085814024878575,1.0009829037670788,2220.38319999956
20,2,12,"(187.5, 462.5, 18.15511649450833)",0.531788192508546,789.916259765625,-0.1925172149591883,0.4566383888311507,2224.7953999994934
20,3,0,"(12.5, 437.5, 3.099809189999389)",0.6174640449122404,548.8597412109375,-0.2335932919741136,2.556215474609934,2212.33729999949
20,3,3,"(62.5, 437.5, 5.075028620853257)",0.4182901906512985,736.8776245117188,-0.2031606866431986,1.8519398658677304,2239.913499999602
20,3,6,"(112.5, 437.5, 8.264048786739911)",0.5051219607820918,744.6710205078125,-0.1980999023017632,1.4051309891644512,2222.939100000076
20,3,9,"(162.5, 437.5, 13.254586740016286)",0.7306761867630863,756.4617919921875,-0.2085814024878575,1.000982932887514,2258.322900001076
20,3,12,"(187.5, 462.5, 18.15511649450833)",0.5517000253858485,789.5055541992188,-0.1925172149591884,0.456638296216596,2255.051899999671
20,4,0,"(12.5, 437.5, 3.099809189999389)",0.615561048568323,548.7879638671875,-0.2335932919741135,2.5562155127691457,2240.604900000108
20,4,3,"(37.5, 412.5, 3.751648026446586)",0.389041940432133,734.5165405273438,-0.2013646860633117,2.0527828723326405,2248.874799999612
20,4,6,"(37.5, 362.5, 3.0963977943191585)",0.3582044511446037,734.4984741210938,-0.2012801688063979,2.1750548804998795,2261.9252000004053
20,4,9,"(62.5, 337.5, 3.333747410702351)",0.3726869057930242,736.54736328125,-0.2014081131428043,2.2603133673152795,2241.3380999987567
20,4,12,"(112.5, 337.5, 4.834376816244601)",0.4549510824597442,739.0802612304688,-0.2023350075973886,2.051270717830048,2233.758000000307
20,4,15,"(162.5, 337.5, 6.503826249283008)",0.5878387904857699,740.5758056640625,-0.200319122210491,1.9337146485649617,2221.487299999353
20,4,18,"(162.5, 387.5, 9.797797492156253)",0.7808267523900405,747.5591430664062,-0.2061740243910331,1.4565375661642452,2220.4282999991847
20,4,21,"(137.5, 412.5, 9.458994007438445)",0.8254382127312639,743.0593872070312,-0.2194310251808393,1.45299849985854,2227.8027000011207
20,4,24,"(162.5, 437.5, 13.254586740016286)",0.7109330011911984,756.4912719726562,-0.2054505913795766,0.8341826317444812,2254.984400000467
20,4,27,"(187.5, 462.5, 18.15511649450833)",0.5379276833957212,787.7188720703125,-0.1924104549087718,0.4553471815695046,2228.2169999998587
20,5,0,"(12.5, 437.5, 3.099809189999389)",0.6165423353286612,548.7713012695312,-0.2335932919741135,2.5562154737005955,2253.7190999992163
20,5,3,"(62.5, 437.5, 5.075028620853257)",0.4205636190676895,736.9710083007812,-0.2031606866431986,1.851939893867362,2255.978799999866
20,5,6,"(112.5, 437.5, 8.264048786739911)",0.5101902235179949,744.4235229492188,-0.1980999023017632,1.405131015008598,2238.817700001164
20,5,9,"(162.5, 437.5, 13.254586740016286)",0.7389794244436781,756.1129760742188,-0.2085814024878575,1.000982988289846,2236.736499999097
20,5,12,"(187.5, 462.5, 18.15511649450833)",0.5388667883640235,789.04638671875,-0.1925172149591883,0.456638335636052,2258.1523999997444
20,6,0,"(12.5, 437.5, 3.099809189999389)",0.6133316822678702,548.8621826171875,-0.2335932919741135,2.5562155285268653,2234.8920000004
20,6,3,"(62.5, 437.5, 5.075028620853257)",0.4182971099343262,736.8156127929688,-0.2031606866431986,1.8519398849389923,2227.5696999986394
20,6,6,"(112.5, 437.5, 8.264048786739911)",0.506566325208453,744.4008178710938,-0.1980999023017632,1.4051310018826366,2185.574600000109
20,6,9,"(162.5, 437.5, 13.254586740016286)",0.7331183031131785,756.1238403320312,-0.2085814024878574,1.0009829873463778,2216.895499999737
20,6,12,"(187.5, 462.5, 18.15511649450833)",0.5302225935594155,788.5526123046875,-0.1925172149591883,0.4566383134088605,2197.758899999826
20,7,0,"(12.5, 437.5, 3.099809189999389)",0.6166403618746407,548.798095703125,-0.2335932919741135,2.5562154905404637,2200.720099999671
20,7,3,"(12.5, 387.5, 2.7344809963379078)",0.3734290131141266,549.994873046875,-0.2018230407181616,2.305494780668292,2246.1163999996643
20,7,6,"(37.5, 362.5, 3.0963977943191585)",0.3651990847414662,734.2406616210938,-0.2019038536256973,2.282607925189857,2252.0361000006237
20,7,9,"(87.5, 362.5, 4.730210615988501)",0.4330290057663888,738.774658203125,-0.203220073189771,2.0076293530834333,2244.558999998844
20,7,12,"(137.5, 362.5, 6.88289330546234)",0.5674433164318855,741.7876586914062,-0.2013076880252341,1.7737648454409995,2262.3490000005404
20,7,15,"(162.5, 387.5, 9.797797492156253)",0.7602492298421037,746.7503051757812,-0.2069909810536208,1.438039255203592,2254.555999999866
20,7,18,"(137.5, 412.5, 9.458994007438445)",0.6892894950469094,746.3448486328125,-0.2158389656247805,1.25191200982276,2233.9671999998245
20,7,21,"(162.5, 437.5, 13.254586740016286)",0.6486358670781258,760.242431640625,-0.2061895278281258,0.9055518049306208,2223.405299999285
20,7,24,"(187.5, 462.5, 18.15511649450833)",0.5406713844978568,789.4697875976562,-0.1924937736327632,0.4561649785846474,2203.394199999821
20,8,0,"(12.5, 437.5, 3.099809189999389)",0.6178552605698207,548.8989868164062,-0.2335932919741135,2.556215552366526,2202.0394999999558
20,8,3,"(37.5, 412.5, 3.751648026446586)",0.3880196304918355,734.459228515625,-0.202792402175182,2.099643227843444,2249.6246000009705
20,8,6,"(87.5, 412.5, 6.024387455566984)",0.4808057170440036,740.0279541015625,-0.2052730996657965,1.752574920382166,2211.3072000011016
20,8,9,"(137.5, 412.5, 9.458994007438445)",0.7079557767124871,745.8067016601562,-0.2153013119815134,1.429309316322156,2215.435799998886
20,8,12,"(162.5, 437.5, 13.254586740016286)",0.6988175695808785,756.7042236328125,-0.2054520695500934,0.8366948520508101,2241.9378999984474
20,8,15,"(187.5, 462.5, 18.15511649450833)",0.5457992292376124,789.3745727539062,-0.1924123187861987,0.455371265306224,2237.235799999325
20,9,0,"(12.5, 437.5, 3.099809189999389)",0.6161856493726285,548.7312622070312,-0.2335932919741135,2.556215486991245,2244.915100000071
20,9,3,"(62.5, 437.5, 5.075028620853257)",0.4232192126908909,736.9739379882812,-0.2031606866431986,1.8519398906726297,2209.009899999728
20,9,6,"(112.5, 437.5, 8.264048786739911)",0.504264838206084,744.3433227539062,-0.1980999023017632,1.4051310136223785,2215.701099999933
20,9,9,"(162.5, 437.5, 13.254586740016286)",0.7318177929000337,756.7135620117188,-0.2085814024878574,1.000982974246766,2223.362200000338
20,9,12,"(187.5, 462.5, 18.15511649450833)",0.5373741800511322,790.4071655273438,-0.1925172149591883,0.4566383739808465,2247.143399999913
20,0,0,"(112.5, 212.5, 1.7023465120987893)",0.3741875708275341,736.9845581054688,-0.2119362313663042,2.6931398091969867,2254.369100000986
20,0,3,"(112.5, 262.5, 2.645266895480795)",0.3401561341903809,737.2544555664062,-0.2047392908072139,2.497761851056618,2255.3698000010627
20,0,6,"(112.5, 312.5, 3.997603125569143)",0.4737696757930042,738.2864990234375,-0.2084999485829828,2.1831562382629346,2212.8373000014108
20,0,9,"(112.5, 362.5, 5.753213768936505)",0.5352223424104843,740.2913208007812,-0.2065519631898035,1.7193258247777714,2224.7358999993594
20,0,12,"(112.5, 412.5, 7.580708003809701)",0.6216841496764502,742.927734375,-0.2175097736071612,1.375576931469067,2239.316699999108
20,0,15,"(162.5, 412.5, 11.634380720059667)",0.7892884588581152,752.11474609375,-0.2112455715546446,1.2524048873951137,2214.055399999779
20,0,18,"(187.5, 437.5, 16.502195647044346)",0.7644394851255243,770.00732421875,-0.2109527144997015,0.7189531255295833,2242.7516000007017
20,1,0,"(112.5, 212.5, 1.7023465120987893)",0.3757400729405309,736.966064453125,-0.2119362313663041,2.6931397849042926,2250.028999998904
20,1,3,"(112.5, 262.5, 2.645266895480795)",0.3413904871135129,737.280517578125,-0.2047392908072139,2.4977619016823875,2248.001099998873
20,1,6,"(112.5, 312.5, 3.997603125569143)",0.4784398876877928,738.3460083007812,-0.2084999485829827,2.1831562699138725,2226.5723000000435
20,1,9,"(112.5, 362.5, 5.753213768936505)",0.5374458256638555,740.5380249023438,-0.2065519631898034,1.719325825082774,2221.720700001242
20,1,12,"(112.5, 412.5, 7.580708003809701)",0.6271754732842919,742.658203125,-0.2175097736071612,1.3755769586490942,2213.5987999990903
20,1,15,"(137.5, 437.5, 10.499382396270086)",0.606622399422505,749.7039184570312,-0.1994177051006546,1.1078735014530596,2228.638400001728
20,1,18,"(162.5, 462.5, 14.173358874352427)",0.4055604602305964,769.0328369140625,-0.1941259780360401,0.6816424188968999,2210.4208000000654
20,2,0,"(112.5, 212.5, 1.7023465120987893)",0.3751730478924739,736.9550170898438,-0.2119362313663042,2.693139792951934,2212.135700001454
20,2,3,"(112.5, 262.5, 2.645266895480795)",0.3403869166389986,737.3626098632812,-0.2047392908072138,2.4977618411548583,2233.710800001063
20,2,6,"(112.5, 312.5, 3.997603125569143)",0.469871168630202,738.36083984375,-0.2084999485829828,2.18315626797587,2219.192000000476
20,2,9,"(112.5, 362.5, 5.753213768936505)",0.5359996814445978,740.4183349609375,-0.2065519631898035,1.7193257950441565,2197.9792000001908
20,2,12,"(112.5, 412.5, 7.580708003809701)",0.6271916266794285,742.9606323242188,-0.2175097736071612,1.3755768592184274,2239.1281000000163
20,2,15,"(137.5, 437.5, 10.499382396270086)",0.5256666955493623,753.373291015625,-0.1972875848493448,1.1063493950866323,2260.459600000104
20,2,18,"(162.5, 462.5, 14.173358874352427)",0.4027028539732787,768.9120483398438,-0.1941733154196564,0.6828451832486229,2249.0465999999287
20,3,0,"(112.5, 212.5, 1.7023465120987893)",0.3721153544565361,736.9705810546875,-0.2119362313663042,2.693139782716696,2242.872899998474
20,3,3,"(162.5, 212.5, 2.0359929489759456)",0.2642384921395921,737.2343139648438,-0.1994908688024204,2.54533039102857,2265.9567999999126
20,3,6,"(187.5, 187.5, 1.6876002167496233)",0.205736864595184,737.1668090820312,-0.1960617380451887,2.5107104010979384,2231.279600000562
20,3,9,"(237.5, 187.5, 1.761548008038559)",0.2274888572884374,737.1837768554688,-0.1974555253613985,2.4750257165631,2241.188299998612
20,3,12,"(287.5, 187.5, 1.6846716355053617)",0.2055210777448638,737.1336059570312,-0.1959275551631966,2.4677579940927785,2239.635600000838
20,3,15,"(287.5, 237.5, 2.751681670936008)",0.3109138035563304,737.3054809570312,-0.2021298004124755,2.5172077019918784,2194.4915000003675
20,3,18,"(287.5, 287.5, 4.472629217733303)",0.4643095643575709,738.2822875976562,-0.2057688246706972,2.3215542069042323,2267.8675999995903
20,3,21,"(287.5, 337.5, 7.198514700667702)",0.6119069330159772,741.7803344726562,-0.2056629424121732,1.8347018041991583,2184.7510999996302
20,3,24,"(237.5, 337.5, 7.894671343450355)",0.7400069717700306,741.86279296875,-0.2051020241495959,1.8118543458636471,2234.6890999997413
20,3,27,"(237.5, 387.5, 13.016039592385813)",0.8492602411954332,755.1430053710938,-0.2165572945442711,1.1447690277266358,2221.0128999995504
20,3,30,"(212.5, 412.5, 15.910281935579775)",1.0996649792744175,756.7066040039062,-0.258127774004776,0.9313829236422853,2241.521299998567
20,3,33,"(187.5, 437.5, 16.502195647044346)",0.7709274605684594,768.305908203125,-0.2096744917687582,0.7223861046197287,2262.2451999995974
20,3,36,"(212.5, 412.5, 15.910281935579775)",0.7779786085879051,775.4676513671875,-0.2705547892256028,0.6346254825764338,2250.953799999479
20,3,39,"(237.5, 437.5, 21.459341898515387)",0.5789951639540211,806.0342407226562,-0.1946121853165212,0.3964022909141227,2263.8470999991114
20,4,0,"(112.5, 212.5, 1.7023465120987893)",0.3710972368772008,736.9707641601562,-0.2119362313663041,2.6931398430130424,2246.15730000005
20,4,3,"(162.5, 212.5, 2.0359929489759456)",0.2655398332487956,737.2271728515625,-0.1994908688024204,2.545330405500198,2238.1783000000723
20,4,6,"(162.5, 262.5, 3.2775456166337156)",0.3705947695618342,737.6952514648438,-0.2050922044270316,2.431833938531163,2231.692600000315
20,4,9,"(162.5, 312.5, 5.206150757863988)",0.5005272825495513,739.5462646484375,-0.2024258625385256,2.058141423057304,2239.190899999812
20,4,12,"(162.5, 362.5, 8.044975170611863)",0.6654432434376297,743.6730346679688,-0.203498792002149,1.683734782518956,2230.387800000244
20,4,15,"(137.5, 387.5, 8.184609533832969)",0.664179434184915,743.4443969726562,-0.20096614116188,1.5227439011621495,2231.6281000003078
20,4,18,"(162.5, 412.5, 11.634380720059667)",0.7238022024267574,754.1444702148438,-0.2115627591620162,1.1442143998275678,2248.421899999812
20,4,21,"(187.5, 437.5, 16.502195647044346)",0.7478616302675348,769.6181030273438,-0.2109256855005863,0.7177947294491419,2283.574500001123
20,5,0,"(112.5, 212.5, 1.7023465120987893)",0.3734707136888504,736.9457397460938,-0.2119362313663042,2.693139814272491,2252.318799999557
20,5,3,"(162.5, 212.5, 2.0359929489759456)",0.2630468028237264,737.2694091796875,-0.1994908688024204,2.5453304327868085,2232.554500000333
20,5,6,"(162.5, 262.5, 3.2775456166337156)",0.3700864762017276,737.645751953125,-0.2050922044270315,2.4318338931783905,2248.336399999971
20,5,9,"(162.5, 312.5, 5.206150757863988)",0.5004751722197103,739.5989990234375,-0.2024258625385256,2.0581414447360054,2272.7158999987296
20,5,12,"(162.5, 362.5, 8.044975170611863)",0.6694606301693523,743.7516479492188,-0.203498792002149,1.6837347468484634,2240.978800000448
20,5,15,"(137.5, 387.5, 8.184609533832969)",0.7354391912898276,742.39501953125,-0.2038009692096628,1.652332643402689,2267.3627999993187
20,5,18,"(112.5, 362.5, 5.753213768936505)",0.4687069245895327,741.1085205078125,-0.2028634442860056,1.6314898157383029,2252.6558999998088
20,5,21,"(112.5, 312.5, 3.997603125569143)",0.3947249052634203,738.539794921875,-0.1997688307184773,1.9636427816443376,2194.602600000508
20,5,24,"(112.5, 262.5, 2.645266895480795)",0.3131802901049114,737.4144897460938,-0.1987069976230742,2.3666410471801917,2184.977400000207
20,5,27,"(112.5, 212.5, 1.7023465120987893)",0.2283194462171417,737.05078125,-0.1975309001040283,2.529550774449686,2244.6428000002925
20,5,30,"(162.5, 212.5, 2.0359929489759456)",0.2548225755137471,737.2182006835938,-0.1987414365312236,2.5313843638894165,2256.3372000004165
20,5,33,"(212.5, 212.5, 2.2358312589572185)",0.2654412412964448,737.175537109375,-0.1980561835088523,2.519388925371689,2254.24860000021
20,5,36,"(262.5, 212.5, 2.2336800277132602)",0.2849733751620633,737.1529541015625,-0.1986871624376927,2.5262020941994257,2239.698400000634
20,5,39,"(312.5, 212.5, 2.0303276744152)",0.2478364607480415,737.1409912109375,-0.1982293702284332,2.5111948411950973,2248.948500000552
20,5,42,"(312.5, 262.5, 3.266470567666104)",0.3793462142550713,737.5853271484375,-0.2050721006442591,2.4654163546810723,2266.486200000145
20,5,45,"(312.5, 312.5, 5.183930710700896)",0.5000653757422553,739.1035766601562,-0.2021149013366142,2.131583296685796,2247.598900001321
20,5,48,"(312.5, 362.5, 7.999359988870806)",0.6655417008867031,743.5150756835938,-0.2043973689129103,1.694582245770898,2229.7741000002134
20,5,51,"(337.5, 387.5, 8.122025837780313)",0.7440524714490381,742.0870361328125,-0.2058606807800931,1.6891684380941383,2252.7616000006674
20,5,54,"(387.5, 387.5, 5.365977503075057)",0.4013897645357075,740.692626953125,-0.1986637824769297,1.704173737747394,2225.6803999989643
20,5,57,"(387.5, 337.5, 4.012520353342856)",0.4080379386118802,738.8729248046875,-0.2020859894584709,1.961581228841719,2219.138299999031
20,5,60,"(387.5, 287.5, 2.795360823982221)",0.3428060644188188,737.6475219726562,-0.2005875411190397,2.326558738199929,2241.7299000007915
20,5,63,"(387.5, 237.5, 1.86489266876442)",0.2693516479458629,737.1226806640625,-0.1999444992601873,2.5182121379387663,2240.035499999067
20,5,66,"(362.5, 212.5, 1.6949517469263145)",0.2235691258621711,737.0894775390625,-0.1982030521413379,2.547588741411815,2257.988100000148
20,5,69,"(312.5, 212.5, 2.0303276744152)",0.2467760064221123,737.235595703125,-0.1977662144290486,2.5165033892437263,2246.532799999841
20,6,0,"(112.5, 212.5, 1.7023465120987893)",0.3693744790439158,736.9950561523438,-0.2119362313663042,2.693139834351725,2232.778899999176
20,6,3,"(162.5, 212.5, 2.0359929489759456)",0.2657981779404852,737.2527465820312,-0.1994908688024204,2.545330399783635,2264.479600000413
20,6,6,"(162.5, 262.5, 3.2775456166337156)",0.3784727718353568,737.6460571289062,-0.2050922044270316,2.4318339370994297,2259.0595000001485
20,6,9,"(162.5, 312.5, 5.206150757863988)",0.501188238043749,739.5234985351562,-0.2024258625385256,2.0581414377630125,2283.5175999989588
20,6,12,"(162.5, 362.5, 8.044975170611863)",0.6620474969649113,743.9063110351562,-0.203498792002149,1.683734795283897,2201.343900000211
20,6,15,"(112.5, 362.5, 5.753213768936505)",0.4761666756727433,740.6213989257812,-0.2014155460063975,1.7660525640116873,2221.921199999997
20,6,18,"(112.5, 312.5, 3.997603125569143)",0.3949995001214687,738.6442260742188,-0.1999440371742467,1.9681702846439093,2213.7162999988504
20,6,21,"(112.5, 262.5, 2.645266895480795)",0.3160141278043883,737.4208374023438,-0.1987072097394511,2.366620883160176,2203.0099000003247
20,6,24,"(112.5, 212.5, 1.7023465120987893)",0.227684622004593,737.0150756835938,-0.1975308829798767,2.529550494275075,2250.223600000026
20,6,27,"(162.5, 212.5, 2.0359929489759456)",0.2542303679680303,737.2537841796875,-0.1987414365349347,2.531384322454658,2258.701500000825
20,6,30,"(162.5, 262.5, 3.2775456166337156)",0.3769625533057118,737.6807861328125,-0.2050812394379722,2.431303826048669,2260.5538999996497
20,6,33,"(162.5, 312.5, 5.206150757863988)",0.5032496835054916,739.6184692382812,-0.2024257724108093,2.058137760329562,2246.385399999781
20,6,36,"(162.5, 362.5, 8.044975170611863)",0.6638658801241988,743.6422729492188,-0.2034987859045297,1.6837345314524566,2251.623699999982
20,6,39,"(162.5, 412.5, 11.634380720059667)",0.8820029432483278,751.7567138671875,-0.2098804705813055,1.2447139471246895,2271.675199999663
20,6,42,"(137.5, 387.5, 8.184609533832969)",0.5005129369933998,746.884765625,-0.1962142925770362,1.2689752680136568,2256.9281999985838
20,6,45,"(162.5, 412.5, 11.634380720059667)",0.7960997946322884,751.2073364257812,-0.2115817848506349,1.1545185988731683,2222.277900000336
20,6,48,"(187.5, 437.5, 16.502195647044346)",0.749386023198508,770.07958984375,-0.2108339015513913,0.7137698625571557,2228.3612999999605
20,7,0,"(112.5, 212.5, 1.7023465120987893)",0.3712845442085039,736.970947265625,-0.2119362313663042,2.6931398130113107,2234.253099999478
20,7,3,"(162.5, 212.5, 2.0359929489759456)",0.2653640390210361,737.2755737304688,-0.1994908688024204,2.5453304275295374,2231.236900001022
20,7,6,"(212.5, 212.5, 2.2358312589572185)",0.2691445283215563,737.2196044921875,-0.1980528204447109,2.5196516666124578,2215.794300000198
20,7,9,"(262.5, 212.5, 2.2336800277132602)",0.2834675752513059,737.1384887695312,-0.1986868898358411,2.5262002882556667,2222.3209000003408
20,7,12,"(312.5, 212.5, 2.0303276744152)",0.2483511500013557,737.1450805664062,-0.1982293733295149,2.511194724187657,2251.121900000726
20,7,15,"(312.5, 262.5, 3.266470567666104)",0.373470085496314,737.572509765625,-0.2050721045135869,2.465416414088975,2262.0067999996536
20,7,18,"(312.5, 312.5, 5.183930710700896)",0.5013665912451644,739.1809692382812,-0.202114901328206,2.1315832896668674,2252.5385999997525
20,7,21,"(312.5, 362.5, 7.999359988870806)",0.6666224599141021,743.535888671875,-0.2043973689129103,1.6945821848177478,2245.3876999989006
20,7,24,"(262.5, 362.5, 9.841761282285685)",0.8501908042419962,745.7266235351562,-0.2082517613650815,1.5474803638030037,2254.3753999998444
20,7,27,"(262.5, 412.5, 15.847883528411389)",1.0280040881654378,758.8533935546875,-0.2522117908354032,0.9383088667566464,2219.886900000347
20,7,30,"(237.5, 437.5, 21.459341898515387)",0.5930090247492203,805.9081420898438,-0.1945313155284272,0.3918839705747979,2240.909000000101
20,8,0,"(112.5, 212.5, 1.7023465120987893)",0.3719096002943833,736.9140014648438,-0.2119362313663041,2.69313983185756,2193.3919999992213
20,8,3,"(112.5, 262.5, 2.645266895480795)",0.3404867537251298,737.270751953125,-0.2047392908072139,2.4977618826754613,2186.61450000036
20,8,6,"(112.5, 312.5, 3.997603125569143)",0.4733650374749586,738.3438720703125,-0.2084999485829828,2.183156264027112,2203.251099999761
20,8,9,"(112.5, 362.5, 5.753213768936505)",0.5340579948739831,740.4386596679688,-0.2065519631898035,1.7193258428029377,2236.3052000000607
20,8,12,"(112.5, 412.5, 7.580708003809701)",0.6264848176452028,743.1595458984375,-0.2175097736071613,1.3755769062175485,2234.741300000678
20,8,15,"(137.5, 437.5, 10.499382396270086)",0.5206735071480189,753.9574584960938,-0.1972875848493447,1.1063494280974655,2218.3377999990626
20,8,18,"(187.5, 437.5, 16.502195647044346)",0.834243241846825,769.162109375,-0.2116647469339045,0.8122697104748228,2220.649900000353
20,8,21,"(212.5, 412.5, 15.910281935579775)",1.0148643041495249,761.9230346679688,-0.2743209869717795,0.8457261511836079,2252.305699999852
20,8,24,"(237.5, 437.5, 21.459341898515387)",0.604326775741732,803.4520874023438,-0.1946010286458804,0.3954231519680719,2270.211099999869
20,9,0,"(112.5, 212.5, 1.7023465120987893)",0.3721323972274649,736.937255859375,-0.2119362313663042,2.693139813418374,2269.283200001155
20,9,3,"(112.5, 262.5, 2.645266895480795)",0.3447629114324139,737.2862548828125,-0.2047392908072139,2.497761853447189,2207.544599999892
20,9,6,"(112.5, 312.5, 3.997603125569143)",0.4695732503051575,738.3870849609375,-0.2084999485829828,2.183156271748092,2250.57519999973
20,9,9,"(112.5, 362.5, 5.753213768936505)",0.5346175210814487,740.5836791992188,-0.2065519631898035,1.7193258092837285,2213.652700000239
20,9,12,"(112.5, 412.5, 7.580708003809701)",0.6289648387714292,742.76171875,-0.2175097736071612,1.375576906706726,2223.361600001226
20,9,15,"(162.5, 412.5, 11.634380720059667)",0.7831105521600089,752.0970458984375,-0.2112455715546445,1.2524048705033264,2252.2783000003983
20,9,18,"(187.5, 437.5, 16.502195647044346)",0.7438136055535634,769.77294921875,-0.2109527144997015,0.7189532367890074,2231.6993000004004
20,0,0,"(12.5, 12.5, 0.18196833376614466)",0.1128113409327694,362.0484924316406,-0.1959632746344768,2.853500389843836,2250.801100000899
20,0,3,"(12.5, 62.5, 0.28363914902845005)",0.067383394303808,547.7933959960938,-0.1912936227344301,2.7701412744972598,2205.3945000006934
20,0,6,"(12.5, 112.5, 0.4366052607899271)",0.0773965755547514,549.2520751953125,-0.1913724952941316,2.735040144808347,2222.326700000849
20,0,9,"(37.5, 137.5, 0.6157193847862111)",0.0955988488263446,733.0366821289062,-0.1926552878899023,2.702083232533592,2266.8160000011994
20,0,12,"(62.5, 162.5, 0.8666422036722684)",0.119374742352128,735.2965087890625,-0.1943289364350373,2.6623561436567424,2290.570999999545
20,0,15,"(62.5, 212.5, 1.3262341043694308)",0.1841556745696238,735.3570556640625,-0.2006514438665544,2.6430272527067094,2221.52079999978
20,0,18,"(112.5, 212.5, 1.7023465120987893)",0.2383340121354548,736.9633178710938,-0.1998904230805959,2.5808083325649034,2181.015899999693
20,0,21,"(112.5, 262.5, 2.645266895480795)",0.3323866841101232,737.3005981445312,-0.2047086686699337,2.474119163582319,2197.915800001283
20,0,24,"(112.5, 312.5, 3.997603125569143)",0.4702927436798202,738.3196411132812,-0.2084449222762882,2.1821999313212763,2307.2811999991245
20,0,27,"(112.5, 362.5, 5.753213768936505)",0.5321040102287845,740.4761962890625,-0.2065514867078844,1.7193171780649743,2279.8002999988967
20,0,30,"(112.5, 412.5, 7.580708003809701)",0.6293682348422094,742.4999389648438,-0.2175097740203685,1.3755767780091168,2239.804699998785
20,0,33,"(137.5, 437.5, 10.499382396270086)",0.5253709800892815,754.0174560546875,-0.1972875841215448,1.106349393893857,2306.1652000014874
20,0,36,"(162.5, 462.5, 14.173358874352427)",0.4058136620821259,768.17822265625,-0.1941733154196633,0.6828452181607091,2263.4092999996938
20,1,0,"(12.5, 12.5, 0.18196833376614466)",0.1148849407050242,362.0660095214844,-0.1959632746344767,2.8535003562011685,2253.35449999875
20,1,3,"(12.5, 62.5, 0.28363914902845005)",0.0650099239598744,547.7887573242188,-0.1912936227344301,2.770141262481028,2248.9248999991105
20,1,6,"(62.5, 62.5, 0.35313588701570037)",0.0686746113196551,733.5711059570312,-0.1918422629603291,2.71792985603614,2240.228099999513
20,1,9,"(112.5, 62.5, 0.419239905687106)",0.0769247074885472,735.0370483398438,-0.1926353298326096,2.6645421127448388,2231.1295999988943
20,1,12,"(137.5, 87.5, 0.5707647585841463)",0.0901081360288587,736.2639770507812,-0.1930478970450626,2.6131649372058217,2210.33239999997
20,1,15,"(137.5, 137.5, 0.9239767104626037)",0.1186408793987952,736.899169921875,-0.1934101827798982,2.5772964898123414,2198.540800000046
20,1,18,"(137.5, 187.5, 1.486849047589336)",0.1792957332995919,737.0316162109375,-0.1970995574270013,2.560568485042383,2191.237099999853
20,1,21,"(137.5, 237.5, 2.3703523149193924)",0.2963735157652395,737.339111328125,-0.2029410488767856,2.504418642260057,2207.758599999579
20,1,24,"(137.5, 287.5, 3.720264207629609)",0.4240882234533599,738.1021118164062,-0.2051277754377672,2.301295773216111,2191.532000000734
20,1,27,"(137.5, 337.5, 5.675677129206918)",0.5521252706856831,740.216796875,-0.2045252436351094,1.8830864716589328,2212.0111000003817
20,1,30,"(137.5, 387.5, 8.184609533832969)",0.6953871266015362,743.5023803710938,-0.2011085383533388,1.5241367088174345,2222.710599999118
20,1,33,"(112.5, 362.5, 5.753213768936505)",0.4656909122393646,741.263427734375,-0.2027835331938512,1.6304357400985818,2237.6787000011973
20,1,36,"(112.5, 312.5, 3.997603125569143)",0.3920991786093986,738.6196899414062,-0.1997681350717985,1.963633851134974,2247.762799999691
20,1,39,"(112.5, 262.5, 2.645266895480795)",0.315352192407288,737.4080810546875,-0.1987069931363235,2.3666408389262013,2249.2215000002034
20,1,42,"(112.5, 212.5, 1.7023465120987893)",0.231043253970774,737.0267944335938,-0.1975308987327079,2.5295507234365253,2253.885900001478
20,1,45,"(162.5, 212.5, 2.0359929489759456)",0.2560884926555457,737.2346801757812,-0.1987414331259171,2.531384354554255,2233.359500000006
20,1,48,"(187.5, 187.5, 1.6876002167496233)",0.2036744392810059,737.1449584960938,-0.1960553504024906,2.510506519541642,2231.7474000010407
20,1,51,"(237.5, 187.5, 1.761548008038559)",0.2281368668193219,737.1643676757812,-0.1974556494454061,2.47502279231701,2232.0803000002343
20,1,54,"(287.5, 187.5, 1.6846716355053617)",0.205510820373531,737.1626586914062,-0.1959275553358436,2.4677579938595944,2201.0614999999234
20,1,57,"(312.5, 212.5, 2.0303276744152)",0.233431710322968,737.1825561523438,-0.1981940332350186,2.502305941172137,2247.9930999998032
20,1,60,"(312.5, 262.5, 3.266470567666104)",0.3779075109113427,737.5882568359375,-0.2049605848084613,2.462866911490301,2260.1063000001886
20,1,63,"(312.5, 312.5, 5.183930710700896)",0.501435750004803,739.192138671875,-0.2021149064110248,2.1315806170014557,2249.5571999988897
20,1,66,"(312.5, 362.5, 7.999359988870806)",0.6634564728427954,743.5145263671875,-0.2043973725354758,1.6945823102158124,2240.9826000002795
20,1,69,"(337.5, 387.5, 8.122025837780313)",0.7422106770722009,742.2479248046875,-0.2058606802696221,1.689168407709471,2250.178100000994
20,2,0,"(12.5, 12.5, 0.18196833376614466)",0.1123724925936421,362.03997802734375,-0.1959632746344767,2.8535003214672208,2250.755900000513
20,2,3,"(12.5, 62.5, 0.28363914902845005)",0.0656934221119619,547.787841796875,-0.1912936227344301,2.7701412696342973,2247.767400000157
20,2,6,"(12.5, 112.5, 0.4366052607899271)",0.0757024226141703,549.2666625976562,-0.1913724952941316,2.735040182208543,2258.609399999841
20,2,9,"(37.5, 137.5, 0.6157193847862111)",0.0971934226664419,733.0242309570312,-0.1926552878899023,2.702083261215627,2239.6331999989343
20,2,12,"(87.5, 137.5, 0.7760333427861217)",0.1099667180539897,736.2581176757812,-0.1934027567644276,2.646139648961761,2258.780999998635
20,2,15,"(87.5, 187.5, 1.2167243398877836)",0.1580741462774387,736.3977661132812,-0.1974569887902061,2.622934674837907,2239.4507999997586
20,2,18,"(87.5, 237.5, 1.8749993990357805)",0.2569174801119617,736.6404418945312,-0.2043724765804564,2.5734703268393018,2232.888299999104
20,2,21,"(87.5, 287.5, 2.8131085484191836)",0.3561451140765345,737.0155029296875,-0.2087488262605302,2.438988588564832,2238.830499998585
20,2,24,"(87.5, 337.5, 4.042605949689198)",0.4190732505751369,738.2776489257812,-0.2090581963247594,2.091338273916884,2229.142899999715
20,2,27,"(87.5, 387.5, 5.413067831237064)",0.4300963926896808,740.3394165039062,-0.2063273189073967,1.6980918146053223,2228.713499998776
20,2,30,"(112.5, 412.5, 7.580708003809701)",0.5801240907056371,742.9967651367188,-0.2162072644850775,1.4893845944541624,2233.947299999272
20,2,33,"(162.5, 412.5, 11.634380720059667)",0.7959765823715427,752.0469970703125,-0.2112487422991918,1.2523918274225223,2246.1490999994567
20,2,36,"(187.5, 437.5, 16.502195647044346)",0.7525153458505875,770.5120239257812,-0.2109529983970126,0.7189660529381203,2298.960899999656
20,3,0,"(12.5, 12.5, 0.18196833376614466)",0.1130045788340034,362.05023193359375,-0.1959632746344767,2.853500375871118,2257.181899998613
20,3,3,"(62.5, 12.5, 0.22209701748718602)",0.0609250474089129,547.78564453125,-0.1918597190595807,2.764027563652397,2254.896299999018
20,3,6,"(112.5, 12.5, 0.25928464034296195)",0.0663821463458394,549.247802734375,-0.1922488251327703,2.713663033207691,2254.8466000007465
20,3,9,"(112.5, 62.5, 0.419239905687106)",0.0765951303214468,735.0477905273438,-0.1925134634252623,2.663575551209222,2233.701099999962
20,3,12,"(112.5, 112.5, 0.6744671801974309)",0.0975427912704517,736.5387573242188,-0.1926834927858965,2.622504307869479,2256.643599999734
20,3,15,"(112.5, 162.5, 1.0772911766684767)",0.1383429991214695,736.77392578125,-0.1946212769594687,2.599175394867474,2260.0204999998823
20,3,18,"(112.5, 212.5, 1.7023465120987893)",0.2206361817363628,736.9718627929688,-0.2011047797247953,2.574239008787948,2253.102200000285
20,3,21,"(112.5, 262.5, 2.645266895480795)",0.3315306264900445,737.2913818359375,-0.2048034476183217,2.472451813298083,2281.543799999781
20,3,24,"(112.5, 312.5, 3.997603125569143)",0.4688435001752707,738.352294921875,-0.2084430919070927,2.1821656387100985,2263.896100001148
20,3,27,"(112.5, 362.5, 5.753213768936505)",0.5375498590919138,740.2394409179688,-0.2065514611756901,1.7193169149147216,2243.920300001264
20,3,30,"(112.5, 412.5, 7.580708003809701)",0.6219916087323651,742.6778564453125,-0.217509767196993,1.3755767840065762,2249.215100000584
20,3,33,"(162.5, 412.5, 11.634380720059667)",0.785483289256769,751.7223510742188,-0.2112455694429388,1.2524048668148615,2253.1875999993645
20,3,36,"(187.5, 387.5, 11.364582883745452)",0.8610310945596312,748.5490112304688,-0.2138615497228789,1.3226100804218086,2249.914599999101
20,3,39,"(212.5, 362.5, 9.863883753989105)",0.6500572939844096,749.6591796875,-0.1995468379099072,1.2581127647321764,2237.9153999991104
20,3,42,"(237.5, 387.5, 13.016039592385813)",0.847355986816504,753.2705688476562,-0.2151105924768808,1.148013983808186,2225.238900000477
20,3,45,"(262.5, 412.5, 15.847883528411389)",1.074772401920362,756.6443481445312,-0.2546186377797423,0.915066053528438,2241.8161000005057
20,3,48,"(287.5, 437.5, 16.365669713099226)",0.7956255654464875,767.563232421875,-0.2201932451152487,0.7508967852683143,2238.156600000366
20,3,51,"(262.5, 412.5, 15.847883528411389)",0.8775574220188671,771.7244262695312,-0.2801743868604178,0.7176567904384491,2257.1140000000014
20,3,54,"(237.5, 437.5, 21.459341898515387)",0.5895252066812403,806.0092163085938,-0.1945810085000179,0.3885838267446944,2238.9145999986795
20,4,0,"(12.5, 12.5, 0.18196833376614466)",0.1171662743982946,362.0700988769531,-0.1959632746344767,2.853500402884237,2256.1138000000938
20,4,3,"(37.5, 37.5, 0.2538960140809293)",0.0621627415082732,729.208251953125,-0.1916261308428895,2.7660257762329583,2251.3142000007065
20,4,6,"(62.5, 62.5, 0.35313588701570037)",0.0665750484054309,733.546875,-0.1918060049309971,2.717674338306513,2240.923100000145
20,4,9,"(87.5, 87.5, 0.48924148841142295)",0.0786887319762751,735.6824951171875,-0.1921786148489865,2.670355301418453,2255.1989999992657
20,4,12,"(137.5, 87.5, 0.5707647585841463)",0.0917881093954682,736.2735595703125,-0.1932437649028659,2.614583988310041,2249.186799999734
20,4,15,"(187.5, 87.5, 0.6277479464004823)",0.1051415438723067,736.3704223632812,-0.1936274310407806,2.5519084855388483,2202.873099999124
20,4,18,"(212.5, 112.5, 0.8251710721949009)",0.1222373222268421,736.83984375,-0.1938046032639817,2.4971430015299347,2216.86950000003
20,4,21,"(237.5, 137.5, 1.0684335817122816)",0.1497487312230328,737.03173828125,-0.1945626249230796,2.452311638257827,2210.754100000486
20,4,24,"(237.5, 187.5, 1.761548008038559)",0.2159974997906344,737.2232055664062,-0.1968339295565187,2.463963706412307,2225.5521999995835
20,4,27,"(287.5, 187.5, 1.6846716355053617)",0.2048964631098712,737.14892578125,-0.1959007791287203,2.468362268875371,2253.338200000144
20,4,30,"(312.5, 212.5, 2.0303276744152)",0.2296620863490321,737.2754516601562,-0.1981928907454945,2.502293814011976,2258.724399998755
20,4,33,"(312.5, 262.5, 3.266470567666104)",0.3700735814729154,737.5778198242188,-0.2049605725683672,2.462866570913944,2260.5543000008765
20,4,36,"(312.5, 312.5, 5.183930710700896)",0.5002624530484182,739.2741088867188,-0.2021149063904865,2.131580720866028,2246.646899999177
20,4,39,"(312.5, 362.5, 7.999359988870806)",0.668706927670859,743.3345947265625,-0.2043973787608205,1.694582420076352,2251.668499999141
20,4,42,"(337.5, 387.5, 8.122025837780313)",0.7524152241259231,742.1559448242188,-0.2058606798064031,1.6891684603404138,2263.8884999996662
20,4,45,"(362.5, 362.5, 5.709929773131825)",0.4963176348862511,740.748046875,-0.2035848745364514,1.7017329330344326,2219.941200000904
20,4,48,"(312.5, 362.5, 7.999359988870806)",0.6643436094457236,743.4705810546875,-0.2019007341686647,1.708845140307357,2205.998200000977
20,4,51,"(312.5, 412.5, 11.543004562335339)",0.8922261837416278,749.9783325195312,-0.2128250535989711,1.2698596186923046,2209.9547000016173
20,4,54,"(287.5, 437.5, 16.365669713099226)",0.803485732519674,766.9617919921875,-0.2205976338561379,0.7581101734841266,2207.101899999543
20,4,57,"(262.5, 412.5, 15.847883528411389)",0.8812199997201423,771.2040405273438,-0.2802229365477761,0.7173278531050832,2203.6750999996
20,4,60,"(237.5, 437.5, 21.459341898515387)",0.5754260116238228,803.4142456054688,-0.1945811482828932,0.3885773792053626,2230.489400000806
20,5,0,"(12.5, 12.5, 0.18196833376614466)",0.1140686519758698,362.0621032714844,-0.1959632746344768,2.8535003677943456,2265.9485999993194
20,5,3,"(12.5, 62.5, 0.28363914902845005)",0.063480723547731,547.7869262695312,-0.1912936227344301,2.770141278873353,2254.949599999236
20,5,6,"(37.5, 87.5, 0.39785095890575445)",0.0703816584051063,732.4373168945312,-0.191482421497674,2.7243994825875357,2268.3585999984643
20,5,9,"(62.5, 112.5, 0.556583440432868)",0.0874099376795475,735.0422973632812,-0.1922618383228484,2.6848829232255667,2227.580200000375
20,5,12,"(112.5, 112.5, 0.6744671801974309)",0.0968607003723372,736.5241088867188,-0.1930169020751978,2.6275125957107224,2248.2226000011
20,5,15,"(137.5, 137.5, 0.9239767104626037)",0.1188508062653731,736.8729858398438,-0.1934542922115731,2.5797525214225523,2261.9866999993974
20,5,18,"(137.5, 187.5, 1.486849047589336)",0.1809120315442681,737.010986328125,-0.1970960431161712,2.560660216419775,2249.7261999997136
20,5,21,"(137.5, 237.5, 2.3703523149193924)",0.2939084053535121,737.3366088867188,-0.202941067471577,2.504420675268396,2209.399299999859
20,5,24,"(137.5, 287.5, 3.720264207629609)",0.4250716325053057,738.0465698242188,-0.2051277666446747,2.301295791715304,2200.897499998973
20,5,27,"(137.5, 337.5, 5.675677129206918)",0.5497958192593335,740.1412353515625,-0.2045252428327224,1.8830865012247036,2228.374600001189
20,5,30,"(137.5, 387.5, 8.184609533832969)",0.6955932201403972,743.5357666015625,-0.2011085272235172,1.5241367311148806,2218.7915000013163
20,5,33,"(112.5, 362.5, 5.753213768936505)",0.4621861485351431,741.1891479492188,-0.2027835331468819,1.6304357424960865,2224.019400000543
20,5,36,"(112.5, 312.5, 3.997603125569143)",0.3927855033139568,738.66552734375,-0.1997681356031861,1.9636338159311435,2232.944499999576
20,5,39,"(112.5, 262.5, 2.645266895480795)",0.3166596180239343,737.4240112304688,-0.1987070011755963,2.366640917214747,2243.362499999421
20,5,42,"(112.5, 212.5, 1.7023465120987893)",0.2287353481058819,737.08203125,-0.1975308961243499,2.529550797725112,2242.5165999993624
20,5,45,"(162.5, 212.5, 2.0359929489759456)",0.2550333531046681,737.2593994140625,-0.1987414331259171,2.531384371729195,2252.987500000017
20,5,48,"(162.5, 262.5, 3.2775456166337156)",0.3737743562090005,737.6903076171875,-0.2050812395771691,2.431303815416411,2265.46690000032
20,5,51,"(162.5, 312.5, 5.206150757863988)",0.5034744681802077,739.6594848632812,-0.2024257724108093,2.058137756060108,2256.49650000014
20,5,54,"(162.5, 362.5, 8.044975170611863)",0.6652284664323115,743.6751708984375,-0.2034987859045297,1.6837345781176654,2226.1550999992323
20,5,57,"(162.5, 412.5, 11.634380720059667)",0.8752283938088615,751.4874267578125,-0.2098804705813055,1.2447139730083918,2225.366099999519
20,5,60,"(137.5, 387.5, 8.184609533832969)",0.5008543714748975,747.02783203125,-0.1962142925770362,1.2689752711795874,2216.260400000465
20,5,63,"(187.5, 387.5, 11.364582883745452)",0.877575865450769,747.9810180664062,-0.2120120866108654,1.410072219383096,2226.9394000013563
20,5,66,"(212.5, 412.5, 15.910281935579775)",1.076876348417156,756.8146362304688,-0.268225711931825,0.971467231784872,2218.1803999992558
20,5,69,"(237.5, 437.5, 21.459341898515387)",0.5911041205839227,801.441650390625,-0.1945781363403242,0.3966235717081807,2230.765899999824
20,6,0,"(12.5, 12.5, 0.18196833376614466)",0.1127490313300208,362.0538940429688,-0.1959632746344767,2.8535003658891336,2204.7278999998525
20,6,3,"(62.5, 12.5, 0.22209701748718602)",0.0619893682954742,547.7882080078125,-0.1918597190595807,2.7640275296753773,2277.129699999932
20,6,6,"(87.5, 37.5, 0.305944805296555)",0.0643238481951474,732.43505859375,-0.1920802682404885,2.7135272094700005,2239.687100000083
20,6,9,"(112.5, 62.5, 0.419239905687106)",0.0783988143859727,735.0194091796875,-0.1926050371933878,2.664689097046428,2262.9771000010805
20,6,12,"(137.5, 87.5, 0.5707647585841463)",0.0919093893475657,736.2451171875,-0.1930484914750352,2.613173692484453,2261.2303999994765
20,6,15,"(162.5, 112.5, 0.7707480035341532)",0.1107957244404368,736.7672729492188,-0.1938724530802519,2.5651799751124096,2263.234799998827
20,6,18,"(212.5, 112.5, 0.8251710721949009)",0.1231911176690381,736.8126220703125,-0.194060059558676,2.497211655656953,2245.94949999846
20,6,21,"(237.5, 137.5, 1.0684335817122816)",0.1493538102416431,737.0227661132812,-0.1943850524258733,2.4512939974104477,2525.631299999077
20,6,24,"(237.5, 187.5, 1.761548008038559)",0.2161145937044403,737.2626342773438,-0.1968427046360926,2.4638561451436107,2215.690299999551
20,6,27,"(237.5, 237.5, 2.9042989281312113)",0.3112384673487983,737.2905883789062,-0.2013647129632562,2.531770824796285,2255.890000000363
20,6,30,"(237.5, 287.5, 4.7883724346521515)",0.4845166079951048,738.5776977539062,-0.2067697055824299,2.283968668485277,2249.448000000484
20,6,33,"(237.5, 337.5, 7.894671343450355)",0.6560290166915739,743.2044067382812,-0.2080773880322863,1.7328212358705963,2243.576700000631
20,6,36,"(187.5, 337.5, 7.2238068944948735)",0.7264344310028817,740.2800903320312,-0.2125266044275096,1.8906552714003324,2251.4042999991943
20,6,39,"(212.5, 312.5, 6.0337808765239185)",0.605956108569139,739.2108154296875,-0.2066378988768509,2.101231780658133,2229.1143000002194
20,6,42,"(262.5, 312.5, 6.024387455566984)",0.6335806370791197,739.1474609375,-0.2067338870833523,2.0896354699407294,2247.1021999990626
20,6,45,"(262.5, 362.5, 9.841761282285685)",0.7438798305681992,748.512451171875,-0.2077574350326601,1.483136335411189,2251.3414999993984
20,6,48,"(287.5, 387.5, 11.306348749090457)",0.8342493692148245,746.9915161132812,-0.2123857825075903,1.4137119826736546,2243.885500000033
20,6,51,"(312.5, 412.5, 11.543004562335339)",0.8797890895278873,750.0159912109375,-0.2130349897767038,1.240164439440879,2229.970799999137
20,6,54,"(287.5, 437.5, 16.365669713099226)",0.7905673440475814,768.322021484375,-0.2229511354593481,0.7441886868962097,2224.426999999196
20,7,0,"(12.5, 12.5, 0.18196833376614466)",0.1159038714719739,362.0509033203125,-0.1959632746344768,2.8535003403740085,2208.977700000105
20,7,3,"(12.5, 62.5, 0.28363914902845005)",0.0651869089373395,547.7908935546875,-0.1912936227344301,2.7701412673457564,2231.5206000002945
20,7,6,"(62.5, 62.5, 0.35313588701570037)",0.0664507507240045,733.5668334960938,-0.1918422629603291,2.7179298407270527,2231.206599999496
20,7,9,"(62.5, 112.5, 0.556583440432868)",0.0842190725971842,735.0352783203125,-0.1920197669830073,2.6804824063065764,2243.62149999979
20,7,12,"(62.5, 162.5, 0.8666422036722684)",0.1174994480910947,735.273681640625,-0.1942721090225577,2.659427448526618,2228.444499998659
20,7,15,"(62.5, 212.5, 1.3262341043694308)",0.1841497367654739,735.4041748046875,-0.2006582401039703,2.642951034596056,2244.593600000371
20,7,18,"(62.5, 262.5, 1.9784785325219891)",0.270253701175327,735.6273803710938,-0.2059663544572333,2.572736696271281,2229.8298999994586
20,7,21,"(62.5, 312.5, 2.84003211203415)",0.334656882811671,736.0344848632812,-0.2092594653257615,2.4041183542681623,2226.508499999909
20,7,24,"(87.5, 337.5, 4.042605949689198)",0.4053276144394417,738.0413818359375,-0.2080282525552243,2.1411673692474467,2278.369499999826
20,7,27,"(87.5, 387.5, 5.413067831237064)",0.4337216506163712,740.35986328125,-0.2064034377986252,1.6996025099827825,2237.915100000464
20,7,30,"(112.5, 412.5, 7.580708003809701)",0.5604830960083077,743.48681640625,-0.2096912649530424,1.524640352962611,2213.9604999993026
20,7,33,"(162.5, 412.5, 11.634380720059667)",0.786370761441024,751.782958984375,-0.2112783008079121,1.2528118533348225,2224.741800000629
20,7,36,"(187.5, 437.5, 16.502195647044346)",0.7521481601785246,770.16357421875,-0.2109533510809654,0.7189821353709492,2236.4056999995228
20,8,0,"(12.5, 12.5, 0.18196833376614466)",0.1108923414756742,362.0614929199219,-0.1959632746344768,2.8535003422837266,2258.836799999699
20,8,3,"(62.5, 12.5, 0.22209701748718602)",0.0625520934870602,547.7846069335938,-0.1918597190595806,2.764027541894252,2273.2821999998123
20,8,6,"(87.5, 37.5, 0.305944805296555)",0.0648466069630276,732.4346313476562,-0.1920802682404885,2.7135272055007205,2268.623200001457
20,8,9,"(87.5, 87.5, 0.48924148841142295)",0.0800290360045599,735.6659545898438,-0.1921377503635964,2.669341670698957,2275.574000001143
20,8,12,"(112.5, 112.5, 0.6744671801974309)",0.0980251223668161,736.5217895507812,-0.1927370241102244,2.6241432697592555,2252.2286999992502
20,8,15,"(137.5, 137.5, 0.9239767104626037)",0.1219241892903026,736.864990234375,-0.193697381994727,2.583671688988903,2245.5078000002686
20,8,18,"(137.5, 187.5, 1.486849047589336)",0.1783548999690134,736.99951171875,-0.1970895760419256,2.560802725370555,2251.990400000068
20,8,21,"(137.5, 237.5, 2.3703523149193924)",0.2904364566486599,737.39208984375,-0.2029408375852038,2.5044252194120773,2254.88420000147
20,8,24,"(137.5, 287.5, 3.720264207629609)",0.4248443448096067,738.1336669921875,-0.2051277783747253,2.301295927581726,2260.052199999336
20,8,27,"(137.5, 337.5, 5.675677129206918)",0.5473209398788799,740.05712890625,-0.2045252518148105,1.88308647980808,2258.494300000166
20,8,30,"(137.5, 387.5, 8.184609533832969)",0.6933093902652809,743.416259765625,-0.2011085209979585,1.5241367126635543,2228.638000000501
20,8,33,"(112.5, 362.5, 5.753213768936505)",0.4646180827671747,741.2632446289062,-0.2027835224843795,1.630435692581453,2232.8806999994413
20,8,36,"(112.5, 312.5, 3.997603125569143)",0.394126201395528,738.7116088867188,-0.1997681340524238,1.9636338273948997,2238.412900000185
20,8,39,"(112.5, 262.5, 2.645266895480795)",0.3200404491123038,737.4488525390625,-0.1987069928897055,2.3666408570755126,2259.5850999987306
20,8,42,"(112.5, 212.5, 1.7023465120987893)",0.2263550103373469,737.0237426757812,-0.197530898732708,2.529550707694501,2286.006800000905
20,8,45,"(162.5, 212.5, 2.0359929489759456)",0.2539494346618114,737.2340698242188,-0.1987414331259171,2.531384349268801,2254.115900001125
20,8,48,"(212.5, 212.5, 2.2358312589572185)",0.2692300093819218,737.1921997070312,-0.1980561835088524,2.519388909681713,2265.8621999999013
20,8,51,"(262.5, 212.5, 2.2336800277132602)",0.2804873457507313,737.1314697265625,-0.1986871624376927,2.5262021142951614,2259.5851000005496
20,8,54,"(312.5, 212.5, 2.0303276744152)",0.2440801024329405,737.1390380859375,-0.1982293702284332,2.511194829287644,2237.1746999997413
20,8,57,"(312.5, 262.5, 3.266470567666104)",0.3721180861734498,737.5555419921875,-0.2050721006442591,2.4654163646816394,2221.3609000027645
20,8,60,"(312.5, 312.5, 5.183930710700896)",0.4995193456197392,739.117919921875,-0.2021149013366142,2.131583287085672,2236.0005999980785
20,8,63,"(312.5, 362.5, 7.999359988870806)",0.667719909224792,743.8207397460938,-0.2043973689129103,1.6945822099702927,2213.224499999342
20,8,66,"(262.5, 362.5, 9.841761282285685)",0.8493137206028835,745.7001342773438,-0.2082517613650815,1.5474803571983118,2254.5113999985915
20,8,69,"(237.5, 337.5, 7.894671343450355)",0.6840130416195044,742.1236572265625,-0.2067020756567281,1.7229807912952255,2273.696799999016
20,9,0,"(12.5, 12.5, 0.18196833376614466)",0.1124665460774844,362.0623779296875,-0.1959632746344768,2.853500373698013,2265.859700000874
20,9,3,"(12.5, 62.5, 0.28363914902845005)",0.0672989914400677,547.7897338867188,-0.1912936227344301,2.7701412889262285,2264.6109000015717
20,9,6,"(12.5, 112.5, 0.4366052607899271)",0.0785251957533735,549.2567138671875,-0.1913724952941316,2.7350401979874444,2272.207699999853
20,9,9,"(62.5, 112.5, 0.556583440432868)",0.0892709204081024,735.0365600585938,-0.1923435957426545,2.685756531124804,2263.10260000173
20,9,12,"(87.5, 137.5, 0.7760333427861217)",0.1081699741834647,736.2708740234375,-0.1930568017357152,2.6410480968712653,2248.920300000464
20,9,15,"(87.5, 187.5, 1.2167243398877836)",0.1601284544747273,736.40478515625,-0.1974623208901824,2.622785972294268,2255.257900000288
20,9,18,"(87.5, 237.5, 1.8749993990357805)",0.2583942522530537,736.6295166015625,-0.2043734362081994,2.573468750825316,2237.062200001674
20,9,21,"(87.5, 287.5, 2.8131085484191836)",0.3576491729147692,737.0847778320312,-0.2087488055468278,2.438988440992946,2235.774900000252
20,9,24,"(87.5, 337.5, 4.042605949689198)",0.4199926183653014,738.3007202148438,-0.2090581881392768,2.091338243202417,2221.844699997746
20,9,27,"(112.5, 362.5, 5.753213768936505)",0.4958936739605263,740.494140625,-0.2053412838868301,1.8543142100446868,2309.243700001389
20,9,30,"(137.5, 387.5, 8.184609533832969)",0.6614712486043735,743.3208618164062,-0.2036893413203644,1.5463814888375005,2266.479399997479
20,9,33,"(162.5, 412.5, 11.634380720059667)",0.7942967962577774,750.6884155273438,-0.2115723919886782,1.1546653613573277,2281.7606999997224
20,9,36,"(187.5, 437.5, 16.502195647044346)",0.7470680063864686,769.2352294921875,-0.2108329971964943,0.7137421283600826,2274.4839000006323
20,0,0,"(137.5, 362.5, 6.88289330546234)",0.8228448715801,739.3741455078125,-0.2224300682870927,2.169717864164374,2256.732000001648
20,0,3,"(112.5, 387.5, 6.700045574866817)",0.5314160253035995,740.9954223632812,-0.1992785304982847,1.702849633162667,2244.23459999889
20,0,6,"(112.5, 337.5, 4.834376816244601)",0.421110046671889,739.765869140625,-0.1978937127878878,1.7361509613771855,2233.5815000005823
20,0,9,"(162.5, 337.5, 6.503826249283008)",0.5866138741379594,740.3960571289062,-0.2003534373878562,1.9355198021326427,2251.2074999976903
20,0,12,"(162.5, 387.5, 9.797797492156253)",0.7769256183646556,747.2786254882812,-0.206173129136619,1.4565354331313674,2262.878699999419
20,0,15,"(137.5, 412.5, 9.458994007438445)",0.8293440399722924,743.038330078125,-0.21943099996081,1.4529981785280053,2188.7180999983684
20,0,18,"(162.5, 437.5, 13.254586740016286)",0.7158098509510354,755.6257934570312,-0.2054505913795766,0.8341827000388716,2247.760999998718
20,0,21,"(187.5, 462.5, 18.15511649450833)",0.5327496004489906,788.1455688476562,-0.1924104549087718,0.4553472137236383,2210.1254999979574
20,1,0,"(137.5, 362.5, 6.88289330546234)",0.8295347403252141,739.2440795898438,-0.2224300682870927,2.169717856122003,2215.088299999479
20,1,3,"(112.5, 387.5, 6.700045574866817)",0.5348889132647466,740.8449096679688,-0.1992785304982846,1.7028496148793053,2261.972100001003
20,1,6,"(112.5, 337.5, 4.834376816244601)",0.4169887061019761,739.7453002929688,-0.1978937127878878,1.736150955431391,2285.269399999379
20,1,9,"(112.5, 287.5, 3.266470567666104)",0.3536853790853803,737.9073486328125,-0.1992445110058382,2.184495558440226,2235.589300002175
20,1,12,"(112.5, 237.5, 2.1276559796850996)",0.2846416229194524,737.1991577148438,-0.1989013682588806,2.469382565227744,2258.453400001599
20,1,15,"(112.5, 187.5, 1.356447175660002)",0.172397920231365,736.8847045898438,-0.1960123415434676,2.5722871466371964,2247.5106999991112
20,1,18,"(137.5, 212.5, 1.8800807210840746)",0.2354805249392867,737.1275024414062,-0.1998554448710126,2.548352417194724,2229.658299998846
20,1,21,"(137.5, 262.5, 2.9770964423387296)",0.3489942965025865,737.550537109375,-0.2042812517869578,2.441801353104546,2232.7880000011646
20,1,24,"(137.5, 312.5, 4.617102976724376)",0.4901145638387617,739.0944213867188,-0.204117704849148,2.092889107810138,2236.8667000009737
20,1,27,"(137.5, 362.5, 6.88289330546234)",0.6210777732780033,741.6024169921875,-0.2025481436088495,1.6846298237905055,2204.197899998689
20,1,30,"(112.5, 387.5, 6.700045574866817)",0.5153909280986605,741.3499755859375,-0.1988473913050685,1.6417511559594906,2218.0879000006826
20,1,33,"(112.5, 337.5, 4.834376816244601)",0.4241501254017324,739.712646484375,-0.1978637033301252,1.7347728440146568,2239.328999999998
20,1,36,"(162.5, 337.5, 6.503826249283008)",0.5881762685269485,740.5430908203125,-0.2003544286994123,1.9355253958005396,2253.604800000176
20,1,39,"(162.5, 387.5, 9.797797492156253)",0.7805639167698433,747.6989135742188,-0.2061731234783577,1.456535316680791,2239.757600000303
20,1,42,"(212.5, 387.5, 12.56601886791643)",1.0201284713503334,749.796875,-0.2200774063365131,1.297677574991334,2200.102999999217
20,1,45,"(237.5, 362.5, 10.136936791802604)",0.7442625436433743,747.7318725585938,-0.2077041960442029,1.3574945557233895,2221.3759000005666
20,1,48,"(262.5, 387.5, 12.530028997518446)",0.9148932078977882,751.221435546875,-0.2114164876377478,1.103028467665873,2249.6468999997887
20,1,51,"(287.5, 412.5, 13.851283065501828)",0.7614005551691022,756.6317138671875,-0.2067682015641692,0.956293199026931,2267.7075999999943
20,1,54,"(262.5, 437.5, 19.691492564685472)",0.9969218550093631,782.7063598632812,-0.2914220949405013,0.6314615504231901,2260.444700001244
20,2,0,"(137.5, 362.5, 6.88289330546234)",0.8346393103775801,739.2966918945312,-0.2224300682870927,2.1697178278000857,2290.582600002381
20,2,3,"(112.5, 337.5, 4.834376816244601)",0.4563500486507821,739.3773193359375,-0.2001717389228245,1.911267971393566,2224.4252000018605
20,2,6,"(112.5, 287.5, 3.266470567666104)",0.358363361197236,737.9766235351562,-0.1993643589534775,2.187029017182566,2223.008499997377
20,2,9,"(112.5, 237.5, 2.1276559796850996)",0.2836181449660657,737.2020263671875,-0.1989010455770442,2.4693648572103166,2212.3398000003363
20,2,12,"(137.5, 212.5, 1.8800807210840746)",0.2469385596350189,737.1940307617188,-0.1985374626271106,2.5419315218387832,2231.717300001037
20,2,15,"(187.5, 212.5, 2.1581048160551872)",0.2634777587708281,737.23388671875,-0.1984356481130676,2.522394563110675,2246.691100001044
20,2,18,"(237.5, 212.5, 2.261871450534782)",0.2748827058948421,737.1669921875,-0.1980424873306526,2.521922987542132,2245.748499997717
20,2,21,"(287.5, 212.5, 2.154010388857775)",0.2704636146185699,737.1595458984375,-0.1983146250916906,2.5167243736192426,2250.3995999977637
20,2,24,"(312.5, 237.5, 2.5784026504198194)",0.2985998446519459,737.2045288085938,-0.2013913387557607,2.5230861635019024,2252.565400001913
20,2,27,"(312.5, 287.5, 4.124508633098295)",0.4544982196415303,738.2692260742188,-0.2045979371201095,2.321085015490985,2260.696000001189
20,2,30,"(312.5, 337.5, 6.4720487778634865)",0.5771491718199646,740.8672485351562,-0.2025188462804383,1.9245579000900896,2261.3726000017778
20,2,33,"(287.5, 362.5, 9.065091200270214)",0.7272371274243485,743.6183471679688,-0.2099560247728672,1.621527596287406,2260.0411999992502
20,2,36,"(237.5, 362.5, 10.136936791802604)",0.8482236123825668,746.34228515625,-0.2059517277206039,1.5214874422372326,2222.4432000002707
20,2,39,"(237.5, 412.5, 16.71281874556001)",0.7926305954523504,773.2591552734375,-0.1994864668936826,0.770061617747489,2236.6684999979043
20,2,42,"(212.5, 437.5, 19.809611758762614)",0.8546872288230509,805.9456176757812,-0.269107894222283,0.615519977653939,2227.505899998505
20,3,0,"(137.5, 362.5, 6.88289330546234)",0.829790528313719,739.313232421875,-0.2224300682870927,2.169717851783793,2255.8442000008654
20,3,3,"(112.5, 337.5, 4.834376816244601)",0.4555364165994595,739.4273681640625,-0.2001717389228245,1.9112679730581843,2230.021700001089
20,3,6,"(112.5, 287.5, 3.266470567666104)",0.360346581242524,737.905029296875,-0.1993643589534776,2.1870290143567748,2282.332000002498
20,3,9,"(112.5, 237.5, 2.1276559796850996)",0.2850017966872107,737.2575073242188,-0.1989010455770442,2.469364848544523,2257.7875000024505
20,3,12,"(137.5, 212.5, 1.8800807210840746)",0.2440527411525312,737.1680908203125,-0.1985374626271106,2.5419315391964967,2254.2844000017794
20,3,15,"(187.5, 212.5, 2.1581048160551872)",0.2622546819413551,737.2755737304688,-0.1984356481130676,2.522394592372736,2292.235699998855
20,3,18,"(187.5, 262.5, 3.519235619237839)",0.3903720580968479,737.7255859375,-0.205749284260151,2.4362191119212904,2264.235999999073
20,3,21,"(187.5, 312.5, 5.701335627950545)",0.5343158984525489,739.559814453125,-0.2063375700700898,2.0730587293809632,2262.602599999809
20,3,24,"(187.5, 362.5, 9.103110310900643)",0.6964527627286037,744.8239135742188,-0.2098236825299894,1.5909563673528957,2211.837999999261
20,3,27,"(237.5, 362.5, 10.136936791802604)",0.844827383029817,746.1863403320312,-0.2059080133894184,1.526101066605487,2193.110300002445
20,3,30,"(212.5, 387.5, 12.56601886791643)",0.9094531438653792,750.8125610351562,-0.2122951310358082,1.1074232214680473,2203.791100000672
20,3,33,"(187.5, 412.5, 13.941569591049829)",0.857964111802615,753.5872802734375,-0.1991979111178959,1.1183241247794125,2283.033299998351
20,3,36,"(212.5, 437.5, 19.809611758762614)",0.9599984080579056,789.654052734375,-0.2835082870206336,0.6284154854025298,2276.6741999985243
20,4,0,"(137.5, 362.5, 6.88289330546234)",0.8242822195445328,739.0675048828125,-0.2224300682870927,2.169717860195506,2270.404700000654
20,4,3,"(112.5, 337.5, 4.834376816244601)",0.454157097829882,739.348876953125,-0.2001717389228245,1.9112679451254837,2247.6002000003064
20,4,6,"(112.5, 287.5, 3.266470567666104)",0.3528131530378293,737.920654296875,-0.1993643589534775,2.187028994489969,2240.8108999989054
20,4,9,"(112.5, 237.5, 2.1276559796850996)",0.2833139618058858,737.2136840820312,-0.1989010455770442,2.4693648347185286,2237.0279999995546
20,4,12,"(112.5, 237.5, 2.1276559796850996)",0.2752532176868159,737.1115112304688,-0.200870600949587,2.532795996220501,2250.2559999993537
20,4,15,"(112.5, 287.5, 3.266470567666104)",0.4006805474014905,737.673828125,-0.2081124166670717,2.3694199764445427,2257.198300001619
20,4,18,"(112.5, 337.5, 4.834376816244601)",0.511664860891313,739.1397705078125,-0.2078633709616101,1.958754592199068,2258.7540999993507
20,4,21,"(112.5, 387.5, 6.700045574866817)",0.5344500161618885,742.1910400390625,-0.2031042989145295,1.5056157670390082,2251.58250000095
20,4,24,"(112.5, 437.5, 8.264048786739911)",0.5006806345507823,745.7157592773438,-0.1980597812264763,1.2002427323350409,2251.0032999998657
20,4,27,"(162.5, 437.5, 13.254586740016286)",0.7354186419833236,756.1907958984375,-0.2083249985259088,0.995852736106562,2230.995099998836
20,4,30,"(187.5, 412.5, 13.941569591049829)",0.8753675471534538,754.4735717773438,-0.2021045972542986,1.0774993416611771,2248.377399999299
20,4,33,"(212.5, 437.5, 19.809611758762614)",0.9055232132257586,794.494140625,-0.2801262890090826,0.5584840035208576,2263.696900001378
20,5,0,"(137.5, 362.5, 6.88289330546234)",0.8288953454370852,739.2802734375,-0.2224300682870928,2.1697178914591584,2271.92930000092
20,5,3,"(112.5, 337.5, 4.834376816244601)",0.4560001299931563,739.3175659179688,-0.2001717389228245,1.9112679474080148,2239.5696000021417
20,5,6,"(112.5, 287.5, 3.266470567666104)",0.35812279280912,737.9076538085938,-0.1993643589534775,2.187028966680666,2262.7885000001697
20,5,9,"(112.5, 237.5, 2.1276559796850996)",0.2840257054185957,737.2726440429688,-0.1989010455770442,2.4693648516670086,2259.0033000014955
20,5,12,"(137.5, 212.5, 1.8800807210840746)",0.2456991159579091,737.2093505859375,-0.1985374626271106,2.5419315595319723,2250.439100000221
20,5,15,"(137.5, 262.5, 2.9770964423387296)",0.3501352337984602,737.47509765625,-0.2042561976284488,2.443900943443885,2266.86509999854
20,5,18,"(137.5, 312.5, 4.617102976724376)",0.4850378296109373,738.9671020507812,-0.2041189773876416,2.092913843842476,2235.7159000021056
20,5,21,"(137.5, 362.5, 6.88289330546234)",0.6181751700570849,741.7702026367188,-0.2025481383812065,1.6846297470446634,2236.597200000688
20,5,24,"(112.5, 387.5, 6.700045574866817)",0.5172721818227534,741.0333251953125,-0.1988473862238777,1.6417510690921375,2229.08710000047
20,5,27,"(112.5, 337.5, 4.834376816244601)",0.4165043355687688,739.769775390625,-0.1978637031858075,1.7347728679100702,2271.595400001388
20,5,30,"(112.5, 287.5, 3.266470567666104)",0.3580360276545878,737.8781127929688,-0.1992441205639479,2.1844944464636065,2252.321399999346
20,5,33,"(112.5, 237.5, 2.1276559796850996)",0.280820230461942,737.1959838867188,-0.1989013752977737,2.469382741302609,2281.5549000006285
20,5,36,"(137.5, 212.5, 1.8800807210840746)",0.2478469568983047,737.1929321289062,-0.1985374757393875,2.5419317932692,2253.7169999995967
20,5,39,"(187.5, 212.5, 2.1581048160551872)",0.2636724162402866,737.2986450195312,-0.1984356515264091,2.522394532808522,2253.332699998282
20,5,42,"(237.5, 212.5, 2.261871450534782)",0.2754059603245848,737.13623046875,-0.1980424876204785,2.521923004728946,2264.849899998808
20,5,45,"(287.5, 212.5, 2.154010388857775)",0.2686981818696457,737.1343383789062,-0.1983146250916906,2.516724378225872,2258.1362000019
20,5,48,"(337.5, 212.5, 1.8733097780882446)",0.2283767706686367,737.1315307617188,-0.1981104263656055,2.515884199178966,2252.555800001573
20,5,51,"(337.5, 262.5, 2.964249814698708)",0.3470468190308121,737.4424438476562,-0.2042412275110364,2.466642156747664,2255.204600001889
20,5,54,"(337.5, 312.5, 4.592532186196013)",0.4943367378865591,738.8465576171875,-0.2041726901660807,2.145349219254898,2254.018800002086
20,5,57,"(337.5, 362.5, 6.836404624384365)",0.6288323931875014,740.9822998046875,-0.2027469408326744,1.7922251610533235,2238.0252000002656
20,5,60,"(387.5, 362.5, 4.6920389042223976)",0.4026981422502608,739.5987548828125,-0.1995800446295763,1.9038720429122016,2298.2286000005843
20,5,63,"(387.5, 312.5, 3.371997408476144)",0.3699966268525637,738.1159057617188,-0.2009489626714592,2.1439729348415293,2254.1446999966865
20,5,66,"(387.5, 262.5, 2.2927863351327353)",0.3026107545313929,737.269775390625,-0.1999052748949825,2.456017658652853,2244.7780999973475
20,5,69,"(387.5, 212.5, 1.5068207512166414)",0.2085249716742283,736.9828491210938,-0.1975766843030463,2.551542369906355,2275.1379999972414
20,6,0,"(137.5, 362.5, 6.88289330546234)",0.8251823985585147,739.2610473632812,-0.2224300682870927,2.1697178439728684,2246.117700000468
20,6,3,"(112.5, 387.5, 6.700045574866817)",0.5275882797993598,740.9644775390625,-0.1992785304982847,1.7028496394577426,2251.3381999997364
20,6,6,"(112.5, 337.5, 4.834376816244601)",0.4217725353506289,739.6443481445312,-0.1978937127878878,1.7361509731342295,2251.3953000016045
20,6,9,"(162.5, 337.5, 6.503826249283008)",0.5832787368010905,740.5115356445312,-0.2003534373878562,1.9355198041522703,2254.439500000444
20,6,12,"(212.5, 337.5, 7.7206787211523045)",0.7480520890359544,741.4251708984375,-0.210989347420484,1.8608110420919035,2288.537399999768
20,6,15,"(212.5, 387.5, 12.56601886791643)",0.7823938931752146,757.2178955078125,-0.2019667075018531,1.1288957746899804,2255.3750000006403
20,6,18,"(237.5, 412.5, 16.71281874556001)",0.7481858144431675,773.2977294921875,-0.1990653627123869,0.738703603068885,2229.8016999993706
20,6,21,"(262.5, 437.5, 19.691492564685472)",0.9610763191972908,800.3272705078125,-0.2851883613955321,0.6942398524068124,2259.618500000215
20,7,0,"(137.5, 362.5, 6.88289330546234)",0.8188260450542765,739.2284545898438,-0.2224300682870928,2.16971789472176,2281.2278000019437
20,7,3,"(112.5, 337.5, 4.834376816244601)",0.4501820194583903,739.4252319335938,-0.2001717389228245,1.9112679305998683,2260.514499997953
20,7,6,"(112.5, 287.5, 3.266470567666104)",0.3618703773640038,737.8761596679688,-0.1993643589534775,2.1870289597535244,2266.9175999981235
20,7,9,"(112.5, 237.5, 2.1276559796850996)",0.2837358188193595,737.18701171875,-0.1989010455770442,2.469364871734159,2264.0104000020074
20,7,12,"(137.5, 212.5, 1.8800807210840746)",0.2436742656161341,737.1874389648438,-0.1985374626271106,2.54193152760264,2242.2036999996635
20,7,15,"(187.5, 212.5, 2.1581048160551872)",0.2630109665249234,737.2320556640625,-0.1984356481130676,2.522394587430785,2224.724100000458
20,7,18,"(237.5, 212.5, 2.261871450534782)",0.2736106995169344,737.1431884765625,-0.1980424873306526,2.521922989033899,2248.130299998593
20,7,21,"(287.5, 212.5, 2.154010388857775)",0.2681731933859539,737.1411743164062,-0.1983146250916906,2.5167244001577136,2254.2914999976347
20,7,24,"(312.5, 237.5, 2.5784026504198194)",0.2955321158491421,737.2301025390625,-0.2013913387557607,2.523086138669288,2266.254500002105
20,7,27,"(312.5, 287.5, 4.124508633098295)",0.4504135418713787,738.2285766601562,-0.2045979371201094,2.321084969572564,2256.8912000024284
20,7,30,"(312.5, 337.5, 6.4720487778634865)",0.5661620461734538,740.7841796875,-0.2025188462804383,1.9245578844039533,2257.4070999980904
20,7,33,"(312.5, 387.5, 9.73254467824523)",0.789515255655736,747.0657958984375,-0.2079104873360222,1.4699897345027635,2287.004599998909
20,7,36,"(337.5, 412.5, 9.377700043801939)",0.8228643689464005,742.8257446289062,-0.2200710645358104,1.474579068935985,2267.6223999988
20,7,39,"(312.5, 437.5, 13.134116007120344)",0.741691499386073,754.802978515625,-0.2100916517631895,0.861058074385631,2240.933299999597
20,7,42,"(287.5, 462.5, 17.977012825427398)",0.571881727856436,786.9927368164062,-0.1951363898623274,0.5146365643780906,2238.0125999989104
20,8,0,"(137.5, 362.5, 6.88289330546234)",0.830059546843365,739.3154907226562,-0.2224300682870927,2.1697178877652195,2237.135400002444
20,8,3,"(112.5, 337.5, 4.834376816244601)",0.4547670250000578,739.2813720703125,-0.2001717389228245,1.9112679571019824,2254.8712999996496
20,8,6,"(112.5, 287.5, 3.266470567666104)",0.3554972550904815,737.7996826171875,-0.1993643589534775,2.1870289918759687,2278.001999999105
20,8,9,"(112.5, 237.5, 2.1276559796850996)",0.2863926225808704,737.190673828125,-0.1989010455770442,2.469364860361201,2259.88679999864
20,8,12,"(137.5, 212.5, 1.8800807210840746)",0.2438302530995033,737.1814575195312,-0.1985374626271106,2.541931522706768,2219.3460000016785
20,8,15,"(187.5, 212.5, 2.1581048160551872)",0.2593761322078131,737.279296875,-0.1984356481130676,2.5223945885153305,2229.265400001168
20,8,18,"(237.5, 212.5, 2.261871450534782)",0.2778103299351575,737.1334228515625,-0.1980424873306526,2.52192303070248,2240.0541999995767
20,8,21,"(287.5, 212.5, 2.154010388857775)",0.2712774223866979,737.1156005859375,-0.1983146250916906,2.5167243458223765,2206.057499999588
20,8,24,"(312.5, 237.5, 2.5784026504198194)",0.2983269319949048,737.225830078125,-0.2013913387557607,2.5230861395880786,2220.285399998829
20,8,27,"(312.5, 287.5, 4.124508633098295)",0.4518407437988944,738.2172241210938,-0.2045979371201095,2.321084997654532,2242.7542000004905
20,8,30,"(312.5, 337.5, 6.4720487778634865)",0.574350397333045,740.8256225585938,-0.2025188462804383,1.9245578828828336,2242.803400000412
20,8,33,"(262.5, 337.5, 7.706480720276972)",0.7548682523046304,741.598388671875,-0.2111502900125357,1.8664421729501528,2232.047400000738
20,8,36,"(237.5, 312.5, 6.148385304590252)",0.5976290296689049,739.4467163085938,-0.2045723008217808,2.0374034789309814,2239.934299999732
20,8,39,"(187.5, 312.5, 5.701335627950545)",0.6151115181927752,738.7681884765625,-0.2087392712622694,2.1336592344789795,2279.157299999497
20,8,42,"(187.5, 362.5, 9.103110310900643)",0.6956443113521191,745.01611328125,-0.2098106214698301,1.591471360893761,2259.974199998396
20,8,45,"(162.5, 387.5, 9.797797492156253)",0.8119151339152151,746.2955322265625,-0.2074848349129453,1.511227947628872,2222.176400002354
20,8,48,"(187.5, 412.5, 13.941569591049829)",0.7743841097510155,752.8150024414062,-0.195474089685053,1.0501918943785264,2226.2861999988672
20,8,51,"(212.5, 437.5, 19.809611758762614)",0.9099356877617872,794.371826171875,-0.2802552530892693,0.5585934253960803,2214.502700000594
20,9,0,"(137.5, 362.5, 6.88289330546234)",0.8256216148400923,739.2144775390625,-0.2224300682870927,2.169717834237232,2218.041899999662
20,9,3,"(112.5, 337.5, 4.834376816244601)",0.4513984855114759,739.3976440429688,-0.2001717389228245,1.9112679318257704,2294.227399997908
20,9,6,"(112.5, 287.5, 3.266470567666104)",0.3560645950324929,737.9885864257812,-0.1993643589534775,2.1870290138416744,2239.4612999996752
20,9,9,"(112.5, 237.5, 2.1276559796850996)",0.2867043443858735,737.1696166992188,-0.1989010455770442,2.4693648531297625,2226.3463999988744
20,9,12,"(137.5, 212.5, 1.8800807210840746)",0.2485923791086058,737.2012329101562,-0.1985374626271107,2.54193152486979,2258.9259999986098
20,9,15,"(137.5, 262.5, 2.9770964423387296)",0.3521666976146051,737.5394287109375,-0.2042561976284488,2.443900934959296,2274.3597000007867
20,9,18,"(137.5, 312.5, 4.617102976724376)",0.4900409035612278,738.9781494140625,-0.2041189773876416,2.0929138716651026,2244.991999999911
20,9,21,"(137.5, 362.5, 6.88289330546234)",0.6242842772830793,741.7030029296875,-0.2025481383812065,1.6846297458600776,2265.258300001733
20,9,24,"(112.5, 387.5, 6.700045574866817)",0.5183092305446768,741.182861328125,-0.1988473862238777,1.6417510660252408,2252.8495000005933
20,9,27,"(112.5, 337.5, 4.834376816244601)",0.4246143338256352,739.7402954101562,-0.1978637031858075,1.7347728869068617,2238.35870000039
20,9,30,"(112.5, 287.5, 3.266470567666104)",0.3573849076898912,737.8816528320312,-0.1992441205639479,2.184494433203548,2224.692600000708
20,9,33,"(112.5, 237.5, 2.1276559796850996)",0.2861772759049417,737.1761474609375,-0.1989013752977737,2.469382712302259,2192.9044000025897
20,9,36,"(137.5, 212.5, 1.8800807210840746)",0.2448856064065999,737.1874389648438,-0.1985374757393875,2.5419317812199327,2234.2246000007435
20,9,39,"(162.5, 237.5, 2.5862997483722747)",0.2974094948282404,737.3284301757812,-0.2011426895222361,2.5095270343529994,2233.275600003253
20,9,42,"(162.5, 287.5, 4.140142738102741)",0.4463040770809375,738.5512084960938,-0.2047387003218352,2.2661936486823477,2230.5240999994567
20,9,45,"(162.5, 337.5, 6.503826249283008)",0.5586710245293859,741.019287109375,-0.2007801042433144,1.879930093135151,2255.2013999993505
20,9,48,"(162.5, 387.5, 9.797797492156253)",0.7875715489784335,747.6911010742188,-0.2061066250436093,1.456394679983198,2268.4227999998257
20,9,51,"(187.5, 412.5, 13.941569591049829)",0.7529168232531723,753.8355712890625,-0.1949676497244462,1.0353581253749158,2277.919299998757
20,9,54,"(237.5, 412.5, 16.71281874556001)",0.9081520848904052,767.7605590820312,-0.2060899742171839,0.8578085343582048,2255.550399997446
20,9,57,"(262.5, 437.5, 19.691492564685472)",0.6436869966427975,798.699462890625,-0.287783222103539,0.3924747451060192,2242.616700001236
20,0,0,"(487.5, 487.5, 2.4370033062802148)",0.5174095996681806,362.4827575683594,-0.242575048461329,2.7317590049187537,2229.9755999993067
20,0,3,"(437.5, 487.5, 4.012520353342856)",0.3968401894550024,549.370361328125,-0.2047267769119137,1.99770276686164,2227.7183000005607
20,0,6,"(387.5, 487.5, 6.600725374454914)",0.4430834790327213,553.7688598632812,-0.2025242839616736,1.5598535263430633,2231.6202000001795
20,0,9,"(337.5, 487.5, 10.834577821017316)",0.4724828955369701,562.9462280273438,-0.1975226825107401,1.007857791613355,2217.1299000001454
20,0,12,"(287.5, 487.5, 17.635701174636083)",0.6496032230470679,582.6854858398438,-0.1996025679535674,0.5701999477321703,2227.7334999998857
20,1,0,"(487.5, 487.5, 2.4370033062802148)",0.5186951574294827,362.4627380371094,-0.2425750484613291,2.731758945838413,2233.871399999771
20,1,3,"(487.5, 437.5, 2.3962294749129978)",0.3568579961024429,548.3829956054688,-0.2029506844379784,2.4084927270762897,2266.189599999052
20,1,6,"(487.5, 387.5, 2.139763984685619)",0.3166096483371788,549.71044921875,-0.2014714302539946,2.4792922629939014,2245.265800000197
20,1,9,"(437.5, 387.5, 3.41874755045311)",0.3773255864643332,736.5042724609375,-0.2037715544606767,2.2221655242576825,2239.862300000823
20,1,12,"(387.5, 387.5, 5.365977503075057)",0.4594987932390314,739.9215087890625,-0.2036697629331671,1.8951959877702187,2249.6236999977555
20,1,15,"(337.5, 387.5, 8.122025837780313)",0.5983809490056953,744.942138671875,-0.2006746842227297,1.5713137481793231,2256.285099996603
20,1,18,"(312.5, 362.5, 7.999359988870806)",0.7100932870928822,742.3848876953125,-0.2024861094601616,1.7713005465429998,2254.374200001621
20,1,21,"(262.5, 362.5, 9.841761282285685)",0.8486045004055136,745.9638061523438,-0.2085828482942494,1.5453186548085198,2262.4585999983537
20,1,24,"(262.5, 412.5, 15.847883528411389)",1.0266701516073211,758.9487915039062,-0.2522173048504358,0.9384179194515014,2227.015200001915
20,1,27,"(287.5, 437.5, 16.365669713099226)",0.8066913667283478,768.1422729492188,-0.2202321640147529,0.75393771764366,2222.7558999984467
20,1,30,"(262.5, 412.5, 15.847883528411389)",0.8792624401027199,773.8639526367188,-0.2801748849442554,0.7176859417682885,2253.853900001559
20,1,33,"(237.5, 437.5, 21.459341898515387)",0.5874827396911535,806.0342407226562,-0.1945810049643146,0.3885837765144475,2276.353500001278
20,2,0,"(487.5, 487.5, 2.4370033062802148)",0.5241296582870942,362.4923400878906,-0.242575048461329,2.7317589591196167,2257.7200999985507
20,2,3,"(462.5, 462.5, 3.1411719247664083)",0.3824661705065501,730.716064453125,-0.2023993511591451,2.1773142539667627,2271.06189999904
20,2,6,"(462.5, 412.5, 2.919906180572381)",0.3566214292680643,733.698974609375,-0.2012005576901006,2.217506486635953,2273.434200000338
20,2,9,"(437.5, 387.5, 3.41874755045311)",0.3740028254408982,736.5194091796875,-0.20203467389929,2.202820738060977,2261.975999997958
20,2,12,"(387.5, 387.5, 5.365977503075057)",0.4561131897372609,739.8310546875,-0.2036720146417151,1.895694032586227,2259.7234999993816
20,2,15,"(337.5, 387.5, 8.122025837780313)",0.594858633691849,744.9818115234375,-0.2006748029138238,1.5713182172854303,2261.5053999979864
20,2,18,"(312.5, 362.5, 7.999359988870806)",0.7108806434618085,742.1541137695312,-0.2024861130627714,1.7713006428774396,2254.297100000258
20,2,21,"(262.5, 362.5, 9.841761282285685)",0.8517199449451232,745.7691650390625,-0.20858284865804,1.545318672245285,2234.746000001905
20,2,24,"(237.5, 337.5, 7.894671343450355)",0.696290505687852,742.2315673828125,-0.20670343934223,1.7230906337104157,2246.1694999983592
20,2,27,"(237.5, 387.5, 13.016039592385813)",0.8575856693949792,754.6808471679688,-0.2165765839230896,1.144802786725002,2254.1407000026084
20,2,30,"(212.5, 412.5, 15.910281935579775)",1.094397724337543,757.33544921875,-0.258127688486379,0.931374435252866,2292.892999998003
20,2,33,"(187.5, 437.5, 16.502195647044346)",0.7762314283971862,767.187255859375,-0.2096744902587904,0.7223858492119621,2278.503900000942
20,2,36,"(212.5, 412.5, 15.910281935579775)",0.7654859208607929,775.8685302734375,-0.2705547929103253,0.6346254727640365,2257.793900000252
20,2,39,"(237.5, 437.5, 21.459341898515387)",0.5879643743875392,804.4000244140625,-0.1946121853165212,0.3964022764506053,2255.3750000006403
20,3,0,"(487.5, 487.5, 2.4370033062802148)",0.519517795802616,362.4650573730469,-0.2425750484613291,2.7317589574169348,2262.052199999744
20,3,3,"(462.5, 462.5, 3.1411719247664083)",0.3755588066267523,730.6332397460938,-0.2040204761993087,2.215918790460809,2276.397499997984
20,3,6,"(412.5, 462.5, 5.176557100199439)",0.406774918664307,736.1135864257812,-0.203199402377102,1.8065117214704527,2257.0160000032047
20,3,9,"(362.5, 462.5, 8.527721324025148)",0.456828505854365,743.3618774414062,-0.1950203062848206,1.3167061886717646,2205.21639999788
20,3,12,"(312.5, 462.5, 14.033224262378283)",0.5654980043768281,758.35107421875,-0.1945299640105875,0.8443233133228446,2218.397399999958
20,3,15,"(287.5, 437.5, 16.365669713099226)",0.8415693934254376,768.683349609375,-0.2232386496877497,0.7783620762667266,2250.5055999972683
20,3,18,"(262.5, 412.5, 15.847883528411389)",1.0652750998364016,759.1392822265625,-0.2817460672914675,0.9006163009018753,2232.6665000000503
20,3,21,"(237.5, 437.5, 21.459341898515387)",0.5893298983854702,804.249755859375,-0.1945716960366424,0.387885366102587,2273.9580999987083
20,4,0,"(487.5, 487.5, 2.4370033062802148)",0.5189289932923166,362.47271728515625,-0.242575048461329,2.731758990125836,2293.548600002396
20,4,3,"(462.5, 462.5, 3.1411719247664083)",0.3743925128299546,730.7882690429688,-0.2023993511591451,2.1773143189426314,2282.372699999541
20,4,6,"(462.5, 412.5, 2.919906180572381)",0.3562200035700785,733.9232177734375,-0.2012005576901006,2.217506551730973,2271.987700001773
20,4,9,"(462.5, 362.5, 2.4565270421865075)",0.326839264283273,733.9865112304688,-0.2008991593575972,2.3809274203988955,2264.176700002281
20,4,12,"(412.5, 362.5, 3.8109821376558286)",0.3947987208332079,737.9441528320312,-0.2031737633829513,2.1751988723484925,2250.4322999993747
20,4,15,"(362.5, 362.5, 5.709929773131825)",0.5046584927859132,740.2202758789062,-0.2048828131642898,1.909780742815568,2255.7684000021254
20,4,18,"(337.5, 387.5, 8.122025837780313)",0.6834593210334214,743.0665283203125,-0.2059399221711994,1.593650866988514,2265.6150000002526
20,4,21,"(312.5, 412.5, 11.543004562335339)",0.794519867804158,749.9191284179688,-0.2134157523368286,1.174187547982172,2233.754900000349
20,4,24,"(287.5, 437.5, 16.365669713099226)",0.7935321307727253,767.80810546875,-0.2229818017963922,0.7465428980504222,2231.1948999995366
20,5,0,"(487.5, 487.5, 2.4370033062802148)",0.522840906246523,362.4601135253906,-0.242575048461329,2.731759007667874,2244.13690000074
20,5,3,"(487.5, 437.5, 2.3962294749129978)",0.3536579858879387,548.3757934570312,-0.2029506844379784,2.408492733166188,2233.7598000012804
20,5,6,"(437.5, 437.5, 3.9290738535618197)",0.3805386546608827,735.6022338867188,-0.2038715508525267,2.053909031638068,2257.952700001624
20,5,9,"(387.5, 437.5, 6.419652941837749)",0.4594442577481108,740.5657348632812,-0.2014503133877691,1.6540385262541375,2258.046799997828
20,5,12,"(337.5, 437.5, 10.400297021568935)",0.5772684664427323,750.5499877929688,-0.1976876018548048,1.1878171215397844,2258.5237999992387
20,5,15,"(287.5, 437.5, 16.365669713099226)",0.8942538338359318,767.7921142578125,-0.223944377001621,0.8438321686353559,2244.533799999772
20,6,0,"(487.5, 487.5, 2.4370033062802148)",0.5236127105095117,362.5065002441406,-0.2425750484613291,2.731759064200651,2232.9002000005858
20,6,3,"(462.5, 462.5, 3.1411719247664083)",0.3784431148727316,730.80810546875,-0.2023993511591451,2.1773142742246367,2253.2356000010623
20,6,6,"(462.5, 412.5, 2.919906180572381)",0.3557424639448978,733.8391723632812,-0.2012005576901005,2.2175065160113547,2246.8896999998838
20,6,9,"(462.5, 362.5, 2.4565270421865075)",0.3273688355900974,733.8812255859375,-0.2008991593575972,2.380927384367913,2225.608799999464
20,6,12,"(412.5, 362.5, 3.8109821376558286)",0.3932438253173347,737.8313598632812,-0.2031737633829513,2.1751988902019748,2247.460200000205
20,6,15,"(362.5, 362.5, 5.709929773131825)",0.5046778845869366,740.272216796875,-0.2048828131642898,1.909780758949257,2254.0771000021778
20,6,18,"(312.5, 362.5, 7.999359988870806)",0.658988748765699,743.349853515625,-0.2019628974775999,1.7069932719051926,2237.7455000023474
20,6,21,"(312.5, 412.5, 11.543004562335339)",0.8940742030939751,750.4580688476562,-0.2128245161719729,1.2698625274713404,2269.070300000749
20,6,24,"(287.5, 437.5, 16.365669713099226)",0.7873018564200586,767.8713989257812,-0.2205976564314904,0.758110693355736,2256.742100002157
20,6,27,"(262.5, 412.5, 15.847883528411389)",0.888062059055368,770.9353637695312,-0.2802229365477761,0.7173278099794537,2251.4900999995007
20,6,30,"(237.5, 437.5, 21.459341898515387)",0.5714932425732779,806.0224609375,-0.1945811482828932,0.3885774157116556,2257.7167999988887
20,7,0,"(487.5, 487.5, 2.4370033062802148)",0.5271728253549264,362.5360107421875,-0.242575048461329,2.731759082818828,2235.946299999341
20,7,3,"(462.5, 462.5, 3.1411719247664083)",0.3741557800198531,730.6544799804688,-0.2040204761993088,2.215918795385387,2241.5331000011065
20,7,6,"(412.5, 462.5, 5.176557100199439)",0.4059949221783587,736.1753540039062,-0.203199402377102,1.8065117853513597,2221.789100000024
20,7,9,"(362.5, 462.5, 8.527721324025148)",0.4570478125231395,743.4169921875,-0.1950203062848206,1.3167061060387126,2224.300100002438
20,7,12,"(312.5, 462.5, 14.033224262378283)",0.5554577916374237,758.1282348632812,-0.1945299640105875,0.8443233270049605,2204.8049999975774
20,7,15,"(287.5, 437.5, 16.365669713099226)",0.8547551922332377,768.9397583007812,-0.2232386496877497,0.77836208035564,2203.6408999993
20,7,18,"(262.5, 412.5, 15.847883528411389)",1.0761593100736584,759.0765991210938,-0.2817460672914675,0.9006163267496615,2209.728800000448
20,7,21,"(237.5, 437.5, 21.459341898515387)",0.5821498026610807,803.7353515625,-0.1945716960366424,0.3878854113243028,2230.685900001845
20,8,0,"(487.5, 487.5, 2.4370033062802148)",0.5183099377803313,362.4576721191406,-0.242575048461329,2.7317590175285917,2267.519099998026
20,8,3,"(462.5, 462.5, 3.1411719247664083)",0.3824450205671133,730.8327026367188,-0.2023993511591451,2.177314316635382,2260.7023999989906
20,8,6,"(412.5, 462.5, 5.176557100199439)",0.4108397339810858,736.2003173828125,-0.2031795729636903,1.8070882203228655,2265.089900000021
20,8,9,"(362.5, 462.5, 8.527721324025148)",0.4669363616284521,743.2908325195312,-0.1950204095568855,1.3167169390419802,2273.2858000017586
20,8,12,"(312.5, 462.5, 14.033224262378283)",0.5579263891437266,758.6483154296875,-0.1945299586401082,0.8443234174011724,2256.850800000393
20,8,15,"(287.5, 437.5, 16.365669713099226)",0.8455515074343765,770.24267578125,-0.223238649689951,0.7783621225672207,2243.1600999989314
20,8,18,"(262.5, 412.5, 15.847883528411389)",1.070669294474141,759.0579223632812,-0.2817460675548525,0.9006163816233705,2242.1599000008428
20,8,21,"(237.5, 437.5, 21.459341898515387)",0.5891266700302069,805.3418579101562,-0.1945716960366424,0.3878853544364047,2245.37380000038
20,9,0,"(487.5, 487.5, 2.4370033062802148)",0.5241432473832532,362.4471435546875,-0.242575048461329,2.731759112789731,2211.430799998197
20,9,3,"(462.5, 462.5, 3.1411719247664083)",0.3775061133248584,730.7609252929688,-0.2023993511591451,2.1773143073241656,2211.901900001976
20,9,6,"(462.5, 412.5, 2.919906180572381)",0.3560666419303478,733.7573852539062,-0.2012005576901006,2.2175065061553987,2194.427300000825
20,9,9,"(412.5, 412.5, 4.71743372998353)",0.4153892815351135,738.5079345703125,-0.2043195812233599,1.952239938974524,2181.099800000084
20,9,12,"(362.5, 412.5, 7.512358105982148)",0.5801198408146682,742.6988525390625,-0.2089019267603803,1.5998160380570654,2243.0950999987544
20,9,15,"(312.5, 412.5, 11.543004562335339)",0.7855955075947825,750.3104248046875,-0.2139941213415535,1.2784750887161618,2246.6521999995166
20,9,18,"(287.5, 387.5, 11.306348749090457)",0.8671885264310581,747.7804565429688,-0.2138273163574757,1.3441285207781126,2254.7270999966718
20,9,21,"(262.5, 412.5, 15.847883528411389)",1.0007068741425402,757.5996704101562,-0.256824871228126,0.9291720214909452,2262.9625000008677
20,9,24,"(237.5, 437.5, 21.459341898515387)",0.5781120246429026,804.9356079101562,-0.1945347422833264,0.39132007253562,2238.0919000024733
20,0,0,"(262.5, 487.5, 22.1418731987782)",1.2173346093686743,558.4292602539062,-0.254722487231645,0.8223877180168832,2256.1244999997143
20,1,0,"(262.5, 487.5, 22.1418731987782)",1.2123481781150556,558.578125,-0.254722487231645,0.8223879246647015,2239.725299998099
20,1,3,"(262.5, 487.5, 22.1418731987782)",0.8496490010262313,574.4950561523438,-0.2518831019703552,0.4166771346907268,2231.009400002222
20,2,0,"(262.5, 487.5, 22.1418731987782)",1.2137823556790794,558.471923828125,-0.254722487231645,0.8223878540451964,2241.895900002419
20,3,0,"(262.5, 487.5, 22.1418731987782)",1.206805334358937,558.5711669921875,-0.254722487231645,0.8223878155703572,2249.2270000002463
20,3,3,"(262.5, 487.5, 22.1418731987782)",0.8410549907873284,574.888427734375,-0.2518831019703552,0.4166772736614442,2207.1372999998857
20,4,0,"(262.5, 487.5, 22.1418731987782)",1.2210889708762616,558.5028686523438,-0.254722487231645,0.8223880316938342,2235.799899997801
20,5,0,"(262.5, 487.5, 22.1418731987782)",1.2177065457278875,558.5427856445312,-0.254722487231645,0.8223879518107253,2263.015600001381
20,6,0,"(262.5, 487.5, 22.1418731987782)",1.2192199058538862,558.5409545898438,-0.254722487231645,0.8223877583669194,2213.927100001456
20,7,0,"(262.5, 487.5, 22.1418731987782)",1.216626952734427,558.6934814453125,-0.2547224872316451,0.8223879117088766,2202.2799999977
20,7,3,"(262.5, 487.5, 22.1418731987782)",0.8646525161508761,575.73486328125,-0.2518831019703552,0.4166769087410501,2231.82519999682
20,8,0,"(262.5, 487.5, 22.1418731987782)",1.2174729834918046,558.428955078125,-0.254722487231645,0.8223878971832144,2217.1619000000646
20,8,3,"(262.5, 487.5, 22.1418731987782)",0.8446948999367889,574.6734619140625,-0.2518831019703552,0.4166770559006124,2247.4054000012984
20,9,0,"(262.5, 487.5, 22.1418731987782)",1.2157025756852322,558.5494384765625,-0.254722487231645,0.822388005591134,2222.3349999985658
20,0,0,"(462.5, 487.5, 3.127296379115885)",0.6164123169530805,546.7723388671875,-0.2338999750038033,2.536202210839785,2251.4429000002565
20,0,3,"(437.5, 462.5, 4.032539977718922)",0.3909222398057886,733.6046752929688,-0.203070665593002,2.012613675304902,2264.98459999857
20,0,6,"(387.5, 462.5, 6.644563227708976)",0.4462498778943171,738.8281860351562,-0.2009299733221262,1.5844666976671171,2266.8012000031013
20,0,9,"(337.5, 462.5, 10.942007264844266)",0.5091497236053392,748.73193359375,-0.1965068431068424,1.0662062013791018,2259.527800000797
20,0,12,"(312.5, 437.5, 13.134116007120344)",0.7449465082118447,754.2725830078125,-0.212561399940752,0.8804320126403852,2246.9462000008207
20,0,15,"(287.5, 462.5, 17.977012825427398)",0.5856942645133927,786.1217041015625,-0.1952273228256931,0.5158280807778824,2242.261499999586
20,1,0,"(462.5, 487.5, 3.127296379115885)",0.6126403971978623,546.6746215820312,-0.2338999750038033,2.536202144946025,2242.2483999980614
20,1,3,"(462.5, 437.5, 3.0693002026442198)",0.3790558963984097,732.89111328125,-0.2022068860238065,2.198580383139068,2260.331599998608
20,1,6,"(437.5, 412.5, 3.7158125367455015)",0.3784163743804719,736.4578857421875,-0.2018659367306559,2.110971585479661,2196.716099999321
20,1,9,"(387.5, 412.5, 5.968521653217249)",0.4837485513637004,740.3607788085938,-0.2057828119820245,1.7768702223120971,2249.167600002693
20,1,12,"(337.5, 412.5, 9.377700043801939)",0.703108958631403,745.1387329101562,-0.2156885942894167,1.4412299705032443,2192.329699999391
20,1,15,"(312.5, 437.5, 13.134116007120344)",0.7341307587580952,755.0133666992188,-0.2100800670838311,0.8631254162243048,2216.627099998732
20,1,18,"(287.5, 462.5, 17.977012825427398)",0.5816801298563139,785.8173828125,-0.1951378490978854,0.5146635620955834,2252.135399998224
20,2,0,"(462.5, 487.5, 3.127296379115885)",0.6184652649008291,546.7378540039062,-0.2338999750038033,2.536202182065292,2242.2783999973035
20,2,3,"(462.5, 437.5, 3.0693002026442198)",0.379774811366006,732.8778076171875,-0.2022068860238064,2.198580412757676,2268.5961999995925
20,2,6,"(462.5, 387.5, 2.7089644303699463)",0.3432817694518605,733.9974975585938,-0.2010077940194964,2.2922321167699167,2240.71510000067
20,2,9,"(412.5, 387.5, 4.295992126710907)",0.4063480492295419,738.220947265625,-0.2040522951529238,2.0563673620911844,2247.3481000015454
20,2,12,"(362.5, 387.5, 6.644563227708976)",0.508811832912338,741.8009033203125,-0.2013171723591276,1.7281931873204268,2231.783399998676
20,2,15,"(312.5, 387.5, 9.73254467824523)",0.7501379594660313,747.9410400390625,-0.2059384684376222,1.4498552691037232,2240.3697000008838
20,2,18,"(312.5, 437.5, 13.134116007120344)",0.9114245983353324,754.1729736328125,-0.2094664834762744,0.9657260215864688,2239.0575999997964
20,2,21,"(287.5, 462.5, 17.977012825427398)",0.583744520524902,787.8684692382812,-0.1951047348637658,0.5148838034581462,2197.8116999998747
20,3,0,"(462.5, 487.5, 3.127296379115885)",0.6183498388570974,546.7669677734375,-0.2338999750038034,2.536202174540918,2219.9083999985305
20,3,3,"(437.5, 462.5, 4.032539977718922)",0.3895057360273404,733.5653686523438,-0.203070665593002,2.0126137114149665,2219.9753999993845
20,3,6,"(387.5, 462.5, 6.644563227708976)",0.444633383591933,738.9302978515625,-0.2009299733221262,1.5844666610660365,2218.170799998916
20,3,9,"(337.5, 462.5, 10.942007264844266)",0.5045797515929389,749.0463256835938,-0.1965068431068424,1.066206296620539,2239.744200000132
20,3,12,"(312.5, 437.5, 13.134116007120344)",0.7428498630954257,754.7158203125,-0.2125613999407519,0.880432033174558,2258.6674000012863
20,3,15,"(287.5, 462.5, 17.977012825427398)",0.580549159652077,786.9613037109375,-0.1952273228256931,0.5158281833841852,2264.087399998971
20,4,0,"(462.5, 487.5, 3.127296379115885)",0.6172922878256144,546.7002563476562,-0.2338999750038034,2.536202167667043,2239.883800000825
20,4,3,"(462.5, 437.5, 3.0693002026442198)",0.3795186564035855,732.88671875,-0.2022068860238064,2.1985803991763992,2232.747999998537
20,4,6,"(462.5, 387.5, 2.7089644303699463)",0.3470290943590931,733.9199829101562,-0.2010077940194963,2.292232193696095,2228.4173000007286
20,4,9,"(462.5, 337.5, 2.1828984217128706)",0.297765795537327,733.7250366210938,-0.2007383242500643,2.473620205089663,2277.126199998748
20,4,12,"(462.5, 287.5, 1.6387307756259826)",0.2465456409806401,733.4747314453125,-0.2002453111686588,2.604557390619452,2263.6101999996754
20,4,15,"(437.5, 262.5, 1.6629239389874948)",0.2545667762863486,735.5942993164062,-0.2020686687510279,2.615919738666,2251.5362999984063
20,4,18,"(412.5, 237.5, 1.6163909269654968)",0.2486439771777087,736.587646484375,-0.2004471286044554,2.5794926037450074,2233.509400000912
20,4,21,"(387.5, 262.5, 2.2927863351327353)",0.2997274033462647,737.1529541015625,-0.2031896978791544,2.529285070034935,2226.4355000006617
20,4,24,"(387.5, 312.5, 3.371997408476144)",0.4051744861328174,737.8248901367188,-0.2106603834372885,2.3199817732970645,2205.830999999307
20,4,27,"(387.5, 362.5, 4.6920389042223976)",0.4590904411896797,739.472412109375,-0.2098710776023561,1.931306818867668,2255.231200000708
20,4,30,"(362.5, 387.5, 6.644563227708976)",0.498536909839244,742.2127685546875,-0.2011331438220415,1.6774277958782826,2257.0032000003266
20,4,33,"(312.5, 387.5, 9.73254467824523)",0.7556417835494057,747.8883056640625,-0.2058635108122945,1.4489423599097755,2268.4081999977934
20,4,36,"(312.5, 437.5, 13.134116007120344)",0.9115109167229056,753.865234375,-0.2094666804654288,0.9657251953086198,2256.1703999999736
20,4,39,"(287.5, 462.5, 17.977012825427398)",0.5810170929168729,786.1865844726562,-0.1951047384628683,0.5148838193468671,2249.2382999989786
20,5,0,"(462.5, 487.5, 3.127296379115885)",0.6170477111762871,546.7544555664062,-0.2338999750038033,2.536202115938816,2252.3643000022275
20,5,3,"(462.5, 437.5, 3.0693002026442198)",0.3772405489118178,733.0027465820312,-0.2022068860238064,2.198580398839292,2254.1922999989765
20,5,6,"(462.5, 387.5, 2.7089644303699463)",0.3433946005324596,733.989990234375,-0.2010077940194964,2.29223214456871,2233.3042999998725
20,5,9,"(412.5, 387.5, 4.295992126710907)",0.4035886035671648,738.3077392578125,-0.2040522951529238,2.056367360609766,2251.311699998041
20,5,12,"(362.5, 387.5, 6.644563227708976)",0.5141112005417698,741.7879638671875,-0.2013171723591276,1.7281931664807555,2235.6416000002355
20,5,15,"(312.5, 387.5, 9.73254467824523)",0.7466549015498498,747.7755126953125,-0.2059384684376222,1.4498552347189788,2224.457700001949
20,5,18,"(312.5, 437.5, 13.134116007120344)",0.9096694144044148,754.1207885742188,-0.2094664834762744,0.965725975478064,2229.496100000688
20,5,21,"(337.5, 412.5, 9.377700043801939)",0.6350830363725805,748.375732421875,-0.2134803262221058,1.0631720427655182,2233.381600002758
20,5,24,"(312.5, 437.5, 13.134116007120344)",0.7436052134933444,754.37939453125,-0.2100151553364724,0.8633314178438198,2256.147799998871
20,5,27,"(287.5, 462.5, 17.977012825427398)",0.5942533905510354,787.6691284179688,-0.1951376507306581,0.5146570050774718,2233.478199999809
20,6,0,"(462.5, 487.5, 3.127296379115885)",0.6185047271893286,546.7921752929688,-0.2338999750038033,2.53620216576949,2270.911800002068
20,6,3,"(462.5, 437.5, 3.0693002026442198)",0.3783897253895603,732.8148803710938,-0.2022068860238064,2.1985803841251235,2253.0354999980773
20,6,6,"(462.5, 387.5, 2.7089644303699463)",0.3467376841914008,733.90234375,-0.2010077940194963,2.292232136490979,2255.792500000098
20,6,9,"(412.5, 387.5, 4.295992126710907)",0.411437125282891,738.1907348632812,-0.2040522951529238,2.056367347142666,2261.289900001429
20,6,12,"(362.5, 387.5, 6.644563227708976)",0.5122394252673483,741.7999877929688,-0.2013171723591276,1.7281931627038676,2235.574700000143
20,6,15,"(312.5, 387.5, 9.73254467824523)",0.7481524265297765,747.525146484375,-0.2059384684376222,1.4498552521953971,2209.5453000001726
20,6,18,"(312.5, 437.5, 13.134116007120344)",0.9106574740087274,754.1343383789062,-0.2094664834762745,0.9657259342236392,2216.3244000003037
20,6,21,"(287.5, 462.5, 17.977012825427398)",0.5808060881876597,786.7388305664062,-0.1951047348637659,0.514883721304316,2186.699300000328
20,7,0,"(462.5, 487.5, 3.127296379115885)",0.6189161515275713,546.8042602539062,-0.2338999750038033,2.536202208509682,2214.2261000008148
20,7,3,"(437.5, 462.5, 4.032539977718922)",0.3892457775069443,733.642578125,-0.203070665593002,2.012613706930096,2231.344600000739
20,7,6,"(387.5, 462.5, 6.644563227708976)",0.4448304610525581,738.7635498046875,-0.2009299733221262,1.5844666579535942,2254.238699999405
20,7,9,"(337.5, 462.5, 10.942007264844266)",0.5026607456570122,748.4138793945312,-0.1965068431068424,1.0662062174065825,2246.563000000606
20,7,12,"(312.5, 437.5, 13.134116007120344)",0.7529404145529025,754.3428344726562,-0.2125613999407519,0.8804319754830038,2263.5444999978063
20,7,15,"(287.5, 412.5, 13.851283065501828)",0.6895061963248222,761.2940673828125,-0.2071640510286074,0.7945550269475606,2237.5098999982583
20,7,18,"(262.5, 387.5, 12.530028997518446)",0.7416045212992236,756.4314575195312,-0.2104034158904249,0.9478632921348918,2248.61299999975
20,7,21,"(237.5, 412.5, 16.71281874556001)",0.7517497363253186,773.8120727539062,-0.1990485177750124,0.7341841725832219,2248.13340000037
20,7,24,"(212.5, 437.5, 19.809611758762614)",0.8516338463514003,806.1494750976562,-0.2690777577372892,0.6144612327677765,2231.425099998887
20,8,0,"(462.5, 487.5, 3.127296379115885)",0.6190888631500922,546.6228637695312,-0.2338999750038034,2.5362021490210283,2253.329600000143
20,8,3,"(462.5, 437.5, 3.0693002026442198)",0.382873782226891,732.8893432617188,-0.2022068860238065,2.198580452705994,2240.73320000025
20,8,6,"(462.5, 387.5, 2.7089644303699463)",0.3408596414913168,734.0234375,-0.2010077940194963,2.292232151593814,2238.389499998448
20,8,9,"(462.5, 337.5, 2.1828984217128706)",0.302576020812704,733.738037109375,-0.2007383242500642,2.473620222378183,2214.2574999998037
20,8,12,"(462.5, 287.5, 1.6387307756259826)",0.2477022197699872,733.418212890625,-0.2002453111686588,2.604557367158664,2215.2342000008503
20,8,15,"(437.5, 262.5, 1.6629239389874948)",0.2581938783753081,735.6093139648438,-0.2011335952545183,2.594404719909454,2247.068100001343
20,8,18,"(412.5, 237.5, 1.6163909269654968)",0.2466883910293521,736.5577392578125,-0.2011400368584057,2.5947616715862014,2227.2908999984797
20,8,21,"(387.5, 262.5, 2.2927863351327353)",0.2999936967299924,737.0851440429688,-0.2032409637633679,2.529376427096772,2209.340900000825
20,8,24,"(387.5, 312.5, 3.371997408476144)",0.4090297559409366,737.8268432617188,-0.2106585691074686,2.319967061777546,2243.307900000218
20,8,27,"(387.5, 362.5, 4.6920389042223976)",0.4491204419591696,739.4603271484375,-0.2098710727424897,1.9313066970873876,2253.776499997912
20,8,30,"(362.5, 387.5, 6.644563227708976)",0.503190299900571,742.3910522460938,-0.2011331504169302,1.6774277837451306,2234.5716000018
20,8,33,"(312.5, 387.5, 9.73254467824523)",0.750064936061646,747.8473510742188,-0.2058635118933107,1.448942349395424,2280.397099999391
20,8,36,"(312.5, 437.5, 13.134116007120344)",0.9005239821899114,754.1138916015625,-0.2094666784988175,0.9657251695934572,2221.137799999269
20,8,39,"(287.5, 462.5, 17.977012825427398)",0.578267067548939,787.2907104492188,-0.1951047384628683,0.5148837098710825,2237.295900002209
20,9,0,"(462.5, 487.5, 3.127296379115885)",0.6173961508129612,546.6729736328125,-0.2338999750038033,2.5362021150450444,2199.267099997087
20,9,3,"(437.5, 462.5, 4.032539977718922)",0.3925658117493744,733.6674194335938,-0.203070665593002,2.012613698977005,2190.3922999990755
20,9,6,"(387.5, 462.5, 6.644563227708976)",0.4482246622215443,738.8176879882812,-0.2009299733221262,1.5844666248492312,2237.6581999997143
20,9,9,"(337.5, 462.5, 10.942007264844266)",0.5108314805008318,749.0126342773438,-0.1965068431068423,1.0662062713118214,2225.044200000412
20,9,12,"(312.5, 437.5, 13.134116007120344)",0.7450783243364016,754.4069213867188,-0.2125613999407519,0.8804320652077826,2228.6824000002525
20,9,15,"(287.5, 412.5, 13.851283065501828)",0.6843538500445625,761.19091796875,-0.2071640510286073,0.7945550825442236,2235.520300000644
20,9,18,"(262.5, 387.5, 12.530028997518446)",0.7419283706026212,757.603759765625,-0.2104034158904249,0.9478633294677886,2247.2702999984904
20,9,21,"(237.5, 412.5, 16.71281874556001)",0.7502690731922251,772.3685302734375,-0.1990485177750124,0.734184182599922,2263.3320999993884
20,9,24,"(212.5, 437.5, 19.809611758762614)",0.8648265919331478,805.8658447265625,-0.2690777577372892,0.6144612343621094,2240.4038999993645
20,0,0,"(187.5, 387.5, 11.364582883745452)",1.029763961459173,743.9546508789062,-0.2224515661103498,1.8296858031734144,2220.017200001166
20,0,3,"(162.5, 412.5, 11.634380720059667)",0.8964210748227296,750.0155029296875,-0.2106505090176377,1.2954505652592865,2203.1282000025385
20,0,6,"(137.5, 437.5, 10.499382396270086)",0.5264675405051705,751.32861328125,-0.1951356551388291,1.0251147138150236,2221.0123000004387
20,0,9,"(162.5, 412.5, 11.634380720059667)",0.8238875252424709,751.7144165039062,-0.2089625008316606,1.2434792516404574,2210.949399999663
20,0,12,"(187.5, 437.5, 16.502195647044346)",0.7495909514683478,770.1057739257812,-0.2109571238067773,0.7188270639278482,2219.0131999996083
20,1,0,"(187.5, 387.5, 11.364582883745452)",1.0257181580796184,743.9273071289062,-0.2224515661103498,1.829685841272264,2207.2169999992184
20,1,3,"(237.5, 387.5, 13.016039592385813)",0.9604933197597234,751.8611450195312,-0.2146965659423075,1.2583630426363743,2216.5629000010085
20,1,6,"(262.5, 362.5, 9.841761282285685)",0.7331648369387471,746.953125,-0.2129045308336526,1.3394911421054532,2233.387100000982
20,1,9,"(287.5, 387.5, 11.306348749090457)",0.8389679625350327,746.9495239257812,-0.2219753046769864,1.3067888718717915,2265.2250999999524
20,1,12,"(312.5, 412.5, 11.543004562335339)",0.7291926695892219,754.2174072265625,-0.2121255838838396,1.044745261975053,2282.6620999985607
20,1,15,"(337.5, 437.5, 10.400297021568935)",0.5500118357247534,750.4251098632812,-0.1966485800491987,1.0503907216813912,2265.887699999439
20,1,18,"(312.5, 412.5, 11.543004562335339)",0.8360674831302235,749.9432373046875,-0.2123813564252749,1.282219823845604,2234.939199999644
20,1,21,"(287.5, 437.5, 16.365669713099226)",0.8002746385075107,768.2431640625,-0.2231854187821177,0.7523271070010493,2221.7289000000164
20,2,0,"(187.5, 387.5, 11.364582883745452)",1.0321837669406568,743.76513671875,-0.2224515661103498,1.8296857770137367,2210.311599999841
20,2,3,"(162.5, 362.5, 8.044975170611863)",0.5950225765281412,743.7125244140625,-0.1988529872504539,1.5857306702225409,2201.755400001275
20,2,6,"(162.5, 412.5, 11.634380720059667)",0.8817998193989827,751.25537109375,-0.2098184659206284,1.2458354023086735,2196.29089999944
20,2,9,"(187.5, 437.5, 16.502195647044346)",0.7775895924741292,767.89111328125,-0.209789465043806,0.7317979465609125,2210.913300001266
20,2,12,"(212.5, 412.5, 15.910281935579775)",0.7700720703848379,776.009765625,-0.2705928737087132,0.6342818270457893,2240.538699999888
20,2,15,"(237.5, 437.5, 21.459341898515387)",0.5828855355925482,804.1370849609375,-0.1946123367957923,0.3963982165622731,2257.129800000257
20,3,0,"(187.5, 387.5, 11.364582883745452)",1.0327760149480665,743.8773803710938,-0.2224515661103498,1.8296858244922825,2261.7736000029254
20,3,3,"(162.5, 362.5, 8.044975170611863)",0.5983350586280238,743.6415405273438,-0.1988529872504539,1.585730648306209,2248.6701999987417
20,3,6,"(162.5, 412.5, 11.634380720059667)",0.8755753282748949,751.5382690429688,-0.2098184659206284,1.2458353855335214,2253.66270000086
20,3,9,"(137.5, 387.5, 8.184609533832969)",0.4954021011288053,746.7809448242188,-0.196214100716342,1.268933330496559,2251.90140000268
20,3,12,"(187.5, 387.5, 11.364582883745452)",0.8765296426393328,747.92236328125,-0.212012122590127,1.4100724054718805,2234.1882000000624
20,3,15,"(212.5, 412.5, 15.910281935579775)",1.0812116540737118,756.9887084960938,-0.2682257119220475,0.9714672344939184,2202.186400001665
20,3,18,"(237.5, 437.5, 21.459341898515387)",0.6005227510468385,804.6929321289062,-0.1945781363403242,0.3966236037913033,2216.688800002885
20,4,0,"(187.5, 387.5, 11.364582883745452)",1.0274034762246298,743.7059936523438,-0.2224515661103498,1.8296858300005925,2193.724700002349
20,4,3,"(212.5, 362.5, 9.863883753989105)",0.6993469154464187,748.129638671875,-0.2008491375647296,1.36173198427772,2215.432699998928
20,4,6,"(237.5, 387.5, 13.016039592385813)",0.8607435837954678,753.5006103515625,-0.2151572647894093,1.1491193713225174,2248.808600001212
20,4,9,"(262.5, 412.5, 15.847883528411389)",1.0661051652449656,756.6712036132812,-0.2546184761416348,0.9150900647882942,2293.507000002137
20,4,12,"(287.5, 437.5, 16.365669713099226)",0.8014082124365152,768.3121337890625,-0.2201932516366358,0.7508968260050559,2254.109499997867
20,4,15,"(262.5, 412.5, 15.847883528411389)",0.8798018115097771,772.5614013671875,-0.2801743920006803,0.7176568474715712,2246.819700001652
20,4,18,"(237.5, 437.5, 21.459341898515387)",0.5792585212769482,805.7647705078125,-0.1945810014868002,0.3885839136401178,2251.137100000051
20,5,0,"(187.5, 387.5, 11.364582883745452)",1.0354779559552387,743.7866821289062,-0.2224515661103498,1.8296857974515568,2248.3537000007345
20,5,3,"(212.5, 412.5, 15.910281935579775)",1.1275861055266845,754.775390625,-0.2668315787382306,1.0256046731659103,2238.7851999992563
20,5,6,"(237.5, 437.5, 21.459341898515387)",0.9894803942564638,760.4439697265625,-0.2177087616742036,0.6733683793059017,2236.071100000117
20,6,0,"(187.5, 387.5, 11.364582883745452)",1.032069004497668,743.780029296875,-0.2224515661103498,1.82968578969382,2209.4031999986328
20,6,3,"(162.5, 412.5, 11.634380720059667)",0.8990365415955187,749.7478637695312,-0.2106505090176378,1.2954505451780816,2203.8667000015266
20,6,6,"(137.5, 437.5, 10.499382396270086)",0.5261594015348734,751.1920166015625,-0.1951356551388291,1.0251148061967543,2204.2999000004784
20,6,9,"(162.5, 412.5, 11.634380720059667)",0.8193626451337896,751.9265747070312,-0.2089625008316606,1.2434792718681051,2199.8072000023967
20,6,12,"(187.5, 437.5, 16.502195647044346)",0.7442298441154709,769.9615478515625,-0.2109571238067773,0.7188270341781242,2229.43270000178
20,7,0,"(187.5, 387.5, 11.364582883745452)",1.030153769160445,743.8025512695312,-0.2224515661103498,1.829685818576272,2242.932099998143
20,7,3,"(162.5, 412.5, 11.634380720059667)",0.7567457793238559,752.921630859375,-0.2103278293782989,1.104932496107088,2233.4595000029367
20,7,6,"(137.5, 437.5, 10.499382396270086)",0.5310894517968588,750.5501708984375,-0.1951379495797204,1.0284407171835437,2234.859599997435
20,7,9,"(162.5, 412.5, 11.634380720059667)",0.8263554813752165,751.8789672851562,-0.2089591156401967,1.2434647607878149,2241.375400000834
20,7,12,"(187.5, 437.5, 16.502195647044346)",0.760217084361956,769.538330078125,-0.2109571077607939,0.7188268614312273,2248.2861999997112
20,8,0,"(187.5, 387.5, 11.364582883745452)",1.033740276131785,743.7548828125,-0.2224515661103498,1.829685794916572,2251.571500000864
20,8,3,"(212.5, 362.5, 9.863883753989105)",0.8621028206415512,744.6396484375,-0.2126329759844436,1.5941146248513145,2247.197900000174
20,8,6,"(237.5, 387.5, 13.016039592385813)",0.8599418763860671,753.3036499023438,-0.2151635597338321,1.149195373167213,2230.6528000008257
20,8,9,"(262.5, 412.5, 15.847883528411389)",1.0678282054591202,757.1378784179688,-0.2546194100946155,0.915132273586781,2229.8388999988674
20,8,12,"(287.5, 437.5, 16.365669713099226)",0.8032476500109367,768.27001953125,-0.2201932603764961,0.7508967580648231,2228.772599999502
20,8,15,"(262.5, 412.5, 15.847883528411389)",0.8841369866938923,772.1337890625,-0.2801743814834336,0.7176568005738372,2230.041599999822
20,8,18,"(237.5, 437.5, 21.459341898515387)",0.5831073097698579,806.26806640625,-0.1945810085000179,0.3885838324129627,2239.29020000287
20,9,0,"(187.5, 387.5, 11.364582883745452)",1.0273564734376264,743.8519897460938,-0.2224515661103498,1.8296857962759967,2254.3661999989126
20,9,3,"(237.5, 387.5, 13.016039592385813)",0.957717239276515,751.8529663085938,-0.2146965659423075,1.2583630313009044,2251.723299999867
20,9,6,"(262.5, 362.5, 9.841761282285685)",0.7381587138841744,746.84912109375,-0.2129045308336525,1.339491143391271,2240.2288999983284
20,9,9,"(287.5, 387.5, 11.306348749090457)",0.8444790641582706,747.1519775390625,-0.2219753046769864,1.3067888482898786,2255.417000000307
20,9,12,"(262.5, 412.5, 15.847883528411389)",1.1228461670576353,754.5746459960938,-0.2718061577000858,1.0013635977352229,2270.266799998353
20,9,15,"(237.5, 437.5, 21.459341898515387)",0.5914055065520654,806.293212890625,-0.1945508663040103,0.3896048169215449,2254.663699997764
20,0,0,"(212.5, 487.5, 22.32743679833657)",1.188833069547942,560.398681640625,-0.2494402440908777,0.8153241484118516,2236.122400001477
20,0,3,"(212.5, 487.5, 22.32743679833657)",0.8838948498643215,577.999267578125,-0.2488906680541108,0.4264549036386977,2202.678100002231
20,1,0,"(212.5, 487.5, 22.32743679833657)",1.1806003905754483,560.3276977539062,-0.2494402440908777,0.8153242151186082,2238.916499998595
20,1,3,"(212.5, 487.5, 22.32743679833657)",0.8763672559090528,577.238525390625,-0.2488906680541108,0.4264547605543273,2239.958199999819
20,2,0,"(212.5, 487.5, 22.32743679833657)",1.195603468601962,560.6146850585938,-0.2494402440908777,0.8153241235099067,2215.367600001628
20,3,0,"(212.5, 487.5, 22.32743679833657)",1.1919956280119637,560.662109375,-0.2494402440908777,0.815324049226892,2225.247399997897
20,3,3,"(212.5, 487.5, 22.32743679833657)",0.8726299073712093,576.449462890625,-0.2488906680541107,0.4264545256691295,2215.357100001711
20,4,0,"(212.5, 487.5, 22.32743679833657)",1.1877114744870163,560.9015502929688,-0.2494402440908777,0.8153240654923941,2289.143999998487
20,4,3,"(212.5, 487.5, 22.32743679833657)",0.8721423695610729,577.5150146484375,-0.2488906680541108,0.4264548254920175,2268.3710000019346
20,5,0,"(212.5, 487.5, 22.32743679833657)",1.190512058440848,560.657470703125,-0.2494402440908777,0.8153240760592702,2214.758800000709
20,6,0,"(212.5, 487.5, 22.32743679833657)",1.190523432730617,560.6658325195312,-0.2494402440908777,0.815324029553839,2253.5639999987325
20,7,0,"(212.5, 487.5, 22.32743679833657)",1.1865062157697752,560.873779296875,-0.2494402440908777,0.8153243259659392,2247.906100001273
20,8,0,"(212.5, 487.5, 22.32743679833657)",1.1834544996861307,561.1420288085938,-0.2494402440908777,0.8153242247228545,2247.060600002442
20,9,0,"(212.5, 487.5, 22.32743679833657)",1.1853040252380698,560.7410888671875,-0.2494402440908776,0.8153241941896933,2326.2783999998646
