resolution,trial,step,observation,info_gain,pred_divergence,expected_accuracy,expected_Qs_entropy,inference_time_ms
2,0,0,"(437.5, 412.5, 3.7158125367455015)",0.044748433055728655,734.9554443359375,-1.2801502106436158,1.6770997832559627,86.63669999805279
2,0,1,"(437.5, 387.5, 3.41874755045311)",0.043999768363288144,0.0,-2.0080042124907984,0.7205053053745635,132.36569999935455
2,0,2,"(437.5, 362.5, 3.0693002026442198)",0.0052210651338149,0.0,-2.4516368275359692,0.2722024126288652,123.97870000131661
2,0,3,"(437.5, 362.5, 3.0693002026442198)",0.08034821002900637,736.9508056640625,-0.4603598008232607,0.5395528401098548,86.63930000329856
2,0,4,"(437.5, 337.5, 2.697731893066704)",0.21270021670424594,0.0,-0.942060874766151,0.44877681512706796,139.36050000120304
2,0,5,"(437.5, 312.5, 2.3288409680820936)",0.16709671417869085,0.0,-1.8004301594054872,0.7475874647399555,149.24629999950412
2,0,6,"(437.5, 312.5, 2.3288409680820936)",0.6418184698180052,736.2557373046875,-0.7056900217487893,1.7754389528169663,85.17370000117808
2,0,7,"(437.5, 287.5, 1.9802988879790537)",0.013171825774543348,0.0,-1.190073594597906,1.0313382120999637,149.3164000021352
2,0,8,"(437.5, 312.5, 2.3288409680820936)",0.0025550660987721423,0.0,-1.8375545462170104,0.8058928838079096,121.37710000024526
2,0,9,"(437.5, 312.5, 2.3288409680820936)",0.08328428262704178,735.4624633789062,-0.6435412505335107,1.1841143675336148,86.25040000333684
2,0,10,"(437.5, 287.5, 1.9802988879790537)",0.01133812566591675,0.0,-1.1998186061320668,1.114518414401571,138.05839999986347
2,0,11,"(437.5, 312.5, 2.3288409680820936)",0.0029132502774411356,0.0,-1.840338285698543,0.8285868276495612,126.65350000315811
2,0,12,"(437.5, 312.5, 2.3288409680820936)",0.08497967741534967,735.4832153320312,-0.6439082890772211,1.1857932380680605,86.61539999957313
2,0,13,"(412.5, 312.5, 2.8190600723806885)",0.3668406085876498,0.0,-1.3484400032702848,1.080804707274623,139.87120000092546
2,0,14,"(412.5, 287.5, 2.3680192003946603)",0.005690470958717881,0.0,-1.8854416251214312,0.4643860915737125,125.53499999921769
2,0,15,"(412.5, 287.5, 2.3680192003946603)",0.029651201629813675,736.6926879882812,-0.5632973857516136,1.0448256359726307,88.91270000094664
2,0,16,"(412.5, 312.5, 2.8190600723806885)",0.07200029072796638,0.0,-1.2678245353418234,0.8302839410288934,136.49910000094678
2,0,17,"(412.5, 312.5, 2.8190600723806885)",0.019474718719615335,0.0,-1.9438045845639582,0.3841678338201877,123.47800000134157
2,0,18,"(412.5, 312.5, 2.8190600723806885)",0.2350513435101304,737.0420532226562,-0.6921599825751303,1.1023463640653632,88.10230000017327
2,0,19,"(412.5, 287.5, 2.3680192003946603)",0.03129533477322015,0.0,-1.2638110314825834,0.7903148853997229,137.87949999823468
2,0,20,"(387.5, 287.5, 2.795360823982221)",0.004054243676362209,0.0,-1.8354871395618673,0.5312810316389267,122.93309999949997
2,0,21,"(387.5, 287.5, 2.795360823982221)",0.03934005181626192,737.444580078125,-0.5751993237974511,0.9807436086345496,90.84729999813135
2,0,22,"(387.5, 312.5, 3.371997408476144)",0.10867520005187283,0.0,-1.3124934930756325,0.5755248205535743,138.43189999897731
2,0,23,"(387.5, 287.5, 2.795360823982221)",0.0015320930009093947,0.0,-1.865780913734652,0.21024427238589596,122.31669999891892
2,0,24,"(387.5, 287.5, 2.795360823982221)",0.04422022804404675,737.4976196289062,-0.5662941564847928,0.796007514884063,86.2383999992744
2,0,25,"(387.5, 312.5, 3.371997408476144)",0.12863309654786867,0.0,-1.3093763234554492,0.5608434409352959,139.48939999681897
2,0,26,"(387.5, 287.5, 2.795360823982221)",0.005782301848102798,0.0,-1.8653740672220467,0.20567025832047112,121.83699999877717
2,0,27,"(387.5, 287.5, 2.795360823982221)",0.043953799623207356,737.4825439453125,-0.5661960873576448,0.7934943855175824,87.58939999825088
2,0,28,"(387.5, 312.5, 3.371997408476144)",0.12190813263968123,0.0,-1.3093298698624447,0.5606683805138093,139.0785000003234
2,0,29,"(387.5, 287.5, 2.795360823982221)",0.0012643490141885341,0.0,-1.86536763098392,0.2055971182309256,120.72799999805284
2,0,30,"(387.5, 287.5, 2.795360823982221)",0.042320231545156545,737.5054931640625,-0.5661944993234888,0.7934537979217186,87.5971000023128
2,0,31,"(387.5, 312.5, 3.371997408476144)",0.13075398097025506,0.0,-1.3093291053707437,0.5606654790674608,138.9391999982763
2,0,32,"(387.5, 287.5, 2.795360823982221)",0.0020528786505221706,0.0,-1.8653675229156799,0.2055958658779839,128.80569999833824
2,0,33,"(387.5, 287.5, 2.795360823982221)",0.04090132662826719,737.5090942382812,-0.5661944817698861,0.7934530843218813,89.81909999783966
2,0,34,"(387.5, 312.5, 3.371997408476144)",0.11904861093536082,0.0,-1.3093291096784485,0.5606655316672032,144.61859999937587
2,0,35,"(412.5, 312.5, 2.8190600723806885)",0.02988860259450568,0.0,-1.9910467711284088,0.2515849884724009,122.55060000097728
2,0,36,"(412.5, 312.5, 2.8190600723806885)",0.3330092370320818,737.2305908203125,-0.6917036819236531,1.1639447445402262,85.53000000028987
2,0,37,"(412.5, 287.5, 2.3680192003946603)",0.031846271212929274,0.0,-1.260130097836568,0.7557435378192999,141.79309999963152
2,0,38,"(387.5, 287.5, 2.795360823982221)",0.002737775755430734,0.0,-1.834501267498818,0.5232925011399943,122.14200000016717
2,0,39,"(387.5, 287.5, 2.795360823982221)",0.03722140344172141,737.4602661132812,-0.5750546498020015,0.9781969964751104,89.46120000109659
2,0,40,"(387.5, 312.5, 3.371997408476144)",0.11185603901754007,0.0,-1.3124539106651878,0.5751733827864202,135.52049999998417
2,0,41,"(387.5, 312.5, 3.371997408476144)",0.0500910431146783,0.0,-2.030334436657496,0.303551132146589,123.19100000240724
2,0,42,"(387.5, 312.5, 3.371997408476144)",0.5473011963537587,738.436279296875,-0.7249969304222168,1.4577455891386433,85.34879999933764
2,0,43,"(387.5, 287.5, 2.795360823982221)",0.07094114944791838,0.0,-1.3050129628716447,0.5270229538643684,145.5212999971991
2,0,44,"(362.5, 287.5, 3.2481324511568093)",0.003576439184442918,0.0,-1.8567380985491124,0.22386276453722326,122.34779999926104
2,0,45,"(362.5, 287.5, 3.2481324511568093)",0.06533967783338433,738.2374877929688,-0.5516574452308719,0.7499910652372069,85.79260000260547
2,0,46,"(362.5, 312.5, 3.972924796908688)",0.2582271821006261,0.0,-1.2989435936526676,0.5821270025690721,139.0949000015098
2,0,47,"(362.5, 287.5, 3.2481324511568093)",0.004330398204425338,0.0,-1.8500660470078865,0.09734975936965728,122.77410000024247
2,0,48,"(362.5, 287.5, 3.2481324511568093)",0.09153243856884764,738.370361328125,-0.5460693122604914,0.6194024508999468,88.3401999999478
2,0,49,"(387.5, 287.5, 2.795360823982221)",0.032849250373020826,0.0,-1.1267988185820377,0.6497128137502245,143.9576999982819
2,0,50,"(387.5, 312.5, 3.371997408476144)",0.0019599733253487074,0.0,-1.8600926346641589,0.23590244783050715,124.81409999963944
2,0,51,"(387.5, 312.5, 3.371997408476144)",0.18807696949469754,737.8292846679688,-0.7373164568448196,0.8342924170051925,87.37769999788725
2,0,52,"(387.5, 287.5, 2.795360823982221)",0.052853398106707125,0.0,-1.3073899834742213,0.5208654630232117,138.77359999969485
2,0,53,"(387.5, 312.5, 3.371997408476144)",0.00579883034032052,0.0,-2.040631628032676,0.1599225082155234,121.22649999946589
2,0,54,"(387.5, 312.5, 3.371997408476144)",0.30167007604313995,738.12548828125,-0.7348437630958712,1.0304467644185233,86.8296000007831
2,0,55,"(387.5, 287.5, 2.795360823982221)",0.04982064156177135,0.0,-1.3063198702531673,0.5224045806500903,136.16729999921517
2,0,56,"(387.5, 312.5, 3.371997408476144)",0.005444619804632667,0.0,-2.0404600582320573,0.15984677203867526,122.8958000028797
2,0,57,"(387.5, 312.5, 3.371997408476144)",0.315414212656658,738.0653686523438,-0.7347828815198304,1.034811148532233,89.0488999975787
2,0,58,"(387.5, 287.5, 2.795360823982221)",0.049088220527419506,0.0,-1.306302468239979,0.5224598662080169,137.2551000022213
2,0,59,"(387.5, 312.5, 3.371997408476144)",0.013635251671039602,0.0,-2.040457387598764,0.15984593760894145,121.81280000004335
2,0,60,"(387.5, 312.5, 3.371997408476144)",0.30828717584506704,738.0662841796875,-0.7347818878525046,1.0348822040534016,89.61620000263792
2,0,61,"(387.5, 287.5, 2.795360823982221)",0.05434664686571136,0.0,-1.306302208843821,0.522460753804789,139.2831999983173
2,0,62,"(362.5, 287.5, 3.2481324511568093)",0.0027906115477296183,0.0,-1.8570004408746597,0.22586459304546422,123.26469999970868
2,0,63,"(362.5, 287.5, 3.2481324511568093)",0.06719904566607848,738.2954711914062,-0.5517043444669169,0.75082687688154,88.07510000042384
2,0,64,"(337.5, 287.5, 3.7025046815464644)",0.09778023032569048,0.0,-1.061265650881549,0.541995109451578,137.51789999878383
2,0,65,"(337.5, 312.5, 4.592532186196013)",0.009051319832607032,0.0,-1.7468614236875637,0.17640569394118835,130.35450000097626
2,0,66,"(337.5, 312.5, 4.592532186196013)",0.3227696110397875,738.8434448242188,-0.6350983290134726,1.4526373538321955,124.57870000071125
2,0,67,"(337.5, 287.5, 3.7025046815464644)",0.4848590836608777,0.0,-1.1492448364042052,1.0879306514389724,146.4720000003581
2,0,68,"(337.5, 262.5, 2.964249814698708)",0.0004241448671865676,0.0,-1.6397394635637887,0.09955623538936773,163.0594000016572
2,0,69,"(337.5, 262.5, 2.964249814698708)",0.030899710882557926,738.759033203125,-0.4271380941078228,0.8275460643719307,84.82669999648351
2,1,0,"(437.5, 412.5, 3.7158125367455015)",0.04413847546807245,734.9349975585938,-1.2801502106436153,1.6770997807946224,89.80180000071414
2,1,1,"(437.5, 387.5, 3.41874755045311)",0.04698542966281603,0.0,-2.008004212490799,0.7205053053520878,140.41899999938323
2,1,2,"(437.5, 362.5, 3.0693002026442198)",0.007002926121144237,0.0,-2.4516368275359697,0.2722024126288653,121.28289999964181
2,1,3,"(437.5, 362.5, 3.0693002026442198)",0.0805240480946863,736.8915405273438,-0.4603598008232608,0.5395528621875352,86.72359999764012
2,1,4,"(437.5, 337.5, 2.697731893066704)",0.20501466366529625,0.0,-0.9420608747661509,0.4487768151641522,139.61120000021765
2,1,5,"(437.5, 312.5, 2.3288409680820936)",0.16479779283205015,0.0,-1.8004301594054872,0.7475874647399555,148.143300000811
2,1,6,"(437.5, 312.5, 2.3288409680820936)",0.6376992103755995,736.2335815429688,-0.7056900217487893,1.7754389189684623,88.25369999976829
2,1,7,"(437.5, 287.5, 1.9802988879790537)",0.02261301938811402,0.0,-1.190073594597906,1.0313382120201982,144.49929999682354
2,1,8,"(412.5, 287.5, 2.3680192003946603)",0.003114834738274231,0.0,-1.764973201215509,0.8916621392525538,121.3238000018464
2,1,9,"(412.5, 287.5, 2.3680192003946603)",0.022715883157893742,736.6458129882812,-0.572853374871523,1.2057586753333194,88.31529999952181
2,1,10,"(412.5, 312.5, 2.8190600723806885)",0.06463470439550788,0.0,-1.272273490004869,0.8632797603205518,138.89800000106334
2,1,11,"(412.5, 312.5, 2.8190600723806885)",0.011064582814786554,0.0,-1.9443490086054653,0.38865684325806865,124.21979999999166
2,1,12,"(412.5, 312.5, 2.8190600723806885)",0.23769911707752567,737.0414428710938,-0.6921204738708704,1.095777249478664,85.43690000078641
2,1,13,"(412.5, 287.5, 2.3680192003946603)",0.03340359684687328,0.0,-1.2638756379131966,0.7908145978961462,137.31249999909778
2,1,14,"(412.5, 312.5, 2.8190600723806885)",0.0028652884066163353,0.0,-1.9536823999641093,0.41930867994527543,123.28189999971073
2,1,15,"(412.5, 312.5, 2.8190600723806885)",0.1362971999728989,736.8674926757812,-0.6927086827720981,0.9684834579516262,85.70319999853382
2,1,16,"(412.5, 312.5, 2.8190600723806885)",0.4982238989771342,0.0,-1.4053788371043143,1.112894083290175,139.2440000017814
2,1,17,"(412.5, 287.5, 2.3680192003946603)",0.0015914989635326252,0.0,-1.9376849186285843,0.3728549949356082,132.2779999973136
2,1,18,"(412.5, 287.5, 2.3680192003946603)",0.0345994314766983,736.67919921875,-0.561229437944554,0.9960488141425854,88.93589999934193
2,1,19,"(412.5, 312.5, 2.8190600723806885)",0.0668011348839803,0.0,-1.2665867566658515,0.8185475625232465,138.06580000164104
2,1,20,"(387.5, 312.5, 3.371997408476144)",0.022448154787186907,0.0,-1.9849482133884935,0.3160310764923933,122.58680000013555
2,1,21,"(387.5, 312.5, 3.371997408476144)",0.4213556475619325,738.2539672851562,-0.7326770681422526,1.2606585527855185,88.07560000059311
2,1,22,"(387.5, 287.5, 2.795360823982221)",0.06917587525814001,0.0,-1.3068742023610893,0.5395559002284201,136.79389999742853
2,1,23,"(412.5, 287.5, 2.3680192003946603)",0.0016492757325358425,0.0,-1.8647829065750445,0.32847055876780434,123.3576999984507
2,1,24,"(412.5, 287.5, 2.3680192003946603)",0.02514209700316096,736.678466796875,-0.5618035236040182,0.9954580004877459,86.41359999819542
2,1,25,"(387.5, 287.5, 2.795360823982221)",0.03897573468256887,0.0,-1.1532368265664503,0.9750253615920239,150.51099999982398
2,1,26,"(362.5, 287.5, 3.2481324511568093)",0.005439442271987808,0.0,-1.7005095228757903,0.5683394662563322,127.46879999758676
2,1,27,"(362.5, 287.5, 3.2481324511568093)",0.05954807003669845,738.227783203125,-0.5573810866672744,0.8466075079259362,94.38159999990603
2,1,28,"(362.5, 312.5, 3.972924796908688)",0.22643655182728634,0.0,-1.3020198318290817,0.5321202795139791,138.0600999982562
2,1,29,"(362.5, 287.5, 3.2481324511568093)",0.001007002235102658,0.0,-1.8498686470941212,0.09463100651087332,121.63700000019162
2,1,30,"(362.5, 287.5, 3.2481324511568093)",0.0953756360674183,738.3767700195312,-0.5460868724516936,0.6191901071460094,85.45040000171866
2,1,31,"(337.5, 287.5, 3.7025046815464644)",0.09954421792778113,0.0,-1.0569347381508647,0.5042693840743901,140.17909999893163
2,1,32,"(337.5, 312.5, 4.592532186196013)",0.010917740563545626,0.0,-1.745823985580915,0.18174175316914432,121.77599999995437
2,1,33,"(337.5, 312.5, 4.592532186196013)",0.3255464659942153,738.9144897460938,-0.6320712364372987,1.463069973039833,119.90289999812376
2,1,34,"(337.5, 287.5, 3.7025046815464644)",0.4898358063580087,0.0,-1.1486906653435345,1.0906939385590328,147.4397999991197
2,1,35,"(337.5, 262.5, 2.964249814698708)",0.0005184791516500059,0.0,-1.6397359403585559,0.09956485506809035,163.15229999963776
2,1,36,"(337.5, 262.5, 2.964249814698708)",0.031507191372360716,738.742431640625,-0.42713747214172704,0.8274738936736608,86.6377000020293
2,1,37,"(337.5, 287.5, 3.7025046815464644)",0.0986696437628504,0.0,-0.9484968022782241,0.7715097428460622,140.00600000144914
2,1,38,"(337.5, 312.5, 4.592532186196013)",0.0007100075793745615,0.0,-1.6427552134069021,0.0988172576655549,124.89959999948042
2,1,39,"(337.5, 312.5, 4.592532186196013)",0.1571910821255121,739.7581176757812,-0.7117705559910984,0.728028428941696,96.92730000097072
2,1,40,"(337.5, 287.5, 3.7025046815464644)",0.3901895096889273,0.0,-1.1782900799887313,0.9010674897490727,144.55349999843747
2,1,41,"(337.5, 262.5, 2.964249814698708)",0.00036040763370675486,0.0,-1.6398842961711946,0.0982781610207319,161.69760000047972
2,1,42,"(337.5, 262.5, 2.964249814698708)",0.03155658545107986,738.7781372070312,-0.42715086961458054,0.8289926709195137,85.30729999984032
2,1,43,"(337.5, 287.5, 3.7025046815464644)",0.09743115039081743,0.0,-0.9485261215449825,0.7719404828154159,138.77050000155577
2,1,44,"(337.5, 312.5, 4.592532186196013)",0.0011562476865972166,0.0,-1.6427564193432203,0.09883924710760567,124.16200000006938
2,1,45,"(337.5, 312.5, 4.592532186196013)",0.15263774328929447,739.7012329101562,-0.7117743107323222,0.7279139203252541,101.0798999996041
2,1,46,"(337.5, 287.5, 3.7025046815464644)",0.40894124199600224,0.0,-1.178295527112709,0.9010239842506131,146.17640000142273
2,1,47,"(337.5, 262.5, 2.964249814698708)",0.00023134372895623507,0.0,-1.6398842961147821,0.09827791118825331,160.03519999867422
2,1,48,"(337.5, 262.5, 2.964249814698708)",0.02959161763740065,738.771240234375,-0.42715088436333537,0.8289929254340387,86.30589999665972
2,1,49,"(337.5, 287.5, 3.7025046815464644)",0.09650663262737169,0.0,-0.94852612720568,0.7719404816410483,137.77530000152183
2,1,50,"(337.5, 312.5, 4.592532186196013)",0.0014127860777041724,0.0,-1.6427564193432167,0.09883924710758411,123.60759999864968
2,1,51,"(337.5, 312.5, 4.592532186196013)",0.15379978248642745,739.7543334960938,-0.7117743107323226,0.7279139393752081,97.69770000275457
2,1,52,"(337.5, 287.5, 3.7025046815464644)",0.36857703709400397,0.0,-1.178295527112709,0.9010239842506131,145.5458999989787
2,1,53,"(337.5, 262.5, 2.964249814698708)",0.00026384812857363146,0.0,-1.639884296114782,0.09827791118825331,159.8424999974668
2,1,54,"(337.5, 262.5, 2.964249814698708)",0.030881586010672844,738.7567138671875,-0.42715088436333537,0.8289929196929444,85.43839999765623
2,1,55,"(337.5, 287.5, 3.7025046815464644)",0.09222708968483967,0.0,-0.9485261272056802,0.7719404816410484,138.03049999842187
2,1,56,"(337.5, 312.5, 4.592532186196013)",0.002037999064963317,0.0,-1.642756419343216,0.09883924710758409,121.74700000105076
2,1,57,"(337.5, 312.5, 4.592532186196013)",0.15248062692831793,739.7286376953125,-0.7117743107323227,0.7279139508684873,96.47929999846383
2,1,58,"(337.5, 287.5, 3.7025046815464644)",0.38326871877061386,0.0,-1.178295527112709,0.9010239842506134,145.95530000224244
2,1,59,"(337.5, 262.5, 2.964249814698708)",0.000360407633707178,0.0,-1.6398842961147821,0.09827791118825333,164.70729999855394
2,1,60,"(337.5, 262.5, 2.964249814698708)",0.03219631614336964,738.7743530273438,-0.42715088436333526,0.8289929181335317,83.7638999983028
2,1,61,"(337.5, 287.5, 3.7025046815464644)",0.09218372891589294,0.0,-0.9485261272056801,0.7719404816410484,139.59299999987707
2,1,62,"(337.5, 312.5, 4.592532186196013)",-2.414065642371794e-07,0.0,-1.6427564193432165,0.0988392471075841,122.02299999989918
2,1,63,"(337.5, 312.5, 4.592532186196013)",0.1549215767224489,739.7080078125,-0.7117743107323224,0.727913913114607,99.55439999976079
2,1,64,"(337.5, 287.5, 3.7025046815464644)",0.3930767133086933,0.0,-1.1782955271127091,0.9010239842506134,147.46680000098422
2,1,65,"(362.5, 287.5, 3.2481324511568093)",0.004044534328078918,0.0,-1.7503380036673866,0.18293306547154992,159.11380000034114
2,1,66,"(362.5, 287.5, 3.2481324511568093)",0.0824222492662422,738.3867797851562,-0.5456561874731466,0.5883030269832171,84.39630000066245
2,1,67,"(337.5, 287.5, 3.7025046815464644)",0.08912622551027713,0.0,-1.0563706802803536,0.49669369755838005,141.56419999926584
2,1,68,"(337.5, 312.5, 4.592532186196013)",0.011283395191020907,0.0,-1.7458913652463888,0.1807778356766968,121.83450000156881
2,1,69,"(337.5, 312.5, 4.592532186196013)",0.3281484386017147,738.9635009765625,-0.6323759839306283,1.4619604271479898,122.85730000076
2,2,0,"(437.5, 412.5, 3.7158125367455015)",0.04481396782186159,734.962646484375,-1.2801502106436156,1.6770997694800294,85.350199999084
2,2,1,"(437.5, 387.5, 3.41874755045311)",0.05033334222419539,0.0,-2.0080042124907984,0.7205053053480126,131.3216000016837
2,2,2,"(437.5, 362.5, 3.0693002026442198)",0.005221144606670602,0.0,-2.451636827535969,0.27220241262886524,119.90390000210027
2,2,3,"(437.5, 362.5, 3.0693002026442198)",0.07744699396033909,736.9490356445312,-0.46035980082326083,0.5395528588880104,82.34559999982594
2,2,4,"(437.5, 337.5, 2.697731893066704)",0.21384192463004592,0.0,-0.942060874766151,0.4487768150260949,138.59059999958845
2,2,5,"(437.5, 312.5, 2.3288409680820936)",0.1604188382625973,0.0,-1.8004301594054875,0.7475874647399555,149.79569999923115
2,2,6,"(437.5, 312.5, 2.3288409680820936)",0.6345937260125991,736.2954711914062,-0.7056900217487893,1.7754389034846767,86.50180000040564
2,2,7,"(437.5, 287.5, 1.9802988879790537)",0.028003977796041003,0.0,-1.190073594597906,1.031338212138519,148.16399999835994
2,2,8,"(412.5, 287.5, 2.3680192003946603)",0.002751484823724584,0.0,-1.7649732012155093,0.891662139252554,124.04840000090189
2,2,9,"(412.5, 287.5, 2.3680192003946603)",0.022940023696185793,736.6483764648438,-0.5728533748715229,1.2057586805193579,86.37459999954444
2,2,10,"(412.5, 312.5, 2.8190600723806885)",0.06310569410868984,0.0,-1.272273490004869,0.8632797603205518,137.77769999796874
2,2,11,"(412.5, 287.5, 2.3680192003946603)",0.001734709056715843,0.0,-1.816647499703061,0.5258244557625705,120.5370000025141
2,2,12,"(412.5, 287.5, 2.3680192003946603)",0.02575637134111152,736.6718139648438,-0.564516949917061,1.0619163779944047,86.40809999997145
2,2,13,"(412.5, 312.5, 2.8190600723806885)",0.06051400765976653,0.0,-1.268480143738631,0.8315065853715016,139.56989999860525
2,2,14,"(412.5, 312.5, 2.8190600723806885)",0.011399799336959704,0.0,-1.943851206095332,0.38410913539574965,122.21780000254512
2,2,15,"(412.5, 312.5, 2.8190600723806885)",0.24312999012921818,737.0706176757812,-0.6921107758287491,1.0985016558291674,87.79510000022128
2,2,16,"(412.5, 287.5, 2.3680192003946603)",0.029041197264053777,0.0,-1.2638201545075263,0.7903472837487328,139.18240000202786
2,2,17,"(387.5, 287.5, 2.795360823982221)",0.00400012265890574,0.0,-1.835489849481506,0.5313023912033393,123.5285999973712
2,2,18,"(387.5, 287.5, 2.795360823982221)",0.03664662422440944,737.4583740234375,-0.575199715929344,0.980748405679141,87.38090000042575
2,2,19,"(387.5, 312.5, 3.371997408476144)",0.10541066302364542,0.0,-1.31249358851941,0.5755225590916876,136.64869999774965
2,2,20,"(362.5, 312.5, 3.972924796908688)",0.06300648053491749,0.0,-2.0082544505772923,0.4061740136217362,122.86020000101416
2,2,21,"(362.5, 312.5, 3.972924796908688)",0.5677241275352417,739.4962768554688,-0.6205976837517111,1.6219685421408394,85.92940000016824
2,2,22,"(362.5, 287.5, 3.2481324511568093)",0.2048209702359109,0.0,-1.2717891538026591,0.6734286851169867,147.53639999980805
2,2,23,"(362.5, 287.5, 3.2481324511568093)",0.0018441692615616778,0.0,-1.8499234947377567,0.1175793425336114,131.2156000021787
2,2,24,"(362.5, 287.5, 3.2481324511568093)",0.07103727779250166,738.3499145507812,-0.5479616718741159,0.6629599766896433,86.56120000159717
2,2,25,"(362.5, 312.5, 3.972924796908688)",0.2985677501238513,0.0,-1.2965079601365292,0.60987508406412,139.4228999997722
2,2,26,"(362.5, 287.5, 3.2481324511568093)",0.012452047318175827,0.0,-1.8501531543300294,0.09857063907617186,123.7241000017093
2,2,27,"(362.5, 287.5, 3.2481324511568093)",0.08999391126184503,738.4389038085938,-0.5460469472159598,0.6188653078236426,87.02249999987544
2,2,28,"(387.5, 287.5, 2.795360823982221)",0.02680712269441429,0.0,-1.126749648595044,0.6491888024857634,153.76110000215704
2,2,29,"(387.5, 312.5, 3.371997408476144)",0.002305441846455468,0.0,-1.8600838245921898,0.23583138267000228,131.60490000154823
2,2,30,"(387.5, 312.5, 3.371997408476144)",0.19002533470312036,737.8839721679688,-0.7373156665050783,0.8343149597107622,88.86809999967227
2,2,31,"(387.5, 287.5, 2.795360823982221)",0.05102532083798929,0.0,-1.3073894323223902,0.5208621698364119,137.70220000151312
2,2,32,"(387.5, 312.5, 3.371997408476144)",0.005798830340314746,0.0,-2.0406315090369294,0.15992215253649786,120.45109999962733
2,2,33,"(387.5, 312.5, 3.371997408476144)",0.3089011528886664,738.13671875,-0.7348437539085825,1.0304477471476332,88.65069999956177
2,2,34,"(387.5, 287.5, 2.795360823982221)",0.07438734594855385,0.0,-1.3063198570752024,0.5224044803244703,137.80449999831035
2,2,35,"(387.5, 262.5, 2.2927863351327353)",0.0005188931245352705,0.0,-1.7800719063825818,0.4127243284931297,126.54889999976149
2,2,36,"(387.5, 262.5, 2.2927863351327353)",0.012118298676542528,737.2807006835938,-0.47656874141295247,1.2064832623707344,88.606900000741
2,2,37,"(387.5, 287.5, 2.795360823982221)",0.0443734159456182,0.0,-1.073677007148069,1.169470300927526,138.80970000172965
2,2,38,"(387.5, 312.5, 3.371997408476144)",0.005266600598885983,0.0,-1.7985708228221415,0.5082656888430329,123.29630000022007
2,2,39,"(387.5, 312.5, 3.371997408476144)",0.06112039906150713,737.7255249023438,-0.739610417366005,0.6132345427699412,84.96010000089882
2,2,40,"(362.5, 312.5, 3.972924796908688)",0.7051034136368051,0.0,-1.345754150905486,1.4035510114012293,131.01480000113952
2,2,41,"(362.5, 287.5, 3.2481324511568093)",0.019244910528339154,0.0,-1.9770060416053215,0.9611294022569882,162.2717999998713
2,2,42,"(362.5, 287.5, 3.2481324511568093)",0.12744793793341627,738.4888916015625,-0.5458721188627831,0.6435528710891419,84.090100001049
2,2,43,"(362.5, 287.5, 3.2481324511568093)",0.06041419537737796,0.0,-1.1063094266018032,0.5438283783341438,139.20800000050804
2,2,44,"(362.5, 312.5, 3.972924796908688)",0.006251573562615285,0.0,-1.850241593626432,0.1295197739785705,121.2974000009126
2,2,45,"(362.5, 312.5, 3.972924796908688)",0.36730402513942984,738.9378051757812,-0.7331075042033368,1.1640726364811411,124.46759999875212
2,2,46,"(362.5, 287.5, 3.2481324511568093)",0.1835723071683451,0.0,-1.2852793370359232,0.5726249915678274,149.7274999965157
2,2,47,"(362.5, 262.5, 2.6317000424023482)",0.00048613664694099114,0.0,-1.7567852257223966,0.19547313397705227,147.61619999990216
2,2,48,"(362.5, 262.5, 2.6317000424023482)",0.018938165705390798,737.935302734375,-0.4558771199890949,1.0151519185765117,86.0501999995904
2,2,49,"(362.5, 287.5, 3.2481324511568093)",0.06726438530784422,0.0,-1.0320703556168431,0.9618479489081182,138.47769999847515
2,2,50,"(362.5, 312.5, 3.972924796908688)",0.00215347607930669,0.0,-1.7651640871241352,0.2310428640179169,124.66639999911422
2,2,51,"(362.5, 312.5, 3.972924796908688)",0.10189166813513201,738.7164916992188,-0.7569275455180471,0.5235001012948322,87.5644999978249
2,2,52,"(362.5, 287.5, 3.2481324511568093)",0.1437070715477843,0.0,-1.2980244971467791,0.4347594882643951,143.65859999816166
2,2,53,"(387.5, 287.5, 2.795360823982221)",0.0007842534687470046,0.0,-1.8662080717763483,0.13257946801551254,128.37429999854066
2,2,54,"(387.5, 287.5, 2.795360823982221)",0.038353129397901586,737.5146484375,-0.5647039613233338,0.7407563298843772,87.65649999986636
2,2,55,"(362.5, 287.5, 3.2481324511568093)",0.055701772523677605,0.0,-1.1319014382130443,0.6899148926342333,138.1569999975909
2,2,56,"(362.5, 312.5, 3.972924796908688)",0.0027645428975355637,0.0,-1.8692206647576608,0.14723548950330634,124.18459999753395
2,2,57,"(362.5, 312.5, 3.972924796908688)",0.292096795112191,738.929443359375,-0.7444885413761756,1.001304720717616,112.81109999981709
2,2,58,"(362.5, 287.5, 3.2481324511568093)",0.18866797237227578,0.0,-1.2882096416901339,0.5475893715791009,148.9051999997173
2,2,59,"(362.5, 287.5, 3.2481324511568093)",0.001007081707947684,0.0,-1.8502381978681857,0.11544330000294463,139.1565999983868
2,2,60,"(362.5, 287.5, 3.2481324511568093)",0.07210127510052518,738.354736328125,-0.5479984652895153,0.6633652435827114,90.96780000254512
2,2,61,"(362.5, 312.5, 3.972924796908688)",0.28182630047684587,0.0,-1.296577542468151,0.6086912626149625,138.10690000173054
2,2,62,"(362.5, 287.5, 3.2481324511568093)",0.009851854915411958,0.0,-1.8501487108441443,0.09851195317563803,122.57139999928768
2,2,63,"(362.5, 287.5, 3.2481324511568093)",0.09520807204536275,738.396728515625,-0.5460471792939796,0.6188575822869216,84.52309999847785
2,2,64,"(362.5, 262.5, 2.6317000424023482)",0.01578223011122731,0.0,-1.0216751097336463,0.8876453290738084,147.46949999971548
2,2,65,"(362.5, 287.5, 3.2481324511568093)",0.007160983358818509,0.0,-1.5968958057787817,0.6446280531856904,121.55200000051991
2,2,66,"(362.5, 287.5, 3.2481324511568093)",0.05285737097635383,738.1981811523438,-0.5602067888911164,0.8766462482849836,87.40649999890593
2,2,67,"(362.5, 312.5, 3.972924796908688)",0.14003051106906655,0.0,-1.3050675479379603,0.43526895836278345,139.88000000244938
2,2,68,"(362.5, 287.5, 3.2481324511568093)",0.004187903366993195,0.0,-1.8494034422609258,0.088217103983005,123.44410000150674
2,2,69,"(362.5, 287.5, 3.2481324511568093)",0.08866958117590601,738.4113159179688,-0.5460829371927348,0.6165310328664143,86.1536000011256
2,3,0,"(437.5, 412.5, 3.7158125367455015)",0.04463758211381256,734.9328002929688,-1.2801502106436158,1.6770997830819963,86.81110000179615
2,3,1,"(437.5, 387.5, 3.41874755045311)",0.0492521000530195,0.0,-2.008004212490799,0.7205053053790096,129.69979999979842
2,3,2,"(437.5, 362.5, 3.0693002026442198)",0.00605243071912941,0.0,-2.4516368275359692,0.2722024126288652,124.6471999984351
2,3,3,"(437.5, 362.5, 3.0693002026442198)",0.07941825087136256,736.939453125,-0.4603598008232607,0.5395528430491434,87.42619999975432
2,3,4,"(437.5, 337.5, 2.697731893066704)",0.20831897015204723,0.0,-0.942060874766151,0.44877681513511813,141.3405999992392
2,3,5,"(437.5, 312.5, 2.3288409680820936)",0.16249300042790893,0.0,-1.8004301594054877,0.7475874647399556,147.63209999728133
2,3,6,"(437.5, 312.5, 2.3288409680820936)",0.637054282905267,736.2444458007812,-0.7056900217487894,1.775438898172155,87.51960000154213
2,3,7,"(437.5, 287.5, 1.9802988879790537)",0.026400427680543702,0.0,-1.190073594597906,1.0313382119933114,149.26339999874472
2,3,8,"(412.5, 287.5, 2.3680192003946603)",0.002884442918003626,0.0,-1.7649732012155097,0.8916621392525542,123.83179999960703
2,3,9,"(412.5, 287.5, 2.3680192003946603)",0.023942278050663842,736.6514892578125,-0.572853374871523,1.205758660986098,90.3346999984933
2,3,10,"(412.5, 312.5, 2.8190600723806885)",0.062413790400560665,0.0,-1.272273490004869,0.8632797603205516,138.31539999955567
2,3,11,"(387.5, 312.5, 3.371997408476144)",0.023754132290639465,0.0,-1.9856930389987897,0.31734523001189097,122.39359999875887
2,3,12,"(387.5, 312.5, 3.371997408476144)",0.4086808168141575,738.2116088867188,-0.733024564706962,1.244877994943633,85.21720000135247
2,3,13,"(387.5, 287.5, 2.795360823982221)",0.05791147721012518,0.0,-1.3069260549196078,0.5393112796625337,138.56870000017807
2,3,14,"(387.5, 262.5, 2.2927863351327353)",0.0004745472688228822,0.0,-1.7802553264537675,0.41474472987208466,131.6569000009622
2,3,15,"(387.5, 262.5, 2.2927863351327353)",0.01169343139092346,737.2764282226562,-0.4765887790703449,1.2075273082558733,86.00370000203839
2,3,16,"(387.5, 287.5, 2.795360823982221)",0.0428625343755745,0.0,-1.0737020850999697,1.1697469212882923,139.17120000041905
2,3,17,"(387.5, 312.5, 3.371997408476144)",0.004470362017547241,0.0,-1.7985748128577184,0.5083217338115921,124.64439999894239
2,3,18,"(387.5, 312.5, 3.371997408476144)",0.06316046954178763,737.7031860351562,-0.7396107203742464,0.6132436429773398,84.25139999962994
2,3,19,"(362.5, 312.5, 3.972924796908688)",0.7058988189913431,0.0,-1.3457540370873524,1.4035519157366887,130.37030000123195
2,3,20,"(362.5, 287.5, 3.2481324511568093)",0.030483168860259785,0.0,-1.977006021188413,0.9611295572440987,161.52450000299723
2,3,21,"(362.5, 287.5, 3.2481324511568093)",0.12529009862297164,738.4447631835938,-0.5458721217474256,0.6435529285305568,85.99189999949886
2,3,22,"(387.5, 287.5, 2.795360823982221)",0.031132070829570015,0.0,-1.1253080073686332,0.6338320408102016,144.51669999834849
2,3,23,"(362.5, 287.5, 3.2481324511568093)",0.005439442271985582,0.0,-1.6798947366180959,0.36859635194944296,123.83520000003045
2,3,24,"(362.5, 287.5, 3.2481324511568093)",0.061863484933445415,738.2701416015625,-0.5544241108499016,0.7965527217352243,86.27210000122432
2,3,25,"(362.5, 312.5, 3.972924796908688)",0.2518985913908477,0.0,-1.3008474535074481,0.5497713710477259,137.12760000271373
2,3,26,"(362.5, 287.5, 3.2481324511568093)",0.009995541845716115,0.0,-1.8499383354871668,0.09561222872344308,122.44550000104937
2,3,27,"(362.5, 287.5, 3.2481324511568093)",0.08891942437300515,738.41943359375,-0.5460784817579538,0.6191997937023149,90.96990000034566
2,3,28,"(337.5, 287.5, 3.7025046815464644)",0.1084999844832948,0.0,-1.0569224379191644,0.5041832662906753,139.44569999875966
2,3,29,"(337.5, 312.5, 4.592532186196013)",0.010915197432042199,0.0,-1.7458184362963896,0.1817765284963977,122.43749999834108
2,3,30,"(337.5, 312.5, 4.592532186196013)",0.3317269442893062,738.9151611328125,-0.6320540883838782,1.4631280090281096,123.82430000070599
2,3,31,"(337.5, 287.5, 3.7025046815464644)",0.48734240626072944,0.0,-1.1486875721064413,1.0907095732342131,145.92130000164616
2,3,32,"(337.5, 262.5, 2.964249814698708)",0.0004872463177883798,0.0,-1.639735945033366,0.09956496583333745,164.2303999979049
2,3,33,"(337.5, 262.5, 2.964249814698708)",0.029910317357473962,738.76171875,-0.4271374565744443,0.827473657799587,86.72570000271662
2,3,34,"(337.5, 287.5, 3.7025046815464644)",0.0942259111826311,0.0,-0.9484967962130487,0.7715097241133406,139.52689999860013
2,3,35,"(337.5, 312.5, 4.592532186196013)",-2.41406567543866e-07,0.0,-1.6427552134069026,0.0988172576655549,123.33119999675546
2,3,36,"(337.5, 312.5, 4.592532186196013)",0.15660928071882524,739.6949462890625,-0.7117705559910983,0.7280283990642232,96.19050000037532
2,3,37,"(337.5, 287.5, 3.7025046815464644)",0.3895467783848494,0.0,-1.1782900799887313,0.9010674897490726,146.0320000005595
2,3,38,"(337.5, 262.5, 2.964249814698708)",0.0005498709312317779,0.0,-1.6398842961711944,0.0982781610207319,160.78610000113258
2,3,39,"(337.5, 262.5, 2.964249814698708)",0.02857636741342234,738.7637329101562,-0.42715086961458043,0.828992675616663,86.33320000080857
2,3,40,"(337.5, 287.5, 3.7025046815464644)",0.09455466674930227,0.0,-0.9485261215449824,0.7719404828154159,140.26860000012675
2,3,41,"(337.5, 312.5, 4.592532186196013)",0.000710007579377587,0.0,-1.64275641934322,0.09883924710760567,121.91979999988689
2,3,42,"(337.5, 312.5, 4.592532186196013)",0.15375997190999932,739.7598876953125,-0.7117743107323224,0.7279139213167548,99.20640000200365
2,3,43,"(337.5, 287.5, 3.7025046815464644)",0.4075151205179501,0.0,-1.1782955271127087,0.9010239842506131,146.85399999871152
2,3,44,"(362.5, 287.5, 3.2481324511568093)",0.009416899954234096,0.0,-1.750338003667387,0.18293306547154992,158.8216000018292
2,3,45,"(362.5, 287.5, 3.2481324511568093)",0.08332311727336943,738.3999633789062,-0.5456561874731466,0.5883030485265535,86.87640000061947
2,3,46,"(362.5, 262.5, 2.6317000424023482)",0.015817798850757445,0.0,-1.020883767096771,0.8782310101518935,149.99639999950887
2,3,47,"(362.5, 287.5, 3.2481324511568093)",0.006602686519424783,0.0,-1.5966066334750484,0.6423134309305796,122.04790000032517
2,3,48,"(362.5, 287.5, 3.2481324511568093)",0.05423886036841291,738.1913452148438,-0.5601713397689063,0.8760737979741564,88.09019999898737
2,3,49,"(362.5, 312.5, 3.972924796908688)",0.13643290600535124,0.0,-1.305063947460677,0.43521743787344275,140.14449999740464
2,3,50,"(362.5, 287.5, 3.2481324511568093)",0.004330398204411226,0.0,-1.8494031121832666,0.08821351524786025,121.79520000063349
2,3,51,"(362.5, 287.5, 3.2481324511568093)",0.09174956834403462,738.4239501953125,-0.5460828126333732,0.6165260154242175,88.10900000025867
2,3,52,"(387.5, 287.5, 2.795360823982221)",0.034822688865164944,0.0,-1.1268587849305665,0.6503076515709043,143.65750000069966
2,3,53,"(362.5, 287.5, 3.2481324511568093)",0.004463674190146584,0.0,-1.6802896213540996,0.3718877582090409,122.30409999756375
2,3,54,"(362.5, 287.5, 3.2481324511568093)",0.05916093291612071,738.252197265625,-0.5544785428681537,0.7974867981658799,86.8399999999383
2,3,55,"(362.5, 312.5, 3.972924796908688)",0.24493971191890648,0.0,-1.3008756418850016,0.5493073227172793,150.812700001552
2,3,56,"(362.5, 287.5, 3.2481324511568093)",0.006682715689112653,0.0,-1.8499364492910109,0.09558667028314058,120.9140999999363
2,3,57,"(362.5, 287.5, 3.2481324511568093)",0.09344622507885665,738.4352416992188,-0.5460786519069863,0.6191974806011789,86.9447000004584
2,3,58,"(362.5, 262.5, 2.6317000424023482)",0.015819267761517642,0.0,-1.0217580191323004,0.8886206638940286,145.30740000191145
2,3,59,"(362.5, 287.5, 3.2481324511568093)",0.008335671698047484,0.0,-1.5969257484531778,0.6448670712528811,121.70749999859254
2,3,60,"(362.5, 287.5, 3.2481324511568093)",0.05652819554879972,738.20947265625,-0.5602104639432933,0.8767051952870435,85.24680000118678
2,3,61,"(362.5, 312.5, 3.972924796908688)",0.15472922357892668,0.0,-1.3050679159892802,0.4352742019323671,139.28210000085528
2,3,62,"(362.5, 287.5, 3.2481324511568093)",0.004187823894142614,0.0,-1.8494034876698828,0.08821751852324766,127.37959999867599
2,3,63,"(362.5, 287.5, 3.2481324511568093)",0.0905064010991208,738.4027709960938,-0.5460829519738808,0.6165315422677657,88.48399999988033
2,3,64,"(362.5, 262.5, 2.6317000424023482)",0.01574733686512164,0.0,-1.0217985354792738,0.8890969241491716,146.74070000182837
2,3,65,"(362.5, 287.5, 3.2481324511568093)",0.007270894323784227,0.0,-1.5969403551837598,0.6449837851722624,121.8869000003906
2,3,66,"(362.5, 287.5, 3.2481324511568093)",0.05536958790877397,738.20263671875,-0.5602122529433029,0.8767340124313154,88.97300000171526
2,3,67,"(362.5, 312.5, 3.972924796908688)",0.14470184386028778,0.0,-1.3050681158725999,0.43527673487981444,141.09499999904074
2,3,68,"(362.5, 287.5, 3.2481324511568093)",0.00014559588940775794,0.0,-1.8494035051849302,0.08821764651221987,121.86450000081095
2,3,69,"(362.5, 287.5, 3.2481324511568093)",0.09089838365902794,738.3956298828125,-0.5460829618014218,0.6165317312814768,88.42120000190334
2,4,0,"(437.5, 412.5, 3.7158125367455015)",0.045066045781035194,734.93603515625,-1.2801502106436156,1.677099778674697,85.83859999998822
2,4,1,"(437.5, 387.5, 3.41874755045311)",0.050676888332917495,0.0,-2.008004212490798,0.720505305383702,132.1395000013581
2,4,2,"(437.5, 362.5, 3.0693002026442198)",0.004801448434591256,0.0,-2.4516368275359692,0.2722024126288652,123.26540000140085
2,4,3,"(437.5, 362.5, 3.0693002026442198)",0.0774671912372436,737.0048828125,-0.4603598008232608,0.5395528410037076,86.11709999968298
2,4,4,"(437.5, 337.5, 2.697731893066704)",0.20716465081852894,0.0,-0.942060874766151,0.4487768150646379,139.31140000204323
2,4,5,"(437.5, 312.5, 2.3288409680820936)",0.16585247715313958,0.0,-1.800430159405487,0.7475874647399553,148.74170000257436
2,4,6,"(437.5, 312.5, 2.3288409680820936)",0.6368024671250495,736.2737426757812,-0.7056900217487893,1.7754388971578685,87.3862000007648
2,4,7,"(437.5, 287.5, 1.9802988879790537)",0.022911033492072276,0.0,-1.190073594597906,1.0313382120228645,147.71489999839105
2,4,8,"(437.5, 287.5, 1.9802988879790537)",0.001686906131603952,0.0,-1.7405750431580167,0.9564797938563528,123.94739999945159
2,4,9,"(437.5, 287.5, 1.9802988879790537)",0.01434362940722711,735.402099609375,-0.5492254620688013,1.308204277737178,85.33140000145067
2,4,10,"(412.5, 287.5, 2.3680192003946603)",0.026730747764969916,0.0,-1.1322577643318226,1.2398598509737522,134.43019999976968
2,4,11,"(412.5, 312.5, 2.8190600723806885)",0.003097667048387505,0.0,-1.821661442515238,0.7609242523900211,122.15300000025309
2,4,12,"(412.5, 312.5, 2.8190600723806885)",0.08331769334695946,736.8046264648438,-0.6969906895119451,0.9401882989022312,89.77519999825745
2,4,13,"(412.5, 287.5, 2.3680192003946603)",0.025072282887121006,0.0,-1.2678807380273418,0.8218965992594838,139.34840000001714
2,4,14,"(387.5, 287.5, 2.795360823982221)",0.00394592216858953,0.0,-1.836499961714006,0.5393936230811915,121.849299997848
2,4,15,"(387.5, 287.5, 2.795360823982221)",0.039759324785244875,737.4218139648438,-0.5753453120149759,0.9830850518939755,88.63769999879878
2,4,16,"(362.5, 287.5, 3.2481324511568093)",0.05673427683667031,0.0,-1.1388011753435212,0.7560049877489812,138.64789999934146
2,4,17,"(362.5, 312.5, 3.972924796908688)",0.0014444192250699741,0.0,-1.8697906750737614,0.15194857002763473,123.59210000067833
2,4,18,"(362.5, 312.5, 3.972924796908688)",0.2839985907130541,738.8411254882812,-0.7449692825282309,0.9932260581410438,109.84199999802513
2,4,19,"(362.5, 287.5, 3.2481324511568093)",0.1768383986023604,0.0,-1.2883745558995972,0.5463347375010317,143.707600000198
2,4,20,"(387.5, 287.5, 2.795360823982221)",0.0013317419216015084,0.0,-1.8660241143477294,0.13387583418563553,129.75359999836655
2,4,21,"(387.5, 287.5, 2.795360823982221)",0.03934950220404559,737.5148315429688,-0.5646785509185452,0.7403613336858748,85.61850000114646
2,4,22,"(387.5, 312.5, 3.371997408476144)",0.12310452041053056,0.0,-1.3085515982803497,0.5474394682991293,139.84809999965364
2,4,23,"(387.5, 287.5, 2.795360823982221)",0.0015320930009157835,0.0,-1.8652502874017989,0.20429106336676403,124.16490000032354
2,4,24,"(387.5, 287.5, 2.795360823982221)",0.041391819187062175,737.5372314453125,-0.566167270148831,0.7925614298525182,86.88880000045174
2,4,25,"(387.5, 312.5, 3.371997408476144)",0.12031552643952959,0.0,-1.30931620167109,0.5604479710679331,137.8154000012728
2,4,26,"(387.5, 287.5, 2.795360823982221)",0.0008537922209788222,0.0,-1.865365585883911,0.20557471198952856,121.94459999955143
2,4,27,"(387.5, 287.5, 2.795360823982221)",0.04542002390584919,737.5413818359375,-0.5661940395350388,0.7934385836927047,87.18370000133291
2,4,28,"(362.5, 287.5, 3.2481324511568093)",0.06030326622266971,0.0,-1.1332436173318388,0.7038750162532111,139.64770000166027
2,4,29,"(362.5, 312.5, 3.972924796908688)",0.003475824991870237,0.0,-1.8693163119080558,0.1485269907081456,122.74849999812432
2,4,30,"(362.5, 312.5, 3.972924796908688)",0.29814316909924105,738.9174194335938,-0.7443835805267559,1.0035487355953234,112.35019999730866
2,4,31,"(362.5, 287.5, 3.2481324511568093)",0.1792369335725006,0.0,-1.2881785447363185,0.5479926807673378,146.565200000623
2,4,32,"(362.5, 262.5, 2.6317000424023482)",0.0003309261519468711,0.0,-1.7568204124051026,0.19602344715888467,143.1536000018241
2,4,33,"(362.5, 262.5, 2.6317000424023482)",0.018439823813060346,737.9270629882812,-0.45588682684909565,1.0158269504474875,88.94960000179708
2,4,34,"(362.5, 287.5, 3.2481324511568093)",0.06674546016298838,0.0,-1.0320851627829568,0.9620317177191791,138.2859000004828
2,4,35,"(362.5, 312.5, 3.972924796908688)",0.0014444192250617576,0.0,-1.7651652029662381,0.23106381710528712,123.8660000017262
2,4,36,"(362.5, 312.5, 3.972924796908688)",0.10698816317307719,738.7049560546875,-0.7569276330828429,0.5234916381298405,88.58219999819994
2,4,37,"(362.5, 287.5, 3.2481324511568093)",0.13797202260773353,0.0,-1.2980248316980085,0.4347559961036243,147.4278999994567
2,4,38,"(362.5, 262.5, 2.6317000424023482)",0.0005461386560148595,0.0,-1.7568884506999378,0.19699932071143483,138.11299999724724
2,4,39,"(362.5, 262.5, 2.6317000424023482)",0.019615650813113766,737.9310913085938,-0.45590487385796585,1.0170782511330287,86.31229999809875
2,4,40,"(362.5, 287.5, 3.2481324511568093)",0.06894886782345644,0.0,-1.0321125692358233,0.9623724846548936,138.25030000225524
2,4,41,"(362.5, 312.5, 3.972924796908688)",0.0010866324106916735,0.0,-1.7651673063624445,0.2311023924364918,123.69910000052187
2,4,42,"(362.5, 312.5, 3.972924796908688)",0.1087298064070397,738.7186279296875,-0.7569280242976207,0.5234330989900082,86.99060000071768
2,4,43,"(362.5, 287.5, 3.2481324511568093)",0.12147221170105785,0.0,-1.2980263775640526,0.4347337957306924,144.7662999999011
2,4,44,"(362.5, 262.5, 2.6317000424023482)",0.0004402808068943302,0.0,-1.756888488849671,0.19699966009292832,141.68250000147964
2,4,45,"(362.5, 262.5, 2.6317000424023482)",0.01913268680290991,737.9115600585938,-0.45590490108128956,1.0170785264836801,86.00519999890821
2,4,46,"(362.5, 287.5, 3.2481324511568093)",0.0661947985647714,0.0,-1.0321125857417026,0.9623725103025556,138.15609999801381
2,4,47,"(362.5, 312.5, 3.972924796908688)",0.002153476079302811,0.0,-1.765167306362445,0.23110239243649183,123.75590000010561
2,4,48,"(362.5, 312.5, 3.972924796908688)",0.10768335969310676,738.676513671875,-0.7569280242976207,0.5234331028034491,84.63040000060573
2,4,49,"(362.5, 287.5, 3.2481324511568093)",0.13504085090188558,0.0,-1.2980263775640524,0.43473379573069226,146.1605000004056
2,4,50,"(362.5, 287.5, 3.2481324511568093)",0.0017063633228425507,0.0,-1.850496839818021,0.11259077278820773,125.9353999994346
2,4,51,"(362.5, 287.5, 3.2481324511568093)",0.0697199720786362,738.32861328125,-0.5480177199268683,0.662893259347236,89.95669999785605
2,4,52,"(362.5, 312.5, 3.972924796908688)",0.29898355454017767,0.0,-1.2966579535822564,0.6070929732771349,139.1156999998202
2,4,53,"(362.5, 287.5, 3.2481324511568093)",0.014801026632316793,0.0,-1.8501422886562164,0.09842916769593882,121.33489999905578
2,4,54,"(362.5, 287.5, 3.2481324511568093)",0.09400266947667729,738.3525390625,-0.5460472069330474,0.6188347424128299,87.12750000267988
2,4,55,"(387.5, 287.5, 2.795360823982221)",0.027150853955512703,0.0,-1.1267506669656717,0.6491993077829931,144.0072000004875
2,4,56,"(387.5, 312.5, 3.371997408476144)",0.0010818776985099712,0.0,-1.860084060379022,0.23583265858482802,127.07700000100886
2,4,57,"(387.5, 312.5, 3.371997408476144)",0.18501187021282695,737.8131713867188,-0.7373156527329371,0.8343123888174875,87.07199999844306
2,4,58,"(387.5, 287.5, 2.795360823982221)",0.05974661649002626,0.0,-1.3073894754830107,0.5208622311142302,137.12419999865233
2,4,59,"(362.5, 287.5, 3.2481324511568093)",0.0023890351876664287,0.0,-1.8572210742263775,0.22753633899236517,123.1013000033272
2,4,60,"(362.5, 287.5, 3.2481324511568093)",0.06522665179174525,738.2824096679688,-0.5517434473922792,0.7514691785985677,84.95539999785251
2,4,61,"(337.5, 287.5, 3.7025046815464644)",0.10009396831000353,0.0,-1.061285511941702,0.5421246587840312,138.39110000117216
2,4,62,"(337.5, 312.5, 4.592532186196013)",0.013075031340100789,0.0,-1.7468693077879898,0.17635399654490228,132.14890000017476
2,4,63,"(337.5, 312.5, 4.592532186196013)",0.32297509286513454,738.8865966796875,-0.6351238059184257,1.4525451461553163,124.30650000169408
2,4,64,"(337.5, 287.5, 3.7025046815464644)",0.4453642307012804,0.0,-1.1492495447527835,1.087906644618102,147.69579999847338
2,4,65,"(337.5, 262.5, 2.964249814698708)",0.000392435196166159,0.0,-1.6397395002724204,0.09955603313832793,172.3755999992136
2,4,66,"(337.5, 262.5, 2.964249814698708)",0.030064868555287852,738.766845703125,-0.42713811109031286,0.827546325565803,85.75869999913266
2,4,67,"(337.5, 287.5, 3.7025046815464644)",0.10387812952882504,0.0,-0.9484982022413684,0.7715303124894123,152.86769999875105
2,4,68,"(337.5, 312.5, 4.592532186196013)",0.0008865168007721753,0.0,-1.642755264681629,0.09881842060008869,124.69699999928707
2,4,69,"(337.5, 312.5, 4.592532186196013)",0.15514327871688569,739.7018432617188,-0.7117706301440172,0.7280263471641673,99.26030000133323
2,5,0,"(437.5, 412.5, 3.7158125367455015)",0.04407784707813762,734.9397583007812,-1.2801502106436158,1.6770997737333668,85.40549999815994
2,5,1,"(437.5, 387.5, 3.41874755045311)",0.050816569688448554,0.0,-2.008004212490798,0.7205053053247379,130.70419999712612
2,5,2,"(437.5, 362.5, 3.0693002026442198)",0.005221144606670654,0.0,-2.4516368275359692,0.2722024126288653,122.61260000013863
2,5,3,"(437.5, 362.5, 3.0693002026442198)",0.07835822306154491,736.9493408203125,-0.46035980082326083,0.5395528572504429,86.28699999826495
2,5,4,"(437.5, 337.5, 2.697731893066704)",0.2193500281837057,0.0,-0.9420608747661507,0.44877681515252604,140.25279999987106
2,5,5,"(437.5, 312.5, 2.3288409680820936)",0.1619889040788368,0.0,-1.8004301594054872,0.7475874647399555,149.36169999782578
2,5,6,"(437.5, 312.5, 2.3288409680820936)",0.6406857323998116,736.2371215820312,-0.7056900217487893,1.7754388998856916,86.27210000122432
2,5,7,"(437.5, 287.5, 1.9802988879790537)",0.027904852166124764,0.0,-1.190073594597906,1.0313382121438293,147.58179999989807
2,5,8,"(437.5, 287.5, 1.9802988879790537)",0.0016128374263648512,0.0,-1.740575043158017,0.956479793856353,122.32849999782047
2,5,9,"(437.5, 287.5, 1.9802988879790537)",0.01663461960001465,735.39892578125,-0.5492254620688012,1.3082042492790147,83.18009999857168
2,5,10,"(437.5, 312.5, 2.3288409680820936)",0.041464045004635394,0.0,-1.203234595342405,1.1458744837467636,138.00300000002608
2,5,11,"(437.5, 287.5, 1.9802988879790537)",0.0013750546301420218,0.0,-1.7341769267037244,0.9096988710085822,122.47610000122222
2,5,12,"(437.5, 287.5, 1.9802988879790537)",0.016319055061870258,735.4070434570312,-0.5473660974482769,1.2793492041433079,83.55560000200057
2,5,13,"(437.5, 312.5, 2.3288409680820936)",0.03848289383140452,0.0,-1.2021913056610214,1.1386008732636947,146.22109999982058
2,5,14,"(412.5, 312.5, 2.8190600723806885)",0.005425983419040877,0.0,-1.8826500595404243,0.6326185509956911,125.65329999779351
2,5,15,"(412.5, 312.5, 2.8190600723806885)",0.20537598867915102,736.9362182617188,-0.6955920816753784,1.11785369349648,86.42699999836623
2,5,16,"(412.5, 287.5, 2.3680192003946603)",0.02835479968476258,0.0,-1.2666389423316406,0.8154660360075754,138.2359000017459
2,5,17,"(412.5, 312.5, 2.8190600723806885)",0.005890184392513601,0.0,-1.954284752149447,0.4239805319703869,120.61810000159312
2,5,18,"(412.5, 312.5, 2.8190600723806885)",0.14209562799371575,736.8567504882812,-0.6927760822456805,0.9692905073761259,86.98269999877084
2,5,19,"(412.5, 287.5, 2.3680192003946603)",0.02938999876861214,0.0,-1.2653775879363107,0.80204402007507,138.79760000054375
2,5,20,"(412.5, 312.5, 2.8190600723806885)",0.0031741994122749828,0.0,-1.9540225653997487,0.42186320964634844,119.9620999977924
2,5,21,"(412.5, 312.5, 2.8190600723806885)",0.13463337048078272,736.8531494140625,-0.6927400110201741,0.9672740605336028,87.10680000149296
2,5,22,"(412.5, 287.5, 2.3680192003946603)",0.029111885979578228,0.0,-1.2653575377028652,0.8018309769759315,138.3886999974493
2,5,23,"(387.5, 287.5, 2.795360823982221)",0.003781333876152622,0.0,-1.835888991442534,0.5345088140452775,123.57259999771486
2,5,24,"(387.5, 287.5, 2.795360823982221)",0.03706824080095966,737.4542236328125,-0.5752575590570713,0.9816623969574,87.91810000184341
2,5,25,"(387.5, 312.5, 3.371997408476144)",0.11368038762122182,0.0,-1.3125094787700124,0.5754927158735104,140.09059999807505
2,5,26,"(387.5, 312.5, 3.371997408476144)",0.04894345502064456,0.0,-2.030343125258759,0.30344516290520346,124.90609999804292
2,5,27,"(387.5, 312.5, 3.371997408476144)",0.5485379852813639,738.3848266601562,-0.7250038889606694,1.4575706219919373,86.65210000253865
2,5,28,"(387.5, 287.5, 2.795360823982221)",0.0622549358264166,0.0,-1.3050136386339948,0.5270219608830203,151.0870000020077
2,5,29,"(387.5, 312.5, 3.371997408476144)",0.009820315986859634,0.0,-2.0402526307414464,0.15961518569122268,122.47059999936027
2,5,30,"(387.5, 312.5, 3.371997408476144)",0.31087504609278277,738.158935546875,-0.734715460357207,1.0393224382868276,84.33380000133184
2,5,31,"(387.5, 287.5, 2.795360823982221)",0.06327940017235198,0.0,-1.3062814143265393,0.5224847468275124,141.63960000223597
2,5,32,"(387.5, 287.5, 2.795360823982221)",0.0018597596014563063,0.0,-1.873547554512452,0.27786418590281176,122.0924000008381
2,5,33,"(387.5, 287.5, 2.795360823982221)",0.037016666016088606,737.4940185546875,-0.5694829351788684,0.8676307838456411,85.63849999700324
2,5,34,"(362.5, 287.5, 3.2481324511568093)",0.060253853040158095,0.0,-1.1356257283742257,0.72646899673485,137.44020000012824
2,5,35,"(362.5, 312.5, 3.972924796908688)",0.002153555552178429,0.0,-1.8695393120022794,0.14985975292891882,120.93900000036228
2,5,36,"(362.5, 312.5, 3.972924796908688)",0.294550691282091,738.904052734375,-0.7447631349509399,0.9967075529011709,109.56079999959911
2,5,37,"(362.5, 287.5, 3.2481324511568093)",0.17870895365003459,0.0,-1.2883032639436196,0.5468763242897041,148.1153999993694
2,5,38,"(362.5, 262.5, 2.6317000424023482)",0.0004093658644708915,0.0,-1.7568218813506509,0.19604568946946466,140.61489999949117
2,5,39,"(362.5, 262.5, 2.6317000424023482)",0.01919496066889578,737.9379272460938,-0.45588723118695906,1.015854258581843,88.65309999964666
2,5,40,"(362.5, 287.5, 3.2481324511568093)",0.06584130930055954,0.0,-1.032085737303057,0.9620391708696201,138.10989999910817
2,5,41,"(362.5, 312.5, 3.972924796908688)",0.0017999807993582734,0.0,-1.765165279367671,0.23106460102670842,123.23029999970458
2,5,42,"(362.5, 312.5, 3.972924796908688)",0.1013697560621577,738.6849975585938,-0.7569276339188713,0.5234913086367071,88.61400000023423
2,5,43,"(362.5, 287.5, 3.2481324511568093)",0.13091022722369244,0.0,-1.298024814564567,0.4347558478343153,143.6111000002711
2,5,44,"(362.5, 262.5, 2.6317000424023482)",0.000486136646941144,0.0,-1.756888450699938,0.19699932071143486,132.6727999985451
2,5,45,"(362.5, 262.5, 2.6317000424023482)",0.019089296387981253,737.9260864257812,-0.45590487385796585,1.0170782432351653,86.0108000015316
2,5,46,"(362.5, 287.5, 3.2481324511568093)",0.06860833663593852,0.0,-1.032112569235823,0.9623724846548934,138.23689999844646
2,5,47,"(362.5, 312.5, 3.972924796908688)",0.002504905064899446,0.0,-1.7651673063624442,0.2311023924364918,124.32350000017323
2,5,48,"(362.5, 312.5, 3.972924796908688)",0.10656056378970968,738.719482421875,-0.756928024297621,0.5234330901119176,85.66489999793703
2,5,49,"(362.5, 287.5, 3.2481324511568093)",0.1448829508152023,0.0,-1.2980263775640528,0.4347337957306924,145.29330000004848
2,5,50,"(362.5, 262.5, 2.6317000424023482)",0.0003625563501076042,0.0,-1.756888488849671,0.19699966009292838,143.66030000019236
2,5,51,"(362.5, 262.5, 2.6317000424023482)",0.018623904416941877,737.931884765625,-0.4559049010812896,1.0170785301402658,86.05360000001383
2,5,52,"(362.5, 287.5, 3.2481324511568093)",0.07022965773245184,0.0,-1.0321125857417024,0.9623725103025553,140.39989999946556
2,5,53,"(362.5, 312.5, 3.972924796908688)",0.0014444192250604056,0.0,-1.7651673063624447,0.2311023924364918,121.64390000179992
2,5,54,"(362.5, 312.5, 3.972924796908688)",0.10899703348664759,738.7066040039062,-0.7569280242976208,0.5234331223908606,87.99720000024536
2,5,55,"(362.5, 287.5, 3.2481324511568093)",0.11490002410301875,0.0,-1.2980263775640528,0.4347337957306924,148.1223000009777
2,5,56,"(362.5, 262.5, 2.6317000424023482)",0.0003782919763277329,0.0,-1.756888488849671,0.19699966009292835,140.6611000020348
2,5,57,"(362.5, 262.5, 2.6317000424023482)",0.018732918099553547,737.9382934570312,-0.45590490108128956,1.0170785221781629,87.11989999937941
2,5,58,"(362.5, 287.5, 3.2481324511568093)",0.06486349948740774,0.0,-1.0321125857417024,0.9623725103025553,141.95459999973536
2,5,59,"(362.5, 312.5, 3.972924796908688)",0.0025049050648965525,0.0,-1.765167306362445,0.23110239243649183,119.62330000096699
2,5,60,"(362.5, 312.5, 3.972924796908688)",0.10733641797386875,738.7085571289062,-0.756928024297621,0.5234331187436762,87.41159999772208
2,5,61,"(362.5, 287.5, 3.2481324511568093)",0.14005556926659038,0.0,-1.2980263775640526,0.4347337957306923,144.28439999755938
2,5,62,"(362.5, 262.5, 2.6317000424023482)",0.0005611590264979508,0.0,-1.7568884888496714,0.19699966009292838,138.51319999957923
2,5,63,"(362.5, 262.5, 2.6317000424023482)",0.019276903072458076,737.9259643554688,-0.4559049010812895,1.01707852576122,84.7408000008727
2,5,64,"(362.5, 287.5, 3.2481324511568093)",0.06820532034654167,0.0,-1.0321125857417026,0.9623725103025554,139.37179999993532
2,5,65,"(362.5, 312.5, 3.972924796908688)",0.0021535555521673163,0.0,-1.765167306362445,0.23110239243649183,121.30679999972926
2,5,66,"(362.5, 312.5, 3.972924796908688)",0.10254744158142022,738.7504272460938,-0.7569280242976207,0.5234331078243942,86.61479999864241
2,5,67,"(362.5, 287.5, 3.2481324511568093)",0.13727781539467365,0.0,-1.2980263775640526,0.4347337957306924,143.76959999935934
2,5,68,"(362.5, 262.5, 2.6317000424023482)",0.0006343535302817,0.0,-1.7568884888496712,0.19699966009292838,139.5209000002069
2,5,69,"(362.5, 262.5, 2.6317000424023482)",0.018808562076450475,737.936767578125,-0.4559049010812896,1.017078526608637,86.31009999953676
2,6,0,"(437.5, 412.5, 3.7158125367455015)",0.04413340500542225,734.9443359375,-1.2801502106436156,1.677099778200005,89.28349999769125
2,6,1,"(437.5, 387.5, 3.41874755045311)",0.04707524970392551,0.0,-2.0080042124907984,0.7205053053282435,130.33379999978933
2,6,2,"(437.5, 362.5, 3.0693002026442198)",0.00480144843459179,0.0,-2.4516368275359692,0.2722024126288652,127.25709999722312
2,6,3,"(437.5, 362.5, 3.0693002026442198)",0.07997913505450055,736.9283447265625,-0.4603598008232608,0.5395528419006407,88.35810000164201
2,6,4,"(437.5, 337.5, 2.697731893066704)",0.21373359384978008,0.0,-0.942060874766151,0.4487768149759215,140.61500000025262
2,6,5,"(437.5, 312.5, 2.3288409680820936)",0.1626207927862842,0.0,-1.8004301594054875,0.7475874647399554,148.97710000150255
2,6,6,"(437.5, 312.5, 2.3288409680820936)",0.6385516654342688,736.2861328125,-0.7056900217487891,1.7754389777895865,90.81770000193501
2,6,7,"(437.5, 287.5, 1.9802988879790537)",0.027693176498975406,0.0,-1.190073594597906,1.0313382121435921,147.33720000003814
2,6,8,"(437.5, 262.5, 1.6629239389874948)",0.00020426009238398723,0.0,-1.6731643485989787,1.0498255942337305,130.56549999964773
2,6,9,"(437.5, 262.5, 1.6629239389874948)",0.003314189921678702,735.3732299804688,-0.4791660861951352,1.4280549721006872,87.5330999988364
2,6,10,"(437.5, 287.5, 1.9802988879790537)",0.014103368861988135,0.0,-1.0397424430103026,1.418954403169862,138.0261000012979
2,6,11,"(437.5, 312.5, 2.3288409680820936)",0.004156285276013395,0.0,-1.6932230255561036,1.1721239033678545,124.61789999724715
2,6,12,"(437.5, 312.5, 2.3288409680820936)",0.03358189486575677,735.4422607421875,-0.6498967610559037,1.16651683870492,85.85459999812883
2,6,13,"(412.5, 312.5, 2.8190600723806885)",0.24716864023651727,0.0,-1.3439478570110353,0.967081433380726,138.20099999793456
2,6,14,"(412.5, 287.5, 2.3680192003946603)",0.0016205065573264702,0.0,-1.8854445278709024,0.46380321250410084,122.42019999757758
2,6,15,"(412.5, 287.5, 2.3680192003946603)",0.02998889128527782,736.6826782226562,-0.5633518875177849,1.0454875463573405,87.30759999889415
2,6,16,"(412.5, 312.5, 2.8190600723806885)",0.0772329126895184,0.0,-1.2678545652779958,0.8303282642314599,138.06920000206446
2,6,17,"(412.5, 312.5, 2.8190600723806885)",0.0117292143404291,0.0,-1.9438066966326955,0.3841652632472609,127.23410000035074
2,6,18,"(412.5, 312.5, 2.8190600723806885)",0.2379956852757166,737.0530395507812,-0.6921577277443203,1.102170639168131,87.9346000001533
2,6,19,"(412.5, 287.5, 2.3680192003946603)",0.030119353577067166,0.0,-1.2638114489046435,0.7903164822126127,139.62919999903534
2,6,20,"(412.5, 312.5, 2.8190600723806885)",0.003097667048375605,0.0,-1.9536674969851442,0.4191962242332075,123.72660000255564
2,6,21,"(412.5, 312.5, 2.8190600723806885)",0.1417790781847969,736.8836059570312,-0.6927072483049768,0.9685187648502942,88.2579999997688
2,6,22,"(412.5, 287.5, 2.3680192003946603)",0.031595134777016795,0.0,-1.265331257614138,0.8016304462491279,138.2978000001458
2,6,23,"(387.5, 287.5, 2.795360823982221)",0.0037258618200788915,0.0,-1.835882335066703,0.5344554695123667,124.62659999800962
2,6,24,"(387.5, 287.5, 2.795360823982221)",0.039941867676562055,737.4579467773438,-0.5752565919721344,0.9816471581889059,89.60920000026817
2,6,25,"(387.5, 312.5, 3.371997408476144)",0.11958798558481443,0.0,-1.3125091223010572,0.5754931883500567,149.21029999823077
2,6,26,"(387.5, 312.5, 3.371997408476144)",0.05306046704447806,0.0,-2.0303431102272658,0.30344650060474143,120.32560000079684
2,6,27,"(387.5, 312.5, 3.371997408476144)",0.5518029361058301,738.441650390625,-0.7250038278603882,1.4575725734596163,91.28920000148355
2,6,28,"(387.5, 287.5, 2.795360823982221)",0.07874803592434058,0.0,-1.3050136505362306,0.5270220274535795,141.80169999963255
2,6,29,"(387.5, 312.5, 3.371997408476144)",0.0033249196907282944,0.0,-2.040252630741447,0.15961518569122268,119.82759999955306
2,6,30,"(387.5, 312.5, 3.371997408476144)",0.3075094289416557,738.1112670898438,-0.734715460357207,1.039322442966517,84.73180000146385
2,6,31,"(387.5, 287.5, 2.795360823982221)",0.04825993051471142,0.0,-1.3062814143265393,0.5224847468275123,136.96229999914067
2,6,32,"(387.5, 312.5, 3.371997408476144)",0.006149623543029736,0.0,-2.0404539372741053,0.1598416473491385,123.43739999778336
2,6,33,"(387.5, 312.5, 3.371997408476144)",0.30485248444894125,738.0879516601562,-0.7347807672493234,1.0349553026234377,84.91940000021714
2,6,34,"(387.5, 287.5, 2.795360823982221)",0.05477650713517614,0.0,-1.3063018484956817,0.5224611452026664,138.99330000276677
2,6,35,"(387.5, 262.5, 2.2927863351327353)",0.00048734239923451067,0.0,-1.780067925308492,0.41268046113919726,127.91709999874001
2,6,36,"(387.5, 262.5, 2.2927863351327353)",0.011174082432066478,737.27490234375,-0.476568311087312,1.2064604665627494,86.63339999839081
2,6,37,"(387.5, 287.5, 2.795360823982221)",0.043810058311363226,0.0,-1.0736764499642502,1.1694644192742554,141.835300000821
2,6,38,"(387.5, 312.5, 3.371997408476144)",0.0038190024594448174,0.0,-1.798570758698853,0.5082643275223652,125.58029999854625
2,6,39,"(387.5, 312.5, 3.371997408476144)",0.06622643665328709,737.7191772460938,-0.7396103964928955,0.6132342973740391,86.63679999881424
2,6,40,"(362.5, 312.5, 3.972924796908688)",0.7040799099952368,0.0,-1.3457541424707984,1.403550989777372,127.07650000083959
2,6,41,"(362.5, 287.5, 3.2481324511568093)",0.023418985307248584,0.0,-1.977006041605322,0.9611294022569883,173.5645000007935
2,6,42,"(362.5, 287.5, 3.2481324511568093)",0.12368323483337738,738.43798828125,-0.5458721188627831,0.6435528731945876,91.516499996942
2,6,43,"(362.5, 287.5, 3.2481324511568093)",0.05720530305804003,0.0,-1.106309426601803,0.5438283783341437,141.9169000000693
2,6,44,"(362.5, 312.5, 3.972924796908688)",0.00968893369035788,0.0,-1.8502415936264318,0.1295197739785705,122.31189999874914
2,6,45,"(362.5, 312.5, 3.972924796908688)",0.3602394784287871,738.9038696289062,-0.7331075042033369,1.1640726549326492,127.74200000058045
2,6,46,"(362.5, 287.5, 3.2481324511568093)",0.1515896244115881,0.0,-1.2852793370359235,0.5726249915678274,158.6448999987624
2,6,47,"(362.5, 262.5, 2.6317000424023482)",0.0005757820326829905,0.0,-1.7567852257223973,0.19547313397705227,144.51019999978598
2,6,48,"(362.5, 262.5, 2.6317000424023482)",0.019213370623856654,737.918212890625,-0.4558771199890949,1.015151909023895,86.48949999769684
2,6,49,"(362.5, 287.5, 3.2481324511568093)",0.06704451092520708,0.0,-1.0320703556168433,0.9618479489081183,138.07059999817284
2,6,50,"(362.5, 312.5, 3.972924796908688)",0.00144441922506146,0.0,-1.765164087124135,0.23104286401791688,122.42839999817079
2,6,51,"(362.5, 312.5, 3.972924796908688)",0.10247691879384585,738.7329711914062,-0.7569275455180471,0.5235000926369708,85.87749999787775
2,6,52,"(362.5, 287.5, 3.2481324511568093)",0.1408716436048382,0.0,-1.2980244971467791,0.43475948826439514,146.82830000310787
2,6,53,"(362.5, 287.5, 3.2481324511568093)",0.0010069227622283745,0.0,-1.8504967962510788,0.11259146476207411,122.15939999805414
2,6,54,"(362.5, 287.5, 3.2481324511568093)",0.07352735221593741,738.344482421875,-0.5480176984905433,0.6628932786941173,87.01809999911347
2,6,55,"(337.5, 287.5, 3.7025046815464644)",0.09872871109051248,0.0,-1.0588947794072199,0.5209647644756589,138.9844000004814
2,6,56,"(337.5, 312.5, 4.592532186196013)",0.01310793310401691,0.0,-1.7463867238849224,0.17866797154574965,129.30469999992056
2,6,57,"(337.5, 312.5, 4.592532186196013)",0.3285887551402737,738.9011840820312,-0.6337357091526344,1.4573904966571267,122.71489999693586
2,6,58,"(337.5, 287.5, 3.7025046815464644)",0.46338212846302607,0.0,-1.1489939186798286,1.0891782780069243,146.4903999985836
2,6,59,"(337.5, 262.5, 2.964249814698708)",0.0004240653943269362,0.0,-1.6397378323190657,0.0995584106660584,167.9160999992746
2,6,60,"(337.5, 262.5, 2.964249814698708)",0.029730569795542026,738.7764892578125,-0.42713778677592373,0.8275090017965254,88.65259999947739
2,6,61,"(337.5, 287.5, 3.7025046815464644)",0.09678630086840503,0.0,-0.9484974654765688,0.7715196633347153,140.25570000012522
2,6,62,"(337.5, 312.5, 4.592532186196013)",0.0007100075793780508,0.0,-1.64275524760035,0.09881779480284662,121.80859999716631
2,6,63,"(337.5, 312.5, 4.592532186196013)",0.14833631160807542,739.80224609375,-0.711770592087144,0.7280273330550198,101.65589999814983
2,6,64,"(337.5, 287.5, 3.7025046815464644)",0.38215506330611626,0.0,-1.178290125124501,0.9010670057317496,147.57250000184285
2,6,65,"(337.5, 262.5, 2.964249814698708)",0.00042414486718707676,0.0,-1.6398842961711944,0.09827816102073188,159.66029999981401
2,6,66,"(337.5, 262.5, 2.964249814698708)",0.030901853836757417,738.7579345703125,-0.4271508696145804,0.82899267088982,88.00930000143126
2,6,67,"(337.5, 287.5, 3.7025046815464644)",0.10238017454521747,0.0,-0.9485261215449825,0.7719404828154159,139.048000000912
2,6,68,"(337.5, 312.5, 4.592532186196013)",0.00044496555347193307,0.0,-1.64275641934322,0.09883924710760567,124.67860000106157
2,6,69,"(337.5, 312.5, 4.592532186196013)",0.14875083547424134,739.734619140625,-0.7117743107323227,0.7279139354548223,99.11410000131582
2,7,0,"(437.5, 412.5, 3.7158125367455015)",0.04482219036590295,734.9541015625,-1.2801502106436156,1.6770997723116292,87.1326999986195
2,7,1,"(437.5, 387.5, 3.41874755045311)",0.04905481469388981,0.0,-2.008004212490798,0.7205053053517098,137.5932000009925
2,7,2,"(437.5, 362.5, 3.0693002026442198)",0.005638059228663307,0.0,-2.4516368275359692,0.2722024126288652,124.40710000009858
2,7,3,"(437.5, 362.5, 3.0693002026442198)",0.07862351186286101,736.9517822265625,-0.46035980082326067,0.5395528440669148,87.27369999905932
2,7,4,"(437.5, 337.5, 2.697731893066704)",0.21629305930513132,0.0,-0.9420608747661509,0.44877681509228345,139.0510000019276
2,7,5,"(437.5, 312.5, 2.3288409680820936)",0.16435369849206233,0.0,-1.8004301594054875,0.7475874647399555,157.1769999973185
2,7,6,"(437.5, 312.5, 2.3288409680820936)",0.6314565555497138,736.2896118164062,-0.7056900217487893,1.7754388796949254,89.2493999999715
2,7,7,"(437.5, 287.5, 1.9802988879790537)",0.0172342345356791,0.0,-1.190073594597906,1.031338212152426,145.19110000037472
2,7,8,"(412.5, 287.5, 2.3680192003946603)",0.0030535611634441985,0.0,-1.7649732012155093,0.891662139252554,122.9209000011906
2,7,9,"(412.5, 287.5, 2.3680192003946603)",0.02342417813508589,736.649169921875,-0.5728533748715229,1.2057586785695285,88.55690000200411
2,7,10,"(387.5, 287.5, 2.795360823982221)",0.03799717552487338,0.0,-1.1596346314589987,1.032773844746798,137.85730000017793
2,7,11,"(387.5, 312.5, 3.371997408476144)",0.0043087142209198535,0.0,-1.8771442437530954,0.38918065888423964,121.56079999840586
2,7,12,"(387.5, 312.5, 3.371997408476144)",0.1451626334909333,737.7334594726562,-0.7387167610525956,0.772255156321528,89.59300000060466
2,7,13,"(387.5, 287.5, 2.795360823982221)",0.05176116189050335,0.0,-1.3083196976016864,0.5240025338255019,139.51479999741423
2,7,14,"(362.5, 287.5, 3.2481324511568093)",0.0034470573688521805,0.0,-1.857413470270959,0.22901187088290836,122.56580000030226
2,7,15,"(362.5, 287.5, 3.2481324511568093)",0.06945549984716098,738.2921752929688,-0.5517772760279641,0.7520963688344392,88.33809999850928
2,7,16,"(362.5, 312.5, 3.972924796908688)",0.25861344223519744,0.0,-1.2990349543139734,0.5806715839897141,138.43029999770806
2,7,17,"(362.5, 287.5, 3.2481324511568093)",0.004044534328079219,0.0,-1.850060509459244,0.09727476154688865,122.31049999900279
2,7,18,"(362.5, 287.5, 3.2481324511568093)",0.09268273305635216,738.4091186523438,-0.5460697405930782,0.6193978503725035,85.28079999814508
2,7,19,"(387.5, 287.5, 2.795360823982221)",0.030597388720224744,0.0,-1.1268000178474802,0.6497255528927496,142.9660000030708
2,7,20,"(387.5, 312.5, 3.371997408476144)",0.0016112464169696222,0.0,-1.8600928170004312,0.2359042091262085,125.04769999941345
2,7,21,"(387.5, 312.5, 3.371997408476144)",0.18252275217720604,737.8652954101562,-0.737316451869822,0.8342910607870601,88.22070000314852
2,7,22,"(387.5, 287.5, 2.795360823982221)",0.049061048763563,0.0,-1.3073900077526543,0.5208655116214058,138.3832000028633
2,7,23,"(362.5, 287.5, 3.2481324511568093)",0.002523423793421732,0.0,-1.8572212264657846,0.22753724736106754,123.2227000000421
2,7,24,"(362.5, 287.5, 3.2481324511568093)",0.06675620008419157,738.278076171875,-0.5517434640160819,0.7514697359617524,86.27100000012433
2,7,25,"(362.5, 312.5, 3.972924796908688)",0.26201423207961105,0.0,-1.2990118997618532,0.5810169387032207,140.9708999999566
2,7,26,"(362.5, 287.5, 3.2481324511568093)",0.007401786123704921,0.0,-1.8500617951061382,0.0972923229566406,122.4683999971603
2,7,27,"(362.5, 287.5, 3.2481324511568093)",0.08947769527745116,738.4290771484375,-0.5460695981357657,0.619397870075074,85.22570000059204
2,7,28,"(362.5, 262.5, 2.6317000424023482)",0.01711203582217415,0.0,-1.0217309642272547,0.8883027344910195,153.90969999862136
2,7,29,"(362.5, 287.5, 3.2481324511568093)",0.007270814850925036,0.0,-1.596915965353125,0.6447891326728944,122.67419999989215
2,7,30,"(362.5, 287.5, 3.2481324511568093)",0.056735783743331894,738.1566772460938,-0.5602092727712601,0.8766859395332997,87.02339999945252
2,7,31,"(362.5, 312.5, 3.972924796908688)",0.15782158967355556,0.0,-1.3050677861452442,0.4352724715432975,140.17779999994673
2,7,32,"(362.5, 287.5, 3.2481324511568093)",0.00404453432809323,0.0,-1.8494034609058836,0.08821741084852944,120.33929999961401
2,7,33,"(362.5, 287.5, 3.2481324511568093)",0.09136630768171951,738.36181640625,-0.5460829422257779,0.6165314233888401,87.86109999709879
2,7,34,"(362.5, 262.5, 2.6317000424023482)",0.016377243442498482,0.0,-1.0217985354792738,0.8890969241491717,145.88360000198008
2,7,35,"(362.5, 287.5, 3.2481324511568093)",0.005439521744857551,0.0,-1.59694035518376,0.6449837851722625,123.5871999997471
2,7,36,"(362.5, 287.5, 3.2481324511568093)",0.05576415152221461,738.1957397460938,-0.5602122529433029,0.8767340163281511,85.09410000260687
2,7,37,"(362.5, 312.5, 3.972924796908688)",0.16908460674335613,0.0,-1.3050681158725999,0.4352767348798142,141.40169999882346
2,7,38,"(362.5, 287.5, 3.2481324511568093)",0.007401786123688126,0.0,-1.84940350518493,0.08821764651221987,122.55500000173924
2,7,39,"(362.5, 287.5, 3.2481324511568093)",0.08772789469491345,738.380859375,-0.5460829618014218,0.6165317508594172,87.20309999989695
2,7,40,"(362.5, 262.5, 2.6317000424023482)",0.015775421107113042,0.0,-1.0217985559234675,0.8890970086737469,148.26519999769516
2,7,41,"(362.5, 287.5, 3.2481324511568093)",0.006260237966979881,0.0,-1.5969403611825461,0.6449839529053296,123.85259999791742
2,7,42,"(362.5, 287.5, 3.2481324511568093)",0.05440091494385191,738.2041625976562,-0.5602122562716925,0.8767340757584391,88.20620000187773
2,7,43,"(362.5, 312.5, 3.972924796908688)",0.1487708005252126,0.0,-1.3050681183279054,0.43527678811915754,138.75969999935478
2,7,44,"(362.5, 287.5, 3.2481324511568093)",0.0036106125141299366,0.0,-1.8494035051849302,0.08821764651221987,127.41300000197953
2,7,45,"(362.5, 287.5, 3.2481324511568093)",0.09720776641683258,738.4080810546875,-0.5460829618014217,0.6165317174789209,89.92289999878267
2,7,46,"(362.5, 312.5, 3.972924796908688)",0.31369940948294717,0.0,-1.2938720549315972,0.6434854268281598,138.01640000019688
2,7,47,"(362.5, 287.5, 3.2481324511568093)",0.004044534328088615,0.0,-1.8502598182561796,0.09999816262344616,122.43379999927129
2,7,48,"(362.5, 287.5, 3.2481324511568093)",0.09695546702841375,738.390380859375,-0.5460268562937224,0.6184397734341479,88.64810000159196
2,7,49,"(362.5, 287.5, 3.2481324511568093)",0.06246537315285665,0.0,-1.1074905317943018,0.555356881673403,140.19980000011856
2,7,50,"(362.5, 312.5, 3.972924796908688)",0.006517410278312518,0.0,-1.8504297344953107,0.1296324937750303,122.15619999915361
2,7,51,"(362.5, 312.5, 3.972924796908688)",0.35661475486381056,738.9892578125,-0.7336323562832717,1.157863076460891,121.2310000009893
2,7,52,"(362.5, 287.5, 3.2481324511568093)",0.17921730943159625,0.0,-1.2853897935422216,0.5717000113545728,146.84370000031777
2,7,53,"(362.5, 262.5, 2.6317000424023482)",0.00040936586447071736,0.0,-1.7567863460181903,0.19549044933517895,145.01560000280733
2,7,54,"(362.5, 262.5, 2.6317000424023482)",0.01896791088993533,737.927978515625,-0.4558774469169077,1.0151732982200232,84.96910000030766
2,7,55,"(362.5, 287.5, 3.2481324511568093)",0.06747677985579026,0.0,-1.0320708032408867,0.9618537148480528,138.79259999885107
2,7,56,"(362.5, 312.5, 3.972924796908688)",0.0025049050648968483,0.0,-1.765164062946667,0.23104361348789018,122.46519999825978
2,7,57,"(362.5, 312.5, 3.972924796908688)",0.10422689589572907,738.709716796875,-0.7569275447756489,0.5234998135101107,83.64219999930356
2,7,58,"(362.5, 287.5, 3.2481324511568093)",0.1224023651226109,0.0,-1.2980245597168483,0.43475930632808124,146.60880000155885
2,7,59,"(362.5, 287.5, 3.2481324511568093)",0.0019812599445360166,0.0,-1.8504967958654603,0.11259145987821291,130.75670000034734
2,7,60,"(362.5, 287.5, 3.2481324511568093)",0.07335679375477842,738.314208984375,-0.5480176984905433,0.6628932686406603,88.97419999993872
2,7,61,"(337.5, 287.5, 3.7025046815464644)",0.09100167834823153,0.0,-1.0588947794072199,0.520964764475659,138.26260000132606
2,7,62,"(337.5, 287.5, 3.7025046815464644)",0.004098732024446134,0.0,-1.5535617348574926,0.1723765507279663,124.1470000022673
2,7,63,"(337.5, 287.5, 3.7025046815464644)",0.12824099537973072,739.3566284179688,-0.5018486090151413,0.725106946683863,85.51409999927273
2,7,64,"(337.5, 262.5, 2.964249814698708)",0.029115507418870427,0.0,-0.9472967460475784,0.8142460170832925,148.09130000139703
2,7,65,"(337.5, 287.5, 3.7025046815464644)",0.010182141015916506,0.0,-1.46396195732619,0.450772290054689,123.23070000275038
2,7,66,"(337.5, 287.5, 3.7025046815464644)",0.08480042903287743,739.226806640625,-0.5071759165883342,0.7248643216164004,91.43569999650936
2,7,67,"(337.5, 312.5, 4.592532186196013)",0.23197246913779868,0.0,-1.192129206153786,0.7135363858148569,149.70950000133598
2,7,68,"(337.5, 287.5, 3.7025046815464644)",0.0426710446675557,0.0,-1.7359433862772384,0.5108583568764834,130.75609999941662
2,7,69,"(337.5, 287.5, 3.7025046815464644)",0.23489999313117135,739.8140869140625,-0.5032574617296696,0.7619189513149929,91.8509000002814
2,8,0,"(437.5, 412.5, 3.7158125367455015)",0.04530330830205941,734.9218139648438,-1.2801502106436156,1.677099774051376,87.49530000204686
2,8,1,"(437.5, 387.5, 3.41874755045311)",0.050767270475449086,0.0,-2.0080042124907984,0.7205053053193243,130.812600000354
2,8,2,"(437.5, 362.5, 3.0693002026442198)",0.006052430719137915,0.0,-2.4516368275359692,0.2722024126288652,121.2595999968471
2,8,3,"(437.5, 362.5, 3.0693002026442198)",0.07881981066889183,736.9313354492188,-0.46035980082326083,0.5395528503040727,87.4325000004319
2,8,4,"(437.5, 337.5, 2.697731893066704)",0.21024557815500258,0.0,-0.9420608747661509,0.44877681514263934,136.75289999810047
2,8,5,"(437.5, 312.5, 2.3288409680820936)",0.16540448864298737,0.0,-1.8004301594054877,0.7475874647399555,147.38880000004428
2,8,6,"(437.5, 312.5, 2.3288409680820936)",0.6421523347740874,736.2906494140625,-0.7056900217487893,1.7754388782236805,87.09919999819249
2,8,7,"(437.5, 287.5, 1.9802988879790537)",0.02240078201974203,0.0,-1.190073594597906,1.0313382121059356,148.85450000292622
2,8,8,"(437.5, 287.5, 1.9802988879790537)",0.0015643589819472569,0.0,-1.7405750431580165,0.9564797938563527,128.56159999864758
2,8,9,"(437.5, 287.5, 1.9802988879790537)",0.016273370773229292,735.4083862304688,-0.5492254620688013,1.3082042687259117,86.05180000085966
2,8,10,"(437.5, 312.5, 2.3288409680820936)",0.04309719251318296,0.0,-1.203234595342405,1.1458744836296264,137.83210000110557
2,8,11,"(412.5, 312.5, 2.8190600723806885)",0.00863621011377244,0.0,-1.8828318333976026,0.6342413615049313,131.1669000024267
2,8,12,"(412.5, 312.5, 2.8190600723806885)",0.2008871173215057,736.9505004882812,-0.6955892394467151,1.115655455382834,87.29690000109258
2,8,13,"(412.5, 312.5, 2.8190600723806885)",0.5484073675007025,0.0,-1.412003226831869,1.1940734711027072,138.32810000167228
2,8,14,"(412.5, 287.5, 2.3680192003946603)",0.0012947473830232136,0.0,-1.937997673317632,0.37706928695600506,130.5066999993869
2,8,15,"(412.5, 287.5, 2.3680192003946603)",0.03369092683098152,736.6803588867188,-0.5612597065130022,0.9969968050298065,87.26860000024317
2,8,16,"(412.5, 312.5, 2.8190600723806885)",0.062334026612751565,0.0,-1.266606177169415,0.8188101467710129,139.99360000161687
2,8,17,"(387.5, 312.5, 3.371997408476144)",0.0167619523902985,0.0,-1.9849498253840214,0.3160828656149621,122.36879999909434
2,8,18,"(387.5, 312.5, 3.371997408476144)",0.4154396623661796,738.2424926757812,-0.7326756643612169,1.260749900603926,86.98989999902551
2,8,19,"(387.5, 287.5, 2.795360823982221)",0.05768860728635411,0.0,-1.3068742843387564,0.5395613365393102,138.1738000018231
2,8,20,"(362.5, 287.5, 3.2481324511568093)",0.0025235032662780355,0.0,-1.8571624384909604,0.2272125725384825,122.1157999971183
2,8,21,"(362.5, 287.5, 3.2481324511568093)",0.06685895461290851,738.3160400390625,-0.5517331151350703,0.751751301908989,87.21499999955995
2,8,22,"(362.5, 312.5, 3.972924796908688)",0.2549489628205753,0.0,-1.2989677635983203,0.5820258825647342,144.25839999967138
2,8,23,"(362.5, 287.5, 3.2481324511568093)",0.006972394262741421,0.0,-1.8500659960452264,0.09734819130161813,121.47109999932582
2,8,24,"(362.5, 287.5, 3.2481324511568093)",0.09421467096463008,738.3897705078125,-0.5460696481844468,0.6194172649743875,84.76829999926849
2,8,25,"(362.5, 312.5, 3.972924796908688)",0.3095136968134124,0.0,-1.2936501105800502,0.6475802687774139,137.9546999996819
2,8,26,"(362.5, 287.5, 3.2481324511568093)",0.004187744421285595,0.0,-1.8502755328021747,0.10019873077781712,127.52360000013141
2,8,27,"(362.5, 287.5, 3.2481324511568093)",0.09209159439755299,738.4124145507812,-0.5460266696043259,0.618489501279537,85.66459999929066
2,8,28,"(362.5, 262.5, 2.6317000424023482)",0.016041590556584804,0.0,-1.0216219223376448,0.8870188122763115,146.192099997279
2,8,29,"(362.5, 287.5, 3.2481324511568093)",0.006939571971700494,0.0,-1.596876584436695,0.6444743193410617,124.22109999897657
2,8,30,"(362.5, 287.5, 3.2481324511568093)",0.0540605970323451,738.2144165039062,-0.5602044525941112,0.8766081986889451,86.57940000193776
2,8,31,"(362.5, 312.5, 3.972924796908688)",0.1604657679252089,0.0,-1.3050673043095073,0.43526545294721225,139.82380000015837
2,8,32,"(362.5, 287.5, 3.2481324511568093)",0.0011481460339344894,0.0,-1.8494034085086244,0.08821690874031102,124.72400000115158
2,8,33,"(362.5, 287.5, 3.2481324511568093)",0.08797000842710076,738.3857421875,-0.5460829419495369,0.6165306254794428,86.81780000188155
2,8,34,"(362.5, 312.5, 3.972924796908688)",0.3207911043233829,0.0,-1.2938720547060998,0.6434853311395414,139.06179999685264
2,8,35,"(362.5, 287.5, 3.2481324511568093)",0.0010068432893964728,0.0,-1.8502598154806602,0.09999815489725744,126.98979999913718
2,8,36,"(362.5, 287.5, 3.2481324511568093)",0.08987761966569571,738.410400390625,-0.5460268562937223,0.6184397372520376,89.98369999972056
2,8,37,"(362.5, 287.5, 3.2481324511568093)",0.05484730691220179,0.0,-1.107490531794302,0.5553568816734031,135.7754999989993
2,8,38,"(362.5, 312.5, 3.972924796908688)",0.005653222401936336,0.0,-1.8504297344953105,0.12963249377503028,121.31619999854593
2,8,39,"(362.5, 312.5, 3.972924796908688)",0.3613906252706385,738.9588623046875,-0.7336323562832718,1.1578630874904006,122.78839999999036
2,8,40,"(362.5, 287.5, 3.2481324511568093)",0.1690386979050604,0.0,-1.2853897935422216,0.5717000113545728,149.97359999688342
2,8,41,"(362.5, 262.5, 2.6317000424023482)",0.0003309261519465834,0.0,-1.75678634601819,0.19549044933517892,140.4549999970186
2,8,42,"(362.5, 262.5, 2.6317000424023482)",0.019370749669980983,737.9344482421875,-0.45587744691690774,1.0151732964250548,87.5778999979957
2,8,43,"(362.5, 287.5, 3.2481324511568093)",0.07028065251087348,0.0,-1.0320708032408867,0.9618537148480528,137.67450000159442
2,8,44,"(362.5, 312.5, 3.972924796908688)",0.0017999807993548686,0.0,-1.765164062946667,0.2310436134878902,122.27490000077523
2,8,45,"(362.5, 312.5, 3.972924796908688)",0.10494932321144149,738.6951293945312,-0.7569275447756489,0.5234997788521998,89.2850999989605
2,8,46,"(362.5, 287.5, 3.2481324511568093)",0.1473569818607348,0.0,-1.2980245597168483,0.43475930632808124,144.56710000013118
2,8,47,"(362.5, 262.5, 2.6317000424023482)",0.0005011570174246043,0.0,-1.756888428330694,0.19699925406812838,151.1011000002327
2,8,48,"(362.5, 262.5, 2.6317000424023482)",0.020118860230344687,737.9232788085938,-0.4559048582208167,1.0170781028647193,88.38219999961439
2,8,49,"(362.5, 287.5, 3.2481324511568093)",0.06454179538829836,0.0,-1.0321125762666312,0.9623724846548936,139.1683000001649
2,8,50,"(362.5, 312.5, 3.972924796908688)",0.002153555552163561,0.0,-1.7651673063624451,0.23110239243649186,121.84830000114744
2,8,51,"(362.5, 312.5, 3.972924796908688)",0.107494990871176,738.7294311523438,-0.756928024297621,0.523433135190668,83.96379999976489
2,8,52,"(362.5, 287.5, 3.2481324511568093)",0.14254673600132978,0.0,-1.2980263775640526,0.4347337957306924,146.5332000007038
2,8,53,"(387.5, 287.5, 2.795360823982221)",0.0011966381377215324,0.0,-1.8662081411758518,0.13257923499975202,134.67790000140667
2,8,54,"(387.5, 287.5, 2.795360823982221)",0.03757459213289449,737.512939453125,-0.5647039639518212,0.7407567392856836,88.371100002405
2,8,55,"(362.5, 287.5, 3.2481324511568093)",0.05148057458347287,0.0,-1.131901471735442,0.6899149986507127,138.82440000088536
2,8,56,"(362.5, 312.5, 3.972924796908688)",0.0036849180857256958,0.0,-1.869220664303986,0.14723548396617675,123.2581999975082
2,8,57,"(362.5, 312.5, 3.972924796908688)",0.29468762451778674,738.86767578125,-0.7444885327383269,1.001304631764064,110.56970000208821
2,8,58,"(362.5, 287.5, 3.2481324511568093)",0.1601337197419433,0.0,-1.288209636047236,0.5475893257634432,147.3173999984283
2,8,59,"(387.5, 287.5, 2.795360823982221)",0.0007842534687395992,0.0,-1.8660182899735998,0.133853824582428,129.16390000100364
2,8,60,"(387.5, 287.5, 2.795360823982221)",0.03948874461789226,737.5171508789062,-0.5646768887080104,0.7403092936359409,85.69590000115568
2,8,61,"(387.5, 312.5, 3.371997408476144)",0.12638668947286885,0.0,-1.3085507283405013,0.5474332440470637,139.2744999975548
2,8,62,"(387.5, 287.5, 2.795360823982221)",0.00153201352804897,0.0,-1.8652501573104605,0.2042894532476188,123.79779999901075
2,8,63,"(387.5, 287.5, 2.795360823982221)",0.04339351605574426,737.4915161132812,-0.566167216500943,0.7925605744476343,88.48959999886574
2,8,64,"(362.5, 287.5, 3.2481324511568093)",0.062218746323895464,0.0,-1.1332212851045047,0.7036460060861929,139.70870000048308
2,8,65,"(362.5, 312.5, 3.972924796908688)",0.005812803904196583,0.0,-1.869314703880698,0.14850621028834865,119.27799999830313
2,8,66,"(362.5, 312.5, 3.972924796908688)",0.2994637638601465,738.888916015625,-0.7443851115534196,1.0035160101672498,109.84589999861782
2,8,67,"(362.5, 287.5, 3.2481324511568093)",0.17271945360273497,0.0,-1.2881789865660118,0.5479868553388598,147.48770000005607
2,8,68,"(362.5, 262.5, 2.6317000424023482)",0.0004556190688162571,0.0,-1.756820460656928,0.19602312152463638,143.0196999972395
2,8,69,"(362.5, 262.5, 2.6317000424023482)",0.01835779898909766,737.91943359375,-0.4558868362541405,1.0158266452099323,85.39020000171149
2,9,0,"(437.5, 412.5, 3.7158125367455015)",0.04661605473599786,734.9347534179688,-1.2801502106436156,1.6770997691975364,87.08570000089821
2,9,1,"(437.5, 387.5, 3.41874755045311)",0.0472142680940174,0.0,-2.008004212490798,0.7205053054337414,129.96130000101402
2,9,2,"(437.5, 362.5, 3.0693002026442198)",0.002225653578864231,0.0,-2.451636827535969,0.27220241262886513,124.4676000023901
2,9,3,"(437.5, 362.5, 3.0693002026442198)",0.07843317571469481,736.9639892578125,-0.4603598008232608,0.5395528332322539,88.48049999869545
2,9,4,"(437.5, 337.5, 2.697731893066704)",0.19821703727053913,0.0,-0.9420608747661507,0.44877681503501615,139.5435999984329
2,9,5,"(437.5, 312.5, 2.3288409680820936)",0.160469224055638,0.0,-1.800430159405488,0.7475874647399557,149.9872000022151
2,9,6,"(437.5, 312.5, 2.3288409680820936)",0.637534137935453,736.3345336914062,-0.7056900217487894,1.775438901706533,86.206800002401
2,9,7,"(437.5, 287.5, 1.9802988879790537)",0.02639734881650366,0.0,-1.190073594597906,1.0313382121524306,148.8686000011512
2,9,8,"(437.5, 312.5, 2.3288409680820936)",0.0027531124651450863,0.0,-1.8375545462170098,0.8058928838079092,124.01339999996708
2,9,9,"(437.5, 312.5, 2.3288409680820936)",0.08601270097385207,735.4740600585938,-0.6435412505335107,1.18411442355209,89.40429999711341
2,9,10,"(412.5, 312.5, 2.8190600723806885)",0.36814032355731513,0.0,-1.3485145173314015,1.0827988347752981,139.1461999992316
2,9,11,"(412.5, 287.5, 2.3680192003946603)",0.0015914989635362241,0.0,-1.8854257272666728,0.46424069283127617,123.70830000145361
2,9,12,"(412.5, 287.5, 2.3680192003946603)",0.03036887976568367,736.662353515625,-0.5632936012186187,1.0447490652829694,85.24670000042534
2,9,13,"(387.5, 287.5, 2.795360823982221)",0.0362518104729923,0.0,-1.154292269530114,0.9852648950045743,138.247599999886
2,9,14,"(387.5, 312.5, 3.371997408476144)",0.0033216613034361955,0.0,-1.8763836599539425,0.3816331832525823,123.94399999902816
2,9,15,"(387.5, 312.5, 3.371997408476144)",0.14790958477919222,737.7677001953125,-0.7386566927340188,0.7759164534472804,87.72529999987455
2,9,16,"(387.5, 287.5, 2.795360823982221)",0.04983547484137116,0.0,-1.3082812625893334,0.524001254464052,139.12060000075144
2,9,17,"(387.5, 287.5, 2.795360823982221)",0.002116615884007966,0.0,-1.8739959323177742,0.28159195965260136,122.29070000103093
2,9,18,"(387.5, 287.5, 2.795360823982221)",0.037393330340821394,737.4892578125,-0.5695755928511723,0.8696144271781138,87.45940000153496
2,9,19,"(387.5, 312.5, 3.371997408476144)",0.11367925074978738,0.0,-1.3107324690380349,0.5621416770373524,139.69469999938156
2,9,20,"(387.5, 287.5, 2.795360823982221)",0.0011965586648643018,0.0,-1.865554242157263,0.20771008982823427,122.50349999885657
2,9,21,"(387.5, 287.5, 2.795360823982221)",0.04636768613308457,737.5061645507812,-0.5662405365163498,0.7945434688122988,86.24939999936032
2,9,22,"(387.5, 312.5, 3.371997408476144)",0.1182309924403134,0.0,-1.3093510121127332,0.5606667116325946,136.7653999986942
2,9,23,"(387.5, 312.5, 3.371997408476144)",0.0582150767247072,0.0,-2.029790193574548,0.31083798034777405,125.42549999852781
2,9,24,"(387.5, 312.5, 3.371997408476144)",0.5533903416290168,738.3951416015625,-0.7245437601430306,1.469048775136276,86.19040000121458
2,9,25,"(387.5, 287.5, 2.795360823982221)",0.05818283139997521,0.0,-1.3049684781557378,0.5271152335790159,151.9942999984778
2,9,26,"(387.5, 312.5, 3.371997408476144)",0.0049069064359048824,0.0,-2.040245335127116,0.15959870586920125,121.39979999847128
2,9,27,"(387.5, 312.5, 3.371997408476144)",0.3045258003291911,738.0947265625,-0.734713444357128,1.0394460600238833,87.95309999914025
2,9,28,"(387.5, 287.5, 2.795360823982221)",0.04767123203722602,0.0,-1.3062807131863448,0.5224837571075116,139.542299999448
2,9,29,"(387.5, 312.5, 3.371997408476144)",0.010858311007401544,0.0,-2.0404537931248905,0.1598414486449145,124.08570000116015
2,9,30,"(387.5, 312.5, 3.371997408476144)",0.3051049981394202,738.1238403320312,-0.7347807440278414,1.0349570810721478,88.59930000107852
2,9,31,"(387.5, 287.5, 2.795360823982221)",0.058151194588958,0.0,-1.3063018285683108,0.5224610464256064,137.67490000100224
2,9,32,"(387.5, 287.5, 2.795360823982221)",0.005651886885340151,0.0,-1.8735520843215656,0.277902759945964,124.1957000020193
2,9,33,"(387.5, 287.5, 2.795360823982221)",0.03871070699037061,737.4883422851562,-0.5694839126498288,0.8676514893217906,85.43090000239317
2,9,34,"(387.5, 312.5, 3.371997408476144)",0.11960941669255196,0.0,-1.3106988713645618,0.5620516148472559,137.89299999916693
2,9,35,"(387.5, 287.5, 2.795360823982221)",0.0014654152716179181,0.0,-1.8655498685793908,0.20766082006740538,124.25249999796506
2,9,36,"(387.5, 287.5, 2.795360823982221)",0.04329237981560422,737.511962890625,-0.5662394673822324,0.7945179187219193,86.09279999654973
2,9,37,"(387.5, 262.5, 2.2927863351327353)",0.009586195174239679,0.0,-1.0655253746491304,1.111328098904525,147.62039999914123
2,9,38,"(387.5, 287.5, 2.795360823982221)",0.006059105818468459,0.0,-1.6606734766020532,0.9325324890206076,123.46850000176346
2,9,39,"(387.5, 287.5, 2.795360823982221)",0.03610155949669741,737.39404296875,-0.583355449122552,1.0944668786119989,85.93919999839272
2,9,40,"(387.5, 312.5, 3.371997408476144)",0.08234153399675147,0.0,-1.314452563716619,0.5599047860129357,136.4759000025515
2,9,41,"(362.5, 312.5, 3.972924796908688)",0.06817404429112145,0.0,-2.013929764080731,0.37523707673226686,125.38069999936852
2,9,42,"(362.5, 312.5, 3.972924796908688)",0.5672236617367358,739.4265747070312,-0.6286053242043331,1.6198799258578853,98.2164000015473
2,9,43,"(362.5, 287.5, 3.2481324511568093)",0.19949147675065226,0.0,-1.272582276775878,0.6673759154747918,149.34760000323877
2,9,44,"(362.5, 262.5, 2.6317000424023482)",0.0006197305240972848,0.0,-1.7566928202669532,0.19404703978366775,148.14389999810373
2,9,45,"(362.5, 262.5, 2.6317000424023482)",0.018736962141973474,737.9325561523438,-0.4558516501990999,1.013374229413536,86.20559999690158
2,9,46,"(362.5, 287.5, 3.2481324511568093)",0.06776571425976215,0.0,-1.0320313788882878,0.9613636361993207,137.52690000183065
2,9,47,"(362.5, 312.5, 3.972924796908688)",0.0010866324106889725,0.0,-1.7651610470224839,0.23098806270712915,123.63050000203657
2,9,48,"(362.5, 312.5, 3.972924796908688)",0.10583183090270017,738.7323608398438,-0.7569273087483922,0.5235297767735445,86.16319999782718
2,9,49,"(362.5, 287.5, 3.2481324511568093)",0.13685291962122687,0.0,-1.298023560271735,0.43477132599604457,144.27230000001146
2,9,50,"(362.5, 287.5, 3.2481324511568093)",0.001844169261551225,0.0,-1.8504967559557735,0.11259166517730562,124.24340000143275
2,9,51,"(362.5, 287.5, 3.2481324511568093)",0.07170629893199824,738.3486938476562,-0.5480176751464069,0.6628931920775791,89.06710000155726
2,9,52,"(362.5, 312.5, 3.972924796908688)",0.2887005974717869,0.0,-1.2966579053804637,0.6070939354262794,138.18159999937052
2,9,53,"(362.5, 287.5, 3.2481324511568093)",0.012307168294935526,0.0,-1.8501422966362986,0.0984291908756341,121.9137000007322
2,9,54,"(362.5, 287.5, 3.2481324511568093)",0.09426949239259777,738.3746948242188,-0.5460472036523469,0.6188346786015695,86.9431999999506
2,9,55,"(337.5, 287.5, 3.7025046815464644)",0.09820846672452326,0.0,-1.0568774412507,0.5038207642806136,139.02210000014747
2,9,56,"(337.5, 312.5, 4.592532186196013)",0.01091519743203392,0.0,-1.7458022581767507,0.18187003929242182,123.69140000009793
2,9,57,"(337.5, 312.5, 4.592532186196013)",0.3307286349557023,738.90576171875,-0.6320058917913868,1.4632902912070256,121.80830000215792
2,9,58,"(337.5, 287.5, 3.7025046815464644)",0.48506882393843753,0.0,-1.1486788426856116,1.0907531635832934,145.79890000095475
2,9,59,"(337.5, 262.5, 2.964249814698708)",0.00032830059838825584,0.0,-1.6397358777916662,0.09956517210546503,173.0931000020064
2,9,60,"(337.5, 262.5, 2.964249814698708)",0.029530149253341118,738.7608032226562,-0.42713747612073205,0.8274727659049036,86.57450000100653
2,9,61,"(337.5, 287.5, 3.7025046815464644)",0.0944628757348578,0.0,-0.948496818938007,0.7715094441630423,140.7000999970478
2,9,62,"(337.5, 312.5, 4.592532186196013)",0.002797044192738683,0.0,-1.6427552021100418,0.09881720776818259,129.2862000009336
2,9,63,"(337.5, 312.5, 4.592532186196013)",0.15133582525500933,739.7392578125,-0.7117705480895694,0.7280284610679705,97.8276999994705
2,9,64,"(337.5, 287.5, 3.7025046815464644)",0.3947846639647111,0.0,-1.1782900718178322,0.9010674885141488,147.262899998168
2,9,65,"(337.5, 262.5, 2.964249814698708)",0.00029627305533180316,0.0,-1.639884296171194,0.09827816102073189,165.78039999876637
2,9,66,"(337.5, 262.5, 2.964249814698708)",0.031219630265298358,738.7604370117188,-0.4271508696145804,0.8289926789693203,86.42369999870425
2,9,67,"(337.5, 287.5, 3.7025046815464644)",0.09823851023835722,0.0,-0.9485261215449823,0.7719404828154159,140.96380000046338
2,9,68,"(337.5, 312.5, 4.592532186196013)",0.0011562476865958108,0.0,-1.6427564193432203,0.09883924710760567,124.74880000081612
2,9,69,"(337.5, 312.5, 4.592532186196013)",0.14996443165503365,739.7454223632812,-0.7117743107323226,0.727913928908429,97.20179999931133
2,0,0,"(37.5, 437.5, 3.968016468858607)",0.02326515638200372,731.521240234375,-1.854671346322317,1.7510720386040353,86.2596000006306
2,0,1,"(37.5, 412.5, 3.751648026446586)",0.024711815680092102,0.0,-3.1411844135392895,0.777745582285085,127.74809999973513
2,0,2,"(37.5, 387.5, 3.4504418791542615)",0.002545441190391507,0.0,-3.963707279506378,0.2484948723093914,119.4753000017954
2,0,3,"(37.5, 387.5, 3.4504418791542615)",0.03083062926213195,733.7435913085938,-0.8443507836387216,0.43732196050934796,85.85619999939809
2,0,4,"(37.5, 362.5, 3.0963977943191585)",0.03922665827963706,0.0,-1.3464770974990736,0.1549392617533119,138.81169999876874
2,0,5,"(37.5, 337.5, 2.720263300914144)",0.0011103036813452508,0.0,-1.774387460369477,0.021376112967695256,122.84379999982775
2,0,6,"(37.5, 337.5, 2.720263300914144)",0.1065419758654633,735.6690673828125,-0.4294493345219783,0.39241629007589157,85.71270000174991
2,0,7,"(37.5, 312.5, 2.347164439776079)",0.618816443831365,0.0,-1.2178527305139446,0.8765650921026245,148.31620000040857
2,0,8,"(37.5, 287.5, 1.9949445653352311)",0.023148208856561013,0.0,-1.950035342190083,1.266317234088857,165.5358999996679
2,0,9,"(37.5, 287.5, 1.9949445653352311)",0.1009120788175337,733.1996459960938,-0.6313822785406727,1.348519126447936,82.9462000001513
2,0,10,"(37.5, 262.5, 1.6744753499793261)",0.0013460690821801063,0.0,-1.1810051973415558,1.3985414665954596,143.73760000307811
2,0,11,"(37.5, 287.5, 1.9949445653352311)",0.0010362370715786774,0.0,-1.8276478039780533,1.3628498430024851,125.63949999821489
2,0,12,"(37.5, 287.5, 1.9949445653352311)",0.010651638868681108,733.1181640625,-0.6425439905576068,1.4152416981305984,87.21769999829121
2,0,13,"(62.5, 287.5, 2.3844185310708723)",0.025871004372316056,0.0,-1.3448755464168751,1.29982241217572,139.88460000109626
2,0,14,"(37.5, 287.5, 1.9949445653352311)",0.0009292666024282418,0.0,-1.9700969425824002,1.1261298230481993,127.04080000185058
2,0,15,"(37.5, 287.5, 1.9949445653352311)",0.022073042735755093,733.1243896484375,-0.6376106043789838,1.369639140555809,90.03179999854183
2,0,16,"(37.5, 287.5, 1.9949445653352311)",0.014477732977354515,0.0,-1.2824883824319953,1.3530280384303508,138.0460000000312
2,0,17,"(37.5, 262.5, 1.6744753499793261)",0.00011395407879417607,0.0,-1.8175796382216838,1.3063473072627505,122.79510000007576
2,0,18,"(37.5, 262.5, 1.6744753499793261)",0.0030051864305262683,733.1097412109375,-0.5388939001138988,1.464127696806715,84.77790000324603
2,0,19,"(37.5, 237.5, 1.3909688886982803)",0.001417568118479385,0.0,-1.0117316724070151,1.4964681884880695,136.31460000033258
2,0,20,"(37.5, 212.5, 1.1455527701376642)",0.001124531418705956,0.0,-1.4460982652833168,1.4983753384600116,131.10600000072736
2,0,21,"(37.5, 212.5, 1.1455527701376642)",0.007723463460289548,733.1112670898438,-0.4336542160010383,1.4965096129941517,87.82480000081705
2,0,22,"(37.5, 212.5, 1.1455527701376642)",0.0075092701310786394,0.0,-0.8667529567681387,1.4893778694602577,138.739700003498
2,0,23,"(37.5, 187.5, 0.9366991161239089)",0.0027717637519048778,0.0,-1.2868535508098393,1.4802617403930838,125.76819999958389
2,0,24,"(37.5, 187.5, 0.9366991161239089)",0.017181778293079653,733.0963134765625,-0.4208841005588601,1.497733033629375,88.41759999995702
2,0,25,"(37.5, 162.5, 0.7613493298921569)",0.03291950823530324,0.0,-0.8437788774961141,1.5036419066126994,136.60779999918304
2,0,26,"(62.5, 162.5, 0.8666422036722684)",0.009840602676073793,0.0,-1.2754415788339828,1.4991860809465862,122.80889999965439
2,0,27,"(62.5, 162.5, 0.8666422036722684)",0.06024575596385883,735.3316650390625,-0.4309090446648924,1.531249251984885,84.74809999825084
2,0,28,"(87.5, 162.5, 0.9734020271305479)",0.11968205891651965,0.0,-0.8748432540212931,1.4665378120672972,139.51129999986733
2,0,29,"(112.5, 162.5, 1.0772911766684767)",0.028734654188148825,0.0,-1.3222363272189726,1.2424535653307442,128.01149999722838
2,0,30,"(112.5, 162.5, 1.0772911766684767)",0.14754378970936344,737.0694580078125,-0.44457045923894395,1.2369755171172738,84.7987999986799
2,0,31,"(137.5, 162.5, 1.173168873178471)",0.16462081483483887,0.0,-0.8613728941111286,0.6795368217697446,138.91100000182632
2,0,32,"(162.5, 162.5, 1.2554782219517804)",0.0024684164673158928,0.0,-1.2582676670392405,0.0822931892744418,137.65039999998407
2,0,33,"(162.5, 162.5, 1.2554782219517804)",0.07813374917870364,737.3465576171875,-0.4232288486768814,0.3058823081337026,87.71130000241101
2,0,34,"(187.5, 162.5, 1.3188200407831676)",0.0266049012456622,0.0,-0.8714787175740251,0.0824693342106066,137.9746000020532
2,0,35,"(162.5, 162.5, 1.2554782219517804)",1.4839073022206625e-07,0.0,-1.2942505128780062,0.004007209886257045,123.95449999894481
2,0,36,"(162.5, 162.5, 1.2554782219517804)",0.05095716760527765,737.3430786132812,-0.4228955834278733,0.20540404595267345,85.91130000058911
2,0,37,"(162.5, 187.5, 1.5999036101857014)",0.045331977906181556,0.0,-0.841709824343887,0.10823019373643641,137.77670000126818
2,0,38,"(187.5, 187.5, 1.6876002167496233)",-2.561137080192566e-09,0.0,-1.2871717537883895,0.003672542378259326,122.69179999930202
2,0,39,"(187.5, 187.5, 1.6876002167496233)",0.04422197748814778,738.1142578125,-0.4456836812613239,0.16097004710185836,87.78619999793591
2,0,40,"(187.5, 162.5, 1.3188200407831676)",0.013357075914706931,0.0,-0.8939600306366898,0.056143638189498135,139.20510000025388
2,0,41,"(187.5, 187.5, 1.6876002167496233)",-2.5611370801925655e-09,0.0,-1.3395916284363019,0.0013465627299555163,123.03280000196537
2,0,42,"(187.5, 187.5, 1.6876002167496233)",0.0341824549887756,738.1063232421875,-0.44566494604666945,0.13165301954236044,87.01499999733642
2,0,43,"(162.5, 187.5, 1.5999036101857014)",0.02496975669580421,0.0,-0.8641268048426276,0.0765017242694971,137.25589999739896
2,0,44,"(187.5, 187.5, 1.6876002167496233)",-2.5611370801925655e-09,0.0,-1.3098151049275166,0.0022736753625404306,123.25129999953788
2,0,45,"(187.5, 187.5, 1.6876002167496233)",0.03577669191578419,738.1062622070312,-0.4456744942194224,0.14960088132094287,87.79479999793693
2,0,46,"(212.5, 187.5, 1.743039893786265)",0.011006825493937836,0.0,-0.9621160467988887,0.052537964806488015,136.8785000013304
2,0,47,"(187.5, 187.5, 1.6876002167496233)",-2.5611355584351585e-09,0.0,-1.4077610251011492,0.0013303113627907695,123.33349999971688
2,0,48,"(187.5, 187.5, 1.6876002167496233)",0.02971698130562768,738.1124267578125,-0.4456642929460164,0.12133962767936424,86.23560000341968
2,0,49,"(187.5, 212.5, 2.1581048160551872)",0.01622783611495042,0.0,-0.8810060699033995,0.07372755476149699,137.61850000082632
2,0,50,"(187.5, 187.5, 1.6876002167496233)",-2.5611370801925655e-09,0.0,-1.3267613609484221,0.0025103282494399917,128.58409999898868
2,0,51,"(187.5, 187.5, 1.6876002167496233)",0.03689278539883788,738.1116943359375,-0.44567590104873916,0.1434892372544164,89.67739999934565
2,0,52,"(212.5, 187.5, 1.743039893786265)",0.016489239923005584,0.0,-0.9620915290371076,0.05007130839889537,139.04910000201198
2,0,53,"(187.5, 187.5, 1.6876002167496233)",-2.561137080192566e-09,0.0,-1.4077576483459247,0.0013070662777535335,129.6619999993709
2,0,54,"(187.5, 187.5, 1.6876002167496233)",0.03222599582173578,738.1040649414062,-0.4456641030326633,0.1210833050488397,89.02329999909853
2,0,55,"(187.5, 212.5, 2.1581048160551872)",0.02068349733497611,0.0,-0.8810061451420448,0.07373092947829817,139.06629999837605
2,0,56,"(187.5, 187.5, 1.6876002167496233)",-2.5611370801925655e-09,0.0,-1.3267613500299371,0.0025104942718903625,122.76520000159508
2,0,57,"(187.5, 187.5, 1.6876002167496233)",0.03695468574576415,738.1090087890625,-0.4456759017170978,0.14348782487024775,88.07619999788585
2,0,58,"(212.5, 187.5, 1.743039893786265)",0.01349410976758945,0.0,-0.962091519851603,0.05007070506916825,137.06789999923785
2,0,59,"(187.5, 187.5, 1.6876002167496233)",-2.5611370801925663e-09,0.0,-1.4077576471253022,0.0013070610708739111,120.62779999905615
2,0,60,"(187.5, 187.5, 1.6876002167496233)",0.03085792601922304,738.1092529296875,-0.44566410294677844,0.12108317623105598,86.27859999978682
2,0,61,"(162.5, 187.5, 1.5999036101857014)",0.031535517124526756,0.0,-0.8640763294964768,0.07160203742941391,137.29830000011134
2,0,62,"(162.5, 162.5, 1.2554782219517804)",0.0012520048767265357,0.0,-1.2872093031096667,0.0042262272171607815,124.10699999963981
2,0,63,"(162.5, 162.5, 1.2554782219517804)",0.055924528805332295,737.333984375,-0.4229046770889039,0.2154581466575136,87.3040000005858
2,0,64,"(187.5, 162.5, 1.3188200407831676)",0.021406802656067567,0.0,-0.8713723309955659,0.07654033793215596,137.99139999900945
2,0,65,"(162.5, 162.5, 1.2554782219517804)",1.483907302222791e-07,0.0,-1.2942367777976944,0.003907655659240515,129.88359999872046
2,0,66,"(162.5, 162.5, 1.2554782219517804)",0.0512815808059472,737.3394775390625,-0.4228942188578038,0.20441042641567808,89.50799999729497
2,0,67,"(162.5, 187.5, 1.5999036101857014)",0.04530755721687161,0.0,-0.8417062953590586,0.1080444829617926,138.42729999669245
2,0,68,"(187.5, 187.5, 1.6876002167496233)",-2.561137080192566e-09,0.0,-1.287171309415186,0.0036699779588905785,125.82599999950617
2,0,69,"(187.5, 187.5, 1.6876002167496233)",0.04043775925913088,738.1275634765625,-0.445683661305244,0.16095511409617308,86.53860000049463
2,1,0,"(37.5, 437.5, 3.968016468858607)",0.02482728443965931,731.5159912109375,-1.8546713463223168,1.7510720582658545,86.50169999964419
2,1,1,"(37.5, 412.5, 3.751648026446586)",0.023384715210358727,0.0,-3.141184413539289,0.777745582285085,126.85159999819007
2,1,2,"(37.5, 387.5, 3.4504418791542615)",0.0007437914609959924,0.0,-3.9637072795063775,0.24849487230939135,121.32420000125421
2,1,3,"(37.5, 387.5, 3.4504418791542615)",0.029938583945101307,733.7467041015625,-0.8443507836387215,0.43732196038040555,89.39409999948111
2,1,4,"(37.5, 362.5, 3.0963977943191585)",0.034526270399346345,0.0,-1.3464770974990734,0.15493926175331185,138.20940000005066
2,1,5,"(37.5, 337.5, 2.720263300914144)",0.003283012037461919,0.0,-1.7743874603694767,0.021376112967695253,123.57469999915338
2,1,6,"(37.5, 337.5, 2.720263300914144)",0.10177781217266221,735.6657104492188,-0.42944933452197837,0.392416328935121,88.83929999865359
2,1,7,"(37.5, 312.5, 2.347164439776079)",0.639136785132497,0.0,-1.2178527305139448,0.8765650921026246,145.05070000086562
2,1,8,"(37.5, 287.5, 1.9949445653352311)",0.025630305210714414,0.0,-1.9500353421900836,1.2663172340888575,169.33869999775197
2,1,9,"(37.5, 287.5, 1.9949445653352311)",0.10349707254299768,733.1998291015625,-0.6313822785406726,1.3485191190356718,85.85969999694498
2,1,10,"(62.5, 287.5, 2.3844185310708723)",0.031264549970641264,0.0,-1.33858980051492,1.2512193579727209,142.02360000126646
2,1,11,"(37.5, 287.5, 1.9949445653352311)",0.0008058452513075672,0.0,-1.9684585397377885,1.11051801533762,122.51520000063465
2,1,12,"(37.5, 287.5, 1.9949445653352311)",0.02237579285881415,733.1273803710938,-0.6374130827453333,1.3678730701115596,85.13049999965006
2,1,13,"(62.5, 287.5, 2.3844185310708723)",0.015475558735897583,0.0,-1.3423336919472713,1.2810237046173971,137.7204000018537
2,1,14,"(62.5, 312.5, 2.84003211203415)",0.0049890267352339914,0.0,-2.2169724525653214,0.8596273678058635,125.3474000004644
2,1,15,"(62.5, 312.5, 2.84003211203415)",0.29167329394805147,735.8306884765625,-0.8777541262028599,1.388902372510832,88.8505000002624
2,1,16,"(62.5, 287.5, 2.3844185310708723)",0.11088921163890735,0.0,-1.5735293939825081,1.0385559546885266,142.0574999974633
2,1,17,"(87.5, 287.5, 2.8131085484191836)",0.002090038421251965,0.0,-2.30942872187104,0.626086349002919,127.96270000035292
2,1,18,"(87.5, 287.5, 2.8131085484191836)",0.04934659365972422,736.6771850585938,-0.7404036945982445,1.0642902619365007,87.46489999975893
2,1,19,"(87.5, 312.5, 3.3952550877786836)",0.4740854391692719,0.0,-1.7166873876374833,0.9841702685595548,138.3601000015915
2,1,20,"(87.5, 287.5, 2.8131085484191836)",0.004758737049995968,0.0,-2.4545856876145438,0.32377394221278566,126.1545000015758
2,1,21,"(87.5, 287.5, 2.8131085484191836)",0.08705547885084997,736.75634765625,-0.7313735294742418,0.9268973626012207,86.98960000037914
2,1,22,"(112.5, 287.5, 3.266470567666104)",0.06327436368079335,0.0,-1.5025972661695706,0.7483544761748333,138.17570000173873
2,1,23,"(112.5, 312.5, 3.997603125569143)",0.05142686267692034,0.0,-2.5383301681798227,0.3400139253394051,119.6979000014835
2,1,24,"(112.5, 312.5, 3.997603125569143)",0.6618213374233408,740.303466796875,-0.6748548692256156,1.5742587506651133,89.85179999945103
2,1,25,"(112.5, 287.5, 3.266470567666104)",0.570162574877675,0.0,-1.5145075312685052,1.169307057787857,146.26270000007935
2,1,26,"(87.5, 287.5, 2.8131085484191836)",0.004522941075241728,0.0,-2.5317737530298934,0.35076357019426435,162.85829999833368
2,1,27,"(87.5, 287.5, 2.8131085484191836)",0.06914156437027345,736.7451782226562,-0.7289500377808881,0.8368614510481698,85.52639999834355
2,1,28,"(112.5, 287.5, 3.266470567666104)",0.05281374604268154,0.0,-1.5006756626897602,0.7277006280092179,136.58150000264868
2,1,29,"(137.5, 287.5, 3.720264207629609)",0.005583579341558929,0.0,-2.220971189267173,0.2845573304224082,129.86319999981788
2,1,30,"(137.5, 287.5, 3.720264207629609)",0.12740190390481082,738.3734741210938,-0.7309782656443299,0.7459239715002224,86.08930000264081
2,1,31,"(137.5, 262.5, 2.9770964423387296)",0.014293493951166051,0.0,-1.2788873175150997,0.7499313541428583,144.32070000111707
2,1,32,"(137.5, 287.5, 3.720264207629609)",0.002923225673538241,0.0,-2.0155406446873165,0.35962181132308324,119.7357999990345
2,1,33,"(137.5, 287.5, 3.720264207629609)",0.051128247296434406,738.3464965820312,-0.7328166587547094,0.6608960760826065,86.78919999874779
2,1,34,"(137.5, 312.5, 4.617102976724376)",0.6925504392445587,0.0,-1.4605518489631124,1.1276956001386267,120.85809999916819
2,1,35,"(137.5, 287.5, 3.720264207629609)",0.17681477467219758,0.0,-2.3430445119929844,1.2849330972886075,124.17089999871678
2,1,36,"(137.5, 287.5, 3.720264207629609)",0.4973249103942177,739.4205322265625,-0.7566171516995064,1.112940022933708,88.36339999834308
2,1,37,"(112.5, 287.5, 3.266470567666104)",0.12233264123510368,0.0,-1.4870066062618754,0.5077174823232464,138.8292999981786
2,1,38,"(112.5, 312.5, 3.997603125569143)",0.09049190084144308,0.0,-2.453289845588386,0.4519617393870727,127.99040000027162
2,1,39,"(112.5, 312.5, 3.997603125569143)",0.5479659905802592,741.5797119140625,-0.5741268138409836,1.314176248745069,85.38570000018808
2,1,40,"(112.5, 287.5, 3.266470567666104)",0.5878019930947653,0.0,-1.487240233931335,1.1686244483617911,145.6861000006029
2,1,41,"(87.5, 287.5, 2.8131085484191836)",0.0006579375670948867,0.0,-2.529139991199676,0.3572596152770931,164.65529999913997
2,1,42,"(87.5, 287.5, 2.8131085484191836)",0.07227528703163702,736.7435913085938,-0.728915700986245,0.8360819938304984,85.83920000091894
2,1,43,"(112.5, 287.5, 3.266470567666104)",0.04902325693677832,0.0,-1.5006440314199447,0.7274019513691325,139.29629999984172
2,1,44,"(112.5, 312.5, 3.997603125569143)",0.051426783204084364,0.0,-2.5388838467548833,0.3360828365149576,122.02789999719243
2,1,45,"(112.5, 312.5, 3.997603125569143)",0.6627307536391915,740.3153076171875,-0.6766720572736058,1.5768527572200253,88.8807999981509
2,1,46,"(112.5, 287.5, 3.266470567666104)",0.5636573466399383,0.0,-1.5149198478064165,1.1691258632467072,146.02260000174283
2,1,47,"(112.5, 262.5, 2.645266895480795)",0.0002506318851376158,0.0,-2.414703192592699,0.2222175659489277,166.23970000000554
2,1,48,"(112.5, 262.5, 2.645266895480795)",0.0102050651205543,737.3125,-0.567504449413498,1.0176561157252733,83.7108999985503
2,1,49,"(112.5, 287.5, 3.266470567666104)",0.03488264420852327,0.0,-1.347234285026705,0.9449745692373905,139.1641999980493
2,1,50,"(112.5, 312.5, 3.997603125569143)",0.002305242543415459,0.0,-2.424637159695764,0.2530789369851276,123.3146000013221
2,1,51,"(112.5, 312.5, 3.997603125569143)",0.30214113576283,738.173583984375,-1.0822341825845962,0.9488297523412319,121.87730000005104
2,1,52,"(112.5, 287.5, 3.266470567666104)",0.43372838422199167,0.0,-1.658667776085446,1.0512807925278949,147.87749999959487
2,1,53,"(87.5, 287.5, 2.8131085484191836)",0.0010151680714323356,0.0,-2.5422738922517327,0.3181636875148756,166.38400000010733
2,1,54,"(87.5, 287.5, 2.8131085484191836)",0.0663662058054686,736.7313232421875,-0.7289626491859971,0.8357794192020664,85.55600000181585
2,1,55,"(112.5, 287.5, 3.266470567666104)",0.05511255924405324,0.0,-1.5006892017204314,0.72772662551917,142.4449000005552
2,1,56,"(112.5, 312.5, 3.997603125569143)",0.058013175924594,0.0,-2.538959701312802,0.3359140660745824,122.14949999906821
2,1,57,"(112.5, 312.5, 3.997603125569143)",0.664457281392098,740.3629760742188,-0.676852812000658,1.5771330225020759,84.58130000144592
2,1,58,"(112.5, 287.5, 3.266470567666104)",0.574596295392207,0.0,-1.514961257976073,1.169116878889047,148.40990000084275
2,1,59,"(112.5, 262.5, 2.645266895480795)",0.0002505524122779727,0.0,-2.4147032699126174,0.22221758875048966,163.63749999800348
2,1,60,"(112.5, 262.5, 2.645266895480795)",0.01088484103349644,737.3218994140625,-0.567504450384552,1.0176565786237965,88.40580000105547
2,1,61,"(112.5, 287.5, 3.266470567666104)",0.033828695992341055,0.0,-1.3472342650249316,0.9449746046422551,138.14859999911278
2,1,62,"(112.5, 312.5, 3.997603125569143)",0.0009036591897460915,0.0,-2.42463715960698,0.2530789357573285,125.16239999968093
2,1,63,"(112.5, 312.5, 3.997603125569143)",0.301692869238222,738.1149291992188,-1.0822342074390747,0.9488296273403956,123.88429999919026
2,1,64,"(112.5, 287.5, 3.266470567666104)",0.45045364233611307,0.0,-1.6586678565177384,1.0512807254390084,147.98209999935352
2,1,65,"(112.5, 262.5, 2.645266895480795)",0.00025810233394928117,0.0,-2.414926541995399,0.2216180154136157,159.19539999958943
2,1,66,"(112.5, 262.5, 2.645266895480795)",0.010162901576170093,737.3070678710938,-0.5675187487112836,1.0184314131037717,85.63320000030217
2,1,67,"(112.5, 287.5, 3.266470567666104)",0.03593807455268799,0.0,-1.347252053390488,0.9451845775706207,140.50370000040857
2,1,68,"(112.5, 312.5, 3.997603125569143)",0.0005449186622554519,0.0,-2.424638961000917,0.25310242123671695,119.72869999954128
2,1,69,"(112.5, 312.5, 3.997603125569143)",0.2998111099979258,738.1907348632812,-1.0822506211334553,0.94864904116586,122.05630000244128
2,2,0,"(37.5, 437.5, 3.968016468858607)",0.024015105670130796,731.5226440429688,-1.8546713463223168,1.751072054125797,85.70710000276449
2,2,1,"(37.5, 412.5, 3.751648026446586)",0.020785956720248928,0.0,-3.141184413539289,0.777745582285085,128.0098999995971
2,2,2,"(37.5, 387.5, 3.4504418791542615)",0.0018350332975341703,0.0,-3.963707279506378,0.24849487230939138,123.48460000066552
2,2,3,"(37.5, 387.5, 3.4504418791542615)",0.02996556585205487,733.7415161132812,-0.8443507836387216,0.4373219577075749,85.265800000343
2,2,4,"(37.5, 362.5, 3.0963977943191585)",0.035862505914109194,0.0,-1.3464770974990738,0.15493926175331188,138.3669999995618
2,2,5,"(37.5, 337.5, 2.720263300914144)",0.001110303681362818,0.0,-1.774387460369477,0.021376112967695253,128.52839999686694
2,2,6,"(37.5, 337.5, 2.720263300914144)",0.10001345852797594,735.6834716796875,-0.42944933452197837,0.39241629637109615,87.49360000001616
2,2,7,"(37.5, 312.5, 2.347164439776079)",0.630139994606195,0.0,-1.2178527305139444,0.8765650921026243,148.38270000109333
2,2,8,"(37.5, 287.5, 1.9949445653352311)",0.03224983811378559,0.0,-1.9500353421900833,1.2663172340888573,170.57919999933802
2,2,9,"(37.5, 287.5, 1.9949445653352311)",0.09567920843532773,733.1822509765625,-0.6313822785406726,1.3485191203197562,84.81039999969653
2,2,10,"(37.5, 262.5, 1.6744753499793261)",0.001357127741020335,0.0,-1.1810051973415558,1.3985414665954596,148.35829999719863
2,2,11,"(37.5, 287.5, 1.9949445653352311)",0.0009403928027803014,0.0,-1.8276478039780533,1.3628498430024854,124.94220000007772
2,2,12,"(37.5, 287.5, 1.9949445653352311)",0.011051366929049778,733.1161499023438,-0.6425439905576068,1.415241710008937,88.8195999978052
2,2,13,"(37.5, 312.5, 2.347164439776079)",0.08634333103149991,0.0,-1.4194659899551585,1.3022281762222343,143.24259999921196
2,2,14,"(62.5, 312.5, 2.84003211203415)",0.10893436272929592,0.0,-2.2630170824895504,1.018260560844235,121.25319999904605
2,2,15,"(62.5, 312.5, 2.84003211203415)",0.7060010449463913,736.4349975585938,-0.829950922501928,1.9538096573269939,87.61339999909978
2,2,16,"(62.5, 287.5, 2.3844185310708723)",0.11166424442753642,0.0,-1.5691599562146603,1.0963335816587345,147.85289999781526
2,2,17,"(62.5, 312.5, 2.84003211203415)",0.025970019400180653,0.0,-2.440748763330005,0.6427460780531776,129.30160000178148
2,2,18,"(62.5, 312.5, 2.84003211203415)",0.5396875385135759,736.1661376953125,-0.856664688027984,1.7027086150266735,89.2292999997153
2,2,19,"(62.5, 287.5, 2.3844185310708723)",0.10338053049607976,0.0,-1.5693443419065896,1.0561984123752195,149.34689999790862
2,2,20,"(37.5, 287.5, 1.9949445653352311)",0.0007460816608115396,0.0,-2.200305126645111,0.7609481993012377,121.80760000046575
2,2,21,"(37.5, 287.5, 1.9949445653352311)",0.03531311874890842,733.1348876953125,-0.6331190412944537,1.3093464394433156,82.75449999928242
2,2,22,"(37.5, 287.5, 1.9949445653352311)",0.01724482873994285,0.0,-1.2802237716023088,1.3345263635383666,145.53019999948447
2,2,23,"(37.5, 287.5, 1.9949445653352311)",0.0009475453601525282,0.0,-1.9161648027723142,1.2281358775466655,122.43740000121761
2,2,24,"(37.5, 287.5, 1.9949445653352311)",0.022035330447670462,733.1215209960938,-0.6395339402477499,1.4000938527601765,85.28649999789195
2,2,25,"(37.5, 262.5, 1.6744753499793261)",0.001358512267749963,0.0,-1.1842639078677724,1.4282072866277138,142.14549999815063
2,2,26,"(37.5, 287.5, 1.9949445653352311)",0.0009878381000213649,0.0,-1.828719645056092,1.371661178448834,128.2229999997071
2,2,27,"(37.5, 287.5, 1.9949445653352311)",0.010884102456891132,733.115478515625,-0.6427154894486189,1.4170029148667944,88.64859999812325
2,2,28,"(62.5, 287.5, 2.3844185310708723)",0.01638370140613639,0.0,-1.3449564510304273,1.300439452918517,136.15560000107507
2,2,29,"(62.5, 312.5, 2.84003211203415)",0.0027203944822350077,0.0,-2.217659761410149,0.8648709700480596,124.67930000275373
2,2,30,"(62.5, 312.5, 2.84003211203415)",0.2791808751756225,735.7691040039062,-0.8781013043467927,1.3782248755423268,87.05550000013318
2,2,31,"(62.5, 287.5, 2.3844185310708723)",0.11539187000066978,0.0,-1.5736316442856042,1.0374581560373437,141.16310000099475
2,2,32,"(87.5, 287.5, 2.8131085484191836)",0.0017626897121485227,0.0,-2.3094391370367697,0.6261412359751783,124.24820000160253
2,2,33,"(87.5, 287.5, 2.8131085484191836)",0.04942005798365409,736.6913452148438,-0.7404050165582883,1.0642942194155378,86.11190000010538
2,2,34,"(112.5, 287.5, 3.266470567666104)",0.04772522646103414,0.0,-1.5076490867527366,0.7922491715606874,140.4672999997274
2,2,35,"(112.5, 312.5, 3.997603125569143)",0.054768299063031246,0.0,-2.540858756461432,0.33807798680774526,121.74199999935809
2,2,36,"(112.5, 312.5, 3.997603125569143)",0.6688032889145469,740.208740234375,-0.6802145064727128,1.5828445902774713,88.08389999830979
2,2,37,"(112.5, 287.5, 3.266470567666104)",0.5518343991596505,0.0,-1.515737928994577,1.1691620646043732,146.2837999970361
2,2,38,"(137.5, 287.5, 3.720264207629609)",0.029146805405588446,0.0,-2.487661909587912,0.4794028934085258,163.99029999956838
2,2,39,"(137.5, 287.5, 3.720264207629609)",0.22633943890477443,738.6205444335938,-0.7303244654880605,0.8218587417590323,85.5180000035034
2,2,40,"(137.5, 262.5, 2.9770964423387296)",0.014616068210923303,0.0,-1.2752394419476905,0.7092946975763764,147.46540000123787
2,2,41,"(137.5, 287.5, 3.720264207629609)",0.003446951818961761,0.0,-2.0145931826334884,0.3523878323940605,120.2207999995153
2,2,42,"(137.5, 287.5, 3.720264207629609)",0.05070534946557223,738.307861328125,-0.7327260994304454,0.6591271685301499,84.06640000248444
2,2,43,"(137.5, 312.5, 4.617102976724376)",0.688055009497029,0.0,-1.4595212335041736,1.1277175306784684,119.86699999761186
2,2,44,"(137.5, 287.5, 3.720264207629609)",0.18283206224438234,0.0,-2.3432180855767895,1.285024890638273,123.13549999817042
2,2,45,"(137.5, 287.5, 3.720264207629609)",0.49257274751974367,739.3890380859375,-0.7566349696498563,1.11307860113135,86.03040000161855
2,2,46,"(137.5, 287.5, 3.720264207629609)",0.2612453431959968,0.0,-1.4687379255100024,0.5709576782532912,140.7504999988305
2,2,47,"(112.5, 287.5, 3.266470567666104)",0.0007841336386239215,0.0,-2.2105898560206043,0.15276385214767338,124.84169999879668
2,2,48,"(112.5, 287.5, 3.266470567666104)",0.09822291477867527,737.5927734375,-0.7530542574832804,0.7517199651783588,90.20030000101542
2,2,49,"(112.5, 287.5, 3.266470567666104)",0.06684626832239665,0.0,-1.519357092257631,0.6158840015923961,139.39880000179983
2,2,50,"(137.5, 287.5, 3.720264207629609)",0.0025234770340384397,0.0,-2.241810467114157,0.22163234653722944,122.37750000349479
2,2,51,"(137.5, 287.5, 3.720264207629609)",0.13286516143372018,738.4157104492188,-0.7303011520767211,0.7420106784118489,85.82419999947888
2,2,52,"(162.5, 287.5, 4.140142738102741)",0.318691175257288,0.0,-1.378910037814508,0.6508206954359644,139.75899999786634
2,2,53,"(162.5, 262.5, 3.2775456166337156)",0.000703806290403749,0.0,-1.8380757309417823,0.1749956489808734,124.23670000134734
2,2,54,"(162.5, 262.5, 3.2775456166337156)",0.03423505662035341,738.7057495117188,-0.47549833264616137,0.9200602516043429,89.76600000096369
2,2,55,"(162.5, 287.5, 4.140142738102741)",0.08135899956139336,0.0,-1.1248617357286301,0.5729317886798836,138.71780000044964
2,2,56,"(187.5, 287.5, 4.484402965683246)",0.005094686212630744,0.0,-1.6125004440169766,0.1275522733112454,121.86339999971096
2,2,57,"(187.5, 287.5, 4.484402965683246)",0.18696924513229635,740.5711669921875,-0.49985621222773,0.7976510661573689,89.72189999985858
2,2,58,"(162.5, 287.5, 4.140142738102741)",0.6616951287985596,0.0,-1.164992412343216,1.1518435664792492,149.5747000008123
2,2,59,"(162.5, 262.5, 3.2775456166337156)",0.000328297028318893,0.0,-1.6084979065838174,0.1487557114832165,133.9905999993789
2,2,60,"(162.5, 262.5, 3.2775456166337156)",0.03226296913907341,738.7625732421875,-0.4742392900233874,0.8492806656151465,86.23219999935827
2,2,61,"(162.5, 287.5, 4.140142738102741)",0.08268582547041807,0.0,-1.1238843019104112,0.5582126361486315,139.8492999978771
2,2,62,"(162.5, 312.5, 5.206150757863988)",0.007511291032029858,0.0,-2.1567627565051315,0.12482703806847482,124.36600000000908
2,2,63,"(162.5, 312.5, 5.206150757863988)",0.34789405361773484,738.9046630859375,-0.8277368504774699,1.5246225914033258,120.18610000086483
2,2,64,"(162.5, 287.5, 4.140142738102741)",0.9029270928005515,0.0,-1.3468893454401112,1.2953394029182188,138.28750000175205
2,2,65,"(162.5, 262.5, 3.2775456166337156)",0.000133111694594491,0.0,-2.092824529220139,0.3337173737294952,166.46140000011656
2,2,66,"(162.5, 262.5, 3.2775456166337156)",0.024143323387881877,738.9058227539062,-0.4713233995923744,0.5969403400457008,87.04600000055507
2,2,67,"(162.5, 287.5, 4.140142738102741)",0.06475989835627109,0.0,-1.120185380826777,0.497383831651836,137.7853000012692
2,2,68,"(162.5, 312.5, 5.206150757863988)",0.006327542786805844,0.0,-2.1564368516255157,0.12446290096861375,125.04439999975148
2,2,69,"(162.5, 312.5, 5.206150757863988)",0.34969525019561615,738.8887329101562,-0.8260085723485739,1.5252888267847111,127.09890000041923
2,3,0,"(37.5, 437.5, 3.968016468858607)",0.02450919128418343,731.5198974609375,-1.8546713463223174,1.75107202836942,87.89980000074138
2,3,1,"(37.5, 412.5, 3.751648026446586)",0.02131321973534928,0.0,-3.14118441353929,0.7777455822850848,127.694300001167
2,3,2,"(37.5, 387.5, 3.4504418791542615)",0.0011110355456697297,0.0,-3.963707279506376,0.24849487230939132,121.6262000016286
2,3,3,"(37.5, 387.5, 3.4504418791542615)",0.03148555914099462,733.7432250976562,-0.8443507836387215,0.4373219701841066,88.41550000215648
2,3,4,"(37.5, 362.5, 3.0963977943191585)",0.03740309541116915,0.0,-1.3464770974990734,0.15493926175331188,140.13530000011087
2,3,5,"(37.5, 337.5, 2.720263300914144)",0.0011103036813419416,0.0,-1.7743874603694767,0.021376112967695256,122.8625000003376
2,3,6,"(37.5, 337.5, 2.720263300914144)",0.10023735466675743,735.6514282226562,-0.4294493345219783,0.39241628051180505,87.52409999942756
2,3,7,"(37.5, 312.5, 2.347164439776079)",0.6235870235289556,0.0,-1.2178527305139446,0.8765650921026246,147.16849999967963
2,3,8,"(37.5, 287.5, 1.9949445653352311)",0.01831999421125511,0.0,-1.9500353421900831,1.2663172340888573,171.6324999979406
2,3,9,"(37.5, 287.5, 1.9949445653352311)",0.09718132535140633,733.1891479492188,-0.6313822785406729,1.348519081104428,85.80340000116848
2,3,10,"(12.5, 287.5, 1.651479509158393)",0.013425873147896663,0.0,-1.2229615703643584,1.3761696363633955,141.35729999907198
2,3,11,"(37.5, 287.5, 1.9949445653352311)",0.0009061400002492611,0.0,-1.8645160282610527,1.2958315611840676,121.74579999918933
2,3,12,"(37.5, 287.5, 1.9949445653352311)",0.028006951906651482,733.1258544921875,-0.640942813892414,1.4228920391276128,86.80090000052587
2,3,13,"(62.5, 287.5, 2.3844185310708723)",0.014832334549413788,0.0,-1.344117353599183,1.2962183665994564,137.24480000018957
2,3,14,"(62.5, 287.5, 2.3844185310708723)",0.0016410751268263104,0.0,-2.029735096723204,1.0618090938902922,123.81679999816697
2,3,15,"(62.5, 287.5, 2.3844185310708723)",0.025018358879335147,735.4072875976562,-0.6969198085096173,1.271525792936118,86.37670000098296
2,3,16,"(62.5, 312.5, 2.84003211203415)",0.20302557268734261,0.0,-1.5799392219421406,1.0938580800672393,137.14020000043092
2,3,17,"(62.5, 287.5, 2.3844185310708723)",0.000995835056546374,0.0,-2.249914462855526,0.6312835638401437,121.59020000035525
2,3,18,"(62.5, 287.5, 2.3844185310708723)",0.05137162887705511,735.4417114257812,-0.6885464722493121,1.1728807229681442,86.4356999991287
2,3,19,"(87.5, 287.5, 2.8131085484191836)",0.02859160749420963,0.0,-1.4429008175686642,1.0436997691381324,137.74479999847244
2,3,20,"(87.5, 312.5, 3.3952550877786836)",0.008983592192370752,0.0,-2.419316925027266,0.48657079294762073,122.70589999752701
2,3,21,"(87.5, 312.5, 3.3952550877786836)",0.5552390578979044,737.5285034179688,-0.9416514159522185,1.537605791323035,125.62890000117477
2,3,22,"(87.5, 287.5, 2.8131085484191836)",0.209530642706295,0.0,-1.687493355316283,0.9407741370741931,146.57529999749386
2,3,23,"(87.5, 287.5, 2.8131085484191836)",0.0012641565408677486,0.0,-2.458423747989898,0.36311080744201507,126.97879999905126
2,3,24,"(87.5, 287.5, 2.8131085484191836)",0.057084849297141145,736.7153930664062,-0.7343866581117156,0.9590227595207256,85.10940000269329
2,3,25,"(112.5, 287.5, 3.266470567666104)",0.05086797024921841,0.0,-1.5045982308289725,0.7646975277053452,136.45229999747244
2,3,26,"(112.5, 287.5, 3.266470567666104)",0.0015319731707438115,0.0,-2.2494455743866806,0.3667047471093576,121.37399999846821
2,3,27,"(112.5, 287.5, 3.266470567666104)",0.06402249960071772,737.5032958984375,-0.7577883905857958,0.8267069537249302,86.78169999984675
2,3,28,"(137.5, 287.5, 3.720264207629609)",0.11959065038964928,0.0,-1.4931172020851884,0.5615118160293547,136.4610000018729
2,3,29,"(112.5, 287.5, 3.266470567666104)",0.0007842131114418528,0.0,-2.2370287848502777,0.19678408769677272,121.22119999912684
2,3,30,"(112.5, 287.5, 3.266470567666104)",0.08688349684228092,737.5565185546875,-0.7542086689687821,0.7690269347407972,85.75280000150087
2,3,31,"(137.5, 287.5, 3.720264207629609)",0.1402699815953554,0.0,-1.4915573956401247,0.5510660376534466,134.449000001041
2,3,32,"(137.5, 262.5, 2.9770964423387296)",0.0006050812856608119,0.0,-2.01718820177435,0.32031843840761237,124.15640000108397
2,3,33,"(137.5, 262.5, 2.9770964423387296)",0.019948523164637265,737.9085083007812,-0.5367241055208652,1.0604530023875334,84.46700000058627
2,3,34,"(137.5, 287.5, 3.720264207629609)",0.05156654702588831,0.0,-1.2831916610435858,0.7558217812507333,138.3674000026076
2,3,35,"(137.5, 312.5, 4.617102976724376)",0.002591742668323636,0.0,-2.39932175125154,0.10541239521695883,122.56189999970957
2,3,36,"(137.5, 312.5, 4.617102976724376)",0.5080691300851728,739.1089477539062,-0.9575007042310819,1.448523930177779,123.71669999993173
2,3,37,"(137.5, 287.5, 3.720264207629609)",1.0428169401005856,0.0,-1.4188319490135575,1.3264536866875334,143.7807000002067
2,3,38,"(137.5, 262.5, 2.9770964423387296)",0.00021828689690028946,0.0,-2.381788814623172,0.16392552102016986,182.2535000028438
2,3,39,"(137.5, 262.5, 2.9770964423387296)",0.01600051408522877,737.9864501953125,-0.5315777485309129,0.7831886393783379,92.48610000213375
2,3,40,"(137.5, 287.5, 3.720264207629609)",0.04915655958176293,0.0,-1.2779515460654334,0.6861228653207504,138.589399997727
2,3,41,"(137.5, 312.5, 4.617102976724376)",0.00036435679070717886,0.0,-2.399003257303175,0.10212977991776415,122.81380000058562
2,3,42,"(137.5, 312.5, 4.617102976724376)",0.5056643817497481,739.114990234375,-0.9524844963966799,1.456312870650304,124.18210000032559
2,3,43,"(137.5, 287.5, 3.720264207629609)",1.03324447544027,0.0,-1.4184086397724054,1.325945443067332,145.26889999979176
2,3,44,"(137.5, 262.5, 2.9770964423387296)",0.00013571458597057886,0.0,-2.3817488201136086,0.1640415639504259,166.15860000092653
2,3,45,"(137.5, 262.5, 2.9770964423387296)",0.015308789614979692,737.9986572265625,-0.5315769400971697,0.7831261743768247,88.82969999831403
2,3,46,"(137.5, 287.5, 3.720264207629609)",0.04822596788410668,0.0,-1.2779503821873357,0.6861056886529504,138.57260000077076
2,3,47,"(137.5, 312.5, 4.617102976724376)",0.006251547485575016,0.0,-2.399003249889116,0.10212892202523188,123.18009999944479
2,3,48,"(137.5, 312.5, 4.617102976724376)",0.5059059761930814,739.0498046875,-0.9524833207439821,1.4563146793397392,122.57959999988088
2,3,49,"(137.5, 287.5, 3.720264207629609)",1.031513639753924,0.0,-1.4184085561868258,1.3259452373230152,144.78410000083386
2,3,50,"(137.5, 262.5, 2.9770964423387296)",0.00023457883313887017,0.0,-2.3817487792847403,0.16404153521247977,179.20370000138064
2,3,51,"(137.5, 262.5, 2.9770964423387296)",0.015544594590824998,738.0010986328125,-0.5315769671488858,0.7831258721706741,88.73719999974128
2,3,52,"(137.5, 287.5, 3.720264207629609)",0.044589120641323865,0.0,-1.2779503507419359,0.6861056079424875,138.28819999980624
2,3,53,"(137.5, 312.5, 4.617102976724376)",0.0013157264329650984,0.0,-2.399003247427473,0.1021289220252319,121.32669999846257
2,3,54,"(137.5, 312.5, 4.617102976724376)",0.5110663922538792,739.1083374023438,-0.9524833207439819,1.4563146987729672,121.4070999994874
2,3,55,"(137.5, 287.5, 3.720264207629609)",1.0387225501349846,0.0,-1.4184085561868263,1.3259452373230154,144.2817000024661
2,3,56,"(137.5, 262.5, 2.9770964423387296)",0.0002018360149423571,0.0,-2.38174877928474,0.16404153521247974,168.53249999985565
2,3,57,"(137.5, 262.5, 2.9770964423387296)",0.01599723359300588,737.9932861328125,-0.5315769671488859,0.7831258758051312,83.92129999992903
2,3,58,"(137.5, 287.5, 3.720264207629609)",0.04922129320113537,0.0,-1.2779503507419363,0.6861056079424876,137.87870000305702
2,3,59,"(137.5, 312.5, 4.617102976724376)",0.0029583508148816897,0.0,-2.3990032474274727,0.1021289220252319,121.75230000138981
2,3,60,"(137.5, 312.5, 4.617102976724376)",0.5058002031339667,739.0553588867188,-0.9524833207439819,1.456314688708333,121.63399999917601
2,3,61,"(137.5, 287.5, 3.720264207629609)",1.022963335420006,0.0,-1.4184085561868256,1.3259452373230152,144.10009999846807
2,3,62,"(112.5, 287.5, 3.266470567666104)",0.016104752818775325,0.0,-2.2622721186572217,0.6883642688883618,164.38779999953113
2,3,63,"(112.5, 287.5, 3.266470567666104)",0.15208158993919976,737.7284545898438,-0.7506291912413005,0.7022470745050297,85.82709999973304
2,3,64,"(112.5, 262.5, 2.645266895480795)",0.008274109958541352,0.0,-1.335947582238767,0.8590869757688282,146.02240000021993
2,3,65,"(112.5, 287.5, 3.266470567666104)",0.003945881811279568,0.0,-2.113039932120032,0.6152940526799091,123.45419999837759
2,3,66,"(112.5, 287.5, 3.266470567666104)",0.030644143656934547,737.4849243164062,-0.7636411505367962,0.8704054648571873,89.5851000022958
2,3,67,"(112.5, 312.5, 3.997603125569143)",0.6054479535298676,0.0,-1.784934560294516,0.8954253818300838,138.30109999980778
2,3,68,"(112.5, 287.5, 3.266470567666104)",0.02633855243532888,0.0,-2.55839338311592,0.5294334798768545,154.73539999948116
2,3,69,"(112.5, 287.5, 3.266470567666104)",0.1848195631662077,737.8031616210938,-0.7522896557171367,0.7851415510790777,86.44990000175312
2,4,0,"(37.5, 437.5, 3.968016468858607)",0.02476923612608925,731.531494140625,-1.854671346322317,1.7510720510894067,85.42390000002342
2,4,1,"(37.5, 412.5, 3.751648026446586)",0.021034562824227068,0.0,-3.14118441353929,0.777745582285085,127.1575999999186
2,4,2,"(37.5, 387.5, 3.4504418791542615)",0.0014747033516572794,0.0,-3.963707279506377,0.24849487230939132,129.7258000013244
2,4,3,"(37.5, 387.5, 3.4504418791542615)",0.030436849258469612,733.7127075195312,-0.8443507836387217,0.4373219683701657,88.91819999917061
2,4,4,"(37.5, 362.5, 3.0963977943191585)",0.03438665483913612,0.0,-1.3464770974990734,0.15493926175331185,138.7789000000339
2,4,5,"(37.5, 337.5, 2.720263300914144)",0.0011103036813459005,0.0,-1.7743874603694765,0.021376112967695246,123.11130000307458
2,4,6,"(37.5, 337.5, 2.720263300914144)",0.102948280712589,735.6644287109375,-0.42944933452197837,0.39241625418503756,85.64240000123391
2,4,7,"(37.5, 312.5, 2.347164439776079)",0.6303002411677546,0.0,-1.2178527305139448,0.8765650921026247,145.19709999876795
2,4,8,"(37.5, 287.5, 1.9949445653352311)",0.020839045445132928,0.0,-1.9500353421900831,1.266317234088857,170.62340000120457
2,4,9,"(37.5, 287.5, 1.9949445653352311)",0.08809340545228413,733.1718139648438,-0.6313822785406727,1.3485190380913314,87.15670000310638
2,4,10,"(37.5, 262.5, 1.6744753499793261)",0.0013642480080677038,0.0,-1.1810051973415558,1.3985414665954596,141.9930000010936
2,4,11,"(37.5, 287.5, 1.9949445653352311)",0.0009717051095022178,0.0,-1.8276478039780533,1.3628498430024851,122.82570000024862
2,4,12,"(37.5, 287.5, 1.9949445653352311)",0.010147970312912355,733.118896484375,-0.6425439905576066,1.4152417186245316,87.73540000038338
2,4,13,"(37.5, 312.5, 2.347164439776079)",0.09615289077313427,0.0,-1.4194659899551585,1.3022281762222339,140.11140000002342
2,4,14,"(37.5, 312.5, 2.347164439776079)",0.040076799690808906,0.0,-2.1719432330839887,1.0460835553910217,124.19100000261096
2,4,15,"(37.5, 312.5, 2.347164439776079)",0.46359078763177447,733.6199340820312,-0.7689923677692039,1.8592765315977915,89.20080000098096
2,4,16,"(37.5, 287.5, 1.9949445653352311)",0.09790391884008574,0.0,-1.4138124193226809,1.2979716023646006,136.54759999917587
2,4,17,"(37.5, 262.5, 1.6744753499793261)",0.00010664257570173268,0.0,-1.9484796775772795,1.139342618843394,126.11459999970975
2,4,18,"(37.5, 262.5, 1.6744753499793261)",0.0027152341517431206,733.1109008789062,-0.5382054206857959,1.442530077088883,87.07610000055865
2,4,19,"(62.5, 262.5, 1.9784785325219891)",0.0028028180956801933,0.0,-1.1066574615208429,1.4754033906467445,138.98259999768925
2,4,20,"(62.5, 287.5, 2.3844185310708723)",0.0018962624793255065,0.0,-1.818875150463228,1.3896652576230133,122.36760000087088
2,4,21,"(62.5, 287.5, 2.3844185310708723)",0.012710901641123661,735.401123046875,-0.7051190983361276,1.3463442222934734,89.45430000312626
2,4,22,"(87.5, 287.5, 2.8131085484191836)",0.022367567884493796,0.0,-1.450748860783678,1.1047355839897108,139.2150000028778
2,4,23,"(87.5, 312.5, 3.3952550877786836)",0.004786233107274759,0.0,-2.4213135587021264,0.49223249154364535,124.19599999702768
2,4,24,"(87.5, 312.5, 3.3952550877786836)",0.5243165112581246,737.5136108398438,-0.949518994684162,1.4941028131585699,123.78099999841652
2,4,25,"(87.5, 287.5, 2.8131085484191836)",0.2104809916184877,0.0,-1.6892800684417486,0.9333432367846934,149.1241000003356
2,4,26,"(62.5, 287.5, 2.3844185310708723)",0.0008592212107028349,0.0,-2.4084951530100196,0.41672659983430343,128.0918999982532
2,4,27,"(62.5, 287.5, 2.3844185310708723)",0.04329449141190559,735.4443359375,-0.6854282950422418,1.0883626688175425,84.56870000009076
2,4,28,"(62.5, 262.5, 1.9784785325219891)",0.0026177369966051576,0.0,-1.2655236832177446,1.2976891056743274,148.52109999992535
2,4,29,"(62.5, 287.5, 2.3844185310708723)",0.0017811857784789428,0.0,-1.973438644454461,1.2074722397124562,121.87529999937396
2,4,30,"(62.5, 287.5, 2.3844185310708723)",0.01269829374608826,735.3991088867188,-0.7009647739380387,1.3018552188190782,86.69379999992088
2,4,31,"(62.5, 312.5, 2.84003211203415)",0.1343494109758596,0.0,-1.5821146547208649,1.0447560266860343,136.4666000008583
2,4,32,"(37.5, 312.5, 2.347164439776079)",0.07694799701366498,0.0,-2.32251676799009,0.8266554084582534,124.05230000149459
2,4,33,"(37.5, 312.5, 2.347164439776079)",0.5232636830416989,733.656982421875,-0.764056179896738,1.8553172629024857,87.23810000083176
2,4,34,"(37.5, 287.5, 1.9949445653352311)",0.10972647059701597,0.0,-1.410700698405233,1.2774476903473808,137.26979999773903
2,4,35,"(62.5, 287.5, 2.3844185310708723)",0.001544197710851623,0.0,-2.1042652686037675,0.9908743769800824,120.71179999838932
2,4,36,"(62.5, 287.5, 2.3844185310708723)",0.03951274144652519,735.4122924804688,-0.696445091336767,1.281449655152541,88.26240000053076
2,4,37,"(87.5, 287.5, 2.8131085484191836)",0.040372815565433554,0.0,-1.447062804504085,1.0790550642677117,136.44050000220886
2,4,38,"(87.5, 312.5, 3.3952550877786836)",0.00838698943459036,0.0,-2.420103487589068,0.49208241368086775,126.02899999910733
2,4,39,"(87.5, 312.5, 3.3952550877786836)",0.5539353535494652,737.5794067382812,-0.9429151604246692,1.5318763818805239,121.47209999966435
2,4,40,"(87.5, 287.5, 2.8131085484191836)",0.2103990298554417,0.0,-1.6877844760726923,0.9398961354369748,150.8758999989368
2,4,41,"(87.5, 262.5, 2.3062152958190487)",0.00023307521284269197,0.0,-2.300923475159279,0.47482395999000304,141.62930000020424
2,4,42,"(87.5, 262.5, 2.3062152958190487)",0.005799518282491837,736.596435546875,-0.5752930151532539,1.2278851579406853,84.88159999978961
2,4,43,"(87.5, 287.5, 2.8131085484191836)",0.022355957087187264,0.0,-1.3357637550926986,1.1824080364708314,139.01109999642358
2,4,44,"(87.5, 312.5, 3.3952550877786836)",0.0031742056210816464,0.0,-2.3200154517292337,0.5694744523346082,123.459799997363
2,4,45,"(87.5, 312.5, 3.3952550877786836)",0.15456228427603816,736.9285888671875,-0.9957133515672426,0.8737569390425385,85.97960000042804
2,4,46,"(112.5, 312.5, 3.997603125569143)",0.3284984947896361,0.0,-1.1442233179996688,0.6957155581113268,137.24739999815938
2,4,47,"(112.5, 287.5, 3.266470567666104)",0.18255430459978952,0.0,-2.110467839854215,0.6756175178843588,131.33899999957066
2,4,48,"(112.5, 287.5, 3.266470567666104)",0.3197726412677652,738.08935546875,-0.7610090418229172,0.9495307054428873,88.05829999982961
2,4,49,"(87.5, 287.5, 2.8131085484191836)",0.06512748028613273,0.0,-1.4948216349502235,0.6833825135214886,141.44870000018273
2,4,50,"(62.5, 287.5, 2.3844185310708723)",0.000914613793924143,0.0,-2.1801797679015227,0.5343583930603027,121.8150999993668
2,4,51,"(62.5, 287.5, 2.3844185310708723)",0.03249196612193811,735.42333984375,-0.6880326869882281,1.1265595935404467,85.10060000116937
2,4,52,"(87.5, 287.5, 2.8131085484191836)",0.0280020776785158,0.0,-1.442594297588893,1.0389552079970377,139.31489999959012
2,4,53,"(87.5, 312.5, 3.3952550877786836)",0.010723332564055997,0.0,-2.419481615404677,0.48437896984891543,123.36719999802881
2,4,54,"(87.5, 312.5, 3.3952550877786836)",0.5474133617923684,737.48681640625,-0.9437011351970953,1.5261644258415037,125.75089999882039
2,4,55,"(87.5, 287.5, 2.8131085484191836)",0.21719195847205527,0.0,-1.6879311819886464,0.9387317342496952,146.0841000007349
2,4,56,"(87.5, 262.5, 2.3062152958190487)",0.0002670101239344907,0.0,-2.3009151112620856,0.47473776295861303,141.40079999924637
2,4,57,"(87.5, 262.5, 2.3062152958190487)",0.007173994855175707,736.6029052734375,-0.5752921578387605,1.2278480103645038,86.02199999950244
2,4,58,"(87.5, 287.5, 2.8131085484191836)",0.02271078431510251,0.0,-1.3357627544344057,1.1823982098303456,138.48800000050687
2,4,59,"(87.5, 312.5, 3.3952550877786836)",0.002865215142562605,0.0,-2.320015324258294,0.5694722588348919,123.01279999883263
2,4,60,"(87.5, 312.5, 3.3952550877786836)",0.15662416193045528,736.9296264648438,-0.9957133660945285,0.873756164972397,85.95729999797186
2,4,61,"(87.5, 287.5, 2.8131085484191836)",0.16642374186996872,0.0,-1.7156144980463126,0.7894247386661133,146.79229999819654
2,4,62,"(62.5, 287.5, 2.3844185310708723)",0.00488634935267587,0.0,-2.4090783985557627,0.4134932611756304,126.0530999970797
2,4,63,"(62.5, 287.5, 2.3844185310708723)",0.04185822892009684,735.4336547851562,-0.6854540715420369,1.0880799565582977,85.85239999956684
2,4,64,"(62.5, 312.5, 2.84003211203415)",0.2486233541265177,0.0,-1.5738767636542472,1.0721313670373094,140.6661000000895
2,4,65,"(62.5, 287.5, 2.3844185310708723)",0.004872521075082408,0.0,-2.2488955839714855,0.6206663137201073,130.07489999654354
2,4,66,"(62.5, 287.5, 2.3844185310708723)",0.054562828265523076,735.42919921875,-0.6883801856943762,1.170235236954363,91.98699999978999
2,4,67,"(62.5, 287.5, 2.3844185310708723)",0.025272051731374756,0.0,-1.3945981161636936,1.1585728667843622,139.05319999685162
2,4,68,"(62.5, 312.5, 2.84003211203415)",0.004630047827960016,0.0,-2.269734717987558,0.7652452178439849,122.88110000008601
2,4,69,"(62.5, 312.5, 2.84003211203415)",0.2826765109770871,735.7898559570312,-0.8766136323762642,1.363419287291519,90.87880000151927
2,5,0,"(37.5, 437.5, 3.968016468858607)",0.025116960056132287,731.5194702148438,-1.8546713463223168,1.7510720560812962,85.86570000261418
2,5,1,"(37.5, 412.5, 3.751648026446586)",0.021214064988428705,0.0,-3.141184413539289,0.777745582285085,127.44150000071386
2,5,2,"(37.5, 387.5, 3.4504418791542615)",0.001474782824515904,0.0,-3.9637072795063775,0.24849487230939135,121.61349999951199
2,5,3,"(37.5, 387.5, 3.4504418791542615)",0.030560585110787315,733.7258911132812,-0.8443507836387216,0.43732196577793847,89.69340000112425
2,5,4,"(37.5, 362.5, 3.0963977943191585)",0.038555488765987286,0.0,-1.3464770974990734,0.15493926175331185,139.97350000136066
2,5,5,"(37.5, 337.5, 2.720263300914144)",0.0011103036813518185,0.0,-1.7743874603694767,0.021376112967695253,125.0720000025467
2,5,6,"(37.5, 337.5, 2.720263300914144)",0.10484809570508931,735.6919555664062,-0.42944933452197837,0.3924162770869173,87.92489999905229
2,5,7,"(37.5, 312.5, 2.347164439776079)",0.6246278497017868,0.0,-1.2178527305139446,0.8765650921026245,148.56670000153827
2,5,8,"(37.5, 287.5, 1.9949445653352311)",0.020778805017509113,0.0,-1.950035342190083,1.2663172340888573,167.50020000108634
2,5,9,"(37.5, 287.5, 1.9949445653352311)",0.09912479816370756,733.203125,-0.6313822785406727,1.3485190829906024,87.18950000184122
2,5,10,"(62.5, 287.5, 2.3844185310708723)",0.023608639516675165,0.0,-1.33858980051492,1.251219357972721,142.9506999993464
2,5,11,"(87.5, 287.5, 2.8131085484191836)",0.0027738229061156643,0.0,-2.0795037390581745,0.9553399610955139,126.28870000116876
2,5,12,"(87.5, 287.5, 2.8131085484191836)",0.04049657127710267,736.6729736328125,-0.7458656265576289,1.1264468044374965,87.26400000159629
2,5,13,"(112.5, 287.5, 3.266470567666104)",0.05030450882109248,0.0,-1.5098429172493806,0.8094001843764846,141.01210000080755
2,5,14,"(112.5, 312.5, 3.997603125569143)",0.048943494757008696,0.0,-2.542492060733733,0.3354033384194564,123.57170000177575
2,5,15,"(112.5, 312.5, 3.997603125569143)",0.6702701015737906,740.4577026367188,-0.6841278346605616,1.5886944624792625,86.48379999794997
2,5,16,"(112.5, 287.5, 3.266470567666104)",0.5665281776473357,0.0,-1.5166260772974902,1.1689922198061575,148.07199999995646
2,5,17,"(112.5, 262.5, 2.645266895480795)",0.00023537309607517425,0.0,-2.414712426262533,0.22228859267305145,166.53279999809456
2,5,18,"(112.5, 262.5, 2.645266895480795)",0.010050339379988681,737.3125,-0.5675061747823296,1.0177516740855646,86.94850000028964
2,5,19,"(112.5, 287.5, 3.266470567666104)",0.03294970120636234,0.0,-1.3472364849599399,0.9450004138677355,139.15999999881024
2,5,20,"(112.5, 312.5, 3.997603125569143)",0.0012591412911889999,0.0,-2.424637386621286,0.25308202901424726,121.33869999888702
2,5,21,"(112.5, 312.5, 3.997603125569143)",0.30340852766741205,738.0639038085938,-1.0822344461603561,0.9488272720654373,122.86400000084541
2,5,22,"(112.5, 287.5, 3.266470567666104)",0.42371856610547154,0.0,-1.6586682352996949,1.0512802422605416,145.41550000285497
2,5,23,"(112.5, 262.5, 2.645266895480795)",0.0002505524122777059,0.0,-2.414926563247915,0.2216180737371237,158.80680000191205
2,5,24,"(112.5, 262.5, 2.645266895480795)",0.010004293232274444,737.3189086914062,-0.5675187702197821,1.0184315677852978,87.27379999982077
2,5,25,"(112.5, 287.5, 3.266470567666104)",0.03258578116999999,0.0,-1.3472520647107504,0.9451845957358517,138.58900000195717
2,5,26,"(112.5, 312.5, 3.997603125569143)",2.9115472752818143e-07,0.0,-2.424638961000918,0.25310242123671695,120.52749999929802
2,5,27,"(112.5, 312.5, 3.997603125569143)",0.30006920297924705,738.1409912109375,-1.082250621133455,0.9486490847579578,127.18429999949876
2,5,28,"(112.5, 287.5, 3.266470567666104)",0.4197781598710896,0.0,-1.6586983339552765,1.0512369955354322,147.71699999982957
2,5,29,"(112.5, 287.5, 3.266470567666104)",0.004980936336026886,0.0,-2.5546581802017316,0.33969629101428855,160.0484000009601
2,5,30,"(112.5, 287.5, 3.266470567666104)",0.11875868139690274,737.6109008789062,-0.7528183775141117,0.7606238743433561,82.89560000048368
2,5,31,"(112.5, 262.5, 2.645266895480795)",0.008430919722134623,0.0,-1.3407540632676234,0.9125359608578482,147.54489999904763
2,5,32,"(112.5, 287.5, 3.266470567666104)",0.0035011516883960234,0.0,-2.114635975483773,0.6279932502967894,119.88729999939096
2,5,33,"(112.5, 287.5, 3.266470567666104)",0.030762031734752136,737.4755859375,-0.7638351833794033,0.8735535492203864,84.28090000234079
2,5,34,"(112.5, 312.5, 3.997603125569143)",0.5923539837813121,0.0,-1.7851484335382255,0.8950616814700301,138.25640000140993
2,5,35,"(112.5, 287.5, 3.266470567666104)",0.03548746804400266,0.0,-2.5584219533525068,0.5292459993343238,155.58969999983674
2,5,36,"(112.5, 287.5, 3.266470567666104)",0.1769778630556672,737.7269287109375,-0.7522897959246101,0.7851481161971876,90.0392000003194
2,5,37,"(112.5, 262.5, 2.645266895480795)",0.007631263057848616,0.0,-1.3377557737670158,0.8798830997398226,149.1753999980574
2,5,38,"(112.5, 287.5, 3.266470567666104)",0.0030963169410870924,0.0,-2.113663510363712,0.6202784708637548,129.117700002098
2,5,39,"(112.5, 287.5, 3.266470567666104)",0.03102871300238861,737.47509765625,-0.7637174479208384,0.8716837999759731,87.16090000234544
2,5,40,"(112.5, 312.5, 3.997603125569143)",0.5739190418050757,0.0,-1.7848421626269033,0.8958946864269643,139.9643999975524
2,5,41,"(112.5, 287.5, 3.266470567666104)",0.03763744731742676,0.0,-2.558379757796178,0.5295569658879699,151.61059999809368
2,5,42,"(112.5, 287.5, 3.266470567666104)",0.17956336358033329,737.7193603515625,-0.7522901878057255,0.7851639108615689,86.70129999882192
2,5,43,"(112.5, 262.5, 2.645266895480795)",0.00813720559479596,0.0,-1.3377550398967437,0.8798748444827568,149.3415000004461
2,5,44,"(112.5, 287.5, 3.266470567666104)",0.003557656891644542,0.0,-2.113663205361858,0.6202765647642092,124.15669999973034
2,5,45,"(112.5, 287.5, 3.266470567666104)",0.030635987633137397,737.4876098632812,-0.763717422185608,0.8716833375065357,86.85089999926277
2,5,46,"(112.5, 312.5, 3.997603125569143)",0.5669908883198721,0.0,-1.7848421041533717,0.8958948472267612,135.5548000028648
2,5,47,"(112.5, 287.5, 3.266470567666104)",0.047664458553003164,0.0,-2.558379767881816,0.5295569854714121,149.91530000042985
2,5,48,"(112.5, 287.5, 3.266470567666104)",0.18230892929698825,737.7637329101562,-0.7522901878057255,0.7851639489593576,86.87869999994291
2,5,49,"(112.5, 262.5, 2.645266895480795)",0.007698471253007981,0.0,-1.3377550398967437,0.8798748444827569,148.66640000036568
2,5,50,"(112.5, 287.5, 3.266470567666104)",0.00350115168839582,0.0,-2.113663205361857,0.6202765647642089,123.10100000104285
2,5,51,"(112.5, 287.5, 3.266470567666104)",0.029235238092970715,737.4822387695312,-0.7637174221856079,0.8716833464197514,87.2566000034567
2,5,52,"(112.5, 312.5, 3.997603125569143)",0.5777997795017773,0.0,-1.784842104153372,0.8958948472267603,139.1713000011805
2,5,53,"(112.5, 287.5, 3.266470567666104)",0.03763744731741839,0.0,-2.558379767881816,0.529556985471412,151.57239999825833
2,5,54,"(112.5, 287.5, 3.266470567666104)",0.18305297781543617,737.7504272460938,-0.7522901878057254,0.7851639343263558,86.95929999885266
2,5,55,"(112.5, 262.5, 2.645266895480795)",0.008096673897125876,0.0,-1.3377550398967437,0.8798748444827569,150.88819999800762
2,5,56,"(112.5, 287.5, 3.266470567666104)",0.0037812935188390696,0.0,-2.113663205361858,0.6202765647642092,125.31049999961397
2,5,57,"(112.5, 287.5, 3.266470567666104)",0.032480609541272014,737.4691772460938,-0.7637174221856081,0.8716833580894913,87.41590000136057
2,5,58,"(112.5, 312.5, 3.997603125569143)",0.5901042950891667,0.0,-1.7848421041533726,0.8958948472267598,139.06240000142134
2,5,59,"(112.5, 287.5, 3.266470567666104)",0.051730290055214005,0.0,-2.5583797678818163,0.5295569854714123,149.90530000068247
2,5,60,"(112.5, 287.5, 3.266470567666104)",0.17761102836231343,737.7049560546875,-0.7522901878057254,0.7851638998597756,84.56330000262824
2,5,61,"(112.5, 287.5, 3.266470567666104)",0.0677939005668322,0.0,-1.5170016213267572,0.5966318040893587,140.73690000077477
2,5,62,"(137.5, 287.5, 3.720264207629609)",0.0059893677631824,0.0,-2.241411710761271,0.21829213826918512,124.76819999938016
2,5,63,"(137.5, 287.5, 3.720264207629609)",0.13339186140658538,738.42236328125,-0.7302661188517073,0.7425739416619219,86.79420000044047
2,5,64,"(137.5, 262.5, 2.9770964423387296)",0.014359084059473282,0.0,-1.278097674201601,0.741450933101812,146.46730000094976
2,5,65,"(137.5, 287.5, 3.720264207629609)",0.0037050796672725003,0.0,-2.0153446065187257,0.3581313107680356,122.32820000281208
2,5,66,"(137.5, 287.5, 3.720264207629609)",0.05092853822409961,738.3009643554688,-0.7327981180221823,0.6605217585169406,85.10949999981676
2,5,67,"(162.5, 287.5, 4.140142738102741)",0.2149362508357221,0.0,-1.3726462749738881,0.512665052168436,136.6383999993559
2,5,68,"(162.5, 262.5, 3.2775456166337156)",0.0008543278866752676,0.0,-1.838124278075019,0.17578896437227132,123.13840000206255
2,5,69,"(162.5, 262.5, 3.2775456166337156)",0.03315130813198772,738.71923828125,-0.47553372370595864,0.9217888885606413,86.00030000161496
2,6,0,"(37.5, 437.5, 3.968016468858607)",0.02447842955699105,731.525634765625,-1.8546713463223166,1.751072048972945,88.18429999882937
2,6,1,"(37.5, 412.5, 3.751648026446586)",0.019711310079350373,0.0,-3.141184413539289,0.7777455822850848,128.72340000103577
2,6,2,"(37.5, 387.5, 3.4504418791542615)",0.002012973030406248,0.0,-3.963707279506378,0.2484948723093914,122.38960000104271
2,6,3,"(37.5, 387.5, 3.4504418791542615)",0.030550399846586487,733.7369384765625,-0.8443507836387215,0.43732195419233844,85.77560000048834
2,6,4,"(37.5, 362.5, 3.0963977943191585)",0.033201663025396046,0.0,-1.3464770974990734,0.15493926175331188,142.53939999980503
2,6,5,"(37.5, 337.5, 2.720263300914144)",0.003283091510337018,0.0,-1.7743874603694767,0.021376112967695253,130.46549999853596
2,6,6,"(37.5, 337.5, 2.720263300914144)",0.10233740566333575,735.6646118164062,-0.42944933452197825,0.3924163125697722,86.45210000031511
2,6,7,"(37.5, 312.5, 2.347164439776079)",0.6256094967407531,0.0,-1.2178527305139448,0.8765650921026246,148.26449999964098
2,6,8,"(37.5, 287.5, 1.9949445653352311)",0.018259197473548247,0.0,-1.9500353421900836,1.2663172340888578,169.56779999964056
2,6,9,"(37.5, 287.5, 1.9949445653352311)",0.09956740507179258,733.1920776367188,-0.6313822785406727,1.3485190288578308,85.53859999665292
2,6,10,"(37.5, 262.5, 1.6744753499793261)",0.001355384829866761,0.0,-1.1810051973415558,1.3985414665954599,145.99989999987883
2,6,11,"(37.5, 287.5, 1.9949445653352311)",0.001028448731327822,0.0,-1.827647803978053,1.3628498430024851,122.17910000254051
2,6,12,"(37.5, 287.5, 1.9949445653352311)",0.011727909656227328,733.11865234375,-0.6425439905576066,1.4152416926827542,85.98059999712859
2,6,13,"(62.5, 287.5, 2.3844185310708723)",0.015525207955016739,0.0,-1.3448755464168753,1.2998224121757203,140.49660000091535
2,6,14,"(62.5, 312.5, 2.84003211203415)",0.007588742921734044,0.0,-2.2176394670749597,0.8646966112627771,121.93330000081914
2,6,15,"(62.5, 312.5, 2.84003211203415)",0.28124652482603724,735.80810546875,-0.8780946261345463,1.3783752278384354,88.44130000215955
2,6,16,"(62.5, 287.5, 2.3844185310708723)",0.11949281118127246,0.0,-1.5736293972175242,1.0374705973285137,141.55079999909503
2,6,17,"(87.5, 287.5, 2.8131085484191836)",0.006081086272971021,0.0,-2.3094387473806384,0.6261394239986924,124.96109999847249
2,6,18,"(87.5, 287.5, 2.8131085484191836)",0.05158652836983213,736.7005615234375,-0.7404049879337379,1.0642938899352663,89.12340000097174
2,6,19,"(112.5, 287.5, 3.266470567666104)",0.06141216477154732,0.0,-1.5076490413658359,0.792249073033191,138.23259999844595
2,6,20,"(112.5, 312.5, 3.997603125569143)",0.05545589824512933,0.0,-2.5408587423268325,0.3380779614864807,125.34089999826392
2,6,21,"(112.5, 312.5, 3.997603125569143)",0.6669477723654159,740.2969360351562,-0.6802145064727128,1.582844584077234,87.46130000145058
2,6,22,"(112.5, 287.5, 3.266470567666104)",0.5540654209103713,0.0,-1.515737928994577,1.1691620646043732,157.56600000167964
2,6,23,"(112.5, 262.5, 2.645266895480795)",0.00023537309607506792,0.0,-2.4147096047336807,0.2222792483537787,168.990300000587
2,6,24,"(112.5, 262.5, 2.645266895480795)",0.009828601019691872,737.3106079101562,-0.5675058233016954,1.0177305849230414,86.30530000300496
2,6,25,"(112.5, 287.5, 3.266470567666104)",0.03548190724776229,0.0,-1.3472359985404214,0.9449947190151591,139.30960000288906
2,6,26,"(112.5, 312.5, 3.997603125569143)",0.0009036591897471748,0.0,-2.424637285845243,0.2530813969333119,124.80150000192225
2,6,27,"(112.5, 312.5, 3.997603125569143)",0.29871753190367323,738.1072387695312,-1.08223435303919,0.9488284146961509,120.1400999998441
2,6,28,"(112.5, 287.5, 3.266470567666104)",0.3967551899223629,0.0,-1.65866804297879,1.0512805206990978,144.0638999993098
2,6,29,"(112.5, 262.5, 2.645266895480795)",0.00022782317440344708,0.0,-2.4149265638575694,0.22161808169517858,161.27939999933005
2,6,30,"(112.5, 262.5, 2.645266895480795)",0.010196678773982126,737.3193969726562,-0.5675187702197821,1.0184315685624463,86.67649999915739
2,6,31,"(112.5, 287.5, 3.266470567666104)",0.033813933767715305,0.0,-1.3472520647107507,0.9451845957358519,140.3071999993699
2,6,32,"(112.5, 312.5, 3.997603125569143)",0.004029883071762981,0.0,-2.424638961000917,0.25310242123671695,123.90139999843086
2,6,33,"(112.5, 312.5, 3.997603125569143)",0.3017269847665621,738.1096801757812,-1.082250621133455,0.9486490274226336,122.2766999999294
2,6,34,"(112.5, 287.5, 3.266470567666104)",0.4340532106050309,0.0,-1.658698333955276,1.051236995535432,149.07189999939874
2,6,35,"(87.5, 287.5, 2.8131085484191836)",0.004590969843152456,0.0,-2.5422759719190573,0.31815691640012483,164.67860000193468
2,6,36,"(87.5, 287.5, 2.8131085484191836)",0.07087011810813713,736.7387084960938,-0.7289626632609271,0.8357790923247207,84.98450000115554
2,6,37,"(112.5, 287.5, 3.266470567666104)",0.04998559876252652,0.0,-1.5006891921583885,0.7277265796092678,139.669900003355
2,6,38,"(112.5, 312.5, 3.997603125569143)",0.04934030274548036,0.0,-2.5389597012431575,0.335914065814608,121.8077000012272
2,6,39,"(112.5, 312.5, 3.997603125569143)",0.6629614003493577,740.3045654296875,-0.676852812000658,1.577133009470231,89.173699998355
2,6,40,"(112.5, 287.5, 3.266470567666104)",0.5577843717538943,0.0,-1.514961257976073,1.169116878889047,147.38349999970524
2,6,41,"(112.5, 262.5, 2.645266895480795)",0.0002805931532443908,0.0,-2.414703269912618,0.22221758875048972,164.36809999868274
2,6,42,"(112.5, 262.5, 2.645266895480795)",0.010938216743082487,737.30615234375,-0.5675044503845519,1.0176565881487798,83.96999999968102
2,6,43,"(112.5, 287.5, 3.266470567666104)",0.034248742978857626,0.0,-1.3472342650249316,0.9449746046422549,143.16390000021784
2,6,44,"(112.5, 312.5, 3.997603125569143)",0.0010818373411904175,0.0,-2.4246371596069802,0.25307893575732854,123.31970000013825
2,6,45,"(112.5, 312.5, 3.997603125569143)",0.3032308509464806,738.0426025390625,-1.0822342074390743,0.94882958295061,118.62889999974868
2,6,46,"(112.5, 287.5, 3.266470567666104)",0.4251954141978096,0.0,-1.6586678565177384,1.0512807254390084,146.6091999973287
2,6,47,"(112.5, 262.5, 2.645266895480795)",0.0002505524122775243,0.0,-2.4149265419953996,0.22161801541361564,158.3110999999917
2,6,48,"(112.5, 262.5, 2.645266895480795)",0.010213761671165862,737.3112182617188,-0.5675187487112835,1.018431407064357,85.79430000099819
2,6,49,"(112.5, 287.5, 3.266470567666104)",0.03400571018230551,0.0,-1.3472520533904881,0.9451845775706207,139.97999999992317
2,6,50,"(112.5, 312.5, 3.997603125569143)",0.0016112060596577416,0.0,-2.4246389610009174,0.25310242123671695,120.73940000118455
2,6,51,"(112.5, 312.5, 3.997603125569143)",0.3064733399952205,738.1123046875,-1.0822506211334548,0.9486490387486216,121.41900000278838
2,6,52,"(112.5, 287.5, 3.266470567666104)",0.44251256674107003,0.0,-1.658698333955276,1.051236995535432,148.2646999975259
2,6,53,"(112.5, 287.5, 3.266470567666104)",0.014210676153428674,0.0,-2.5546581802017316,0.3396962910142885,161.69299999819486
2,6,54,"(112.5, 287.5, 3.266470567666104)",0.11606867185248143,737.64404296875,-0.7528183775141117,0.7606239077461575,85.69820000047912
2,6,55,"(112.5, 287.5, 3.266470567666104)",0.06895026622189608,0.0,-1.5190621532342863,0.614102825884361,139.40849999926286
2,6,56,"(112.5, 262.5, 2.645266895480795)",0.0005126538841669663,0.0,-2.0821368294267595,0.4703507402981252,126.63260000044829
2,6,57,"(112.5, 262.5, 2.645266895480795)",0.012776258315123676,737.2880859375,-0.5712277760330222,1.1822173529811923,88.24580000145943
2,6,58,"(112.5, 287.5, 3.266470567666104)",0.034438626821178854,0.0,-1.3510685047586248,0.9888664883693807,137.63459999972838
2,6,59,"(112.5, 312.5, 3.997603125569143)",0.0014355710397149384,0.0,-2.4249797991309294,0.2583278304519548,121.0133999993559
2,6,60,"(112.5, 312.5, 3.997603125569143)",0.29132619159622064,738.1466674804688,-1.0828133740934867,0.9430687802812489,122.39509999926668
2,6,61,"(112.5, 287.5, 3.266470567666104)",0.44536902798235634,0.0,-1.6597472146855852,1.0498649949454018,147.39819999886095
2,6,62,"(87.5, 287.5, 2.8131085484191836)",0.0008224463866482177,0.0,-2.5423491426204134,0.31795095360078257,163.74400000131573
2,6,63,"(87.5, 287.5, 2.8131085484191836)",0.072004843267722,736.74462890625,-0.7289636110989935,0.8357981378094604,86.05630000238307
2,6,64,"(62.5, 287.5, 2.3844185310708723)",0.012043474123359113,0.0,-1.4338957574769997,0.967393802560374,145.18490000045858
2,6,65,"(62.5, 312.5, 2.84003211203415)",0.004739640901500446,0.0,-2.3122562308560553,0.6406192756913047,123.97179999970831
2,6,66,"(62.5, 312.5, 2.84003211203415)",0.3020004561340912,735.8432006835938,-0.874471488138894,1.3552238006033,85.54989999902318
2,6,67,"(62.5, 287.5, 2.3844185310708723)",0.1054914877390162,0.0,-1.5719464829850072,1.0258023037826804,146.4771999999357
2,6,68,"(62.5, 312.5, 2.84003211203415)",0.03458384424445137,0.0,-2.441043789826028,0.6337015403231895,121.77000000156113
2,6,69,"(62.5, 312.5, 2.84003211203415)",0.5297375335955259,736.0938720703125,-0.8574440301520533,1.6916840547783487,84.47979999982635
2,7,0,"(37.5, 437.5, 3.968016468858607)",0.0246586281561755,731.52783203125,-1.8546713463223172,1.7510720415932821,86.49009999862756
2,7,1,"(37.5, 412.5, 3.751648026446586)",0.02255561100150552,0.0,-3.1411844135392895,0.7777455822850848,127.56099999751314
2,7,2,"(37.5, 387.5, 3.4504418791542615)",0.002369090914720508,0.0,-3.9637072795063775,0.24849487230939138,121.78660000063246
2,7,3,"(37.5, 387.5, 3.4504418791542615)",0.03093033715604802,733.7440185546875,-0.8443507836387216,0.43732197719156085,86.6755999995803
2,7,4,"(37.5, 362.5, 3.0963977943191585)",0.02663850192702348,0.0,-1.3464770974990734,0.1549392617533118,139.5885999991151
2,7,5,"(37.5, 337.5, 2.720263300914144)",0.0011103036813525657,0.0,-1.7743874603694767,0.02137611296769525,123.68680000145105
2,7,6,"(37.5, 337.5, 2.720263300914144)",0.10266868119391806,735.6698608398438,-0.4294493345219783,0.3924163092796965,85.81649999905494
2,7,7,"(37.5, 312.5, 2.347164439776079)",0.6157927628693234,0.0,-1.2178527305139446,0.8765650921026245,145.39460000014515
2,7,8,"(37.5, 287.5, 1.9949445653352311)",0.025562355915673917,0.0,-1.9500353421900831,1.2663172340888573,169.83819999950356
2,7,9,"(37.5, 287.5, 1.9949445653352311)",0.09499053049352683,733.192138671875,-0.6313822785406726,1.3485190919494778,87.2629000004963
2,7,10,"(37.5, 262.5, 1.6744753499793261)",0.0013385164885500703,0.0,-1.1810051973415558,1.3985414665954596,145.49910000278032
2,7,11,"(37.5, 287.5, 1.9949445653352311)",0.001000235866134348,0.0,-1.8276478039780533,1.3628498430024851,123.64470000102301
2,7,12,"(37.5, 287.5, 1.9949445653352311)",0.011196135308828542,733.1171875,-0.6425439905576067,1.4152417207030314,89.30949999921722
2,7,13,"(37.5, 312.5, 2.347164439776079)",0.0901613284857507,0.0,-1.4194659899551587,1.3022281762222343,140.06760000120266
2,7,14,"(37.5, 287.5, 1.9949445653352311)",0.000761578868470941,0.0,-2.038800629172437,1.0122715611900726,127.14300000152434
2,7,15,"(37.5, 287.5, 1.9949445653352311)",0.04518605976712334,733.150390625,-0.6356509712167575,1.3744628322104908,86.41110000098706
2,7,16,"(37.5, 287.5, 1.9949445653352311)",0.009039075148583396,0.0,-1.2815384245324581,1.3469798205708075,135.5098000021826
2,7,17,"(62.5, 287.5, 2.3844185310708723)",0.0017132364834345718,0.0,-1.9779304330268763,1.172391233967971,123.94970000241301
2,7,18,"(62.5, 287.5, 2.3844185310708723)",0.029542550251452422,735.4103393554688,-0.699461394240937,1.3067020697707135,85.62259999962407
2,7,19,"(87.5, 287.5, 2.8131085484191836)",0.031057429115973714,0.0,-1.4484186881049246,1.0894179294289588,138.47399999940535
2,7,20,"(87.5, 312.5, 3.3952550877786836)",0.010809322198248572,0.0,-2.420431133572499,0.49317197056254863,131.30900000032852
2,7,21,"(87.5, 312.5, 3.3952550877786836)",0.551077786904763,737.5283203125,-0.9440918889063517,1.5256622450073827,122.09129999973811
2,7,22,"(87.5, 287.5, 2.8131085484191836)",0.20675204399662414,0.0,-1.6880455717137481,0.9388378731028062,147.70839999982854
2,7,23,"(87.5, 287.5, 2.8131085484191836)",0.0012946741189797813,0.0,-2.4584411078002626,0.3631219391361995,131.30649999948218
2,7,24,"(87.5, 287.5, 2.8131085484191836)",0.05804030259568932,736.708984375,-0.7343885271753052,0.9590489471560433,89.75250000003143
2,7,25,"(112.5, 287.5, 3.266470567666104)",0.057820755741876284,0.0,-1.5045992596666742,0.7647065168131871,135.05710000026738
2,7,26,"(137.5, 287.5, 3.720264207629609)",0.0023890884282756577,0.0,-2.2215529835095937,0.289951831646928,122.69609999930253
2,7,27,"(137.5, 287.5, 3.720264207629609)",0.12649401435753443,738.3836059570312,-0.7310349316271928,0.7467523803161209,87.73719999953755
2,7,28,"(162.5, 287.5, 4.140142738102741)",0.3186868408777001,0.0,-1.3784740065874108,0.6431949934915432,134.69240000267746
2,7,29,"(162.5, 262.5, 3.2775456166337156)",0.0007945642961791568,0.0,-1.838113648648678,0.1755083342569294,123.4649999969406
2,7,30,"(162.5, 262.5, 3.2775456166337156)",0.03465618960832021,738.7001342773438,-0.4755103493366721,0.9206802262251571,89.2065999978513
2,7,31,"(162.5, 287.5, 4.140142738102741)",0.07143195630325247,0.0,-1.124870238369268,0.5730582766306554,135.44030000048224
2,7,32,"(162.5, 312.5, 5.206150757863988)",0.005118045645465958,0.0,-2.1570145108366683,0.12411585206821081,122.60129999776836
2,7,33,"(162.5, 312.5, 5.206150757863988)",0.3473375897643221,738.9762573242188,-0.8292639161711342,1.5238805334695456,122.26210000153515
2,7,34,"(162.5, 287.5, 4.140142738102741)",0.9072147199509437,0.0,-1.347004599911512,1.2960097751886221,135.87059999917983
2,7,35,"(162.5, 262.5, 3.2775456166337156)",0.00010013045781901206,0.0,-2.0928742441531885,0.3336019592794254,168.21039999922505
2,7,36,"(162.5, 262.5, 3.2775456166337156)",0.02493409026495207,738.8871459960938,-0.47132349168651644,0.5969526110523901,83.24309999807156
2,7,37,"(162.5, 287.5, 4.140142738102741)",0.07499692672373932,0.0,-1.1201856194950297,0.4973871871048069,139.81319999948028
2,7,38,"(162.5, 312.5, 5.206150757863988)",0.006724907085291994,0.0,-2.1564369016259306,0.12446278611700365,118.92729999817675
2,7,39,"(162.5, 312.5, 5.206150757863988)",0.34761913897734265,738.93212890625,-0.8260088844052577,1.5252886889009538,122.42129999867757
2,7,40,"(162.5, 287.5, 4.140142738102741)",0.9022419668217896,0.0,-1.3467594531311011,1.294561751552879,136.8694000011601
2,7,41,"(162.5, 262.5, 3.2775456166337156)",6.69108024645701e-05,0.0,-2.0927682338236533,0.33384012106925803,170.0844999977562
2,7,42,"(162.5, 262.5, 3.2775456166337156)",0.025197750704603696,738.90478515625,-0.4713229761262666,0.5968863783704282,85.01430000251275
2,7,43,"(162.5, 287.5, 4.140142738102741)",0.06279323298671109,0.0,-1.1201845045696897,0.4973690369921505,137.15559999764082
2,7,44,"(162.5, 312.5, 5.206150757863988)",0.006724907085295436,0.0,-2.156436700599925,0.1244628913946502,124.84169999879668
2,7,45,"(162.5, 312.5, 5.206150757863988)",0.3495289892670258,738.8462524414062,-0.8260080398189739,1.5252890050042311,121.03500000011991
2,7,46,"(162.5, 287.5, 4.140142738102741)",0.911126854302221,0.0,-1.3467593704867917,1.2945613398100362,139.13980000143056
2,7,47,"(162.5, 262.5, 3.2775456166337156)",3.361167667537313e-05,0.0,-2.0927682363115867,0.33384024686883956,170.82500000105938
2,7,48,"(162.5, 262.5, 3.2775456166337156)",0.026742888194450944,738.9033813476562,-0.4713229761262666,0.5968863703805987,86.20700000028592
2,7,49,"(162.5, 287.5, 4.140142738102741)",0.0618359766519105,0.0,-1.1201845045696897,0.4973690369921505,148.49539999704575
2,7,50,"(162.5, 312.5, 5.206150757863988)",0.004601869421713538,0.0,-2.1564367005999254,0.1244628913946502,125.89310000112164
2,7,51,"(162.5, 312.5, 5.206150757863988)",0.3476938243276694,738.8444213867188,-0.8260080398189737,1.52528901690804,130.932699998084
2,7,52,"(162.5, 287.5, 4.140142738102741)",0.9048426694028611,0.0,-1.346759370486792,1.2945613398100362,140.63589999932447
2,7,53,"(162.5, 262.5, 3.2775456166337156)",0.00016601346821175594,0.0,-2.0927682363115876,0.3338402468688396,167.777800001204
2,7,54,"(162.5, 262.5, 3.2775456166337156)",0.025643415049592614,738.9017944335938,-0.47132297612626656,0.59688638540899,87.77560000089579
2,7,55,"(162.5, 287.5, 4.140142738102741)",0.06668857692067842,0.0,-1.1201845045696897,0.4973690369921505,138.19489999877987
2,7,56,"(162.5, 312.5, 5.206150757863988)",0.005927237992485673,0.0,-2.1564367005999254,0.1244628913946502,127.36140000197338
2,7,57,"(162.5, 312.5, 5.206150757863988)",0.3484731590439631,738.9400024414062,-0.8260080398189739,1.5252890126452499,126.62079999790876
2,7,58,"(162.5, 287.5, 4.140142738102741)",0.904975367011972,0.0,-1.346759370486792,1.294561339810036,143.5501000014483
2,7,59,"(162.5, 262.5, 3.2775456166337156)",6.691080246443428e-05,0.0,-2.092768236311587,0.33384024686883956,172.07699999926263
2,7,60,"(162.5, 262.5, 3.2775456166337156)",0.024759474768979637,738.9011840820312,-0.47132297612626667,0.5968863765472713,85.74529999896185
2,7,61,"(162.5, 287.5, 4.140142738102741)",0.06465506742118587,0.0,-1.1201845045696897,0.4973690369921505,137.91169999967678
2,7,62,"(162.5, 312.5, 5.206150757863988)",0.0062482288728199584,0.0,-2.156436700599925,0.12446289139465018,122.59260000064387
2,7,63,"(162.5, 312.5, 5.206150757863988)",0.34793021795089946,738.909912109375,-0.8260080398189739,1.5252890018229166,121.092100001988
2,7,64,"(162.5, 287.5, 4.140142738102741)",0.9043951894723703,0.0,-1.346759370486792,1.2945613398100362,137.58969999980764
2,7,65,"(162.5, 262.5, 3.2775456166337156)",3.1254846155070165e-07,0.0,-2.0927682363115876,0.3338402468688397,168.68230000181939
2,7,66,"(162.5, 262.5, 3.2775456166337156)",0.023443892397443804,738.920654296875,-0.47132297612626667,0.5968863799869508,86.29040000232635
2,7,67,"(162.5, 287.5, 4.140142738102741)",0.06580039066960308,0.0,-1.1201845045696897,0.4973690369921505,140.76319999730913
2,7,68,"(162.5, 312.5, 5.206150757863988)",0.005927237992493634,0.0,-2.1564367005999254,0.1244628913946502,120.66699999923003
2,7,69,"(162.5, 312.5, 5.206150757863988)",0.3466033798485086,738.8432006835938,-0.8260080398189739,1.5252889984115807,122.65000000115833
2,8,0,"(37.5, 437.5, 3.968016468858607)",0.025192004157536228,731.5236206054688,-1.8546713463223166,1.7510720375047535,86.99279999927967
2,8,1,"(37.5, 412.5, 3.751648026446586)",0.022816160790302187,0.0,-3.1411844135392895,0.777745582285085,126.50030000077095
2,8,2,"(37.5, 387.5, 3.4504418791542615)",0.0011110355456694864,0.0,-3.9637072795063775,0.2484948723093914,136.27210000049672
2,8,3,"(37.5, 387.5, 3.4504418791542615)",0.02943195314798632,733.74951171875,-0.8443507836387217,0.43732196522107064,95.63319999870146
2,8,4,"(37.5, 362.5, 3.0963977943191585)",0.0368564788127695,0.0,-1.3464770974990734,0.15493926175331182,138.72140000239597
2,8,5,"(37.5, 337.5, 2.720263300914144)",0.0032830120374525845,0.0,-1.7743874603694765,0.021376112967695253,124.16169999778504
2,8,6,"(37.5, 337.5, 2.720263300914144)",0.10378744265974421,735.6286010742188,-0.42944933452197837,0.39241630691201174,88.39409999927739
2,8,7,"(37.5, 312.5, 2.347164439776079)",0.6122790647089913,0.0,-1.2178527305139446,0.8765650921026245,156.46249999917927
2,8,8,"(37.5, 287.5, 1.9949445653352311)",0.015846957763069457,0.0,-1.9500353421900833,1.2663172340888573,172.65589999806252
2,8,9,"(37.5, 287.5, 1.9949445653352311)",0.09433876687240958,733.1969604492188,-0.6313822785406726,1.3485191391888867,89.24320000005537
2,8,10,"(37.5, 262.5, 1.6744753499793261)",0.00133228214943847,0.0,-1.1810051973415558,1.3985414665954596,145.29609999954118
2,8,11,"(37.5, 287.5, 1.9949445653352311)",0.0010336939400682882,0.0,-1.8276478039780533,1.3628498430024851,124.24470000041765
2,8,12,"(37.5, 287.5, 1.9949445653352311)",0.011532385836018478,733.1179809570312,-0.6425439905576066,1.415241711169562,86.54009999736445
2,8,13,"(37.5, 312.5, 2.347164439776079)",0.09090383581976727,0.0,-1.4194659899551585,1.3022281762222343,140.6332000005932
2,8,14,"(37.5, 287.5, 1.9949445653352311)",0.000725100825851451,0.0,-2.038800629172437,1.0122715611900726,121.15709999852697
2,8,15,"(37.5, 287.5, 1.9949445653352311)",0.048889335633811676,733.1365966796875,-0.6356509712167575,1.3744628441171989,86.79759999722592
2,8,16,"(62.5, 287.5, 2.3844185310708723)",0.03267402180462655,0.0,-1.3413799004523008,1.2745418760800118,137.9326000023866
2,8,17,"(87.5, 287.5, 2.8131085484191836)",0.0025896842901912557,0.0,-2.0802536508054223,0.9625375864045878,121.70990000231541
2,8,18,"(87.5, 287.5, 2.8131085484191836)",0.03775586094372127,736.6845092773438,-0.7459852896992684,1.1277151480925156,87.63290000206325
2,8,19,"(87.5, 312.5, 3.3952550877786836)",0.3975655582107899,0.0,-1.7228435977848915,0.9510168275406401,139.717500002007
2,8,20,"(87.5, 287.5, 2.8131085484191836)",0.00828788864116482,0.0,-2.4546525373471075,0.322515851951338,121.83220000224537
2,8,21,"(87.5, 287.5, 2.8131085484191836)",0.08117701992692165,736.7361450195312,-0.7314123424135655,0.9271604919495924,87.01139999902807
2,8,22,"(87.5, 287.5, 2.8131085484191836)",0.02266170048165429,0.0,-1.4834144501448079,0.8789583450477436,139.00939999803086
2,8,23,"(87.5, 312.5, 3.3952550877786836)",0.01947472492849598,0.0,-2.46365959746053,0.4064975764152184,124.2123999982141
2,8,24,"(87.5, 312.5, 3.3952550877786836)",0.5809781981358638,737.5593872070312,-0.9348266816371155,1.556397250846809,125.61830000049667
2,8,25,"(87.5, 287.5, 2.8131085484191836)",0.1943818286694067,0.0,-1.6857775526969023,0.9420992798804705,146.85019999888027
2,8,26,"(87.5, 262.5, 2.3062152958190487)",0.00031278649112180675,0.0,-2.3008028895633794,0.47361076592281,145.37299999938114
2,8,27,"(87.5, 262.5, 2.3062152958190487)",0.00577567290561751,736.5960693359375,-0.5752808252446734,1.2273542785862461,87.35689999957685
2,8,28,"(87.5, 287.5, 2.8131085484191836)",0.02176362890411658,0.0,-1.3357504293533013,1.182266833471738,139.63560000047437
2,8,29,"(87.5, 312.5, 3.3952550877786836)",0.0022296706835438504,0.0,-2.3200130977319287,0.5694437286455007,125.26769999749376
2,8,30,"(87.5, 312.5, 3.3952550877786836)",0.15492084246080962,736.938720703125,-0.9957130772467482,0.8737550330057535,89.64489999925718
2,8,31,"(87.5, 287.5, 2.8131085484191836)",0.16513611131968203,0.0,-1.715614199599739,0.7894248151402891,148.4442000000854
2,8,32,"(112.5, 287.5, 3.266470567666104)",0.0019887036954397345,0.0,-2.4823642496512273,0.30277689718291173,123.37500000285218
2,8,33,"(112.5, 287.5, 3.266470567666104)",0.08987079056076587,737.5516967773438,-0.7568349949728979,0.8389156415953363,85.82400000159396
2,8,34,"(87.5, 287.5, 2.8131085484191836)",0.03743181435275421,0.0,-1.5022668861170612,0.7515852947822731,139.97269999890705
2,8,35,"(112.5, 287.5, 3.266470567666104)",0.003154967911537976,0.0,-2.254571624709208,0.3970370681972145,119.78660000022501
2,8,36,"(112.5, 287.5, 3.266470567666104)",0.06515474161583974,737.5280151367188,-0.7589853009948845,0.8459558399388246,87.77410000038799
2,8,37,"(112.5, 312.5, 3.997603125569143)",0.8607944815144104,0.0,-1.657499605185017,1.1644427250743423,131.08030000148574
2,8,38,"(112.5, 287.5, 3.266470567666104)",0.03952166934814394,0.0,-2.546415466777589,0.6271205293087626,152.3842999995395
2,8,39,"(112.5, 287.5, 3.266470567666104)",0.18622750150622147,737.7635498046875,-0.7525003173791833,0.793723480111003,84.4357999994827
2,8,40,"(87.5, 287.5, 2.8131085484191836)",0.03650327901471562,0.0,-1.4958387240862456,0.6916958862329834,140.21950000096695
2,8,41,"(62.5, 287.5, 2.3844185310708723)",0.0009418729847926527,0.0,-2.1805036977176546,0.5372415775643988,124.59630000012112
2,8,42,"(62.5, 287.5, 2.3844185310708723)",0.030348856439078916,735.4290771484375,-0.6880815141127578,1.1273178253142437,88.67150000151014
2,8,43,"(87.5, 287.5, 2.8131085484191836)",0.033370313552404406,0.0,-1.4426242426968627,1.0392104638932607,138.15780000004452
2,8,44,"(87.5, 287.5, 2.8131085484191836)",0.0019832268978184123,0.0,-2.171353696398753,0.709939842737283,122.28529999993043
2,8,45,"(87.5, 287.5, 2.8131085484191836)",0.04103706617559689,736.6884155273438,-0.7410158452255976,1.054378969329297,86.65549999932409
2,8,46,"(87.5, 287.5, 2.8131085484191836)",0.020839944441559833,0.0,-1.4896051116383011,0.9314289489287221,136.18549999955576
2,8,47,"(87.5, 312.5, 3.3952550877786836)",0.004622519016322869,0.0,-2.4650271097371825,0.412488693665608,123.95770000148332
2,8,48,"(87.5, 312.5, 3.3952550877786836)",0.5626791414958005,737.5599365234375,-0.938208195772297,1.5410318463147215,125.60369999846444
2,8,49,"(87.5, 287.5, 2.8131085484191836)",0.228440422149665,0.0,-1.6864966761714673,0.9395760258371917,149.63080000234186
2,8,50,"(112.5, 287.5, 3.266470567666104)",0.005386963486657239,0.0,-2.4814480342991487,0.3082158790705392,138.68600000205333
2,8,51,"(112.5, 287.5, 3.266470567666104)",0.09420518736089165,737.5574340820312,-0.7568062275223761,0.8401526062742786,95.16859999712324
2,8,52,"(112.5, 312.5, 3.997603125569143)",0.8857231826819383,0.0,-1.617873451185544,1.206060169715831,133.92729999759467
2,8,53,"(112.5, 287.5, 3.266470567666104)",0.06267815331609647,0.0,-2.5436700561544683,0.6509599957924374,151.82179999828804
2,8,54,"(112.5, 287.5, 3.266470567666104)",0.18914024872619095,737.7611694335938,-0.7525449217450153,0.7954104482909857,87.43010000034701
2,8,55,"(112.5, 262.5, 2.645266895480795)",0.008099533108294261,0.0,-1.3376992738670719,0.8792468250749443,145.3865000003134
2,8,56,"(112.5, 287.5, 3.266470567666104)",0.0036140826220295596,0.0,-2.1136444334205162,0.6201269859979569,126.17800000225543
2,8,57,"(112.5, 287.5, 3.266470567666104)",0.0290916211040944,737.479248046875,-0.7637151151945383,0.8716511853334261,86.03819999916595
2,8,58,"(137.5, 287.5, 3.720264207629609)",0.08435312217877919,0.0,-1.494610929902109,0.5458413096208079,136.03699999657692
2,8,59,"(137.5, 262.5, 2.9770964423387296)",0.0006485529399165499,0.0,-2.0178377913888608,0.3276021497024955,122.58060000021942
2,8,60,"(137.5, 262.5, 2.9770964423387296)",0.020211021902633006,737.9126586914062,-0.536833928386738,1.0647329327358512,86.62710000135121
2,8,61,"(137.5, 287.5, 3.720264207629609)",0.05198894766596047,0.0,-1.2832727719019577,0.7568368010014765,139.28839999789489
2,8,62,"(137.5, 312.5, 4.617102976724376)",0.005056116419521192,0.0,-2.3993333390311236,0.10542156975463587,121.44360000093002
2,8,63,"(137.5, 312.5, 4.617102976724376)",0.505411514073796,739.1809692382812,-0.9578451607652397,1.4479537589449571,119.7820999987016
2,8,64,"(137.5, 287.5, 3.720264207629609)",1.0171715453981345,0.0,-1.418861558008932,1.3264843282841736,141.5216000023065
2,8,65,"(137.5, 262.5, 2.9770964423387296)",0.00016885477816708393,0.0,-2.3817915186896887,0.16391610757744898,168.02239999742596
2,8,66,"(137.5, 262.5, 2.9770964423387296)",0.016600204500798077,737.9993896484375,-0.5315777719807814,0.7831894878887727,85.76969999921857
2,8,67,"(137.5, 287.5, 3.720264207629609)",0.04618265544422516,0.0,-1.2779515915922919,0.6861230376308582,140.63479999822448
2,8,68,"(137.5, 312.5, 4.617102976724376)",0.004204723673553611,0.0,-2.3990032645255255,0.1021298030101874,124.81509999997797
2,8,69,"(137.5, 312.5, 4.617102976724376)",0.5069682558148147,738.988037109375,-0.952484670842312,1.4563125932916139,124.08159999904456
2,9,0,"(37.5, 437.5, 3.968016468858607)",0.025296276852155825,731.5175170898438,-1.8546713463223174,1.7510720317416935,85.25350000127219
2,9,1,"(37.5, 412.5, 3.751648026446586)",0.023570690231104592,0.0,-3.14118441353929,0.777745582285085,126.670000001468
2,9,2,"(37.5, 387.5, 3.4504418791542615)",0.0016553451617540025,0.0,-3.963707279506377,0.24849487230939135,122.07240000134334
2,9,3,"(37.5, 387.5, 3.4504418791542615)",0.03001410811353739,733.7433471679688,-0.8443507836387217,0.437321950979348,86.49150000201189
2,9,4,"(37.5, 362.5, 3.0963977943191585)",0.034435167403199754,0.0,-1.3464770974990736,0.15493926175331185,138.82720000037807
2,9,5,"(37.5, 337.5, 2.720263300914144)",0.002204565486558614,0.0,-1.7743874603694767,0.02137611296769525,136.9555000019318
2,9,6,"(37.5, 337.5, 2.720263300914144)",0.10003809093135944,735.654052734375,-0.4294493345219783,0.3924162790205558,91.18430000307853
2,9,7,"(37.5, 312.5, 2.347164439776079)",0.6447437479493795,0.0,-1.2178527305139446,0.8765650921026246,148.5514999985753
2,9,8,"(37.5, 287.5, 1.9949445653352311)",0.020786593357742734,0.0,-1.950035342190083,1.2663172340888573,165.46139999991283
2,9,9,"(37.5, 287.5, 1.9949445653352311)",0.09316792449891421,733.1878662109375,-0.6313822785406726,1.3485190838107954,86.07209999900078
2,9,10,"(37.5, 262.5, 1.6744753499793261)",0.0013379784388297931,0.0,-1.1810051973415558,1.3985414665954599,143.50689999992028
2,9,11,"(37.5, 287.5, 1.9949445653352311)",0.0010661983396853458,0.0,-1.827647803978053,1.362849843002485,125.62260000049719
2,9,12,"(37.5, 287.5, 1.9949445653352311)",0.009472713721438538,733.122314453125,-0.6425439905576067,1.41524170371558,94.36590000041178
2,9,13,"(62.5, 287.5, 2.3844185310708723)",0.019052245553698666,0.0,-1.3448755464168751,1.29982241217572,138.1836000000476
2,9,14,"(87.5, 287.5, 2.8131085484191836)",0.002542477411529752,0.0,-2.0811629164100447,0.9711706373449881,125.42470000335015
2,9,15,"(87.5, 287.5, 2.8131085484191836)",0.03715398599943545,736.6708374023438,-0.7461295253726002,1.1285893004786007,86.8942999986757
2,9,16,"(112.5, 287.5, 3.266470567666104)",0.05834936404875425,0.0,-1.5099391365522128,0.8100233336067741,136.422900002799
2,9,17,"(137.5, 287.5, 3.720264207629609)",0.002523477034031907,0.0,-2.22226662763313,0.2965127461473612,124.84129999938887
2,9,18,"(137.5, 287.5, 3.720264207629609)",0.12077474372534061,738.4027709960938,-0.7310996762675841,0.7468454876399627,86.57360000142944
2,9,19,"(112.5, 287.5, 3.266470567666104)",0.08649944129039892,0.0,-1.4916284959265715,0.546897513974896,141.56000000002678
2,9,20,"(137.5, 287.5, 3.720264207629609)",0.005583579341585374,0.0,-2.2145914804109235,0.17210599512346494,124.38510000356473
2,9,21,"(137.5, 287.5, 3.720264207629609)",0.14669513860152872,738.4139404296875,-0.7297224093521401,0.745850010392279,87.48070000001462
2,9,22,"(137.5, 262.5, 2.9770964423387296)",0.013537780973157264,0.0,-1.2773245616179336,0.7329724548110791,145.99119999911636
2,9,23,"(137.5, 287.5, 3.720264207629609)",0.003576413107415742,0.0,-2.015148363719323,0.3566355660119349,124.44399999731104
2,9,24,"(137.5, 287.5, 3.720264207629609)",0.05437172491293932,738.319580078125,-0.7327793671672685,0.660138343299574,88.48470000157249
2,9,25,"(137.5, 312.5, 4.617102976724376)",0.690619636765907,0.0,-1.4602308191837008,1.1276959621403415,121.9716999985394
2,9,26,"(137.5, 287.5, 3.720264207629609)",0.17217729489010067,0.0,-2.3430984120965865,1.284961441159296,123.97319999945466
2,9,27,"(137.5, 287.5, 3.720264207629609)",0.495528736254187,739.37255859375,-0.7566226657263377,1.112981943511454,82.25110000057612
2,9,28,"(137.5, 262.5, 2.9770964423387296)",0.013052317034312356,0.0,-1.2690603385459651,0.62998588189885,147.850199999084
2,9,29,"(137.5, 287.5, 3.720264207629609)",0.0034470312918202274,0.0,-2.0126665164199635,0.33744701913687947,131.11510000089766
2,9,30,"(137.5, 287.5, 3.720264207629609)",0.05359315032493614,738.3077392578125,-0.7325358970899536,0.6550462461344848,87.90000000226428
2,9,31,"(162.5, 287.5, 4.140142738102741)",0.21838010927850562,0.0,-1.372609658348896,0.5130149508603685,136.8092999982764
2,9,32,"(137.5, 287.5, 3.720264207629609)",0.019538775086475512,0.0,-2.104282977776796,0.1835437473009362,123.2873999979347
2,9,33,"(137.5, 287.5, 3.720264207629609)",0.22789621103472,738.6310424804688,-0.7299799926556939,0.8068397535859959,87.81400000225403
2,9,34,"(137.5, 262.5, 2.9770964423387296)",0.013414097371046093,0.0,-1.274285591144483,0.6980070163551305,148.38260000033188
2,9,35,"(137.5, 287.5, 3.720264207629609)",0.003833110444247963,0.0,-2.014325704023476,0.35033228959262885,122.4982000021555
2,9,36,"(137.5, 287.5, 3.720264207629609)",0.051743177116680174,738.3189697265625,-0.7327001885556808,0.6585400873267179,88.4016000018164
2,9,37,"(137.5, 312.5, 4.617102976724376)",0.6935419977290518,0.0,-1.4594864836678052,1.1277006620636667,123.82829999842215
2,9,38,"(137.5, 287.5, 3.720264207629609)",0.17976798613864378,0.0,-2.343223678387647,1.2850272669354266,123.66199999814853
2,9,39,"(137.5, 287.5, 3.720264207629609)",0.49109689875598067,739.3125610351562,-0.7566354812038857,1.1130800298141192,89.78919999935897
2,9,40,"(137.5, 262.5, 2.9770964423387296)",0.01349505979515407,0.0,-1.2690597347010497,0.6299779952212521,148.67930000036722
2,9,41,"(137.5, 287.5, 3.720264207629609)",0.0038331899171088328,0.0,-2.012666343010157,0.3374454968118017,125.36019999970449
2,9,42,"(137.5, 287.5, 3.720264207629609)",0.05210713642567254,738.3052978515625,-0.7325358451250779,0.6550458809839651,84.89620000182185
2,9,43,"(137.5, 312.5, 4.617102976724376)",0.6903848366313429,0.0,-1.4584259912526585,1.1276624344178459,119.56070000087493
2,9,44,"(137.5, 287.5, 3.720264207629609)",0.17811216910680389,0.0,-2.3434024843479477,1.2851187136934916,132.28049999815994
2,9,45,"(137.5, 287.5, 3.720264207629609)",0.49591095720374523,739.3989868164062,-0.7566537757361402,1.1132131459251475,87.70150000054855
2,9,46,"(112.5, 287.5, 3.266470567666104)",0.15563474596021784,0.0,-1.4870062337847192,0.5077132054448101,139.43099999960396
2,9,47,"(87.5, 287.5, 2.8131085484191836)",0.0009194827483439979,0.0,-2.2141997021314417,0.25619649345659345,130.67339999906835
2,9,48,"(87.5, 287.5, 2.8131085484191836)",0.04535310735829766,736.7067260742188,-0.7319584987913461,0.8932688856735926,84.97210000132327
2,9,49,"(112.5, 287.5, 3.266470567666104)",0.0586239737736466,0.0,-1.5030489075788265,0.7489127308230619,139.3978000014613
2,9,50,"(112.5, 262.5, 2.645266895480795)",0.0006526055900988497,0.0,-2.0635867482992807,0.5825372546286436,122.40790000214474
2,9,51,"(112.5, 262.5, 2.645266895480795)",0.011505180610649387,737.2833251953125,-0.5724235032243513,1.2231763313102988,85.66430000064429
2,9,52,"(112.5, 287.5, 3.266470567666104)",0.03670922575856854,0.0,-1.3520793302343168,0.99991570552564,141.13660000293748
2,9,53,"(112.5, 312.5, 3.997603125569143)",0.0009036591897434831,0.0,-2.425066179463866,0.25966229576739375,122.70989999888116
2,9,54,"(112.5, 312.5, 3.997603125569143)",0.29256652243258013,738.0205078125,-1.0829212296831356,0.9420354883745294,123.91909999860218
2,9,55,"(112.5, 287.5, 3.266470567666104)",0.43372864641675074,0.0,-1.6599505584191308,1.0496075997597476,148.19229999920935
2,9,56,"(112.5, 262.5, 2.645266895480795)",0.000265652255620772,0.0,-2.4149316706415775,0.22165528665391973,160.13290000046254
2,9,57,"(112.5, 262.5, 2.645266895480795)",0.010507340254525455,737.329833984375,-0.5675197395685903,1.0184829829880329,84.99549999760347
2,9,58,"(112.5, 287.5, 3.266470567666104)",0.0338592373378759,0.0,-1.347253206236622,0.9451985930193971,140.2191999986826
2,9,59,"(112.5, 312.5, 3.997603125569143)",0.0017859668781341563,0.0,-2.4246390345894566,0.2531041717418667,121.45749999763211
2,9,60,"(112.5, 312.5, 3.997603125569143)",0.3062524489952629,738.0839233398438,-1.0822507469420368,0.9486474659225897,121.1643999995431
2,9,61,"(112.5, 287.5, 3.266470567666104)",0.43477967615872215,0.0,-1.6586985964474537,1.0512366500736883,147.13900000060676
2,9,62,"(112.5, 262.5, 2.645266895480795)",0.0002656522556207881,0.0,-2.4149265960927484,0.22161790096162462,160.68449999875156
2,9,63,"(112.5, 262.5, 2.645266895480795)",0.010138135889076113,737.3095092773438,-0.5675187855021363,1.0184315783656983,81.5275000022666
2,9,64,"(112.5, 287.5, 3.266470567666104)",0.03382339423126664,0.0,-1.3472520647107493,0.9451845956358853,138.1504999990284
2,9,65,"(112.5, 312.5, 3.997603125569143)",0.0012590618183209883,0.0,-2.4246389610009174,0.253102421236717,124.73690000115312
2,9,66,"(112.5, 312.5, 3.997603125569143)",0.30558909105255655,738.1298217773438,-1.0822506211334548,0.948649030072897,121.9872999972722
2,9,67,"(112.5, 287.5, 3.266470567666104)",0.4030202231875628,0.0,-1.658698333955276,1.0512369955354322,149.002099999052
2,9,68,"(87.5, 287.5, 2.8131085484191836)",0.004692218266442257,0.0,-2.5422759719190577,0.3181569164001249,159.79390000211424
2,9,69,"(87.5, 287.5, 2.8131085484191836)",0.07235517564767482,736.7345581054688,-0.728962663260927,0.8357790899580319,85.52179999969667
2,0,0,"(12.5, 437.5, 3.099809189999389)",0.03473032410364009,547.8533325195312,-1.2118287375262058,1.879366612790007,87.42830000119284
2,0,1,"(12.5, 412.5, 2.9483028787697823)",0.03478459987286473,0.0,-2.0262253365671086,0.8579408444285711,130.5315999998129
2,0,2,"(12.5, 387.5, 2.7344809963379078)",0.00328941643237608,0.0,-2.6029559946136986,0.32107547801562936,122.5685000026715
2,0,3,"(12.5, 387.5, 2.7344809963379078)",0.04695916266040831,549.85498046875,-0.5965806870092498,0.6391420731341327,89.28150000065216
2,0,4,"(12.5, 362.5, 2.4787539260087077)",0.07363973156912237,0.0,-1.0316714204301791,0.33953236093003714,140.5181000009179
2,0,5,"(12.5, 337.5, 2.201752559048532)",0.008077718938400173,0.0,-1.4903652883103504,0.10432643414182448,123.49699999685981
2,0,6,"(12.5, 337.5, 2.201752559048532)",0.19033174652244733,551.1619262695312,-0.4634385777540868,0.7745160707901718,87.89219999744091
2,0,7,"(12.5, 312.5, 1.921414531489189)",0.8606611292179516,0.0,-1.246410185887659,1.6165124040476202,145.28929999869433
2,0,8,"(12.5, 287.5, 1.651479509158393)",0.01644835869474689,0.0,-1.914252814002457,1.598438506000584,173.08990000310587
2,0,9,"(12.5, 287.5, 1.651479509158393)",0.10494628585023094,549.5093383789062,-0.5806891546292893,1.5289392514690427,83.0069999974512
2,0,10,"(37.5, 287.5, 1.9949445653352311)",0.017384070448940872,0.0,-1.2261899917878458,1.4010423458132446,134.55769999927725
2,0,11,"(37.5, 262.5, 1.6744753499793261)",0.00012150400046567595,0.0,-1.7621595546466366,1.3522609691634853,124.51779999901191
2,0,12,"(37.5, 262.5, 1.6744753499793261)",0.002441129806151063,733.1077270507812,-0.5391149543228607,1.4700868319893594,85.35439999832306
2,0,13,"(37.5, 287.5, 1.9949445653352311)",0.007164247972260732,0.0,-1.1857413485190875,1.4386985742997929,139.34700000027078
2,0,14,"(37.5, 312.5, 2.347164439776079)",0.0021326430141925374,0.0,-1.9637844869446381,1.229125402421174,123.60910000279546
2,0,15,"(37.5, 312.5, 2.347164439776079)",0.08279557852614156,733.1602783203125,-0.7758431476569283,1.3449931514350348,85.20249999855878
2,0,16,"(37.5, 287.5, 1.9949445653352311)",0.06512129792673685,0.0,-1.4165006074889883,1.261769717421482,139.5944000032614
2,0,17,"(37.5, 262.5, 1.6744753499793261)",0.00011045727296735063,0.0,-1.9493210246729797,1.1462390977769514,128.72179999976652
2,0,18,"(37.5, 262.5, 1.6744753499793261)",0.0032741858806796514,733.1116943359375,-0.5382323645453699,1.4434700795337778,86.0939000012877
2,0,19,"(12.5, 262.5, 1.40120900590784)",0.0007324315839613363,0.0,-1.0521616899685502,1.4851227384195076,137.64529999752995
2,0,20,"(12.5, 287.5, 1.651479509158393)",0.0005560123439256796,0.0,-1.6399172225647218,1.4704830023838782,123.71130000246922
2,0,21,"(12.5, 287.5, 1.651479509158393)",0.008232367553194755,549.4368896484375,-0.5861784571830901,1.4765676164077837,89.56879999823286
2,0,22,"(12.5, 312.5, 1.921414531489189)",0.07346360112557163,0.0,-1.2676701706520044,1.4578437987808281,139.9784000022919
2,0,23,"(12.5, 287.5, 1.651479509158393)",0.0005269252772817063,0.0,-1.8415868669208506,1.2800316479188953,124.85490000108257
2,0,24,"(12.5, 287.5, 1.651479509158393)",0.05785651371746934,549.4691162109375,-0.5824678502586067,1.5055376723328533,89.45160000075703
2,0,25,"(12.5, 262.5, 1.40120900590784)",0.0007226962562974727,0.0,-1.098034748004383,1.4659082965047612,138.76170000003185
2,0,26,"(12.5, 287.5, 1.651479509158393)",0.0005448066707079511,0.0,-1.6847572505973583,1.4444028058763643,122.46450000020559
2,0,27,"(12.5, 287.5, 1.651479509158393)",0.012618155617817048,549.4358520507812,-0.5855746745691263,1.4807008587881352,86.38219999920693
2,0,28,"(37.5, 287.5, 1.9949445653352311)",0.021739438781638733,0.0,-1.2290617145331297,1.418875857390827,137.84669999949983
2,0,29,"(62.5, 287.5, 2.3844185310708723)",0.0017646554236609182,0.0,-1.9254618558609375,1.2370985303717816,124.94059999880847
2,0,30,"(62.5, 287.5, 2.3844185310708723)",0.02798579820618945,735.3982543945312,-0.7006546128705978,1.322395243679753,88.11990000322112
2,0,31,"(87.5, 287.5, 2.8131085484191836)",0.027466698304430964,0.0,-1.4489331208632144,1.093774844427502,139.9124000017764
2,0,32,"(87.5, 312.5, 3.3952550877786836)",0.008983592192343208,0.0,-2.420497931319045,0.49403029200148735,125.80110000271816
2,0,33,"(87.5, 312.5, 3.3952550877786836)",0.5450666147769863,737.6155395507812,-0.9439872203372938,1.5263978425583637,123.62170000051265
2,0,34,"(87.5, 287.5, 2.8131085484191836)",0.19945370762803294,0.0,-1.6880253277237247,0.9389845494011462,147.95260000028065
2,0,35,"(112.5, 287.5, 3.266470567666104)",0.0017294632271019242,0.0,-2.481566732079688,0.3087795651062567,127.96139999773004
2,0,36,"(112.5, 287.5, 3.266470567666104)",0.09338286708826032,737.551513671875,-0.7568216585553125,0.8404566505986871,87.15230000234442
2,0,37,"(112.5, 262.5, 2.645266895480795)",0.008347686088692286,0.0,-1.344967752916023,0.9550708626092911,147.22410000103991
2,0,38,"(112.5, 287.5, 3.266470567666104)",0.003945961284136983,0.0,-2.1158949648372265,0.6378732215832937,123.05730000298354
2,0,39,"(112.5, 287.5, 3.266470567666104)",0.03236929050356253,737.4886474609375,-0.7639853277873663,0.8759702715326053,87.47399999992922
2,0,40,"(137.5, 287.5, 3.720264207629609)",0.07172658281080564,0.0,-1.494691622377359,0.5464966260885862,135.72090000161552
2,0,41,"(137.5, 312.5, 4.617102976724376)",0.10641865928965678,0.0,-2.36695624691802,0.5269946706247629,124.96309999914956
2,0,42,"(137.5, 312.5, 4.617102976724376)",0.3282354484353309,742.1659545898438,-0.46192539778956776,0.9607379363650079,87.50590000272496
2,0,43,"(137.5, 287.5, 3.720264207629609)",1.1307883757440496,0.0,-1.4113382165640074,1.2582238540499628,140.30099999945378
2,0,44,"(137.5, 262.5, 2.9770964423387296)",0.0002345788331387358,0.0,-2.3771513697264224,0.179852093459315,172.12730000028387
2,0,45,"(137.5, 262.5, 2.9770964423387296)",0.01598430198559858,738.0079956054688,-0.5315675961506353,0.7824079405435312,88.75049999915063
2,0,46,"(137.5, 287.5, 3.720264207629609)",0.04817428289997178,0.0,-1.2779360738604129,0.6859090482834985,139.20449999932316
2,0,47,"(137.5, 312.5, 4.617102976724376)",5.3201821010884315e-08,0.0,-2.3989990533801455,0.10213697707134378,122.02420000176062
2,0,48,"(137.5, 312.5, 4.617102976724376)",0.5084356429510746,739.114501953125,-0.9523473878156717,1.456531745217077,123.05369999739924
2,0,49,"(137.5, 287.5, 3.720264207629609)",1.0366755945543855,0.0,-1.418397293923817,1.325933517382927,143.5696000007738
2,0,50,"(137.5, 262.5, 2.9770964423387296)",0.00025079129651784505,0.0,-2.3817478114614703,0.16404511621893958,170.91470000013942
2,0,51,"(137.5, 262.5, 2.9770964423387296)",0.016123058580292286,738.0034790039062,-0.5315769631450089,0.7831257319885424,85.82179999939399
2,0,52,"(137.5, 287.5, 3.720264207629609)",0.04704758560180866,0.0,-1.2779503481480727,0.6861055646964931,141.68009999775677
2,0,53,"(137.5, 312.5, 4.617102976724376)",0.006251547485571634,0.0,-2.3990032486269555,0.10212893427780755,127.57430000056047
2,0,54,"(137.5, 312.5, 4.617102976724376)",0.5086646747905131,739.05517578125,-0.9524832212877821,1.4563148487284672,123.03509999765083
2,0,55,"(137.5, 287.5, 3.720264207629609)",1.038629305544557,0.0,-1.418408519495273,1.3259452550036415,146.0348000000522
2,0,56,"(137.5, 262.5, 2.9770964423387296)",0.0001523244136479849,0.0,-2.3817487809137905,0.16404154740624527,168.2176000031177
2,0,57,"(137.5, 262.5, 2.9770964423387296)",0.015121093146071019,738.00830078125,-0.5315769671488858,0.7831258736706234,85.76990000074147
2,0,58,"(137.5, 287.5, 3.720264207629609)",0.048391019236396035,0.0,-1.277950350741936,0.6861056079424876,138.661899996805
2,0,59,"(137.5, 312.5, 4.617102976724376)",0.0013156469601059502,0.0,-2.3990032474274727,0.1021289220252319,120.8106999984011
2,0,60,"(137.5, 312.5, 4.617102976724376)",0.5100196836922204,739.0256958007812,-0.952483320743982,1.4563147096774824,121.99650000184192
2,0,61,"(137.5, 287.5, 3.720264207629609)",1.031552642705055,0.0,-1.4184085561868258,1.3259452373230156,145.87250000113272
2,0,62,"(137.5, 262.5, 2.9770964423387296)",0.00010209756631776633,0.0,-2.3817487792847394,0.16404153521247974,170.7507999999507
2,0,63,"(137.5, 262.5, 2.9770964423387296)",0.01557546542663472,738.0096435546875,-0.5315769671488859,0.7831258801198431,86.62270000058925
2,0,64,"(137.5, 287.5, 3.720264207629609)",0.04899100268947104,0.0,-1.277950350741936,0.6861056079424875,141.70939999894472
2,0,65,"(137.5, 312.5, 4.617102976724376)",0.00383708222457398,0.0,-2.3990032474274727,0.10212892202523188,122.67309999879217
2,0,66,"(137.5, 312.5, 4.617102976724376)",0.5097037243643334,739.0493774414062,-0.952483320743982,1.4563146948277963,124.47570000222186
2,0,67,"(137.5, 287.5, 3.720264207629609)",1.035683646357747,0.0,-1.4184085561868256,1.3259452373230152,145.61740000135615
2,0,68,"(137.5, 262.5, 2.9770964423387296)",0.00025079129651743657,0.0,-2.38174877928474,0.16404153521247972,167.2084999991057
2,0,69,"(137.5, 262.5, 2.9770964423387296)",0.015528470974674573,737.9923095703125,-0.5315769671488859,0.7831258752014614,84.81659999961266
2,1,0,"(12.5, 437.5, 3.099809189999389)",0.03772304320374669,547.8519287109375,-1.2118287375262058,1.8793666194167697,85.44260000053328
2,1,1,"(12.5, 412.5, 2.9483028787697823)",0.032414462039489826,0.0,-2.026225336567109,0.857940844428571,133.63839999874472
2,1,2,"(12.5, 387.5, 2.7344809963379078)",0.0023457556963061717,0.0,-2.6029559946136986,0.3210754780156294,124.37030000000959
2,1,3,"(12.5, 387.5, 2.7344809963379078)",0.04675908649150168,549.8338012695312,-0.5965806870092498,0.639142075582907,85.5197999990196
2,1,4,"(12.5, 362.5, 2.4787539260087077)",0.07827947460887129,0.0,-1.0316714204301791,0.33953236093003725,141.22049999787123
2,1,5,"(12.5, 337.5, 2.201752559048532)",0.007599610214455089,0.0,-1.4903652883103504,0.10432643414182448,124.24580000151764
2,1,6,"(12.5, 337.5, 2.201752559048532)",0.1890574917228825,551.1363525390625,-0.46343857775408676,0.7745161148807603,86.44149999963702
2,1,7,"(12.5, 312.5, 1.921414531489189)",0.8715451784087924,0.0,-1.246410185887659,1.6165124040476202,148.5861000001023
2,1,8,"(12.5, 287.5, 1.651479509158393)",0.01167076826104568,0.0,-1.9142528140024577,1.5984385060005843,174.80580000119517
2,1,9,"(12.5, 287.5, 1.651479509158393)",0.10307365750818308,549.510498046875,-0.5806891546292893,1.5289392491554257,82.80730000115
2,1,10,"(12.5, 262.5, 1.40120900590784)",0.000721549903391481,0.0,-1.0972500333019397,1.4587070666037645,143.061899998429
2,1,11,"(12.5, 287.5, 1.651479509158393)",0.0005280378973112748,0.0,-1.6844983504732736,1.442252366157146,119.07219999920926
2,1,12,"(12.5, 287.5, 1.651479509158393)",0.014497278184332418,549.4386596679688,-0.5855324881962175,1.480386222691955,84.13809999910882
2,1,13,"(12.5, 287.5, 1.651479509158393)",0.02142676991457527,0.0,-1.1709314163782392,1.4554002902313448,132.25410000086413
2,1,14,"(12.5, 262.5, 1.40120900590784)",6.371729773570645e-05,0.0,-1.6802695589704788,1.4189431498092857,122.40129999918281
2,1,15,"(12.5, 262.5, 1.40120900590784)",0.00326742299378334,549.4385986328125,-0.5118535941307809,1.4884782444290057,86.39989999937825
2,1,16,"(37.5, 262.5, 1.6744753499793261)",0.0014123130882399814,0.0,-1.052749010480564,1.491064032803169,137.01550000041607
2,1,17,"(37.5, 287.5, 1.9949445653352311)",0.0010762119200079768,0.0,-1.7007407812496464,1.4522909647321438,122.50259999927948
2,1,18,"(37.5, 287.5, 1.9949445653352311)",0.0087909114664629,733.1179809570312,-0.644727805578043,1.4351221444085727,87.33810000194353
2,1,19,"(62.5, 287.5, 2.3844185310708723)",0.015031950533537312,0.0,-1.345890048358108,1.307205174055522,138.47339999847463
2,1,20,"(62.5, 287.5, 2.3844185310708723)",0.00165029397855094,0.0,-2.0301909087720604,1.06608119250579,122.59640000047511
2,1,21,"(62.5, 287.5, 2.3844185310708723)",0.02611116997689105,735.4070434570312,-0.6969876078947304,1.2716522901681935,90.41670000078739
2,1,22,"(87.5, 287.5, 2.8131085484191836)",0.029868126966892877,0.0,-1.4473097878545595,1.0798944338230025,138.46159999957308
2,1,23,"(87.5, 312.5, 3.3952550877786836)",0.01537106434501983,0.0,-2.420287537246155,0.4912899670491088,122.4190000029921
2,1,24,"(87.5, 312.5, 3.3952550877786836)",0.5441952064266186,737.5712890625,-0.9443351667289328,1.52396811942777,122.27209999764455
2,1,25,"(87.5, 287.5, 2.8131085484191836)",0.22534437922782896,0.0,-1.6880932879021895,0.9385021270235215,147.17580000069574
2,1,26,"(62.5, 287.5, 2.3844185310708723)",0.0008167032307631871,0.0,-2.4084738374765253,0.41682378222860145,128.38689999989583
2,1,27,"(62.5, 287.5, 2.3844185310708723)",0.04087034091086837,735.4337768554688,-0.6854271952673768,1.088363901090581,88.0421000001661
2,1,28,"(62.5, 262.5, 1.9784785325219891)",0.0025569772170581395,0.0,-1.2655230265209667,1.2976827227647292,146.2774999999965
2,1,29,"(62.5, 287.5, 2.3844185310708723)",0.0016957524543010497,0.0,-1.973438437030715,1.2074705434013893,122.496099997079
2,1,30,"(62.5, 287.5, 2.3844185310708723)",0.013379567758575267,735.3897705078125,-0.700964685665065,1.3018549446525083,85.464800002228
2,1,31,"(87.5, 287.5, 2.8131085484191836)",0.022921063786707246,0.0,-1.4490535397188014,1.091282017659933,139.30100000288803
2,1,32,"(87.5, 312.5, 3.3952550877786836)",0.01896514495209056,0.0,-2.4210016129637792,0.4902259674156304,130.83689999984927
2,1,33,"(87.5, 312.5, 3.3952550877786836)",0.5313391698802595,737.548828125,-0.9488910952163979,1.497508657472095,126.25710000065737
2,1,34,"(87.5, 287.5, 2.8131085484191836)",0.2217849886358656,0.0,-1.6891262804172067,0.933889530900752,148.50180000212276
2,1,35,"(87.5, 262.5, 2.3062152958190487)",0.00023943304161837752,0.0,-2.300927434625637,0.47485479841903855,143.47290000296198
2,1,36,"(87.5, 262.5, 2.3062152958190487)",0.006621727018195839,736.5958251953125,-0.5752933840549235,1.2279010457462405,87.7303999986907
2,1,37,"(87.5, 287.5, 2.8131085484191836)",0.0224390625900983,0.0,-1.3357641056566247,1.1824123185065947,143.237100000988
2,1,38,"(87.5, 312.5, 3.3952550877786836)",0.0027085741360980235,0.0,-2.3200155765800226,0.5694753597480454,122.63679999887245
2,1,39,"(87.5, 312.5, 3.3952550877786836)",0.16150364090250108,736.9760131835938,-0.9957133978710777,0.8737542162837112,86.31029999742168
2,1,40,"(87.5, 287.5, 2.8131085484191836)",0.16596518175406086,0.0,-1.715614650908992,0.7894239197876355,149.10059999965597
2,1,41,"(87.5, 287.5, 2.8131085484191836)",0.001385193628566653,0.0,-2.4590836602966726,0.35916146725379944,123.69650000255206
2,1,42,"(87.5, 287.5, 2.8131085484191836)",0.05430407564560079,736.6885375976562,-0.7344139620627831,0.9584876963214176,89.36189999803901
2,1,43,"(87.5, 287.5, 2.8131085484191836)",0.03435777984775922,0.0,-1.4857656614223076,0.899109775056664,139.62159999937285
2,1,44,"(87.5, 287.5, 2.8131085484191836)",0.0018465335791368021,0.0,-2.215229685785977,0.6016902191504996,123.6691999984032
2,1,45,"(87.5, 287.5, 2.8131085484191836)",0.037787360579631626,736.6881713867188,-0.7393028802052873,1.0268431092182584,88.05439999923692
2,1,46,"(112.5, 287.5, 3.266470567666104)",0.05051644513915269,0.0,-1.5071298556287673,0.7852272365640011,139.56540000071982
2,1,47,"(112.5, 312.5, 3.997603125569143)",0.042768612504009436,0.0,-2.5421450341306415,0.3336565429656828,121.12929999784683
2,1,48,"(112.5, 312.5, 3.997603125569143)",0.6688136351713936,740.2158813476562,-0.683759871741779,1.5879342367763298,85.8760999981314
2,1,49,"(112.5, 287.5, 3.266470567666104)",0.5311709843425219,0.0,-1.516539152360962,1.1689289991053096,148.88330000030692
2,1,50,"(112.5, 262.5, 2.645266895480795)",0.0002879046563367854,0.0,-2.414710596692546,0.22226500685439896,164.62099999989732
2,1,51,"(112.5, 262.5, 2.645266895480795)",0.010375429995332081,737.32177734375,-0.5675057225619855,1.0177259049580132,85.73310000065248
2,1,52,"(112.5, 287.5, 3.266470567666104)",0.033405124476102395,0.0,-1.3472358765108516,0.9449935350428441,139.27150000017718
2,1,53,"(112.5, 312.5, 3.997603125569143)",0.003324879333364861,0.0,-2.4246372686230795,0.2530813035792978,120.99119999766117
2,1,54,"(112.5, 312.5, 3.997603125569143)",0.30126811099496403,738.1189575195312,-1.0822344427687094,0.948827289447589,122.55290000030072
2,1,55,"(112.5, 287.5, 3.266470567666104)",0.4211945639351835,0.0,-1.6586682352996946,1.0512802422605414,149.4127000005392
2,1,56,"(112.5, 287.5, 3.266470567666104)",0.007859682043373282,0.0,-2.5546555073049633,0.33970427298584,169.19229999984964
2,1,57,"(112.5, 287.5, 3.266470567666104)",0.11384378077061041,737.59521484375,-0.7528183738069525,0.7606243212189702,86.85400000103982
2,1,58,"(137.5, 287.5, 3.720264207629609)",0.1432361340512175,0.0,-1.4908074060073444,0.5480952052653261,137.63689999905182
2,1,59,"(137.5, 287.5, 3.720264207629609)",0.0014286589188436038,0.0,-2.212373391370415,0.1602392062927005,123.81829999867477
2,1,60,"(137.5, 287.5, 3.720264207629609)",0.1662085255523217,738.5261840820312,-0.7293925340843234,0.7554623412942656,91.89040000273963
2,1,61,"(137.5, 262.5, 2.9770964423387296)",0.014409038844384079,0.0,-1.276542920885182,0.7242464319599508,145.93439999953262
2,1,62,"(137.5, 287.5, 3.720264207629609)",0.003447031291823255,0.0,-2.014944714596876,0.3550805702807351,122.64549999963492
2,1,63,"(137.5, 287.5, 3.720264207629609)",0.04906534477606908,738.316650390625,-0.7327599326068129,0.6597529266876655,91.58130000287201
2,1,64,"(162.5, 287.5, 4.140142738102741)",0.21916088181588447,0.0,-1.372642263406297,0.5127590520240677,135.86149999900954
2,1,65,"(137.5, 287.5, 3.720264207629609)",0.019538854559327964,0.0,-2.1042649062800147,0.18340402302805497,120.76199999864912
2,1,66,"(137.5, 287.5, 3.720264207629609)",0.23131790531178473,738.6787719726562,-0.7299783961862143,0.8067877570289052,88.10490000178106
2,1,67,"(137.5, 262.5, 2.9770964423387296)",0.01250384138750931,0.0,-1.274287733869492,0.6980321508057497,147.64309999736724
2,1,68,"(137.5, 287.5, 3.720264207629609)",0.003576572053136103,0.0,-2.0143263047036406,0.35033704486083245,125.11399999857531
2,1,69,"(137.5, 287.5, 3.720264207629609)",0.052073843041502345,738.3142700195312,-0.7327002571609995,0.6585412539394053,87.42200000051525
2,2,0,"(12.5, 437.5, 3.099809189999389)",0.039240785254790425,547.8565063476562,-1.2118287375262058,1.8793665832556021,87.45639999688137
2,2,1,"(12.5, 412.5, 2.9483028787697823)",0.03472214227326525,0.0,-2.026225336567109,0.8579408444285712,131.52950000221608
2,2,2,"(12.5, 387.5, 2.7344809963379078)",0.0025364110867307434,0.0,-2.602955994613699,0.32107547801562936,122.4075999998604
2,2,3,"(12.5, 387.5, 2.7344809963379078)",0.048495999954489104,549.8396606445312,-0.5965806870092497,0.6391420718833941,84.92699999987963
2,2,4,"(12.5, 362.5, 2.4787539260087077)",0.0742340137083501,0.0,-1.0316714204301791,0.33953236093003714,140.86500000121305
2,2,5,"(12.5, 337.5, 2.201752559048532)",0.011665442337552586,0.0,-1.4903652883103502,0.10432643414182448,121.80820000139647
2,2,6,"(12.5, 337.5, 2.201752559048532)",0.19355278698122244,551.1170043945312,-0.4634385777540867,0.774516076781917,87.06309999979567
2,2,7,"(12.5, 312.5, 1.921414531489189)",0.8687797919501139,0.0,-1.246410185887659,1.6165124040476202,145.3317999985302
2,2,8,"(12.5, 287.5, 1.651479509158393)",0.009123902147077383,0.0,-1.9142528140024577,1.5984385060005843,171.84260000067297
2,2,9,"(12.5, 287.5, 1.651479509158393)",0.1068254701857322,549.5420532226562,-0.5806891546292894,1.528939181463331,86.33199999894714
2,2,10,"(12.5, 262.5, 1.40120900590784)",0.0007220798524721686,0.0,-1.0972500333019397,1.458707066603765,141.26070000202162
2,2,11,"(12.5, 287.5, 1.651479509158393)",0.0005536281581346323,0.0,-1.6844983504732736,1.442252366157146,121.999599999981
2,2,12,"(12.5, 287.5, 1.651479509158393)",0.01538223670505215,549.4370727539062,-0.5855324881962176,1.4803862165161077,91.93249999952968
2,2,13,"(37.5, 287.5, 1.9949445653352311)",0.01585747482450607,0.0,-1.2290405850260537,1.4187283842004272,139.13700000193785
2,2,14,"(62.5, 287.5, 2.3844185310708723)",0.0018213195726266918,0.0,-1.9254553833303467,1.2370368959251863,124.62299999970128
2,2,15,"(62.5, 287.5, 2.3844185310708723)",0.02922901482735966,735.4034423828125,-0.7006534079160872,1.3223843453300421,88.52410000326927
2,2,16,"(62.5, 312.5, 2.84003211203415)",0.1926244659103536,0.0,-1.581387061544731,1.1114342341095782,140.07309999942663
2,2,17,"(87.5, 312.5, 3.3952550877786836)",0.16612941026687464,0.0,-2.372950082853674,0.955605333117088,121.59109999993234
2,2,18,"(87.5, 312.5, 3.3952550877786836)",0.6367372842576293,740.9125366210938,-0.6762883299572908,1.4768928415043767,85.83100000032573
2,2,19,"(87.5, 287.5, 2.8131085484191836)",0.24593656753755672,0.0,-1.6430120143447362,1.088189704041093,147.32989999902202
2,2,20,"(87.5, 262.5, 2.3062152958190487)",0.000229896298454613,0.0,-2.300705718503427,0.47286114393390205,145.9809000007226
2,2,21,"(87.5, 262.5, 2.3062152958190487)",0.005742247031647858,736.5953979492188,-0.575271873606319,1.2269657294231555,85.75149999887799
2,2,22,"(87.5, 287.5, 2.8131085484191836)",0.022646836679195884,0.0,-1.335740643599773,1.1821631606471097,140.09509999959846
2,2,23,"(87.5, 312.5, 3.3952550877786836)",0.002708574136096805,0.0,-2.3200113135714173,0.5694212953549567,129.62960000004387
2,2,24,"(87.5, 312.5, 3.3952550877786836)",0.1519857773412403,736.8917236328125,-0.9957120984355402,0.8738146988589901,86.8759000004502
2,2,25,"(87.5, 287.5, 2.8131085484191836)",0.15403586714038425,0.0,-1.7156108283610463,0.7894484317540595,145.75669999976526
2,2,26,"(62.5, 287.5, 2.3844185310708723)",0.0008450750416757926,0.0,-2.4090782482372397,0.41349355733172766,124.44789999790373
2,2,27,"(62.5, 287.5, 2.3844185310708723)",0.04342580085048013,735.432861328125,-0.6854540611176588,1.0880797930966493,85.9563000012713
2,2,28,"(87.5, 287.5, 2.8131085484191836)",0.025651771530189126,0.0,-1.4409072702250085,1.0244826242980634,138.80159999825992
2,2,29,"(112.5, 287.5, 3.266470567666104)",0.002978061325847893,0.0,-2.1925142690815096,0.599340617109257,122.31469999824185
2,2,30,"(112.5, 287.5, 3.266470567666104)",0.0631890234872574,737.47705078125,-0.761921712152808,0.8929147110324471,89.43360000193934
2,2,31,"(137.5, 287.5, 3.720264207629609)",0.10390403035343038,0.0,-1.4945479900823269,0.5724184509978902,135.32309999936842
2,2,32,"(112.5, 287.5, 3.266470567666104)",0.0011965183075727968,0.0,-2.2372251817436464,0.19860974116019897,121.76410000029136
2,2,33,"(112.5, 287.5, 3.266470567666104)",0.08668674567266682,737.5657958984375,-0.7542452632681098,0.7697158631807931,85.8555000013439
2,2,34,"(112.5, 262.5, 2.645266895480795)",0.008698795017913595,0.0,-1.3426313381230812,0.9319361053452062,147.29040000020177
2,2,35,"(112.5, 287.5, 3.266470567666104)",0.0036140826220324327,0.0,-2.115211038174833,0.6325205264486703,123.86329999935697
2,2,36,"(112.5, 287.5, 3.266470567666104)",0.029747424220242572,737.4917602539062,-0.7639040531229992,0.8746394437167193,83.68390000032377
2,2,37,"(137.5, 287.5, 3.720264207629609)",0.07736789606393683,0.0,-1.4946669803216301,0.546245306701267,134.1839999986405
2,2,38,"(162.5, 287.5, 4.140142738102741)",0.011889929572726086,0.0,-2.121287012700387,0.15596174074042643,120.04969999907189
2,2,39,"(162.5, 287.5, 4.140142738102741)",0.2558853941964802,739.7376708984375,-0.6407034138663037,0.8967759329822759,85.39210000162711
2,2,40,"(162.5, 262.5, 3.2775456166337156)",0.021428984621714154,0.0,-1.1207375032563758,0.5728666012982665,148.40810000168858
2,2,41,"(162.5, 287.5, 4.140142738102741)",0.003040467699372371,0.0,-1.7634104191523199,0.19331048165657214,124.2990999999165
2,2,42,"(162.5, 287.5, 4.140142738102741)",0.09754971405853866,739.4583129882812,-0.6394165245202349,0.5922188860241462,89.87189999970724
2,2,43,"(162.5, 287.5, 4.140142738102741)",0.4250733918668793,0.0,-1.290922245955057,0.7529787648950265,147.13489999849116
2,2,44,"(162.5, 262.5, 3.2775456166337156)",0.00045569202241876124,0.0,-1.747300278593389,0.1481702158759917,133.1322000005457
2,2,45,"(162.5, 262.5, 3.2775456166337156)",0.0320307259569275,738.7295532226562,-0.47469238759195154,0.8761852497848556,85.16270000109216
2,2,46,"(162.5, 287.5, 4.140142738102741)",0.06995184826176001,0.0,-1.124258142658369,0.5638703751990148,139.15999999881024
2,2,47,"(162.5, 312.5, 5.206150757863988)",0.005017989315100359,0.0,-2.156865003005301,0.12452836427412291,122.68849999964004
2,2,48,"(162.5, 312.5, 5.206150757863988)",0.34635069628887194,738.9214477539062,-0.8283569218812263,1.5243246838690578,124.89070000083302
2,2,49,"(162.5, 287.5, 4.140142738102741)",0.8978090341135626,0.0,-1.3469360598799593,1.2956114107360335,138.75389999884646
2,2,50,"(162.5, 262.5, 3.2775456166337156)",3.369114953522407e-05,0.0,-2.092844791271878,0.333670339901615,168.900599997869
2,2,51,"(162.5, 262.5, 3.2775456166337156)",0.025792801679674925,738.8841552734375,-0.47132344928907977,0.5969450267156902,87.4800999990839
2,2,52,"(162.5, 287.5, 4.140142738102741)",0.06458915851231996,0.0,-1.1201854469630783,0.4973851918120201,140.4149999980291
2,2,53,"(162.5, 312.5, 5.206150757863988)",0.007511291032030702,0.0,-2.1564368707745585,0.12446285204778867,119.66880000181845
2,2,54,"(162.5, 312.5, 5.206150757863988)",0.3501730341945773,738.8245849609375,-0.8260086773948689,1.5252887108733608,124.2777000006754
2,2,55,"(162.5, 287.5, 4.140142738102741)",0.907197663837347,0.0,-1.3467594650661177,1.2945616375495896,138.38699999905657
2,2,56,"(162.5, 262.5, 3.2775456166337156)",0.00019867681354868925,0.0,-2.0927682334062014,0.33384012097466476,176.92819999865605
2,2,57,"(162.5, 262.5, 3.2775456166337156)",0.02630187091642377,738.892822265625,-0.4713229761262666,0.5968863885141699,87.91410000048927
2,2,58,"(162.5, 287.5, 4.140142738102741)",0.0663060675578086,0.0,-1.1201845045696894,0.4973690369921505,136.7307999971672
2,2,59,"(162.5, 312.5, 5.206150757863988)",0.007511291032034611,0.0,-2.1564367005999254,0.12446289139465021,122.69979999837233
2,2,60,"(162.5, 312.5, 5.206150757863988)",0.34760472935700254,738.9276123046875,-0.8260080398189739,1.525289003655832,123.63859999823035
2,2,61,"(162.5, 287.5, 4.140142738102741)",0.9029720923704776,0.0,-1.3467593704867915,1.2945613398100357,137.81999999991967
2,2,62,"(162.5, 262.5, 3.2775456166337156)",0.0001331116945946744,0.0,-2.0927682363115867,0.3338402468688395,172.95019999801298
2,2,63,"(162.5, 262.5, 3.2775456166337156)",0.02317660947026775,738.9188232421875,-0.47132297612626656,0.5968863778202999,85.02349999980652
2,2,64,"(162.5, 287.5, 4.140142738102741)",0.06380524673892465,0.0,-1.1201845045696897,0.4973690369921505,138.55400000102236
2,2,65,"(162.5, 312.5, 5.206150757863988)",0.0082404545197782,0.0,-2.1564367005999254,0.1244628913946502,124.4501000001037
2,2,66,"(162.5, 312.5, 5.206150757863988)",0.34761967873881466,738.8253173828125,-0.8260080398189737,1.525289005672307,124.3862999981502
2,2,67,"(162.5, 287.5, 4.140142738102741)",0.9079034148276222,0.0,-1.3467593704867915,1.2945613398100362,138.5879000008572
2,2,68,"(162.5, 262.5, 3.2775456166337156)",0.00016609294107138668,0.0,-2.092768236311587,0.33384024686883956,172.15869999927236
2,2,69,"(162.5, 262.5, 3.2775456166337156)",0.02610069590559027,738.9192504882812,-0.4713229761262666,0.596886374954445,87.41269999882206
2,3,0,"(12.5, 437.5, 3.099809189999389)",0.037434143632617066,547.854736328125,-1.2118287375262058,1.8793666064037937,86.16229999825009
2,3,1,"(12.5, 412.5, 2.9483028787697823)",0.032620559111497006,0.0,-2.0262253365671086,0.857940844428571,133.75389999782783
2,3,2,"(12.5, 387.5, 2.7344809963379078)",0.0029148608446110166,0.0,-2.6029559946136986,0.32107547801562947,124.43369999891729
2,3,3,"(12.5, 387.5, 2.7344809963379078)",0.04697462083064314,549.8529663085938,-0.5965806870092496,0.6391420680508134,90.71319999929983
2,3,4,"(12.5, 362.5, 2.4787539260087077)",0.07619942777865367,0.0,-1.0316714204301791,0.33953236093003725,137.62349999888102
2,3,5,"(12.5, 337.5, 2.201752559048532)",0.006473241373906144,0.0,-1.4903652883103502,0.10432643414182448,122.46679999952903
2,3,6,"(12.5, 337.5, 2.201752559048532)",0.1919572642964767,551.1082153320312,-0.46343857775408687,0.7745160647112964,89.27369999946677
2,3,7,"(12.5, 312.5, 1.921414531489189)",0.8698400587565335,0.0,-1.246410185887659,1.61651240404762,148.14499999920372
2,3,8,"(12.5, 287.5, 1.651479509158393)",0.02085226774214077,0.0,-1.9142528140024577,1.5984385060005846,173.5660000013013
2,3,9,"(12.5, 287.5, 1.651479509158393)",0.10362941173962173,549.515380859375,-0.5806891546292894,1.5289392070987198,86.76249999916763
2,3,10,"(12.5, 287.5, 1.651479509158393)",0.021474263882328842,0.0,-1.1685910811065718,1.4446316564286878,127.38349999926868
2,3,11,"(37.5, 287.5, 1.9949445653352311)",0.0009692916944005514,0.0,-1.8098045722915057,1.34987961002072,127.76459999804501
2,3,12,"(37.5, 287.5, 1.9949445653352311)",0.02905293441170818,733.1231689453125,-0.6418656032708026,1.4362620633654322,84.36259999871254
2,3,13,"(62.5, 287.5, 2.3844185310708723)",0.022917684763805336,0.0,-1.3445629163441186,1.2999578229808102,137.49119999920367
2,3,14,"(62.5, 312.5, 2.84003211203415)",0.007414617886127497,0.0,-2.2175102367832813,0.8651145135890552,121.63090000103693
2,3,15,"(62.5, 312.5, 2.84003211203415)",0.2912979571936514,735.80126953125,-0.8777810431765044,1.3920466181383606,85.65210000233492
2,3,16,"(62.5, 287.5, 2.3844185310708723)",0.10883099095021628,0.0,-1.5735539683022357,1.0391104645484734,142.44239999970887
2,3,17,"(87.5, 287.5, 2.8131085484191836)",0.001983226897815866,0.0,-2.309437066055466,0.6261578391459052,131.58239999756915
2,3,18,"(87.5, 287.5, 2.8131085484191836)",0.047858634415244454,736.6931762695312,-0.7404048264908096,1.0643124997991422,94.21699999802513
2,3,19,"(112.5, 287.5, 3.266470567666104)",0.05736550573244954,0.0,-1.5076489706617662,0.7922507984710391,139.4776000015554
2,3,20,"(112.5, 262.5, 2.645266895480795)",0.0004680696098760713,0.0,-2.064501564036613,0.5919521118428271,122.43309999757912
2,3,21,"(112.5, 262.5, 2.645266895480795)",0.012064129849775538,737.279541015625,-0.5725175300095313,1.226209966612898,87.51730000221869
2,3,22,"(112.5, 287.5, 3.266470567666104)",0.036210590420081505,0.0,-1.3521557451755672,1.0007428460502796,138.01889999740524
2,3,23,"(112.5, 312.5, 3.997603125569143)",0.0007246863097072296,0.0,-2.4250726641277196,0.2597632770660394,120.85449999722186
2,3,24,"(112.5, 312.5, 3.997603125569143)",0.2997359638874625,738.1342163085938,-1.0829216018198369,0.9420470338389605,123.80029999985709
2,3,25,"(112.5, 287.5, 3.266470567666104)",0.4266111996668882,0.0,-1.6599509841103401,1.0496102012362394,145.56740000261925
2,3,26,"(87.5, 287.5, 2.8131085484191836)",0.0007242974049369604,0.0,-2.542363489709687,0.3179131894384238,160.79679999893415
2,3,27,"(87.5, 287.5, 2.8131085484191836)",0.06951838246708607,736.7293701171875,-0.7289638546478605,0.8358040698425803,83.8843999990786
2,3,28,"(87.5, 262.5, 2.3062152958190487)",0.004593787169581917,0.0,-1.3262368813840573,1.1084951941271852,146.69149999826914
2,3,29,"(87.5, 287.5, 2.8131085484191836)",0.002948822143175562,0.0,-2.084595207560336,0.9433693670887005,123.60310000076424
2,3,30,"(87.5, 287.5, 2.8131085484191836)",0.02016740671253186,736.6632690429688,-0.7470331550573613,1.1133048987720584,87.55550000205403
2,3,31,"(87.5, 312.5, 3.3952550877786836)",0.24956555644681064,0.0,-1.7333563449211757,0.8009763637047631,140.4435000004014
2,3,32,"(87.5, 312.5, 3.3952550877786836)",0.15252445141477403,0.0,-2.3666154823331143,1.0212345458261116,123.27269999877899
2,3,33,"(87.5, 312.5, 3.3952550877786836)",0.5405169532818233,741.4279174804688,-0.6451537779525068,1.2414720203329395,87.25160000176402
2,3,34,"(87.5, 287.5, 2.8131085484191836)",0.29832630557286066,0.0,-1.6301122795765342,1.0969438731743149,145.7537999995111
2,3,35,"(112.5, 287.5, 3.266470567666104)",0.001794789917774306,0.0,-2.4800536671631193,0.3117332947507077,128.77600000138045
2,3,36,"(112.5, 287.5, 3.266470567666104)",0.09566676578326117,737.5593872070312,-0.7567219490757596,0.8399681615018355,83.64540000184206
2,3,37,"(112.5, 287.5, 3.266470567666104)",0.06078744308213492,0.0,-1.522103843701709,0.6422868614906821,140.65439999831142
2,3,38,"(112.5, 262.5, 2.645266895480795)",0.00033852884856482517,0.0,-2.0828036814884303,0.47712095787383446,123.66219999967143
2,3,39,"(112.5, 262.5, 2.645266895480795)",0.011308921603793225,737.288330078125,-0.5713050854034823,1.1850072462204533,86.20610000070883
2,3,40,"(112.5, 287.5, 3.266470567666104)",0.03556141912166308,0.0,-1.3511362419706412,0.9896136062632372,139.41329999943264
2,3,41,"(112.5, 312.5, 3.997603125569143)",0.004361443842432035,0.0,-2.42498554399102,0.25841837776085413,119.66430000029504
2,3,42,"(112.5, 312.5, 3.997603125569143)",0.30320158136621866,738.05517578125,-1.0828175038176284,0.9430357354228129,124.19710000176565
2,3,43,"(112.5, 287.5, 3.266470567666104)",0.4235497838611521,0.0,-1.6597547813715932,1.0498566967445628,148.73129999978119
2,3,44,"(112.5, 262.5, 2.645266895480795)",0.00028051368038472407,0.0,-2.4149307483197884,0.22164795915854585,160.39480000108597
2,3,45,"(112.5, 262.5, 2.645266895480795)",0.010692408434379732,737.3197021484375,-0.5675195269602197,1.0184733350261694,85.19240000168793
2,3,46,"(112.5, 287.5, 3.266470567666104)",0.03352808217534501,0.0,-1.3472529654844045,0.945195916187858,140.43089999904623
2,3,47,"(112.5, 312.5, 3.997603125569143)",0.0012590618183265755,0.0,-2.4246390894343293,0.2531037990387874,124.22140000126092
2,3,48,"(112.5, 312.5, 3.997603125569143)",0.299087689958865,738.0560913085938,-1.082250759313081,0.9486476931179731,122.89150000287918
2,3,49,"(112.5, 287.5, 3.266470567666104)",0.43030667962060765,0.0,-1.6586985551487583,1.051236677010491,147.20730000044568
2,3,50,"(112.5, 262.5, 2.645266895480795)",0.0003670596051955241,0.0,-2.4149265960927484,0.2216179009616246,163.1980999991356
2,3,51,"(112.5, 262.5, 2.645266895480795)",0.010200429183271487,737.3080444335938,-0.5675187855021363,1.0184315788936344,85.80200000142213
2,3,52,"(112.5, 287.5, 3.266470567666104)",0.033547070340064725,0.0,-1.347252064710749,0.9451845956358852,140.26270000249497
2,3,53,"(112.5, 312.5, 3.997603125569143)",0.0009035797168874667,0.0,-2.4246389610009174,0.25310242123671695,130.49190000310773
2,3,54,"(112.5, 312.5, 3.997603125569143)",0.2988523319344815,738.1353149414062,-1.082250621133455,0.9486490256277977,125.38470000072266
2,3,55,"(112.5, 287.5, 3.266470567666104)",0.4594221215481168,0.0,-1.6586983339552765,1.0512369955354324,148.1763999981922
2,3,56,"(112.5, 262.5, 2.645266895480795)",0.0002952956322888144,0.0,-2.4149265962068918,0.2216179009616246,159.0765000000829
2,3,57,"(112.5, 262.5, 2.645266895480795)",0.009545013906392423,737.3161010742188,-0.5675187855021363,1.0184315810476317,87.13709999938146
2,3,58,"(112.5, 287.5, 3.266470567666104)",0.03388582959888167,0.0,-1.3472520647107493,0.9451845956358853,139.4892999996955
2,3,59,"(112.5, 312.5, 3.997603125569143)",0.001081837341195515,0.0,-2.4246389610009174,0.25310242123671695,121.70260000129929
2,3,60,"(112.5, 312.5, 3.997603125569143)",0.30300752111473916,738.0963745117188,-1.082250621133455,0.9486490014423371,124.04339999920921
2,3,61,"(112.5, 287.5, 3.266470567666104)",0.4542576279582611,0.0,-1.6586983339552763,1.0512369955354324,147.0515000000887
2,3,62,"(87.5, 287.5, 2.8131085484191836)",0.0004897729571542506,0.0,-2.542275971919057,0.3181569164001248,163.34350000033737
2,3,63,"(87.5, 287.5, 2.8131085484191836)",0.06905244497457054,736.741943359375,-0.7289626632609268,0.8357790804359773,85.02669999870704
2,3,64,"(112.5, 287.5, 3.266470567666104)",0.04846422956653702,0.0,-1.5006891921583887,0.727726579609268,141.0522000005585
2,3,65,"(137.5, 287.5, 3.720264207629609)",0.0021177680852564706,0.0,-2.2209730611070193,0.2845744814028974,120.90729999908945
2,3,66,"(137.5, 287.5, 3.720264207629609)",0.1254358738158797,738.3844604492188,-0.730978248922889,0.7458803512125192,88.55590000166558
2,3,67,"(137.5, 262.5, 2.9770964423387296)",0.013756069237912423,0.0,-1.2788875777472266,0.7499336684133838,144.2204999984824
2,3,68,"(137.5, 287.5, 3.720264207629609)",0.0030552300935000557,0.0,-2.015540676267793,0.3596222733458069,124.54029999935301
2,3,69,"(137.5, 287.5, 3.720264207629609)",0.049565568946813854,738.3092651367188,-0.7328166656856743,0.6608960755517865,87.96409999922616
2,4,0,"(12.5, 437.5, 3.099809189999389)",0.03851714759858681,547.8580932617188,-1.2118287375262056,1.8793665946413014,87.325200001942
2,4,1,"(12.5, 412.5, 2.9483028787697823)",0.034617894596266366,0.0,-2.0262253365671086,0.8579408444285711,133.58080000034533
2,4,2,"(12.5, 387.5, 2.7344809963379078)",0.0038466801245933507,0.0,-2.6029559946136978,0.3210754780156293,123.77890000061598
2,4,3,"(12.5, 387.5, 2.7344809963379078)",0.046912194243692314,549.8467407226562,-0.5965806870092498,0.6391420471604082,85.52580000105081
2,4,4,"(12.5, 362.5, 2.4787539260087077)",0.08257337351935896,0.0,-1.0316714204301793,0.3395323609300373,138.97870000073453
2,4,5,"(12.5, 337.5, 2.201752559048532)",0.014969208588151725,0.0,-1.4903652883103506,0.10432643414182449,124.41519999993034
2,4,6,"(12.5, 337.5, 2.201752559048532)",0.19003796314354768,551.1473388671875,-0.4634385777540868,0.774516086067401,85.13569999922765
2,4,7,"(12.5, 312.5, 1.921414531489189)",0.864488686205223,0.0,-1.246410185887659,1.6165124040476202,147.03270000245539
2,4,8,"(12.5, 287.5, 1.651479509158393)",0.01866954565045748,0.0,-1.9142528140024575,1.598438506000584,172.83339999994496
2,4,9,"(12.5, 287.5, 1.651479509158393)",0.10364256574660927,549.5098876953125,-0.5806891546292893,1.5289392318816408,85.27139999932842
2,4,10,"(12.5, 262.5, 1.40120900590784)",0.0032367954955577136,0.0,-1.0972500333019397,1.4587070666037647,145.6657999988238
2,4,11,"(12.5, 262.5, 1.40120900590784)",6.498886316857428e-05,0.0,-1.6105718391849217,1.4651921310833442,122.64239999785786
2,4,12,"(12.5, 262.5, 1.40120900590784)",0.0014485570869556953,549.4382934570312,-0.5121994939330458,1.4945017588481444,91.64099999907194
2,4,13,"(12.5, 287.5, 1.651479509158393)",0.003881822216794637,0.0,-1.0994750108455016,1.4777213080993328,140.26719999674242
2,4,14,"(12.5, 312.5, 1.921414531489189)",0.0013345268865422668,0.0,-1.7817573074244752,1.3850795419677837,123.28949999937322
2,4,15,"(12.5, 312.5, 1.921414531489189)",0.0855089279301848,549.4680786132812,-0.6807836609330398,1.5282387318848945,86.87999999892781
2,4,16,"(12.5, 287.5, 1.651479509158393)",0.08912904951929923,0.0,-1.2666992405731925,1.44802878529302,138.26350000090315
2,4,17,"(12.5, 262.5, 1.40120900590784)",6.264441374998977e-05,0.0,-1.77449739568556,1.3422505792928678,123.90349999986938
2,4,18,"(12.5, 262.5, 1.40120900590784)",0.0040326086408301294,549.439208984375,-0.5115676585087098,1.4810445196098432,86.62719999847468
2,4,19,"(12.5, 287.5, 1.651479509158393)",0.007553660415055441,0.0,-1.0988911690517347,1.4729559554395981,137.24870000078226
2,4,20,"(12.5, 312.5, 1.921414531489189)",0.0013345268865423054,0.0,-1.7815192996582887,1.3826531057924523,125.3376999993634
2,4,21,"(12.5, 312.5, 1.921414531489189)",0.0868792914047256,549.4815063476562,-0.6807224458689508,1.5309643906551338,86.57279999897582
2,4,22,"(37.5, 312.5, 2.347164439776079)",0.6501711164446476,0.0,-1.4609098834575658,1.8414064829480883,137.94849999976577
2,4,23,"(37.5, 287.5, 1.9949445653352311)",0.010599921146984175,0.0,-2.0815595485831735,1.1486063115562508,125.98419999994803
2,4,24,"(37.5, 287.5, 1.9949445653352311)",0.06699733044147195,733.144775390625,-0.6352048028868481,1.3978214083550633,85.94470000025467
2,4,25,"(37.5, 287.5, 1.9949445653352311)",0.026629414516261097,0.0,-1.2812681902429135,1.3457815251604586,140.57749999847147
2,4,26,"(62.5, 287.5, 2.3844185310708723)",0.0016955935085812132,0.0,-1.9778467871285759,1.171631698180661,123.40490000133286
2,4,27,"(62.5, 287.5, 2.3844185310708723)",0.029158960548404576,735.3997192382812,-0.6994480010342063,1.3067151736894804,89.1948999997112
2,4,28,"(62.5, 312.5, 2.84003211203415)",0.21467486750726444,0.0,-1.5809327298514688,1.105855646429318,144.83620000100927
2,4,29,"(87.5, 312.5, 3.3952550877786836)",0.16566791137058906,0.0,-2.3731992550899537,0.954310872969044,121.52839999907883
2,4,30,"(87.5, 312.5, 3.3952550877786836)",0.6359986652790725,740.7302856445312,-0.676411416573659,1.4775039468666928,87.78499999971245
2,4,31,"(87.5, 287.5, 2.8131085484191836)",0.24134207936715044,0.0,-1.6430433414322678,1.0880614300696714,146.92360000117333
2,4,32,"(112.5, 287.5, 3.266470567666104)",0.0022432552650644847,0.0,-2.480683526624038,0.3141177090520942,129.56660000054399
2,4,33,"(112.5, 287.5, 3.266470567666104)",0.09214526088931191,737.5540771484375,-0.7567980890536995,0.8414359246352185,88.9859000017168
2,4,34,"(87.5, 287.5, 2.8131085484191836)",0.0427439786259475,0.0,-1.502233024581731,0.7514257052212372,136.11830000081682
2,4,35,"(112.5, 287.5, 3.266470567666104)",0.0020528382932163674,0.0,-2.2545641051094916,0.39697594191351654,130.12079999680282
2,4,36,"(112.5, 287.5, 3.266470567666104)",0.06811842348477462,737.5279541015625,-0.7589843313173729,0.8459717502180882,90.0489000014204
2,4,37,"(112.5, 312.5, 3.997603125569143)",0.8589876848357618,0.0,-1.6574577272244353,1.1644970713667642,131.2856999975338
2,4,38,"(112.5, 287.5, 3.266470567666104)",0.05360728005563264,0.0,-2.5464125087613776,0.6271466109355781,153.23689999786438
2,4,39,"(112.5, 287.5, 3.266470567666104)",0.18807323974139548,737.765380859375,-0.7525003336899478,0.7937257644469606,86.50800000032177
2,4,40,"(112.5, 287.5, 3.266470567666104)",0.09012218618906313,0.0,-1.516992405879599,0.5968329889949303,139.03209999989485
2,4,41,"(112.5, 262.5, 2.645266895480795)",0.00048086474028687207,0.0,-2.0816069015510856,0.4649087161383768,124.29210000118474
2,4,42,"(112.5, 262.5, 2.645266895480795)",0.011663581963761141,737.2910766601562,-0.5711651068583351,1.179940591039795,87.89880000040284
2,4,43,"(112.5, 287.5, 3.266470567666104)",0.036288581040024664,0.0,-1.3510133012600227,0.9882575091200583,142.13999999992666
2,4,44,"(112.5, 312.5, 3.997603125569143)",0.003502501174797381,0.0,-2.4249749742012923,0.2582546824616308,124.73339999996824
2,4,45,"(112.5, 312.5, 3.997603125569143)",0.2997864457382231,738.0473022460938,-1.082804956386808,0.9431541052341927,129.9618000011833
2,4,46,"(112.5, 287.5, 3.266470567666104)",0.42387127240223044,0.0,-1.659731262177781,1.0498861657141805,149.0797999977076
2,4,47,"(112.5, 262.5, 2.645266895480795)",0.0002804342075249491,0.0,-2.414930663746601,0.2216468163045903,164.2455000001064
2,4,48,"(112.5, 262.5, 2.645266895480795)",0.009841778684096308,737.315673828125,-0.5675195067605653,1.0184719572043275,85.11129999897094
2,4,49,"(112.5, 287.5, 3.266470567666104)",0.03482506590223066,0.0,-1.3472529478079334,0.9451954650776593,140.09859999714536
2,4,50,"(112.5, 312.5, 3.997603125569143)",0.001959932968020658,0.0,-2.424639087914668,0.2531037990387875,124.82099999760976
2,4,51,"(112.5, 312.5, 3.997603125569143)",0.3070590089402189,738.1593627929688,-1.0822507593130806,0.9486477587848416,125.22199999875738
2,4,52,"(112.5, 287.5, 3.266470567666104)",0.4213063186515291,0.0,-1.6586985551487583,1.051236677010491,146.4062000013655
2,4,53,"(112.5, 262.5, 2.645266895480795)",0.00018133155147902902,0.0,-2.4149265960927475,0.2216179009616246,162.99609999987297
2,4,54,"(112.5, 262.5, 2.645266895480795)",0.009733602381787027,737.3054809570312,-0.5675187855021363,1.018431580044282,90.0906999995641
2,4,55,"(112.5, 287.5, 3.266470567666104)",0.034064637072387875,0.0,-1.3472520647107493,0.9451845956358853,139.40680000087013
2,4,56,"(112.5, 312.5, 3.997603125569143)",0.002476824447507689,0.0,-2.4246389610009174,0.25310242123671695,120.44610000157263
2,4,57,"(112.5, 312.5, 3.997603125569143)",0.3008220981412692,738.16455078125,-1.0822506211334553,0.9486490195051379,123.47290000252542
2,4,58,"(112.5, 287.5, 3.266470567666104)",0.45517291992146836,0.0,-1.658698333955276,1.0512369955354324,148.24939999743947
2,4,59,"(112.5, 262.5, 2.645266895480795)",0.00029529563228879575,0.0,-2.414926596206892,0.2216179009616247,161.28759999992326
2,4,60,"(112.5, 262.5, 2.645266895480795)",0.009582789524234967,737.3126831054688,-0.5675187855021362,1.0184315815624136,87.24330000040936
2,4,61,"(112.5, 287.5, 3.266470567666104)",0.03460159688807661,0.0,-1.3472520647107493,0.9451845956358853,140.04639999984647
2,4,62,"(112.5, 312.5, 3.997603125569143)",0.00161128553251491,0.0,-2.4246389610009174,0.25310242123671695,124.80320000031497
2,4,63,"(112.5, 312.5, 3.997603125569143)",0.3051876693054309,738.1541748046875,-1.082250621133455,0.9486490244890753,124.75350000022445
2,4,64,"(112.5, 287.5, 3.266470567666104)",0.42406743447085293,0.0,-1.6586983339552759,1.051236995535432,148.75240000037593
2,4,65,"(137.5, 287.5, 3.720264207629609)",0.015234366059332559,0.0,-2.507290519932329,0.4306858042051426,160.45569999914733
2,4,66,"(137.5, 287.5, 3.720264207629609)",0.22507801376688813,738.6130981445312,-0.7301580596149377,0.8152499184629696,84.31280000149854
2,4,67,"(112.5, 287.5, 3.266470567666104)",0.10270947742027921,0.0,-1.4897897725968998,0.5356018115844181,139.54520000334014
2,4,68,"(87.5, 287.5, 2.8131085484191836)",0.0009194827483428175,0.0,-2.2153037977931596,0.26601065434611265,125.9604999977455
2,4,69,"(87.5, 287.5, 2.8131085484191836)",0.05067947997244424,736.7120971679688,-0.7321953111677758,0.8985963382361437,86.8040999994264
2,5,0,"(12.5, 437.5, 3.099809189999389)",0.037040940405934364,547.8600463867188,-1.2118287375262058,1.8793666078743898,84.18170000004466
2,5,1,"(12.5, 412.5, 2.9483028787697823)",0.0342871075232881,0.0,-2.0262253365671086,0.8579408444285712,134.02289999794448
2,5,2,"(12.5, 387.5, 2.7344809963379078)",0.0017757763465367472,0.0,-2.6029559946136986,0.32107547801562936,122.97989999933634
2,5,3,"(12.5, 387.5, 2.7344809963379078)",0.04651920665891958,549.8328247070312,-0.5965806870092498,0.6391420684926932,88.54710000014165
2,5,4,"(12.5, 362.5, 2.4787539260087077)",0.07560556260633675,0.0,-1.0316714204301791,0.33953236093003714,137.63290000133566
2,5,5,"(12.5, 337.5, 2.201752559048532)",0.011665442337558781,0.0,-1.4903652883103502,0.10432643414182446,122.09929999880842
2,5,6,"(12.5, 337.5, 2.201752559048532)",0.19197384573741716,551.1351318359375,-0.46343857775408676,0.774516109359724,90.17120000135037
2,5,7,"(12.5, 312.5, 1.921414531489189)",0.8677610031585097,0.0,-1.246410185887659,1.6165124040476202,147.0128000000841
2,5,8,"(12.5, 287.5, 1.651479509158393)",0.00912700158862502,0.0,-1.9142528140024573,1.5984385060005841,172.32739999963087
2,5,9,"(12.5, 287.5, 1.651479509158393)",0.10836339481696658,549.5614013671875,-0.5806891546292893,1.5289392490930234,84.02090000163298
2,5,10,"(37.5, 287.5, 1.9949445653352311)",0.022781596286986706,0.0,-1.2261899917878456,1.4010423458132448,137.1806999995897
2,5,11,"(62.5, 287.5, 2.3844185310708723)",0.0016956729814413597,0.0,-1.9245452516197168,1.2283116827145075,124.15410000176053
2,5,12,"(62.5, 287.5, 2.3844185310708723)",0.027132324882119592,735.403564453125,-0.7004844636651092,1.3213311710566715,88.11450000212062
2,5,13,"(87.5, 287.5, 2.8131085484191836)",0.027010528181581228,0.0,-1.4488608686509694,1.0932560365689632,138.05309999952442
2,5,14,"(112.5, 287.5, 3.266470567666104)",0.0029779023801390753,0.0,-2.194094139003394,0.6142318534333906,123.4104999966803
2,5,15,"(112.5, 287.5, 3.266470567666104)",0.06581439958838349,737.5013427734375,-0.7621236011953602,0.8959620469610722,86.36290000140434
2,5,16,"(137.5, 287.5, 3.720264207629609)",0.12144170000895937,0.0,-1.4946106832749806,0.5729090614232413,136.6396999983408
2,5,17,"(112.5, 287.5, 3.266470567666104)",0.0011285690125176428,0.0,-2.2372334367600684,0.19868665584028675,126.77360000088811
2,5,18,"(112.5, 287.5, 3.266470567666104)",0.08924388739451969,737.5685424804688,-0.7542468351316873,0.7697459698637791,87.08499999920605
2,5,19,"(87.5, 287.5, 2.8131085484191836)",0.046428917615124354,0.0,-1.5001299565737847,0.7310977262729783,138.0922999996983
2,5,20,"(87.5, 312.5, 3.3952550877786836)",0.02539712190623714,0.0,-2.4805157557469815,0.33912062932414516,122.26169999848935
2,5,21,"(87.5, 312.5, 3.3952550877786836)",0.6292608482430709,737.6336669921875,-0.9152730043207942,1.6221823061846166,124.78819999887492
2,5,22,"(87.5, 287.5, 2.8131085484191836)",0.22387748432605384,0.0,-1.6817749864734766,0.9518681283773758,147.16300000145566
2,5,23,"(112.5, 287.5, 3.266470567666104)",0.0017294632271076585,0.0,-2.4812367611781676,0.3079109333359886,124.78569999802858
2,5,24,"(112.5, 287.5, 3.266470567666104)",0.09130746231909194,737.5393676757812,-0.7567853661967122,0.839852586927568,89.57759999975679
2,5,25,"(87.5, 287.5, 2.8131085484191836)",0.030356119526638494,0.0,-1.5022262828980242,0.7513031813395068,139.59649999742396
2,5,26,"(87.5, 287.5, 2.8131085484191836)",0.0017626897121450782,0.0,-2.232006093410905,0.4816041396241238,124.57349999749567
2,5,27,"(87.5, 287.5, 2.8131085484191836)",0.03865555429279126,736.6971435546875,-0.7372581733597434,0.993273035429678,87.18889999727253
2,5,28,"(112.5, 287.5, 3.266470567666104)",0.05625529419297628,0.0,-1.5061439668187466,0.7766225253387266,138.71370000197203
2,5,29,"(112.5, 312.5, 3.997603125569143)",0.04700737694901894,0.0,-2.54176141036921,0.33376513233355126,122.48940000063158
2,5,30,"(112.5, 312.5, 3.997603125569143)",0.6658796284560796,740.3065185546875,-0.68293635264249,1.5866672427053714,86.7805000016233
2,5,31,"(112.5, 287.5, 3.266470567666104)",0.5768803799273251,0.0,-1.516351792395207,1.1689468921810262,149.61749999929452
2,5,32,"(137.5, 287.5, 3.720264207629609)",0.029574289917929195,0.0,-2.4877601513362735,0.47916697754636517,159.295800000109
2,5,33,"(137.5, 287.5, 3.720264207629609)",0.2299569976274958,738.670166015625,-0.7303234549630181,0.8218206025637571,85.21560000008321
2,5,34,"(137.5, 262.5, 2.9770964423387296)",0.01248083157701128,0.0,-1.27523915511886,0.7092918610769677,147.25610000095912
2,5,35,"(137.5, 287.5, 3.720264207629609)",0.0037050796672692616,0.0,-2.014593126262642,0.35238730875221297,120.82510000254842
2,5,36,"(137.5, 287.5, 3.720264207629609)",0.052325682089999645,738.3357543945312,-0.7327260883087281,0.6591270793313911,87.45269999781158
2,5,37,"(137.5, 312.5, 4.617102976724376)",0.6910028517384728,0.0,-1.4595213640983689,1.1277175359893914,119.3929000000935
2,5,38,"(137.5, 287.5, 3.720264207629609)",0.1726318796476023,0.0,-2.3432181224618702,1.2850248155222062,124.73969999700785
2,5,39,"(137.5, 287.5, 3.720264207629609)",0.493006682431775,739.3712158203125,-0.756634946202672,1.113078517155904,85.82349999778671
2,5,40,"(137.5, 262.5, 2.9770964423387296)",0.012507007009493892,0.0,-1.269059905995835,0.6299806924215936,147.7231999997457
2,5,41,"(137.5, 287.5, 3.720264207629609)",0.0034470312918231513,0.0,-2.0126663838731256,0.3374460093110026,122.79740000303718
2,5,42,"(137.5, 287.5, 3.720264207629609)",0.051009826640170376,738.3422241210938,-0.7325358673581326,0.6550460802000908,88.3654999997816
2,5,43,"(137.5, 312.5, 4.617102976724376)",0.6882253253525961,0.0,-1.4584260353897247,1.1276624614932425,121.17080000098213
2,5,44,"(137.5, 287.5, 3.720264207629609)",0.1695962548256596,0.0,-2.343402484347949,1.2851187136934916,123.38859999726992
2,5,45,"(137.5, 287.5, 3.720264207629609)",0.49568941425843144,739.3549194335938,-0.7566537757361403,1.1132131414750421,88.08659999704105
2,5,46,"(137.5, 262.5, 2.9770964423387296)",0.012848316816887572,0.0,-1.2690585762457305,0.6299613635337535,146.42499999899883
2,5,47,"(137.5, 287.5, 3.720264207629609)",0.004463568640246797,0.0,-2.012665911250287,0.33744224547949203,124.07139999777428
2,5,48,"(137.5, 287.5, 3.720264207629609)",0.051467379659026376,738.3301391601562,-0.7325358188253522,0.6550450553389454,83.46280000114348
2,5,49,"(137.5, 312.5, 4.617102976724376)",0.6893973203137824,0.0,-1.458425814607664,1.1276623908688566,121.19549999988521
2,5,50,"(137.5, 287.5, 3.720264207629609)",0.1776146690050538,0.0,-2.3434024609704376,1.2851187571125307,125.22059999901103
2,5,51,"(137.5, 287.5, 3.720264207629609)",0.4989344968211653,739.4129028320312,-0.7566537884480806,1.1132131844831425,86.79489999849466
2,5,52,"(137.5, 262.5, 2.9770964423387296)",0.014676716942378001,0.0,-1.269058587362757,0.629961391554628,146.22290000261273
2,5,53,"(137.5, 287.5, 3.720264207629609)",0.004587943665677827,0.0,-2.0126659112502874,0.33744224547949203,125.68689999898197
2,5,54,"(137.5, 287.5, 3.720264207629609)",0.05327098715479181,738.309814453125,-0.7325358188253525,0.65504502359544,86.81849999993574
2,5,55,"(137.5, 312.5, 4.617102976724376)",0.6922434562000974,0.0,-1.4584258146076645,1.1276623908688566,121.29900000218186
2,5,56,"(137.5, 287.5, 3.720264207629609)",0.17472551266355488,0.0,-2.3434024609704376,1.2851187571125304,122.14799999856041
2,5,57,"(137.5, 287.5, 3.720264207629609)",0.4961904883183684,739.368408203125,-0.7566537884480805,1.1132131574739923,87.22109999871464
2,5,58,"(137.5, 262.5, 2.9770964423387296)",0.012365991611523589,0.0,-1.269058587362757,0.629961391554628,149.08430000286899
2,5,59,"(137.5, 287.5, 3.720264207629609)",0.003576333634551746,0.0,-2.012665911250288,0.3374422454794921,121.73599999732687
2,5,60,"(137.5, 287.5, 3.720264207629609)",0.0466680730729804,738.2999877929688,-0.7325358188253525,0.655045037713579,87.17979999710224
2,5,61,"(137.5, 312.5, 4.617102976724376)",0.6917507402266357,0.0,-1.458425814607664,1.1276623908688563,122.57450000106473
2,5,62,"(137.5, 287.5, 3.720264207629609)",0.1751905083656565,0.0,-2.343402460970437,1.2851187571125307,124.23330000092392
2,5,63,"(137.5, 287.5, 3.720264207629609)",0.49167415185974217,739.3842163085938,-0.7566537884480807,1.1132132033712845,85.70880000115721
2,5,64,"(137.5, 262.5, 2.9770964423387296)",0.012868107207941204,0.0,-1.269058587362757,0.6299613915546282,147.3848999994516
2,5,65,"(137.5, 287.5, 3.720264207629609)",0.002790585470699987,0.0,-2.012665911250287,0.337442245479492,123.2272000015655
2,5,66,"(137.5, 287.5, 3.720264207629609)",0.05142237845528992,738.33056640625,-0.7325358188253523,0.6550450375126554,87.58810000290396
2,5,67,"(137.5, 312.5, 4.617102976724376)",0.691510604737203,0.0,-1.458425814607664,1.1276623908688563,121.53579999721842
2,5,68,"(137.5, 287.5, 3.720264207629609)",0.17637155453363568,0.0,-2.3434024609704367,1.2851187571125304,129.99169999966398
2,5,69,"(137.5, 287.5, 3.720264207629609)",0.4904553557473965,739.2222900390625,-0.7566537884480806,1.1132131972404704,88.40819999750238
2,6,0,"(12.5, 437.5, 3.099809189999389)",0.035555218902787726,547.8641967773438,-1.2118287375262056,1.8793665927587218,87.15189999929862
2,6,1,"(12.5, 412.5, 2.9483028787697823)",0.031219583577606232,0.0,-2.0262253365671095,0.857940844428571,136.20490000175778
2,6,2,"(12.5, 387.5, 2.7344809963379078)",0.002541576822604775,0.0,-2.602955994613699,0.32107547801562936,132.56790000014007
2,6,3,"(12.5, 387.5, 2.7344809963379078)",0.04711183719375575,549.8446655273438,-0.5965806870092498,0.6391420635379146,92.85169999930076
2,6,4,"(12.5, 362.5, 2.4787539260087077)",0.0737586995940959,0.0,-1.0316714204301791,0.3395323609300372,150.12949999800185
2,6,5,"(12.5, 337.5, 2.201752559048532)",0.008237538859259463,0.0,-1.4903652883103502,0.10432643414182448,122.23100000119302
2,6,6,"(12.5, 337.5, 2.201752559048532)",0.1913795393301136,551.0594482421875,-0.4634385777540867,0.7745160363550943,89.87820000038482
2,6,7,"(12.5, 312.5, 1.921414531489189)",0.8710485184971752,0.0,-1.246410185887659,1.6165124040476202,147.42409999962547
2,6,8,"(12.5, 287.5, 1.651479509158393)",0.020890653133389753,0.0,-1.9142528140024573,1.5984385060005841,175.28649999803747
2,6,9,"(12.5, 287.5, 1.651479509158393)",0.10797504727956422,549.5226440429688,-0.5806891546292893,1.5289391908835932,91.26059999834979
2,6,10,"(37.5, 287.5, 1.9949445653352311)",0.01990057999572265,0.0,-1.2261899917878456,1.4010423458132444,134.7148000022571
2,6,11,"(37.5, 287.5, 1.9949445653352311)",0.0009330812996875821,0.0,-1.8624944113356368,1.2848115130909046,120.96219999875757
2,6,12,"(37.5, 287.5, 1.9949445653352311)",0.02408527978887652,733.1193237304688,-0.6403775853181192,1.413822494932109,86.33259999987786
2,6,13,"(37.5, 287.5, 1.9949445653352311)",0.014742866851983928,0.0,-1.2837537966875894,1.363818989368503,136.8265999990399
2,6,14,"(62.5, 287.5, 2.3844185310708723)",0.0018133722866564312,0.0,-1.9785828566689563,1.1782681478609671,121.32079999719281
2,6,15,"(62.5, 287.5, 2.3844185310708723)",0.02923916081398809,735.406005859375,-0.6995657298375043,1.3077025212422366,88.14770000026328
2,6,16,"(87.5, 287.5, 2.8131085484191836)",0.025677103640971224,0.0,-1.4484640051109643,1.0897696566474044,135.84919999993872
2,6,17,"(87.5, 312.5, 3.3952550877786836)",0.012819985548643735,0.0,-2.4204411028614867,0.49321557479044575,122.38000000070315
2,6,18,"(87.5, 312.5, 3.3952550877786836)",0.551716471214384,737.556884765625,-0.9441218169865202,1.5255055563541775,124.34610000127577
2,6,19,"(87.5, 287.5, 2.8131085484191836)",0.18825396632839214,0.0,-1.6880523683973898,0.9388116192339065,147.5374000001466
2,6,20,"(87.5, 287.5, 2.8131085484191836)",0.0014745211228756857,0.0,-2.4584412441071013,0.3631216563189592,126.9542999980331
2,6,21,"(87.5, 287.5, 2.8131085484191836)",0.05645587857963396,736.7088012695312,-0.7343885178737857,0.9590490944361499,88.02959999957238
2,6,22,"(112.5, 287.5, 3.266470567666104)",0.05278967601549566,0.0,-1.504599284756488,0.7647065970335243,137.25020000129007
2,6,23,"(137.5, 287.5, 3.720264207629609)",0.005446965495747133,0.0,-2.2215529568826913,0.289952012264339,122.22639999890816
2,6,24,"(137.5, 287.5, 3.720264207629609)",0.1189209985205592,738.3858642578125,-0.7310349399649624,0.7467523765873026,89.96959999785759
2,6,25,"(137.5, 262.5, 2.9770964423387296)",0.013862652889351875,0.0,-1.2789422062656568,0.7505142866560306,144.08139999795821
2,6,26,"(137.5, 287.5, 3.720264207629609)",0.004213308605053376,0.0,-2.015554058422265,0.35972384129196616,122.40550000205985
2,6,27,"(137.5, 287.5, 3.720264207629609)",0.05380361464971952,738.311279296875,-0.7328179436761187,0.6609230505580658,88.27340000061668
2,6,28,"(137.5, 312.5, 4.617102976724376)",0.6913198067903492,0.0,-1.4605588540829442,1.1276958780811868,123.2598999995389
2,6,29,"(137.5, 287.5, 3.720264207629609)",0.17063043514895745,0.0,-2.343043288815047,1.284932522637091,129.72950000039418
2,6,30,"(137.5, 287.5, 3.720264207629609)",0.49142308890964786,739.3648071289062,-0.756617052746469,1.112939179840676,87.84949999972014
2,6,31,"(137.5, 262.5, 2.9770964423387296)",0.01241375555921469,0.0,-1.2690605285890788,0.6299896635527584,145.8251999974891
2,6,32,"(137.5, 287.5, 3.720264207629609)",0.003055230093500539,0.0,-2.012666645821405,0.3374478474252228,122.93290000161505
2,6,33,"(137.5, 287.5, 3.720264207629609)",0.05020916686138693,738.3446044921875,-0.7325359024974906,0.6550464935913374,85.3330999998434
2,6,34,"(162.5, 287.5, 4.140142738102741)",0.21664447130175105,0.0,-1.3726096535258792,0.5130149166292892,137.02639999974053
2,6,35,"(162.5, 262.5, 3.2775456166337156)",0.0005185550544432965,0.0,-1.8381149742372358,0.17566573001953714,121.7272000030789
2,6,36,"(162.5, 262.5, 3.2775456166337156)",0.033928131438467374,738.7230224609375,-0.4755309586415829,0.9216475330381847,83.64730000175769
2,6,37,"(162.5, 287.5, 4.140142738102741)",0.0673939779432572,0.0,-1.1248847315981585,0.5732101287309836,137.30760000180453
2,6,38,"(162.5, 312.5, 5.206150757863988)",0.005118045645462035,0.0,-2.1570488451804364,0.12396326310984312,124.47579999934533
2,6,39,"(162.5, 312.5, 5.206150757863988)",0.3472260693767119,739.0001220703125,-0.8294840694298445,1.5237652336055683,123.5207999998238
2,6,40,"(162.5, 287.5, 4.140142738102741)",0.9001418423049905,0.0,-1.3470212068884073,1.2961056382621348,138.7847999976657
2,6,41,"(162.5, 262.5, 3.2775456166337156)",3.125484611093573e-07,0.0,-2.092881384993118,0.33358501375396366,168.04960000081337
2,6,42,"(162.5, 262.5, 3.2775456166337156)",0.02481696466129214,738.9241333007812,-0.47132346916890083,0.5969529560076584,84.36969999820576
2,6,43,"(162.5, 287.5, 4.140142738102741)",0.06684939094571087,0.0,-1.1201855892687456,0.49738728233299856,138.54950000313693
2,6,44,"(162.5, 312.5, 5.206150757863988)",0.007119489833703711,0.0,-2.1564369123142413,0.12446275904308518,123.86240000341786
2,6,45,"(162.5, 312.5, 5.206150757863988)",0.3495953491897954,738.8738403320312,-0.8260089946252959,1.5252886106548718,126.22750000082306
2,6,46,"(162.5, 287.5, 4.140142738102741)",0.9103825476313362,0.0,-1.3467594676529195,1.2945617614476232,138.79119999910472
2,6,47,"(162.5, 262.5, 3.2775456166337156)",0.00013311169459440887,0.0,-2.092768233823653,0.333840121069258,163.75849999894854
2,6,48,"(162.5, 262.5, 3.2775456166337156)",0.026376569943885524,738.9183959960938,-0.4713229761262666,0.5968863860419843,87.12809999997262
2,6,49,"(162.5, 287.5, 4.140142738102741)",0.06614694727587807,0.0,-1.1201845045696899,0.4973690369921506,138.51699999941047
2,6,50,"(162.5, 312.5, 5.206150757863988)",0.006724907085299363,0.0,-2.1564367005999254,0.12446289139465021,119.84010000014678
2,6,51,"(162.5, 312.5, 5.206150757863988)",0.3479039540296414,738.9102172851562,-0.826008039818974,1.5252889950319632,122.57310000131838
2,6,52,"(162.5, 287.5, 4.140142738102741)",0.8988986962625569,0.0,-1.346759370486792,1.2945613398100362,141.0682000023371
2,6,53,"(162.5, 262.5, 3.2775456166337156)",3.361167667549414e-05,0.0,-2.0927682363115876,0.33384024686883973,164.82729999916046
2,6,54,"(162.5, 262.5, 3.2775456166337156)",0.024816389358805382,738.8931274414062,-0.47132297612626667,0.5968863764182791,85.33680000255117
2,6,55,"(162.5, 287.5, 4.140142738102741)",0.06578007753259166,0.0,-1.1201845045696897,0.49736903699215057,138.31439999921713
2,6,56,"(162.5, 312.5, 5.206150757863988)",0.007119489833716671,0.0,-2.156436700599925,0.12446289139465017,120.93529999765451
2,6,57,"(162.5, 312.5, 5.206150757863988)",0.34697648459862873,738.851318359375,-0.8260080398189739,1.5252889999665387,122.7292999974452
2,6,58,"(162.5, 287.5, 4.140142738102741)",0.898725904818035,0.0,-1.346759370486792,1.2945613398100362,140.55739999821526
2,6,59,"(162.5, 262.5, 3.2775456166337156)",0.00010013045781912981,0.0,-2.0927682363115876,0.3338402468688397,170.23469999912777
2,6,60,"(162.5, 262.5, 3.2775456166337156)",0.026399177379110805,738.8985595703125,-0.47132297612626667,0.5968863623629295,84.16550000038114
2,6,61,"(162.5, 287.5, 4.140142738102741)",0.0623471715857905,0.0,-1.1201845045696897,0.4973690369921505,138.21350000216626
2,6,62,"(187.5, 287.5, 4.484402965683246)",0.0033557405695246196,0.0,-1.6121026649783115,0.12172492750963138,121.15810000250349
2,6,63,"(187.5, 287.5, 4.484402965683246)",0.18706527636382575,740.6553344726562,-0.4998269489758465,0.799122185326194,85.72699999785982
2,6,64,"(187.5, 262.5, 3.519235619237839)",0.056951942663942115,0.0,-0.9268724221433282,0.5599591675835184,143.36530000218772
2,6,65,"(187.5, 287.5, 4.484402965683246)",0.004885672591630982,0.0,-1.4313588906288222,0.16095903137490095,121.90170000030776
2,6,66,"(187.5, 287.5, 4.484402965683246)",0.17814299818825613,740.6489868164062,-0.5008026712804005,0.8126182339080443,88.53779999844846
2,6,67,"(187.5, 262.5, 3.519235619237839)",0.05464700201235161,0.0,-0.9283272965216961,0.5812105074120444,146.2779000030423
2,6,68,"(187.5, 287.5, 4.484402965683246)",0.008315403635289879,0.0,-1.431696476252573,0.16342570627300523,122.06499999956577
2,6,69,"(187.5, 287.5, 4.484402965683246)",0.17911972714768346,740.6656494140625,-0.5008232271452893,0.8129368551050122,84.22749999954249
2,7,0,"(12.5, 437.5, 3.099809189999389)",0.03955190961546428,547.8583374023438,-1.2118287375262058,1.8793666015653707,84.85190000283183
2,7,1,"(12.5, 412.5, 2.9483028787697823)",0.033122238764579245,0.0,-2.0262253365671086,0.857940844428571,132.31549999909475
2,7,2,"(12.5, 387.5, 2.7344809963379078)",0.003660713632899488,0.0,-2.602955994613699,0.3210754780156294,120.56540000048699
2,7,3,"(12.5, 387.5, 2.7344809963379078)",0.04756253652796186,549.8350219726562,-0.5965806870092497,0.6391420827210564,88.312700001552
2,7,4,"(12.5, 362.5, 2.4787539260087077)",0.06776457848448103,0.0,-1.0316714204301791,0.33953236093003714,138.20229999691946
2,7,5,"(12.5, 337.5, 2.201752559048532)",0.010201551641025364,0.0,-1.4903652883103506,0.1043264341418245,122.1622999983083
2,7,6,"(12.5, 337.5, 2.201752559048532)",0.19245327422752356,551.1204833984375,-0.46343857775408676,0.7745160547264144,86.1655000007886
2,7,7,"(12.5, 312.5, 1.921414531489189)",0.866270956595713,0.0,-1.2464101858876586,1.61651240404762,147.58230000006733
2,7,8,"(12.5, 287.5, 1.651479509158393)",0.01641807953519362,0.0,-1.9142528140024573,1.5984385060005843,174.41540000072564
2,7,9,"(12.5, 287.5, 1.651479509158393)",0.10440326306741922,549.5116577148438,-0.5806891546292892,1.5289392471001293,84.61399999941932
2,7,10,"(12.5, 262.5, 1.40120900590784)",0.0007246122702702841,0.0,-1.0972500333019397,1.4587070666037645,138.86010000351234
2,7,11,"(12.5, 287.5, 1.651479509158393)",0.0005520387009406754,0.0,-1.6844983504732736,1.4422523661571462,123.0771000009554
2,7,12,"(12.5, 287.5, 1.651479509158393)",0.012846497375196187,549.4376220703125,-0.5855324881962176,1.480386200297002,87.71189999970375
2,7,13,"(12.5, 287.5, 1.651479509158393)",0.02429121882180609,0.0,-1.1709314163782392,1.4554002902313448,130.012199999328
2,7,14,"(37.5, 287.5, 1.9949445653352311)",0.0010315505786114192,0.0,-1.8105922675724109,1.3570714485958868,123.23449999894365
2,7,15,"(37.5, 287.5, 1.9949445653352311)",0.027175889706237095,733.1200561523438,-0.6420008752528589,1.4366352795004076,87.57989999867277
2,7,16,"(37.5, 312.5, 2.347164439776079)",0.131511060449372,0.0,-1.419402094185273,1.339978425104533,137.834400000429
2,7,17,"(62.5, 312.5, 2.84003211203415)",0.10343158245083128,0.0,-2.260968898027566,1.042193881722997,123.10770000112825
2,7,18,"(62.5, 312.5, 2.84003211203415)",0.717900364996627,736.4816284179688,-0.8268301863592168,1.963719403564333,86.81950000027427
2,7,19,"(62.5, 287.5, 2.3844185310708723)",0.14649033323649835,0.0,-1.569013068477886,1.0987473954024451,146.76540000073146
2,7,20,"(62.5, 287.5, 2.3844185310708723)",0.0012952887918786233,0.0,-2.2589346862823585,0.7052663577124522,123.11960000079125
2,7,21,"(62.5, 287.5, 2.3844185310708723)",0.03731263913190912,735.4110717773438,-0.6914012233553687,1.2029035421372367,84.8448999968241
2,7,22,"(87.5, 287.5, 2.8131085484191836)",0.02423378646039137,0.0,-1.4445363041634462,1.0571919612423104,140.13839999824995
2,7,23,"(62.5, 287.5, 2.3844185310708723)",0.0012600028421721463,0.0,-2.1219909780330712,0.7993412547051034,121.32059999930789
2,7,24,"(62.5, 287.5, 2.3844185310708723)",0.029910674098569016,735.4143676757812,-0.6920973656855085,1.1982127746570912,87.38070000254083
2,7,25,"(62.5, 262.5, 1.9784785325219891)",0.0026265012586796886,0.0,-1.2688500152866413,1.3284765347317202,143.64930000010645
2,7,26,"(62.5, 287.5, 2.3844185310708723)",0.0017811857784787435,0.0,-1.9745289112850042,1.2163600133123345,124.92639999982202
2,7,27,"(62.5, 287.5, 2.3844185310708723)",0.01418115165510262,735.3970336914062,-0.7011316055903963,1.3037899955340249,87.35599999999977
2,7,28,"(87.5, 287.5, 2.8131085484191836)",0.024722581270651675,0.0,-1.4491240436202921,1.091849688801229,138.96069999827887
2,7,29,"(112.5, 287.5, 3.266470567666104)",0.002918297735352462,0.0,-2.194140913763611,0.6146743007014842,123.44640000083018
2,7,30,"(112.5, 287.5, 3.266470567666104)",0.06244630925799932,737.488525390625,-0.7621289244689051,0.8942334812207683,93.24589999960153
2,7,31,"(137.5, 287.5, 3.720264207629609)",0.11776110069919148,0.0,-1.4945971416436667,0.5722653988900984,139.93000000118627
2,7,32,"(137.5, 287.5, 3.720264207629609)",0.004893993648402354,0.0,-2.2127391225113113,0.16362170124630632,123.97889999920153
2,7,33,"(137.5, 287.5, 3.720264207629609)",0.16651467289250027,738.5045776367188,-0.7294177208016359,0.7540457838058016,87.65979999952833
2,7,34,"(137.5, 262.5, 2.9770964423387296)",0.01433814301127076,0.0,-1.2766318657954736,0.7252481677302138,145.65270000093733
2,7,35,"(137.5, 287.5, 3.720264207629609)",0.0051994078482083565,0.0,-2.0149681470773775,0.355259554161372,121.85889999818755
2,7,36,"(137.5, 287.5, 3.720264207629609)",0.05131728052253369,738.2833862304688,-0.7327621458466658,0.6597973201329462,88.61160000014934
2,7,37,"(162.5, 287.5, 4.140142738102741)",0.22322476132119262,0.0,-1.3726424493118703,0.5127518140373442,133.89429999733693
2,7,38,"(162.5, 262.5, 3.2775456166337156)",0.0008245255642871588,0.0,-1.8381230455952302,0.17577259900157732,125.11760000052163
2,7,39,"(162.5, 262.5, 3.2775456166337156)",0.03509020040615402,738.7039794921875,-0.4755333228514193,0.921769828701471,84.67459999883431
2,7,40,"(162.5, 287.5, 4.140142738102741)",0.08148114453742905,0.0,-1.1248864116656296,0.5732351721830852,138.65549999900395
2,7,41,"(162.5, 312.5, 5.206150757863988)",0.005524151648090998,0.0,-2.1570492205986005,0.12396229457806607,128.8827999997011
2,7,42,"(162.5, 312.5, 5.206150757863988)",0.34800500032177023,738.9505004882812,-0.8294862010494373,1.52376414552776,120.55890000192448
2,7,43,"(162.5, 287.5, 4.140142738102741)",0.8988793352069395,0.0,-1.3470213488409883,1.296106520558206,140.8397999985027
2,7,44,"(162.5, 262.5, 3.2775456166337156)",0.00010013045781912078,0.0,-2.0928814780624236,0.33358488741147585,173.12940000192611
2,7,45,"(162.5, 262.5, 3.2775456166337156)",0.025800634413039054,738.912109375,-0.47132346916890083,0.5969529509186529,86.62499999991269
2,7,46,"(162.5, 287.5, 4.140142738102741)",0.06769136427747827,0.0,-1.1201855892687458,0.49738728233299856,137.86099999924772
2,7,47,"(162.5, 312.5, 5.206150757863988)",0.0038820837314059186,0.0,-2.156436912314241,0.1244627590430852,126.62609999824781
2,7,48,"(162.5, 312.5, 5.206150757863988)",0.34805577557696954,738.834716796875,-0.8260089946252958,1.5252886107119392,123.20910000198637
2,7,49,"(162.5, 287.5, 4.140142738102741)",0.901200466152781,0.0,-1.3467594676529198,1.2945617614476232,139.37259999875096
2,7,50,"(162.5, 262.5, 3.2775456166337156)",6.69108024644614e-05,0.0,-2.092768233823653,0.33384012106925803,170.83910000292235
2,7,51,"(162.5, 262.5, 3.2775456166337156)",0.02344982089713141,738.8881225585938,-0.47132297612626656,0.5968863823463345,85.27400000093621
2,7,52,"(162.5, 287.5, 4.140142738102741)",0.06794286583283765,0.0,-1.1201845045696897,0.4973690369921506,138.65729999815812
2,7,53,"(162.5, 312.5, 5.206150757863988)",0.007452004278690629,0.0,-2.1564367005999254,0.1244628913946502,122.72700000175973
2,7,54,"(162.5, 312.5, 5.206150757863988)",0.3476402498287745,738.9262084960938,-0.8260080398189739,1.5252890031298514,127.02480000007199
2,7,55,"(162.5, 287.5, 4.140142738102741)",0.9024268005373628,0.0,-1.3467593704867917,1.2945613398100362,137.39849999910803
2,7,56,"(162.5, 262.5, 3.2775456166337156)",3.3691149535256675e-05,0.0,-2.092768236311587,0.3338402468688396,170.1162999997905
2,7,57,"(162.5, 262.5, 3.2775456166337156)",0.026590346799438135,738.8909301757812,-0.47132297612626667,0.5968863662275896,85.17779999965569
2,7,58,"(162.5, 287.5, 4.140142738102741)",0.06910903638754566,0.0,-1.1201845045696897,0.49736903699215057,140.73479999933625
2,7,59,"(162.5, 312.5, 5.206150757863988)",0.006724907085291359,0.0,-2.1564367005999254,0.12446289139465018,124.11339999744087
2,7,60,"(162.5, 312.5, 5.206150757863988)",0.34807237670320723,738.8645629882812,-0.826008039818974,1.5252889996190058,120.85769999976037
2,7,61,"(162.5, 287.5, 4.140142738102741)",0.8980203213104444,0.0,-1.3467593704867915,1.294561339810036,139.08380000066245
2,7,62,"(162.5, 262.5, 3.2775456166337156)",0.000133111694594534,0.0,-2.092768236311587,0.3338402468688396,168.91000000032363
2,7,63,"(162.5, 262.5, 3.2775456166337156)",0.025131914061666923,738.9036865234375,-0.4713229761262666,0.596886379042222,86.60840000084136
2,7,64,"(162.5, 287.5, 4.140142738102741)",0.06558814906873786,0.0,-1.1201845045696897,0.4973690369921505,137.97059999706107
2,7,65,"(162.5, 312.5, 5.206150757863988)",0.0038820837314061723,0.0,-2.1564367005999254,0.1244628913946502,122.13109999720473
2,7,66,"(162.5, 312.5, 5.206150757863988)",0.3489847146598635,738.892822265625,-0.8260080398189737,1.5252890052902033,122.51480000122683
2,7,67,"(162.5, 287.5, 4.140142738102741)",0.8952939151594705,0.0,-1.3467593704867917,1.2945613398100362,139.10390000091866
2,7,68,"(162.5, 262.5, 3.2775456166337156)",3.1254846123770916e-07,0.0,-2.0927682363115876,0.3338402468688397,172.9172000013932
2,7,69,"(162.5, 262.5, 3.2775456166337156)",0.024454516905516945,738.9052734375,-0.4713229761262666,0.5968863751364908,85.55770000020857
2,8,0,"(12.5, 437.5, 3.099809189999389)",0.036188945875569166,547.8604125976562,-1.2118287375262056,1.8793666066565569,87.94080000006943
2,8,1,"(12.5, 412.5, 2.9483028787697823)",0.033843847737240244,0.0,-2.0262253365671086,0.857940844428571,134.63539999793284
2,8,2,"(12.5, 387.5, 2.7344809963379078)",0.0036628594001052108,0.0,-2.602955994613699,0.3210754780156294,123.66929999916465
2,8,3,"(12.5, 387.5, 2.7344809963379078)",0.0473126872212181,549.8589477539062,-0.5965806870092497,0.63914207735635,84.72750000146334
2,8,4,"(12.5, 362.5, 2.4787539260087077)",0.08155718629094832,0.0,-1.0316714204301791,0.33953236093003725,136.85789999726694
2,8,5,"(12.5, 337.5, 2.201752559048532)",0.010201631113855206,0.0,-1.4903652883103504,0.10432643414182449,122.0919999977923
2,8,6,"(12.5, 337.5, 2.201752559048532)",0.18875081377663097,551.1430053710938,-0.4634385777540867,0.7745160613370711,90.55539999826578
2,8,7,"(12.5, 312.5, 1.921414531489189)",0.8715015100156737,0.0,-1.246410185887659,1.6165124040476202,146.86209999854327
2,8,8,"(12.5, 287.5, 1.651479509158393)",0.02509985367449291,0.0,-1.9142528140024573,1.5984385060005841,172.93550000249525
2,8,9,"(12.5, 287.5, 1.651479509158393)",0.10936279102505361,549.5047607421875,-0.5806891546292893,1.5289392221984015,84.27979999760282
2,8,10,"(37.5, 287.5, 1.9949445653352311)",0.027869795497478415,0.0,-1.2261899917878456,1.4010423458132444,134.6278999990318
2,8,11,"(37.5, 312.5, 2.347164439776079)",0.006704001377001306,0.0,-2.0014634775990006,1.1762067840332282,120.64110000210349
2,8,12,"(37.5, 312.5, 2.347164439776079)",0.20047319057060528,733.34228515625,-0.7745543366020898,1.5289547046013852,87.89709999837214
2,8,13,"(37.5, 287.5, 1.9949445653352311)",0.08599099807507556,0.0,-1.4162355966700828,1.28557385574751,138.4100999966904
2,8,14,"(37.5, 262.5, 1.6744753499793261)",0.00010950359865092871,0.0,-1.9491916912868992,1.1452149107677998,132.40000000223517
2,8,15,"(37.5, 262.5, 1.6744753499793261)",0.0022706287640120613,733.1116943359375,-0.5382282581249574,1.4433356038095215,88.34370000113267
2,8,16,"(37.5, 237.5, 1.3909688886982803)",0.0014167948456714494,0.0,-1.0116317650733126,1.4948117556646665,138.15099999919767
2,8,17,"(37.5, 212.5, 1.1455527701376642)",0.0011226240700731064,0.0,-1.4460904662944285,1.4984283380962675,135.74290000178735
2,8,18,"(37.5, 212.5, 1.1455527701376642)",0.00632919451815724,733.1097412109375,-0.43366759357404727,1.4966216016445941,87.68459999919287
2,8,19,"(37.5, 187.5, 0.9366991161239089)",0.018250142608926493,0.0,-0.8545772807672338,1.4927607958468185,136.01960000232793
2,8,20,"(62.5, 187.5, 1.074866029298603)",0.00571151450276366,0.0,-1.2770480269228082,1.487991580826348,126.41269999949145
2,8,21,"(62.5, 187.5, 1.074866029298603)",0.031052735303695553,735.3650512695312,-0.4228903015447137,1.5016811891771127,89.38199999829521
2,8,22,"(87.5, 187.5, 1.2167243398877836)",0.07249848158568968,0.0,-0.8536937255294619,1.5001909468524783,140.26620000004186
2,8,23,"(112.5, 187.5, 1.356447175660002)",0.02111297100782913,0.0,-1.3017614595231124,1.4836953963815889,131.9245000013325
2,8,24,"(112.5, 187.5, 1.356447175660002)",0.11087949652406079,737.1373291015625,-0.4446078276029233,1.461980884333881,88.01880000100937
2,8,25,"(137.5, 187.5, 1.486849047589336)",0.20042105945521743,0.0,-0.889692540046061,1.2182509091712224,137.40920000054757
2,8,26,"(162.5, 187.5, 1.5999036101857014)",0.018006636450676603,0.0,-1.2910422316902626,0.5147335438290389,128.1544000012218
2,8,27,"(162.5, 187.5, 1.5999036101857014)",0.12147188478074689,737.7302856445312,-0.42493172820910463,0.5736392898746053,85.2335999989009
2,8,28,"(187.5, 187.5, 1.6876002167496233)",0.03483760201614853,0.0,-0.8653520887593362,0.08825961934170508,138.4706000026199
2,8,29,"(187.5, 162.5, 1.3188200407831676)",2.3186051742575988e-07,0.0,-1.312052175686826,0.0010611971504502049,124.8371000001498
2,8,30,"(187.5, 162.5, 1.3188200407831676)",0.030263354251949107,737.6461791992188,-0.4481564014252482,0.15168344351227814,85.26210000127321
2,8,31,"(187.5, 187.5, 1.6876002167496233)",0.017947334629452933,0.0,-0.8940602472169217,0.04845340481839846,138.63040000069304
2,8,32,"(187.5, 212.5, 2.1581048160551872)",1.5802894874165455e-07,0.0,-1.3289489267657892,0.0011466726989391091,134.57519999792567
2,8,33,"(187.5, 212.5, 2.1581048160551872)",0.0323122315265786,738.7118530273438,-0.43520092731687987,0.19367762911983996,86.46679999947082
2,8,34,"(212.5, 212.5, 2.2358312589572185)",0.027180840228267552,0.0,-0.9551932495625589,0.0727741637813275,140.13139999951818
2,8,35,"(212.5, 187.5, 1.743039893786265)",1.5802894874165457e-07,0.0,-1.4708115168675688,0.0007741877647319053,123.11620000036783
2,8,36,"(212.5, 187.5, 1.743039893786265)",0.022551109263435686,738.7085571289062,-0.5163200164904912,0.1338147130184422,85.81829999820911
2,8,37,"(212.5, 212.5, 2.2358312589572185)",0.022208317686984266,0.0,-1.035979581545274,0.04960402186813519,139.6865999995498
2,8,38,"(187.5, 212.5, 2.1581048160551872)",1.58028949616585e-07,0.0,-1.4708041251967958,0.0007565787545770732,124.49209999977029
2,8,39,"(187.5, 212.5, 2.1581048160551872)",0.02865959828633405,738.7220458984375,-0.43516805721082163,0.17470615198919853,86.38040000005276
2,8,40,"(187.5, 187.5, 1.6876002167496233)",0.029709804642904347,0.0,-0.8813185512326053,0.06331883428870426,139.31420000153594
2,8,41,"(187.5, 162.5, 1.3188200407831676)",2.3186051597197854e-07,0.0,-1.3289373471004449,0.0008082306975553426,123.98129999928642
2,8,42,"(187.5, 162.5, 1.3188200407831676)",0.02829620888402642,737.6387329101562,-0.44814462638923563,0.14102973708126373,87.03099999911501
2,8,43,"(162.5, 162.5, 1.2554782219517804)",0.03436541248927918,0.0,-0.8714603124453398,0.07388020821469521,135.97479999953066
2,8,44,"(162.5, 187.5, 1.5999036101857014)",2.3186051597197846e-07,0.0,-1.2893102618453194,0.0021518011361349424,121.02450000020326
2,8,45,"(162.5, 187.5, 1.5999036101857014)",0.04569282069424659,737.6431274414062,-0.4183209748111645,0.221702447879975,85.80369999981485
2,8,46,"(187.5, 187.5, 1.6876002167496233)",0.025907876147527882,0.0,-0.8644444531991721,0.06750557205731345,139.12709999931394
2,8,47,"(212.5, 187.5, 1.743039893786265)",1.5802894973453577e-07,0.0,-1.3802089586601443,0.0009266648224274928,133.09710000248742
2,8,48,"(212.5, 187.5, 1.743039893786265)",0.024432655432743932,738.7080078125,-0.5163310427426996,0.14246420421735162,86.18650000062189
2,8,49,"(212.5, 212.5, 2.2358312589572185)",0.017704539744668638,0.0,-1.0360007526472497,0.05052245666072366,138.94710000022314
2,8,50,"(212.5, 237.5, 2.8673241576271007)",1.3926425405467552e-07,0.0,-1.5356065813552953,0.0016963502046260838,141.80949999717996
2,8,51,"(212.5, 237.5, 2.8673241576271007)",0.03593777127007393,740.7081298828125,-0.5000480330417885,0.27531563935030984,86.30350000021281
2,8,52,"(212.5, 212.5, 2.2358312589572185)",0.038100433534033334,0.0,-1.020710182234854,0.11487312639407142,138.50190000084694
2,8,53,"(212.5, 187.5, 1.743039893786265)",0.0023326864465928725,0.0,-1.5356220320160734,0.0014456433818315255,127.71670000074664
2,8,54,"(212.5, 187.5, 1.743039893786265)",0.02256072635362844,738.7198486328125,-0.5163295703001111,0.14280234237787198,89.2773000014131
2,8,55,"(212.5, 212.5, 2.2358312589572185)",0.016483867596468343,0.0,-1.035998209516475,0.05055540462637578,141.75759999852744
2,8,56,"(212.5, 237.5, 2.8673241576271007)",1.392642540546755e-07,0.0,-1.5356070332437861,0.0017102648582919574,149.8119999996561
2,8,57,"(212.5, 237.5, 2.8673241576271007)",0.032326871203826664,740.6896362304688,-0.5000493546529473,0.2758598289696363,92.83080000022892
2,8,58,"(212.5, 212.5, 2.2358312589572185)",0.043721367112106765,0.0,-1.0207128346995158,0.11495562622320435,139.88139999855775
2,8,59,"(212.5, 187.5, 1.743039893786265)",1.5802894874165455e-07,0.0,-1.5356220140038381,0.00144601575075827,124.49980000019423
2,8,60,"(212.5, 187.5, 1.743039893786265)",0.023014989923666716,738.714111328125,-0.516329569650751,0.14280245900249644,87.53989999968326
2,8,61,"(187.5, 187.5, 1.6876002167496233)",0.024829919436518695,0.0,-0.9622372607270785,0.04542328276546665,137.51760000013746
2,8,62,"(187.5, 212.5, 2.1581048160551872)",1.580289508611229e-07,0.0,-1.3970863062934193,0.0006518367779336512,122.53039999995963
2,8,63,"(187.5, 212.5, 2.1581048160551872)",0.0318739710655585,738.7059936523438,-0.4351618849158869,0.1694659282939423,90.19049999915296
2,8,64,"(212.5, 212.5, 2.2358312589572185)",0.01923696376320916,0.0,-0.9551056921896217,0.06975903421348398,154.05959999770857
2,8,65,"(237.5, 212.5, 2.261871450534782)",1.3926425457013914e-07,0.0,-1.6674850150189175,0.0020018786744301392,137.1318000019528
2,8,66,"(237.5, 212.5, 2.261871450534782)",0.027821215478518513,740.7168579101562,-0.7130899681489353,0.23598918754888323,88.24919999824488
2,8,67,"(212.5, 212.5, 2.2358312589572185)",0.030664243630041565,0.0,-1.2334098341299573,0.08791475185273452,136.14179999785847
2,8,68,"(212.5, 237.5, 2.8673241576271007)",1.3926425425875344e-07,0.0,-1.7322825916818005,0.002555412301512236,129.93719999940367
2,8,69,"(212.5, 237.5, 2.8673241576271007)",0.03657226138932118,740.7210693359375,-0.5000657222122125,0.28595220694826395,87.51459999984945
2,9,0,"(12.5, 437.5, 3.099809189999389)",0.037798941605131274,547.8523559570312,-1.2118287375262058,1.879366593984859,86.32109999962267
2,9,1,"(12.5, 412.5, 2.9483028787697823)",0.03432548692640834,0.0,-2.0262253365671086,0.857940844428571,138.34940000015195
2,9,2,"(12.5, 387.5, 2.7344809963379078)",0.004029706120486658,0.0,-2.602955994613698,0.3210754780156294,126.282799999899
2,9,3,"(12.5, 387.5, 2.7344809963379078)",0.047197877493386574,549.8318481445312,-0.5965806870092497,0.6391420526506938,86.99610000257962
2,9,4,"(12.5, 362.5, 2.4787539260087077)",0.06415955181431351,0.0,-1.0316714204301791,0.33953236093003714,139.0380999982881
2,9,5,"(12.5, 337.5, 2.201752559048532)",0.014379361023440482,0.0,-1.4903652883103504,0.10432643414182449,124.18080000134069
2,9,6,"(12.5, 337.5, 2.201752559048532)",0.1909900912393404,551.1654663085938,-0.46343857775408687,0.7745160716690497,86.81269999942742
2,9,7,"(12.5, 312.5, 1.921414531489189)",0.8731616278542731,0.0,-1.246410185887659,1.6165124040476202,162.7397000011115
2,9,8,"(12.5, 287.5, 1.651479509158393)",0.018705387910224344,0.0,-1.9142528140024573,1.598438506000584,177.41910000040662
2,9,9,"(12.5, 287.5, 1.651479509158393)",0.10381835927218123,549.5126953125,-0.5806891546292892,1.5289392528388772,86.14910000324016
2,9,10,"(12.5, 287.5, 1.651479509158393)",0.03673218219799841,0.0,-1.1685910811065718,1.444631656428688,130.16849999985425
2,9,11,"(12.5, 287.5, 1.651479509158393)",0.0013413444543192896,0.0,-1.7512285532728336,1.3801744562535176,123.68739999874379
2,9,12,"(12.5, 287.5, 1.651479509158393)",0.032950929083974956,549.4417114257812,-0.5841682455547195,1.4946651462992124,86.55649999855086
2,9,13,"(12.5, 287.5, 1.651479509158393)",0.02418933332806865,0.0,-1.1703796316555244,1.4547446855797093,128.75930000154767
2,9,14,"(37.5, 287.5, 1.9949445653352311)",0.001024316275616167,0.0,-1.8104082640438575,1.3554082580550493,125.37409999640658
2,9,15,"(37.5, 287.5, 1.9949445653352311)",0.024987953526207266,733.1170654296875,-0.6419691657436872,1.4368236630892477,88.05700000084471
2,9,16,"(12.5, 287.5, 1.651479509158393)",0.014212787995087628,0.0,-1.227756223304655,1.412940853419422,139.25250000102096
2,9,17,"(12.5, 262.5, 1.40120900590784)",6.343914234699418e-05,0.0,-1.737147710317974,1.378242013331519,121.53410000246367
2,9,18,"(12.5, 262.5, 1.40120900590784)",0.003968628656278212,549.4388427734375,-0.5116931896623532,1.483719074568182,87.88079999794718
2,9,19,"(12.5, 262.5, 1.40120900590784)",0.0007311156745551453,0.0,-1.024678034758381,1.4929116242109497,129.12530000176048
2,9,20,"(12.5, 287.5, 1.651479509158393)",0.000557800486350122,0.0,-1.6124379319702238,1.4766319037002027,123.91719999868656
2,9,21,"(12.5, 287.5, 1.651479509158393)",0.009768902628173568,549.4351196289062,-0.5863640429907224,1.4810064548150312,85.36259999891627
2,9,22,"(12.5, 287.5, 1.651479509158393)",0.013573088823523255,0.0,-1.1712713661113068,1.4562608447460825,127.06919999982347
2,9,23,"(12.5, 287.5, 1.651479509158393)",0.0005316539682582033,0.0,-1.7520594759748054,1.387699610375246,125.77980000060052
2,9,24,"(12.5, 287.5, 1.651479509158393)",0.03209699155113263,549.441650390625,-0.5842733562074551,1.4939888675355943,87.1036999997159
2,9,25,"(12.5, 287.5, 1.651479509158393)",0.02487346980024263,0.0,-1.170423582569215,1.4549177983459796,128.37820000277134
2,9,26,"(12.5, 262.5, 1.40120900590784)",6.431334380147192e-05,0.0,-1.6801260361760333,1.417675324611103,124.33109999983571
2,9,27,"(12.5, 262.5, 1.40120900590784)",0.0041533998725595276,549.43896484375,-0.5118480774481593,1.4883764198615692,88.46289999928558
2,9,28,"(12.5, 237.5, 1.1758874089037312)",0.0007355427520077934,0.0,-0.9751463563793519,1.4986012222265126,145.44439999735914
2,9,29,"(12.5, 212.5, 0.9776732428382818)",0.0005688074743375218,0.0,-1.4091002073415417,1.499080997922007,130.00230000034207
2,9,30,"(12.5, 212.5, 0.9776732428382818)",0.004963788396437876,549.4381103515625,-0.43360403840412926,1.4990532872410647,87.35629999864614
2,9,31,"(37.5, 212.5, 1.1455527701376642)",0.007509376719912711,0.0,-0.8668750236582128,1.4920165557779221,138.19290000174078
2,9,32,"(37.5, 187.5, 0.9366991161239089)",0.0028713432451085547,0.0,-1.287105685801191,1.4836323656899888,123.18950000189943
2,9,33,"(37.5, 187.5, 0.9366991161239089)",0.01678449037163343,733.1016845703125,-0.4209193315385038,1.4990884230493695,85.95509999940987
2,9,34,"(62.5, 187.5, 1.074866029298603)",0.036383328971004214,0.0,-0.8440864664330074,1.496616770292003,137.63340000150492
2,9,35,"(87.5, 187.5, 1.2167243398877836)",0.011367142200469955,0.0,-1.2748870874124052,1.4974584677693732,130.31109999792534
2,9,36,"(87.5, 187.5, 1.2167243398877836)",0.059687649363479846,736.5408935546875,-0.4304536600267359,1.5041960655170752,87.48589999959222
2,9,37,"(112.5, 187.5, 1.356447175660002)",0.13695537840675703,0.0,-0.8760953170382447,1.4713376663860183,137.75280000118073
2,9,38,"(137.5, 187.5, 1.486849047589336)",0.028614652653556803,0.0,-1.3271995987336076,1.2520622936675199,130.57929999922635
2,9,39,"(137.5, 187.5, 1.486849047589336)",0.16004722672216135,737.488525390625,-0.4444250167109231,1.1752423445349467,86.13649999824702
2,9,40,"(137.5, 162.5, 1.173168873178471)",0.16211116157382272,0.0,-0.8598757963043868,0.6428263015065268,139.37090000035823
2,9,41,"(162.5, 162.5, 1.2554782219517804)",0.002468416467317734,0.0,-1.257680033629656,0.07659509594186995,125.31550000130665
2,9,42,"(162.5, 162.5, 1.2554782219517804)",0.07234893810052148,737.3712768554688,-0.42320625838062825,0.2853418176590143,86.87499999723514
2,9,43,"(187.5, 162.5, 1.3188200407831676)",0.026601785378529245,0.0,-0.8713876591727443,0.07767924958656712,137.33069999943837
2,9,44,"(187.5, 187.5, 1.6876002167496233)",-2.561137080192566e-09,0.0,-1.3168597490212122,0.0021066376910339577,123.11589999808348
2,9,45,"(187.5, 187.5, 1.6876002167496233)",0.039174633012932454,738.1082763671875,-0.44567092308756123,0.14168545331993013,89.0384999984235
2,9,46,"(187.5, 212.5, 2.1581048160551872)",0.028596314906237395,0.0,-0.8810826763060435,0.08078079616672616,138.4756000006746
2,9,47,"(187.5, 187.5, 1.6876002167496233)",-2.561137080192566e-09,0.0,-1.3267751203012148,0.0026018910816213788,123.69229999967501
2,9,48,"(187.5, 187.5, 1.6876002167496233)",0.039013545527006255,738.1029663085938,-0.44567652232290955,0.14412921563299286,90.62080000148853
2,9,49,"(212.5, 187.5, 1.743039893786265)",0.012143808850878056,0.0,-0.9620916651947032,0.05008912055157179,136.83830000081798
2,9,50,"(187.5, 187.5, 1.6876002167496233)",-2.5611370801925663e-09,0.0,-1.4077576768179094,0.0013071944319556464,120.52810000022873
2,9,51,"(187.5, 187.5, 1.6876002167496233)",0.032314730866387066,738.1002197265625,-0.4456641048776976,0.12108804046251334,86.5691999970295
2,9,52,"(187.5, 212.5, 2.1581048160551872)",0.022877952685680956,0.0,-0.881006143592288,0.07373280770237238,137.28830000036396
2,9,53,"(187.5, 187.5, 1.6876002167496233)",-2.5611370801925663e-09,0.0,-1.3267613431114476,0.0025105170243051086,124.6885000000475
2,9,54,"(187.5, 187.5, 1.6876002167496233)",0.03752434104117613,738.1114501953125,-0.4456759019413725,0.14348794266672707,85.43449999706354
2,9,55,"(212.5, 187.5, 1.743039893786265)",0.008744280157288538,0.0,-0.9620915198587723,0.050070706475317764,136.01360000029672
2,9,56,"(187.5, 187.5, 1.6876002167496233)",-2.561137080192566e-09,0.0,-1.407757647125724,0.001307061071273939,122.31700000120327
2,9,57,"(187.5, 187.5, 1.6876002167496233)",0.03401637651295236,738.1103515625,-0.4456641029467785,0.12108315881278504,83.5893000003125
2,9,58,"(187.5, 212.5, 2.1581048160551872)",0.015214858434032929,0.0,-0.8810061451393383,0.07373092947829815,136.99210000049789
2,9,59,"(212.5, 212.5, 2.2358312589572185)",7.275975694555951e-10,0.0,-1.4005238976805803,0.0029226028303782556,128.7744000001112
2,9,60,"(212.5, 212.5, 2.2358312589572185)",0.037072453635788725,739.6052856445312,-0.5193958357252055,0.15686000933665775,89.13169999868842
2,9,61,"(212.5, 187.5, 1.743039893786265)",0.009495317772180534,0.0,-1.0358383136129523,0.054168249677581395,137.91700000001583
2,9,62,"(187.5, 187.5, 1.6876002167496233)",-2.5611370801925663e-09,0.0,-1.481487365913543,0.0014497437695986666,124.34220000068308
2,9,63,"(187.5, 187.5, 1.6876002167496233)",0.03324850927900484,738.1107788085938,-0.4456653447412017,0.12321826762550572,85.12580000024172
2,9,64,"(162.5, 187.5, 1.5999036101857014)",0.025657657744795594,0.0,-0.8640794200733759,0.07193790873434447,136.32300000244868
2,9,65,"(187.5, 187.5, 1.6876002167496233)",-2.5611370801925655e-09,0.0,-1.3098066349476414,0.002217366247326242,122.98039999950561
2,9,66,"(187.5, 187.5, 1.6876002167496233)",0.038215239142055935,738.1094970703125,-0.44567405494821194,0.1491939588708145,86.10419999968144
2,9,67,"(212.5, 187.5, 1.743039893786265)",0.014421283277494564,0.0,-0.9621160900122727,0.052539362513565606,138.4948999984772
2,9,68,"(187.5, 187.5, 1.6876002167496233)",-2.561132688268712e-09,0.0,-1.4077610314462612,0.0013303382194532407,123.09129999994184
2,9,69,"(187.5, 187.5, 1.6876002167496233)",0.034873331995812294,738.1150512695312,-0.44566429319389933,0.12133773933396452,85.49740000307793
2,0,0,"(112.5, 212.5, 1.7023465120987893)",0.06740064587389887,737.2106323242188,-0.4260005398023419,1.5265582905898605,86.21779999884893
2,0,1,"(112.5, 187.5, 1.356447175660002)",0.13819513566174652,0.0,-0.8744518189247299,1.4831981127502407,138.02840000062133
2,0,2,"(137.5, 187.5, 1.486849047589336)",0.03257033477227518,0.0,-1.3326179803760685,1.3200463159440825,122.76420000125654
2,0,3,"(137.5, 187.5, 1.486849047589336)",0.16115862771383757,737.4716796875,-0.44629664703677774,1.1961988615680377,85.87619999889284
2,0,4,"(162.5, 187.5, 1.5999036101857014)",0.14658764072181252,0.0,-0.8579798293810726,0.5537011988268581,139.48030000028666
2,0,5,"(187.5, 187.5, 1.6876002167496233)",0.0013519103328367384,0.0,-1.280733634379497,0.0398608298807339,130.29459999961546
2,0,6,"(187.5, 187.5, 1.6876002167496233)",0.04450257774032395,738.107421875,-0.4457427702694522,0.17818076827270266,87.29070000117645
2,0,7,"(187.5, 162.5, 1.3188200407831676)",0.013371616931041452,0.0,-0.893918754109228,0.052097724280369226,138.43650000126217
2,0,8,"(187.5, 187.5, 1.6876002167496233)",-2.5611370801925655e-09,0.0,-1.3395856510073567,0.0013062008011790454,123.0706000023929
2,0,9,"(187.5, 187.5, 1.6876002167496233)",0.03416576868694315,738.1041870117188,-0.44566460608274766,0.13135516616633017,85.28470000237576
2,0,10,"(187.5, 212.5, 2.1581048160551872)",0.020567449858120236,0.0,-0.8810648215354726,0.07920639746497048,139.73570000234758
2,0,11,"(187.5, 187.5, 1.6876002167496233)",0.0013519103328337929,0.0,-1.3267722323041997,0.0025827797029414007,122.38419999994221
2,0,12,"(187.5, 187.5, 1.6876002167496233)",0.03722459308962926,738.111083984375,-0.4456764212354385,0.14395558614375867,87.65979999952833
2,0,13,"(187.5, 162.5, 1.3188200407831676)",0.016925180517084276,0.0,-0.8939246942689117,0.052621667071014955,141.74260000072536
2,0,14,"(187.5, 187.5, 1.6876002167496233)",-2.5611348330936394e-09,0.0,-1.3395868911945406,0.0013145696825270785,123.96219999936875
2,0,15,"(187.5, 187.5, 1.6876002167496233)",0.03378916196614969,738.10986328125,-0.4456646454465072,0.13124895995328978,92.25590000278316
2,0,16,"(162.5, 187.5, 1.5999036101857014)",0.017312957060035723,0.0,-0.8641266020765691,0.07647803206831007,138.20699999996577
2,0,17,"(162.5, 187.5, 1.5999036101857014)",0.0007387731845172057,0.0,-1.2834588387683739,0.014509643470548941,121.80919999809703
2,0,18,"(162.5, 187.5, 1.5999036101857014)",0.061574576480502,737.6591186523438,-0.41893349931683604,0.3196346303838293,83.60890000039944
2,0,19,"(162.5, 162.5, 1.2554782219517804)",0.04242742345382808,0.0,-0.8427036760540185,0.11657925598373577,140.42909999989206
2,0,20,"(187.5, 162.5, 1.3188200407831676)",0.0007388526573725953,0.0,-1.2893147268098073,0.0020675917737027257,127.96919999891543
2,0,21,"(187.5, 162.5, 1.3188200407831676)",0.0359497520485465,737.6351318359375,-0.4481864372925477,0.17414970714421882,89.6893999997701
2,0,22,"(187.5, 187.5, 1.6876002167496233)",0.027593041532702228,0.0,-0.8940989441605487,0.05046312191149342,139.95580000118935
2,0,23,"(162.5, 187.5, 1.5999036101857014)",2.3186051597197851e-07,0.0,-1.3120529262393352,0.0011473316118265425,126.70430000071065
2,0,24,"(162.5, 187.5, 1.5999036101857014)",0.03979468280870329,737.6444702148438,-0.41827442252728453,0.19478373284721687,86.09259999866481
2,0,25,"(187.5, 187.5, 1.6876002167496233)",0.03064152041818055,0.0,-0.8643810137103338,0.06487298207940456,139.52440000139177
2,0,26,"(187.5, 187.5, 1.6876002167496233)",-2.5611370801925655e-09,0.0,-1.3096556462767552,0.0014318173891563494,125.87409999832744
2,0,27,"(187.5, 187.5, 1.6876002167496233)",0.03625251489546801,738.1104125976562,-0.44566318298082314,0.14031746485227212,84.76769999833778
2,0,28,"(187.5, 162.5, 1.3188200407831676)",0.017329392341437776,0.0,-0.893964319638322,0.05637659441034213,135.93709999986459
2,0,29,"(162.5, 162.5, 1.2554782219517804)",1.4839073022206625e-07,0.0,-1.316900910020555,0.00261313050185484,121.71799999850919
2,0,30,"(162.5, 162.5, 1.2554782219517804)",0.0455674734984742,737.3381958007812,-0.4228746628363305,0.19040117303168685,89.07240000189631
2,0,31,"(137.5, 162.5, 1.173168873178471)",0.040052365142452466,0.0,-0.8380380452081667,0.1427555918552337,137.52880000174628
2,0,32,"(162.5, 162.5, 1.2554782219517804)",1.4839073818088828e-07,0.0,-1.2611546143745347,0.00942844106263226,120.8026999993308
2,0,33,"(162.5, 162.5, 1.2554782219517804)",0.06831577170726219,737.3405151367188,-0.4229805914165574,0.26466243610289825,89.3887000020186
2,0,34,"(187.5, 162.5, 1.3188200407831676)",0.018707900090746493,0.0,-0.8715131523691682,0.08388602480649192,139.6128000014869
2,0,35,"(187.5, 187.5, 1.6876002167496233)",-2.561137080192565e-09,0.0,-1.3168705444114854,0.002181862746985712,122.09789999906207
2,0,36,"(187.5, 187.5, 1.6876002167496233)",0.036370539721714605,738.1068725585938,-0.4456713788818909,0.14200741287457785,88.65670000159298
2,0,37,"(187.5, 212.5, 2.1581048160551872)",0.02199337297202588,0.0,-0.8810816574995697,0.08069917607560152,140.33159999962663
2,0,38,"(212.5, 212.5, 2.2358312589572185)",7.275986596458131e-10,0.0,-1.4005392668048586,0.003025264535067325,132.14850000076694
2,0,39,"(212.5, 212.5, 2.2358312589572185)",0.03637570622491109,739.5985107421875,-0.5193967121388234,0.15755533151044102,89.82399999877089
2,0,40,"(212.5, 187.5, 1.743039893786265)",0.01239285579370453,0.0,-1.0358385369120104,0.054189429996214206,137.04069999948842
2,0,41,"(212.5, 212.5, 2.2358312589572185)",7.275993316269552e-10,0.0,-1.555227023892649,0.0016931012976585098,122.25279999984195
2,0,42,"(212.5, 212.5, 2.2358312589572185)",0.03092441917245362,739.5780029296875,-0.5193817348693173,0.13477856993279178,86.6502999997465
2,0,43,"(187.5, 212.5, 2.1581048160551872)",0.024610486203156815,0.0,-0.9547763623607182,0.0800499765582368,140.06789999984903
2,0,44,"(187.5, 187.5, 1.6876002167496233)",-2.5611370801925663e-09,0.0,-1.4005126117335536,0.002804050700976055,123.85209999774816
2,0,45,"(187.5, 187.5, 1.6876002167496233)",0.03721397202371031,738.1072998046875,-0.4456779642571606,0.14604281373123343,88.21929999976419
2,0,46,"(187.5, 162.5, 1.3188200407831676)",0.021718977652895814,0.0,-0.8939269700906256,0.05286985636772455,139.3915000007837
2,0,47,"(187.5, 187.5, 1.6876002167496233)",-2.561137080192565e-09,0.0,-1.3395872331637377,0.0013167105433106333,122.43990000206395
2,0,48,"(187.5, 187.5, 1.6876002167496233)",0.03441893089246945,738.111572265625,-0.44566467266995585,0.13128357298119883,86.57730000049924
2,0,49,"(162.5, 187.5, 1.5999036101857014)",0.02935322088926067,0.0,-0.8641266453795517,0.07648260131618297,139.51950000046054
2,0,50,"(162.5, 162.5, 1.2554782219517804)",1.4839073296102109e-07,0.0,-1.287224372227976,0.0043308358084273735,121.2926999978663
2,0,51,"(162.5, 162.5, 1.2554782219517804)",0.05544311184282785,737.3419189453125,-0.42290616023172906,0.21609433588855084,88.86960000018007
2,0,52,"(187.5, 162.5, 1.3188200407831676)",0.0231542434900017,0.0,-0.8713724028218515,0.07654862502208341,139.04639999964274
2,0,53,"(187.5, 162.5, 1.3188200407831676)",0.0007388526573721727,0.0,-1.3199141277598834,0.0077817937217176,120.01269999746
2,0,54,"(187.5, 162.5, 1.3188200407831676)",0.04255688457162926,737.6422729492188,-0.44839716096748117,0.226020134874332,86.62059999915073
2,0,55,"(187.5, 187.5, 1.6876002167496233)",0.015114426064367971,0.0,-0.8942212465074809,0.054073788414592434,138.92639999903622
2,0,56,"(187.5, 187.5, 1.6876002167496233)",-2.561137080192566e-09,0.0,-1.3395235699992327,0.0009807795311162736,127.79260000024806
2,0,57,"(187.5, 187.5, 1.6876002167496233)",0.034073463166454154,738.1114501953125,-0.44565964307312383,0.13048387214746202,83.93679999790038
2,0,58,"(187.5, 212.5, 2.1581048160551872)",0.021471601455334707,0.0,-0.8811091671898303,0.08279196233040395,138.98689999768976
2,0,59,"(187.5, 187.5, 1.6876002167496233)",-2.5611370801925663e-09,0.0,-1.3267793844511628,0.0026300342200861076,121.13329999920097
2,0,60,"(187.5, 187.5, 1.6876002167496233)",0.03553189500406425,738.103515625,-0.44567673025101984,0.14417971988346245,85.25740000186488
2,0,61,"(212.5, 187.5, 1.743039893786265)",0.01338341066737005,0.0,-0.9620912970537319,0.0500495519722412,137.0401000021957
2,0,62,"(187.5, 187.5, 1.6876002167496233)",-2.5611370801925663e-09,0.0,-1.4077575996689984,0.0013068517286169848,128.97999999768217
2,0,63,"(187.5, 187.5, 1.6876002167496233)",0.03170280653632267,738.1122436523438,-0.4456641003288317,0.12108435010021672,88.38829999876907
2,0,64,"(162.5, 187.5, 1.5999036101857014)",0.027868874704511878,0.0,-0.8640763309602048,0.07160406361652018,137.19100000162143
2,0,65,"(187.5, 187.5, 1.6876002167496233)",0.0013519103328313825,0.0,-1.3098060516108287,0.0022136735661854785,124.0613999980269
2,0,66,"(187.5, 187.5, 1.6876002167496233)",0.040348482617503664,738.1065063476562,-0.44567401471515694,0.14915222037092282,87.01019999716664
2,0,67,"(187.5, 162.5, 1.3188200407831676)",0.01852120236911378,0.0,-0.8939486274535883,0.05502251814566815,137.26429999951506
2,0,68,"(187.5, 187.5, 1.6876002167496233)",-2.5611370801925655e-09,0.0,-1.3395902565340836,0.0013370886318157858,124.53520000053686
2,0,69,"(187.5, 187.5, 1.6876002167496233)",0.035132797726799496,738.1082153320312,-0.44566487145444833,0.1314922832022739,86.37559999988298
2,1,0,"(112.5, 212.5, 1.7023465120987893)",0.06799908820890951,737.1824951171875,-0.426000539802342,1.5265582970000824,87.53069999875152
2,1,1,"(112.5, 187.5, 1.356447175660002)",0.1390779966807989,0.0,-0.8744518189247298,1.4831981127502405,140.59140000244952
2,1,2,"(137.5, 187.5, 1.486849047589336)",0.0350157146652402,0.0,-1.3326179803760687,1.3200463159440827,124.25250000160304
2,1,3,"(137.5, 187.5, 1.486849047589336)",0.1612055799356272,737.52294921875,-0.4462966470367777,1.1961988826614078,85.99120000144467
2,1,4,"(162.5, 187.5, 1.5999036101857014)",0.1444684863582267,0.0,-0.8579798293810728,0.5537011988268579,139.59740000063903
2,1,5,"(162.5, 162.5, 1.2554782219517804)",0.001252084349596875,0.0,-1.2597693931469913,0.05684506050533043,124.93969999923138
2,1,6,"(162.5, 162.5, 1.2554782219517804)",0.06564300425687424,737.3438110351562,-0.4231322712319219,0.25757728772966715,86.0988999993424
2,1,7,"(187.5, 162.5, 1.3188200407831676)",0.01889693650397484,0.0,-0.8713013920714897,0.07245423759373387,139.18659999762895
2,1,8,"(187.5, 187.5, 1.6876002167496233)",-2.561137080192566e-09,0.0,-1.3168511484125687,0.0020459506995207403,125.41159999818774
2,1,9,"(187.5, 187.5, 1.6876002167496233)",0.03694514964093638,738.1155395507812,-0.4456705221200085,0.14121832703771087,86.93540000240318
2,1,10,"(187.5, 212.5, 2.1581048160551872)",0.020131557854713544,0.0,-0.8810824314729617,0.08075750031706805,137.98699999824748
2,1,11,"(187.5, 187.5, 1.6876002167496233)",-2.561137080192566e-09,0.0,-1.3267750730748717,0.0026016842053905483,119.93319999965024
2,1,12,"(187.5, 187.5, 1.6876002167496233)",0.038808039612936066,738.1132202148438,-0.4456765198056145,0.14412470412381595,85.45199999934994
2,1,13,"(212.5, 187.5, 1.743039893786265)",0.012275584858073415,0.0,-0.9620916516091654,0.050088181960133135,138.49330000084592
2,1,14,"(187.5, 187.5, 1.6876002167496233)",-2.561137080192566e-09,0.0,-1.4077576750888772,0.0013071867299299929,122.22729999848525
2,1,15,"(187.5, 187.5, 1.6876002167496233)",0.028344702377898996,738.109375,-0.4456641047611679,0.1210879164975134,86.19069999986095
2,1,16,"(162.5, 187.5, 1.5999036101857014)",0.02529794641780858,0.0,-0.8640763248271639,0.07160370853161425,137.97089999934542
2,1,17,"(187.5, 187.5, 1.6876002167496233)",-2.5611370801925655e-09,0.0,-1.3098060505274618,0.002213669240585289,122.66600000293693
2,1,18,"(187.5, 187.5, 1.6876002167496233)",0.03780394420546587,738.1138916015625,-0.44567401469093426,0.14915224081316672,84.1389999986859
2,1,19,"(212.5, 187.5, 1.743039893786265)",0.011790274813932891,0.0,-0.9621160706914443,0.05253529641157181,137.80209999822546
2,1,20,"(187.5, 187.5, 1.6876002167496233)",-2.5611370801925663e-09,0.0,-1.4077610242577598,0.0013303063833486276,122.46800000139046
2,1,21,"(187.5, 187.5, 1.6876002167496233)",0.03202409911971164,738.1112060546875,-0.4456642927633308,0.12133722205804016,86.90379999825382
2,1,22,"(162.5, 187.5, 1.5999036101857014)",0.0247929545618775,0.0,-0.8640762925248823,0.07160174875468532,138.32220000040252
2,1,23,"(162.5, 162.5, 1.2554782219517804)",1.4839073022206625e-07,0.0,-1.287209274892368,0.004226115040492766,123.17570000232081
2,1,24,"(162.5, 162.5, 1.2554782219517804)",0.05215600325285442,737.3475952148438,-0.42290468692515826,0.21546061733935606,87.1378999981971
2,1,25,"(162.5, 137.5, 0.9841255842166583)",0.0254200552449542,0.0,-0.8484680047017221,0.11618611340875898,141.11120000234223
2,1,26,"(162.5, 137.5, 0.9841255842166583)",0.001326451233267673,0.0,-1.2745161826731495,0.018393813170875847,128.05170000137878
2,1,27,"(162.5, 137.5, 0.9841255842166583)",0.06401624313949106,737.1004638671875,-0.42569796386708164,0.3470293245903667,90.40509999977075
2,1,28,"(162.5, 162.5, 1.2554782219517804)",0.06274879916862068,0.0,-0.8493590613323974,0.12340288253325071,137.75230000101146
2,1,29,"(162.5, 187.5, 1.5999036101857014)",2.318605182453198e-07,0.0,-1.2663191765519177,0.0048039976186868465,128.43040000007022
2,1,30,"(162.5, 187.5, 1.5999036101857014)",0.053882235099865956,737.6402587890625,-0.41844477067922203,0.2618509789625161,87.34309999999823
2,1,31,"(162.5, 162.5, 1.2554782219517804)",0.046407228707917886,0.0,-0.8423429725338558,0.11029716257138643,139.4880000007106
2,1,32,"(187.5, 162.5, 1.3188200407831676)",2.3186051597197854e-07,0.0,-1.289318065476867,0.0020911171674266988,122.5103000033414
2,1,33,"(187.5, 162.5, 1.3188200407831676)",0.033709095876457255,737.6416625976562,-0.44818911502789394,0.17545738567002325,89.32060000006459
2,1,34,"(187.5, 187.5, 1.6876002167496233)",0.022994946579268313,0.0,-0.8941017367319435,0.05057698192876302,140.40659999955096
2,1,35,"(162.5, 187.5, 1.5999036101857014)",2.318605159719785e-07,0.0,-1.3120529388526931,0.0011474387008591866,123.84080000265385
2,1,36,"(162.5, 187.5, 1.5999036101857014)",0.039034522127698396,737.6498413085938,-0.4182744156397739,0.19477708434769087,87.67319999969914
2,1,37,"(187.5, 187.5, 1.6876002167496233)",0.031171007505297256,0.0,-0.8643809874227211,0.06487217725441793,139.00659999853815
2,1,38,"(187.5, 162.5, 1.3188200407831676)",2.318605159719785e-07,0.0,-1.312051505990303,0.0010405261314593698,129.86670000100276
2,1,39,"(187.5, 162.5, 1.3188200407831676)",0.0294484088133558,737.6419067382812,-0.4481588520625417,0.1531607902426236,89.27480000056676
2,1,40,"(187.5, 187.5, 1.6876002167496233)",0.022136355159382733,0.0,-0.8940640190105049,0.048596867589536116,138.35800000015297
2,1,41,"(187.5, 187.5, 1.6876002167496233)",-2.561137079960164e-09,0.0,-1.3395184530387727,0.0009368939919906331,127.09910000194213
2,1,42,"(187.5, 187.5, 1.6876002167496233)",0.03539024541303387,738.108154296875,-0.44565939157711676,0.13034509680450865,87.38979999907315
2,1,43,"(162.5, 187.5, 1.5999036101857014)",0.02738398612377343,0.0,-0.8641672857737754,0.07982921781949391,147.53140000175335
2,1,44,"(187.5, 187.5, 1.6876002167496233)",-2.561134832855612e-09,0.0,-1.3098215046315242,0.0023158229513495195,125.47279999853345
2,1,45,"(187.5, 187.5, 1.6876002167496233)",0.037001010779873666,738.1051025390625,-0.4456747715127301,0.1498093943755767,87.00500000122702
2,1,46,"(187.5, 187.5, 1.6876002167496233)",0.014299459823436063,0.0,-0.8914072862534892,0.04232095331197896,138.4040000011737
2,1,47,"(187.5, 212.5, 2.1581048160551872)",0.0005408913517949362,0.0,-1.3266292754666102,0.003095075668747428,123.05639999976847
2,1,48,"(187.5, 212.5, 2.1581048160551872)",0.04216374547659388,738.6940307617188,-0.435335776894139,0.23856721340423082,86.33080000072368
2,1,49,"(212.5, 212.5, 2.2358312589572185)",0.0284665623754639,0.0,-0.9553606341907966,0.07769518687862274,136.27120000091963
2,1,50,"(237.5, 212.5, 2.261871450534782)",1.3926425457014263e-07,0.0,-1.66748516529905,0.002001021124413602,135.05870000153664
2,1,51,"(237.5, 212.5, 2.261871450534782)",0.030036413967594995,740.701904296875,-0.7130882712073672,0.2354855772843688,86.66399999856367
2,1,52,"(212.5, 212.5, 2.2358312589572185)",0.02422409841501329,0.0,-1.2334073678988322,0.08785066728686788,141.10429999709595
2,1,53,"(187.5, 212.5, 2.1581048160551872)",1.5802894874165452e-07,0.0,-1.6674669588372897,0.0013537508349166962,123.73569999908796
2,1,54,"(187.5, 212.5, 2.1581048160551872)",0.03119260746101884,738.7098999023438,-0.4351743815879459,0.18167688846633176,88.17410000119708
2,1,55,"(212.5, 212.5, 2.2358312589572185)",0.02635808304467286,0.0,-0.9551382487951392,0.07121580857152345,137.56070000090403
2,1,56,"(212.5, 187.5, 1.743039893786265)",1.5802894928156777e-07,0.0,-1.4708118593927633,0.0007763348731567823,125.43649999861373
2,1,57,"(212.5, 187.5, 1.743039893786265)",0.020447328245784907,738.71533203125,-0.5163203477215695,0.13409731910722145,86.52219999930821
2,1,58,"(212.5, 212.5, 2.2358312589572185)",0.020643243462991855,0.0,-1.0359802499927175,0.049634833401822356,136.53229999908945
2,1,59,"(187.5, 212.5, 2.1581048160551872)",1.5802894874165455e-07,0.0,-1.4708041408955297,0.0007565914540232492,128.63149999975576
2,1,60,"(187.5, 212.5, 2.1581048160551872)",0.029395298385541346,738.7113037109375,-0.4351680479171498,0.17470331815125842,86.21080000011716
2,1,61,"(187.5, 187.5, 1.6876002167496233)",0.02616599277840866,0.0,-0.8813185435373514,0.06331854421080216,137.65080000302987
2,1,62,"(212.5, 187.5, 1.743039893786265)",1.5802894874165457e-07,0.0,-1.3970919694820148,0.0006553362324050835,122.17239999881713
2,1,63,"(212.5, 187.5, 1.743039893786265)",0.02055684751506825,738.7166137695312,-0.5163160355783616,0.1296444432322954,87.30280000236235
2,1,64,"(187.5, 187.5, 1.6876002167496233)",0.024206242727197742,0.0,-0.9622134604215717,0.044155041773591065,139.31999999840627
2,1,65,"(162.5, 187.5, 1.5999036101857014)",2.3186052058069913e-07,0.0,-1.3801914417871957,0.0007067721214238088,121.97590000141645
2,1,66,"(162.5, 187.5, 1.5999036101857014)",0.0387259739722032,737.643310546875,-0.4182423577332145,0.1720114736861075,87.58940000188886
2,1,67,"(162.5, 162.5, 1.2554782219517804)",0.04413454717754741,0.0,-0.8419102141262209,0.09683685205169369,138.8327999993635
2,1,68,"(162.5, 137.5, 0.9841255842166583)",-3.026798127269466e-08,0.0,-1.266290111197687,0.0040807808058186176,121.85319999844069
2,1,69,"(162.5, 137.5, 0.9841255842166583)",0.05189935097910305,737.08935546875,-0.4250527790824048,0.2598894371751413,90.22790000017267
2,2,0,"(112.5, 212.5, 1.7023465120987893)",0.06754728316476717,737.1726684570312,-0.4260005398023419,1.526558287191945,86.3671000006434
2,2,1,"(112.5, 187.5, 1.356447175660002)",0.13944067827481887,0.0,-0.8744518189247301,1.4831981127502412,139.2398999996658
2,2,2,"(137.5, 187.5, 1.486849047589336)",0.032413932184379164,0.0,-1.3326179803760685,1.3200463159440825,120.73999999847729
2,2,3,"(137.5, 187.5, 1.486849047589336)",0.16045950532502246,737.4511108398438,-0.4462966470367776,1.1961988821268166,87.06850000089617
2,2,4,"(162.5, 187.5, 1.5999036101857014)",0.1474566360510341,0.0,-0.8579798293810726,0.5537011988268579,137.7844999988156
2,2,5,"(162.5, 162.5, 1.2554782219517804)",0.0036566151926898703,0.0,-1.259769393146991,0.056845060505330426,127.07460000092397
2,2,6,"(162.5, 162.5, 1.2554782219517804)",0.06777288449135854,737.3547973632812,-0.42313227123192193,0.2575772521206857,87.08630000182893
2,2,7,"(187.5, 162.5, 1.3188200407831676)",0.028722136346878296,0.0,-0.8713013920714896,0.07245423759373389,139.91320000059204
2,2,8,"(187.5, 187.5, 1.6876002167496233)",-2.5611370801925663e-09,0.0,-1.3168511484125687,0.0020459506995207403,124.96689999898081
2,2,9,"(187.5, 187.5, 1.6876002167496233)",0.0366094485882724,738.1083984375,-0.4456705221200085,0.14121832808316326,85.83659999931115
2,2,10,"(187.5, 212.5, 2.1581048160551872)",0.01939994433933853,0.0,-0.8810824314729617,0.08075750031706805,139.718599999469
2,2,11,"(187.5, 187.5, 1.6876002167496233)",-2.561137080192566e-09,0.0,-1.3267750730748715,0.0026016842053905483,123.12089999977616
2,2,12,"(187.5, 187.5, 1.6876002167496233)",0.03721209119452223,738.1012573242188,-0.44567651980561457,0.1441246959345649,88.59419999862439
2,2,13,"(212.5, 187.5, 1.743039893786265)",0.018317035478257068,0.0,-0.9620916516091653,0.05008818196013312,140.32009999937145
2,2,14,"(212.5, 212.5, 2.2358312589572185)",7.275957614183426e-10,0.0,-1.4814945479258321,0.0015299025462480243,123.85890000223299
2,2,15,"(212.5, 212.5, 2.2358312589572185)",0.030897099570823254,739.6148071289062,-0.5193800693981518,0.13245021892011635,84.54139999957988
2,2,16,"(187.5, 212.5, 2.1581048160551872)",0.021449434928229094,0.0,-0.9547722764459508,0.07967756091623607,137.64810000066063
2,2,17,"(187.5, 212.5, 2.1581048160551872)",0.0005408913518034888,0.0,-1.3915084206594017,0.020528964387543532,121.65620000087074
2,2,18,"(187.5, 212.5, 2.1581048160551872)",0.06117173269145817,738.7057495117188,-0.4361847024179277,0.35022562252845835,87.42960000017774
2,2,19,"(187.5, 187.5, 1.6876002167496233)",0.032772210242878935,0.0,-0.8818561755294869,0.07841513354623972,139.48940000045695
2,2,20,"(212.5, 187.5, 1.743039893786265)",1.5802894874165455e-07,0.0,-1.3970918696435475,0.0006640406670073115,120.22159999833093
2,2,21,"(212.5, 187.5, 1.743039893786265)",0.023496688830595015,738.7144775390625,-0.5163148709015657,0.12860352840245928,86.11910000036005
2,2,22,"(187.5, 187.5, 1.6876002167496233)",0.01878027941450736,0.0,-0.9622110473363313,0.04405006597130116,137.33869999850867
2,2,23,"(162.5, 187.5, 1.5999036101857014)",2.3186051597197851e-07,0.0,-1.38019145250972,0.0007066653606438527,122.25430000034976
2,2,24,"(162.5, 187.5, 1.5999036101857014)",0.03606168104550561,737.6488037109375,-0.4182423813672614,0.1720334106905159,84.89360000021406
2,2,25,"(187.5, 187.5, 1.6876002167496233)",0.03296185409772755,0.0,-0.86431560749143,0.062353458856057586,138.77149999825633
2,2,26,"(212.5, 187.5, 1.743039893786265)",1.5802894980832157e-07,0.0,-1.380207600431539,0.0009107269021198355,133.6498999989999
2,2,27,"(212.5, 187.5, 1.743039893786265)",0.02276721020634921,738.70654296875,-0.5163306696096472,0.14213571235409903,84.65390000128536
2,2,28,"(212.5, 212.5, 2.2358312589572185)",0.0222143775558936,0.0,-1.036000138272633,0.05048795402591319,137.990200000786
2,2,29,"(187.5, 212.5, 2.1581048160551872)",1.5802894927888448e-07,0.0,-1.4708042288575502,0.0007566019767639682,124.84039999981178
2,2,30,"(187.5, 212.5, 2.1581048160551872)",0.02830352241339097,738.7078247070312,-0.4351678693943169,0.1746056449406632,87.72129999852041
2,2,31,"(187.5, 187.5, 1.6876002167496233)",0.029315895283851246,0.0,-0.8813181527382985,0.0633066360180873,138.00499999706517
2,2,32,"(187.5, 162.5, 1.3188200407831676)",2.3186051597197857e-07,0.0,-1.328937346679306,0.0008082201877101121,120.54150000039954
2,2,33,"(187.5, 162.5, 1.3188200407831676)",0.029321933685262726,737.6390991210938,-0.448144629685611,0.1410315856989255,88.1085000000894
2,2,34,"(187.5, 187.5, 1.6876002167496233)",0.020415962952706635,0.0,-0.8940391222847486,0.04741544873239689,138.85880000088946
2,2,35,"(187.5, 212.5, 2.1581048160551872)",1.5802894959216136e-07,0.0,-1.3289486949786569,0.0011440556098050712,134.56679999944754
2,2,36,"(187.5, 212.5, 2.1581048160551872)",0.034263832763427905,738.70556640625,-0.43520090333731165,0.19363319084257816,86.539999996603
2,2,37,"(187.5, 187.5, 1.6876002167496233)",0.028969854121155596,0.0,-0.881379644970149,0.0654408605913213,151.44479999798932
2,2,38,"(187.5, 162.5, 1.3188200407831676)",2.3186051597197854e-07,0.0,-1.3289378103749951,0.0008146795994039742,123.63850000110688
2,2,39,"(187.5, 162.5, 1.3188200407831676)",0.029055660763080846,737.6502685546875,-0.4481445693706931,0.14100995410588488,86.64759999737726
2,2,40,"(187.5, 187.5, 1.6876002167496233)",0.016656581833142316,0.0,-0.8940390194792595,0.047412566044217425,136.1345999976038
2,2,41,"(187.5, 212.5, 2.1581048160551872)",1.5802894874165452e-07,0.0,-1.3289486819083183,0.0011442578284222233,136.69060000029276
2,2,42,"(187.5, 212.5, 2.1581048160551872)",0.034432145100522935,738.6941528320312,-0.4352009224614299,0.19363845014784425,85.53219999885187
2,2,43,"(212.5, 212.5, 2.2358312589572185)",0.025868677503237365,0.0,-0.9551932163021863,0.07276992954506224,138.88919999953941
2,2,44,"(237.5, 212.5, 2.261871450534782)",0.00011473912551629435,0.0,-1.6674855142094025,0.0020086414470190123,135.97000000299886
2,2,45,"(237.5, 212.5, 2.261871450534782)",0.026116156701644338,740.7205200195312,-0.713089935123703,0.23600508138702983,87.55879999807803
2,2,46,"(212.5, 212.5, 2.2358312589572185)",0.03122246489698446,0.0,-1.2334097736149139,0.0879162179076963,138.33159999921918
2,2,47,"(187.5, 212.5, 2.1581048160551872)",1.5802894874165455e-07,0.0,-1.6674669883216802,0.0013538928236504699,125.49509999735164
2,2,48,"(187.5, 212.5, 2.1581048160551872)",0.0320416452773759,738.7094116210938,-0.4351743545575094,0.18166788508271609,89.73790000163717
2,2,49,"(187.5, 187.5, 1.6876002167496233)",0.025735339640447594,0.0,-0.8813321837636743,0.06403740939010757,136.719299996912
2,2,50,"(187.5, 162.5, 1.3188200407831676)",2.3186051597197854e-07,0.0,-1.3289378579491744,0.0008141301214162924,120.15229999815347
2,2,51,"(187.5, 162.5, 1.3188200407831676)",0.025194455057177594,737.6450805664062,-0.4481448424234046,0.14126185226084656,87.91180000116583
2,2,52,"(187.5, 187.5, 1.6876002167496233)",0.015494152028985325,0.0,-0.8940396077795468,0.04743829864111011,135.95519999944372
2,2,53,"(162.5, 187.5, 1.5999036101857014)",0.0007388526573734355,0.0,-1.3120512661414105,0.0011298746353190382,124.0868999993836
2,2,54,"(162.5, 187.5, 1.5999036101857014)",0.039802633096750764,737.6521606445312,-0.41827385306204007,0.19432526978483233,87.14030000191997
2,2,55,"(187.5, 187.5, 1.6876002167496233)",0.01348829714090611,0.0,-0.8643800602549434,0.06482715339941686,139.49660000071162
2,2,56,"(162.5, 187.5, 1.5999036101857014)",0.0007388526573742253,0.0,-1.2826700152088746,0.007286881362645966,119.87220000082743
2,2,57,"(162.5, 187.5, 1.5999036101857014)",0.055535210404971544,737.647705078125,-0.41858412075831286,0.2745737732540193,84.84899999893969
2,2,58,"(187.5, 187.5, 1.6876002167496233)",0.020768900351535256,0.0,-0.8646228611468023,0.07205047015613122,139.1927000004216
2,2,59,"(187.5, 162.5, 1.3188200407831676)",2.3186051597197854e-07,0.0,-1.3120517723091405,0.0010482471456046967,125.19099999917671
2,2,60,"(187.5, 162.5, 1.3188200407831676)",0.029166356368309554,737.6483154296875,-0.44815804840436735,0.15270943602905018,86.69920000102138
2,2,61,"(187.5, 187.5, 1.6876002167496233)",0.0237645623193154,0.0,-0.8940628279822489,0.04855304023353611,141.30570000270382
2,2,62,"(162.5, 187.5, 1.5999036101857014)",2.318605185774646e-07,0.0,-1.3120516610422868,0.0011332688736987722,131.70000000172877
2,2,63,"(162.5, 187.5, 1.5999036101857014)",0.03971279099915898,737.6414184570312,-0.4182738328806686,0.19436090327182773,85.57540000037989
2,2,64,"(187.5, 187.5, 1.6876002167496233)",0.022517263976339654,0.0,-0.8643800001225308,0.06482981069003439,135.8799999979965
2,2,65,"(212.5, 187.5, 1.743039893786265)",1.5802894874165452e-07,0.0,-1.3802079170126933,0.000915074326412806,135.43900000149733
2,2,66,"(212.5, 187.5, 1.743039893786265)",0.024839683196505553,738.7224731445312,-0.5163306685682527,0.14216011959816935,86.9667999977537
2,2,67,"(212.5, 212.5, 2.2358312589572185)",0.021442578796516034,0.0,-1.0360001375728345,0.05049067418922524,138.09230000333628
2,2,68,"(212.5, 237.5, 2.8673241576271007)",1.3926425405467552e-07,0.0,-1.5356065927158538,0.0016959819992062265,143.17839999785065
2,2,69,"(212.5, 237.5, 2.8673241576271007)",0.03665748039266778,740.6854858398438,-0.5000480209428935,0.2753059209657473,93.17350000128499
2,3,0,"(112.5, 212.5, 1.7023465120987893)",0.06724254657587536,737.1983642578125,-0.4260005398023419,1.5265582802825062,88.01170000151615
2,3,1,"(137.5, 212.5, 1.8800807210840746)",0.11643391000409839,0.0,-0.8639005020005285,1.4961722499123575,149.7519000004104
2,3,2,"(137.5, 187.5, 1.486849047589336)",0.035908353825401244,0.0,-1.3300660385553527,1.3650561882781695,131.2443999995594
2,3,3,"(137.5, 187.5, 1.486849047589336)",0.16313439272897243,737.5009765625,-0.448309580240641,1.2146794997822201,88.7302000010095
2,3,4,"(162.5, 187.5, 1.5999036101857014)",0.1548024511256708,0.0,-0.8583624789045335,0.5573310995231627,139.65730000199983
2,3,5,"(187.5, 187.5, 1.6876002167496233)",0.0026615435878321785,0.0,-1.2807431990458376,0.03998879079458409,137.00500000049942
2,3,6,"(187.5, 187.5, 1.6876002167496233)",0.045408280998934354,738.1156005859375,-0.4457428376980519,0.1778805633554499,89.05930000037188
2,3,7,"(212.5, 187.5, 1.743039893786265)",0.01013973297230951,0.0,-0.9620821439283375,0.04912618190332626,139.5950999976776
2,3,8,"(187.5, 187.5, 1.6876002167496233)",-2.5611370801925667e-09,0.0,-1.4077560909760751,0.0012966326906138162,122.02030000116793
2,3,9,"(187.5, 187.5, 1.6876002167496233)",0.031046017580916723,738.112060546875,-0.44566399791450045,0.12112382896043453,86.04530000229715
2,3,10,"(162.5, 187.5, 1.5999036101857014)",0.024672850019329767,0.0,-0.8640771573547987,0.07168471964481844,138.21079999979702
2,3,11,"(187.5, 187.5, 1.6876002167496233)",-2.561137080019056e-09,0.0,-1.3098062537109054,0.00221460310231076,126.3991999985592
2,3,12,"(187.5, 187.5, 1.6876002167496233)",0.03783171280219308,738.1040649414062,-0.445674025162744,0.14915906165768236,87.70709999953397
2,3,13,"(187.5, 162.5, 1.3188200407831676)",0.017743970310001952,0.0,-0.8939486240597448,0.05502231689782215,137.57350000014412
2,3,14,"(162.5, 162.5, 1.2554782219517804)",1.4839073022206623e-07,0.0,-1.3168974293618754,0.0025887467177873624,122.10330000016256
2,3,15,"(162.5, 162.5, 1.2554782219517804)",0.04609141313270734,737.34326171875,-0.4228742938970632,0.19032823576945831,89.20349999971222
2,3,16,"(162.5, 187.5, 1.5999036101857014)",0.042654125562946815,0.0,-0.8416677595565099,0.10593254421777985,141.77489999929094
2,3,17,"(162.5, 162.5, 1.2554782219517804)",1.4839073459146305e-07,0.0,-1.2647000649424025,0.006636072937210341,124.60369999826071
2,3,18,"(162.5, 162.5, 1.2554782219517804)",0.05754903397506579,737.3413696289062,-0.4229360770657934,0.2319967475226336,92.72630000123172
2,3,19,"(187.5, 162.5, 1.3188200407831676)",0.02672881878121988,0.0,-0.871399268481309,0.07809752189385341,138.83170000190148
2,3,20,"(187.5, 187.5, 1.6876002167496233)",-2.5611370801925655e-09,0.0,-1.316861443688587,0.0021178758636050264,124.34500000017579
2,3,21,"(187.5, 187.5, 1.6876002167496233)",0.03887532582563482,738.1118774414062,-0.4456709933267276,0.14153490880482206,84.87249999961932
2,3,22,"(187.5, 212.5, 2.1581048160551872)",0.024229172469564353,0.0,-0.8810814113499973,0.08067578086940295,136.389399998734
2,3,23,"(187.5, 187.5, 1.6876002167496233)",0.0026615435878291098,0.0,-1.3267749121713044,0.002600513346179266,122.6898999993864
2,3,24,"(187.5, 187.5, 1.6876002167496233)",0.03670056488027306,738.1082763671875,-0.4456765096118928,0.1441211956058099,84.84719999978552
2,3,25,"(212.5, 187.5, 1.743039893786265)",0.01693531734244829,0.0,-0.9620916677054104,0.05008923510622257,140.0519999988319
2,3,26,"(212.5, 212.5, 2.2358312589572185)",7.275975713416173e-10,0.0,-1.4814945503541246,0.0015299130325918534,123.45130000176141
2,3,27,"(212.5, 212.5, 2.2358312589572185)",0.031545460928599174,739.6198120117188,-0.5193800695693722,0.13245034529823838,85.79229999668314
2,3,28,"(212.5, 237.5, 2.8673241576271007)",0.023766395192776263,0.0,-1.0198106171592916,0.13626025821410845,138.61159999942174
2,3,29,"(212.5, 212.5, 2.2358312589572185)",0.000979662640016896,0.0,-1.5397289593869,0.008046088072949834,126.54349999866099
2,3,30,"(212.5, 212.5, 2.2358312589572185)",0.040821701568491416,739.6011352539062,-0.5194362575881308,0.1857316900849057,87.16879999701632
2,3,31,"(212.5, 187.5, 1.743039893786265)",0.017097612149212765,0.0,-1.0358601270579255,0.05617012344142773,136.90110000243294
2,3,32,"(212.5, 212.5, 2.2358312589572185)",7.275957614546045e-10,0.0,-1.555230149712807,0.0017143114323808538,124.40000000060536
2,3,33,"(212.5, 212.5, 2.2358312589572185)",0.029044750318747384,739.6063232421875,-0.5193819367358348,0.13509281247465335,86.30540000012843
2,3,34,"(212.5, 237.5, 2.8673241576271007)",0.02412280140222965,0.0,-1.0198194941063998,0.13698860088761314,141.0147999995388
2,3,35,"(212.5, 212.5, 2.2358312589572185)",7.275964707708886e-10,0.0,-1.5397315123860855,0.008063995315516182,119.37050000051386
2,3,36,"(212.5, 212.5, 2.2358312589572185)",0.04277865541569829,739.59423828125,-0.5194363500872539,0.18579156356704313,91.42059999794583
2,3,37,"(212.5, 187.5, 1.743039893786265)",0.01788856060491235,0.0,-1.0358601975950184,0.0561749285540703,137.45019999987562
2,3,38,"(187.5, 187.5, 1.6876002167496233)",-2.5611370801925663e-09,0.0,-1.4814901307699022,0.0014685864102328434,124.05880000005709
2,3,39,"(187.5, 187.5, 1.6876002167496233)",0.031853275299533246,738.112060546875,-0.4456655179801958,0.12351210580315096,85.66409999912139
2,3,40,"(187.5, 212.5, 2.1581048160551872)",0.02164693869977144,0.0,-0.8810100456833105,0.07413398557799837,138.30919999963953
2,3,41,"(187.5, 187.5, 1.6876002167496233)",-2.5611370801925663e-09,0.0,-1.3267621259941407,0.002515565726145855,121.25179999929969
2,3,42,"(187.5, 187.5, 1.6876002167496233)",0.037452128038982326,738.1095581054688,-0.4456759221502639,0.1435347224952768,84.60460000060266
2,3,43,"(212.5, 187.5, 1.743039893786265)",0.013022037626666625,0.0,-0.9620915438854027,0.05007503900420365,138.7546999976621
2,3,44,"(212.5, 212.5, 2.2358312589572185)",7.27596861718439e-10,0.0,-1.4814945604093195,0.0015297129133864222,127.18889999814564
2,3,45,"(212.5, 212.5, 2.2358312589572185)",0.02938117310582191,739.6129760742188,-0.5193800674609389,0.1324457505334357,86.57899999889196
2,3,46,"(187.5, 212.5, 2.1581048160551872)",0.022209395476510914,0.0,-0.9547722437332892,0.07967579815404162,138.95570000022417
2,3,47,"(187.5, 187.5, 1.6876002167496233)",-2.5611370801925655e-09,0.0,-1.4005118389302376,0.0027990622286557043,121.22799999997369
2,3,48,"(187.5, 187.5, 1.6876002167496233)",0.03962837771003812,738.1153564453125,-0.44567792997015004,0.1460014495632795,85.93349999864586
2,3,49,"(212.5, 187.5, 1.743039893786265)",0.017833830210999924,0.0,-0.9620937114994893,0.050307722740657104,139.6411999994598
2,3,50,"(187.5, 187.5, 1.6876002167496233)",-2.5611370798930583e-09,0.0,-1.407757919407919,0.0013093429482881282,124.68559999979334
2,3,51,"(187.5, 187.5, 1.6876002167496233)",0.031233282286504956,738.1089477539062,-0.4456641292855496,0.12111761327300302,87.95129999998608
2,3,52,"(187.5, 212.5, 2.1581048160551872)",0.018342912888469492,0.0,-0.8810062001280147,0.07373654876546172,139.46799999757786
2,3,53,"(212.5, 212.5, 2.2358312589572185)",7.275975379729543e-10,0.0,-1.4005239027741632,0.002922674048024472,124.38209999891114
2,3,54,"(212.5, 212.5, 2.2358312589572185)",0.031944075955340004,739.607666015625,-0.5193958367052052,0.15686071286397116,89.41590000176802
2,3,55,"(237.5, 212.5, 2.261871450534782)",0.012603113882013899,0.0,-1.2327873040837665,0.10684657666300158,136.99470000210567
2,3,56,"(212.5, 212.5, 2.2358312589572185)",7.275957620236985e-10,0.0,-1.7523474924017264,0.005076463519247663,122.82240000058664
2,3,57,"(212.5, 212.5, 2.2358312589572185)",0.03551114535215815,739.6089477539062,-0.5194133002493123,0.16003068228419248,85.28320000186795
2,3,58,"(187.5, 212.5, 2.1581048160551872)",0.020878733122830596,0.0,-0.9547903881296039,0.08138973023154418,138.64990000001853
2,3,59,"(212.5, 212.5, 2.2358312589572185)",7.275975591029316e-10,0.0,-1.4742832135391628,0.0032735278640467834,130.58649999948102
2,3,60,"(212.5, 212.5, 2.2358312589572185)",0.03286980678568218,739.6141357421875,-0.5193988006437996,0.15989714766348453,89.93170000030659
2,3,61,"(237.5, 212.5, 2.261871450534782)",0.013890921565933594,0.0,-1.2327956919568805,0.10744598579695329,137.00479999897652
2,3,62,"(212.5, 212.5, 2.2358312589572185)",0.0009796626400180245,0.0,-1.7523491567170064,0.005087877388956849,126.85699999929057
2,3,63,"(212.5, 212.5, 2.2358312589572185)",0.03427159268774958,739.6146240234375,-0.5194133707564126,0.16008382431925677,85.88679999957094
2,3,64,"(187.5, 212.5, 2.1581048160551872)",0.022989353425020082,0.0,-0.9547904577265393,0.08139634050095759,136.24290000007022
2,3,65,"(187.5, 187.5, 1.6876002167496233)",-2.5611370801925663e-09,0.0,-1.4005148665815925,0.0028193556683347933,123.41160000141826
2,3,66,"(187.5, 187.5, 1.6876002167496233)",0.03845026501017837,738.11181640625,-0.44567807402675913,0.14627618641797485,88.0847000007634
2,3,67,"(187.5, 187.5, 1.6876002167496233)",0.01849798634911924,0.0,-0.8914044716779935,0.04173779483229134,138.54039999932866
2,3,68,"(187.5, 162.5, 1.3188200407831676)",2.3186051675948326e-07,0.0,-1.3395422056533137,0.0014521708383494274,121.01170000096317
2,3,69,"(187.5, 162.5, 1.3188200407831676)",0.03258972229922919,737.63623046875,-0.44818756666961884,0.1673282132510469,85.95720000084839
2,4,0,"(112.5, 212.5, 1.7023465120987893)",0.06990279283511211,737.2160034179688,-0.426000539802342,1.5265582762979295,85.83989999897312
2,4,1,"(112.5, 187.5, 1.356447175660002)",0.1382073026495037,0.0,-0.8744518189247298,1.483198112750241,140.1622999983374
2,4,2,"(137.5, 187.5, 1.486849047589336)",0.03391414135693018,0.0,-1.332617980376069,1.320046315944083,121.13440000030096
2,4,3,"(137.5, 187.5, 1.486849047589336)",0.1625171934641041,737.4593505859375,-0.4462966470367776,1.1961988723528307,84.77570000104606
2,4,4,"(162.5, 187.5, 1.5999036101857014)",0.14834647613863608,0.0,-0.8579798293810729,0.5537011988268581,139.49339999817312
2,4,5,"(187.5, 187.5, 1.6876002167496233)",-2.561129802602423e-09,0.0,-1.280733634379497,0.039860829880733896,126.44149999687215
2,4,6,"(187.5, 187.5, 1.6876002167496233)",0.04478658674470089,738.1130981445312,-0.4457427702694522,0.17818073942286805,88.19360000052257
2,4,7,"(212.5, 187.5, 1.743039893786265)",0.011544650436224154,0.0,-0.9620831661084333,0.04924059247595948,137.90380000136793
2,4,8,"(187.5, 187.5, 1.6876002167496233)",-2.5611370801925663e-09,0.0,-1.4077562394261691,0.0012977864516662597,120.75670000194805
2,4,9,"(187.5, 187.5, 1.6876002167496233)",0.030160394353376273,738.108642578125,-0.4456640111036458,0.12113674465528036,85.77530000184197
2,4,10,"(187.5, 212.5, 2.1581048160551872)",0.017369165720858875,0.0,-0.8810071005119522,0.07382437294030868,139.3248999993375
2,4,11,"(187.5, 187.5, 1.6876002167496233)",-2.561137080192566e-09,0.0,-1.3267615471387406,0.0025117145248564786,121.43880000076024
2,4,12,"(187.5, 187.5, 1.6876002167496233)",0.03812002074590891,738.1106567382812,-0.4456759139093099,0.14349539586176577,86.79470000060974
2,4,13,"(212.5, 187.5, 1.743039893786265)",0.017185462432076817,0.0,-0.9620915165363103,0.05007046374848422,139.0627000000677
2,4,14,"(187.5, 187.5, 1.6876002167496233)",-2.5611370801925663e-09,0.0,-1.4077576466263861,0.0013070585506608317,126.50339999891003
2,4,15,"(187.5, 187.5, 1.6876002167496233)",0.030253232033073434,738.1063232421875,-0.4456641029201029,0.12108320151857746,90.19800000169198
2,4,16,"(162.5, 187.5, 1.5999036101857014)",0.014896654850391947,0.0,-0.864076329743746,0.07160205598146939,138.5147999972105
2,4,17,"(187.5, 187.5, 1.6876002167496233)",-2.561137080192566e-09,0.0,-1.309806046111714,0.002213649806889917,120.93950000053155
2,4,18,"(187.5, 187.5, 1.6876002167496233)",0.038537601276890265,738.1021728515625,-0.4456740144560141,0.149152007447499,88.45170000131475
2,4,19,"(187.5, 162.5, 1.3188200407831676)",0.016668442584723334,0.0,-0.8939486276157458,0.05502253168721415,143.37289999821223
2,4,20,"(187.5, 137.5, 1.0301064259405408)",2.121475255345446e-07,0.0,-1.3399391611291194,0.012952755715240157,122.6933000034478
2,4,21,"(187.5, 137.5, 1.0301064259405408)",0.04041775082815135,737.2944946289062,-0.44600909705104913,0.33341461258211474,86.62550000008196
2,4,22,"(187.5, 162.5, 1.3188200407831676)",0.056681496333811546,0.0,-0.8979690626594741,0.19657211628293905,138.38580000083311
2,4,23,"(187.5, 187.5, 1.6876002167496233)",-2.561134858405737e-09,0.0,-1.3399275746646107,0.009310179693262277,133.0156000003626
2,4,24,"(187.5, 187.5, 1.6876002167496233)",0.03955563075559835,738.10986328125,-0.4456934600715397,0.14242347006893386,85.4791000019759
2,4,25,"(162.5, 187.5, 1.5999036101857014)",0.02257078454164623,0.0,-0.8640559374555966,0.06950864420058309,138.60080000085873
2,4,26,"(187.5, 187.5, 1.6876002167496233)",-2.561134882422068e-09,0.0,-1.3098010012676968,0.0021804813813263123,121.93459999980405
2,4,27,"(187.5, 187.5, 1.6876002167496233)",0.040852560116766766,738.1074829101562,-0.4456737894427897,0.14909633791799543,84.9287999990338
2,4,28,"(187.5, 162.5, 1.3188200407831676)",0.01895721384643609,0.0,-0.8939492080583722,0.05507549465356041,139.99239999975543
2,4,29,"(187.5, 187.5, 1.6876002167496233)",-2.561137080192566e-09,0.0,-1.3395903591950231,0.0013375447070819368,130.28169999961392
2,4,30,"(187.5, 187.5, 1.6876002167496233)",0.03380008928297904,738.11669921875,-0.4456648653213657,0.1314962895403921,90.29550000195741
2,4,31,"(162.5, 187.5, 1.5999036101857014)",0.021701042888705918,0.0,-0.8641265422177653,0.07647506802590145,139.30039999831934
2,4,32,"(137.5, 187.5, 1.486849047589336)",0.0019103423692277944,0.0,-1.279547488393975,0.038021524050052824,125.07869999899413
2,4,33,"(137.5, 187.5, 1.486849047589336)",0.06945040314368287,737.31005859375,-0.41615521633041114,0.5485748078545042,86.16280000205734
2,4,34,"(162.5, 187.5, 1.5999036101857014)",0.12834547843031766,0.0,-0.8467803045167839,0.42423719846386104,140.91890000054264
2,4,35,"(187.5, 187.5, 1.6876002167496233)",-2.56112355038773e-09,0.0,-1.280389000059063,0.03522630751009521,131.56470000103582
2,4,36,"(187.5, 187.5, 1.6876002167496233)",0.04631724364851537,738.1106567382812,-0.4457385961278828,0.1768512468172779,86.1373999978241
2,4,37,"(187.5, 162.5, 1.3188200407831676)",0.014627504488650734,0.0,-0.893919525131925,0.052178857838263634,142.75550000093062
2,4,38,"(187.5, 187.5, 1.6876002167496233)",-2.561137080192566e-09,0.0,-1.3395858105173175,0.0013070124100966873,122.85390000033658
2,4,39,"(187.5, 187.5, 1.6876002167496233)",0.03440569644102391,738.1107788085938,-0.44566461635502413,0.13135830958675737,88.79119999983232
2,4,40,"(162.5, 187.5, 1.5999036101857014)",0.02350108314372206,0.0,-0.8641275512872136,0.07656355757722143,137.3820999979216
2,4,41,"(187.5, 187.5, 1.6876002167496233)",-2.561137080192566e-09,0.0,-1.3098152416302828,0.002274529063736695,122.07000000125845
2,4,42,"(187.5, 187.5, 1.6876002167496233)",0.03730676618101543,738.1052856445312,-0.4456744901437405,0.14960307830217812,86.34119999987888
2,4,43,"(212.5, 187.5, 1.743039893786265)",0.013474937034987174,0.0,-0.9621160705330072,0.05253670945236577,137.08860000042478
2,4,44,"(187.5, 187.5, 1.6876002167496233)",-2.5611355531760083e-09,0.0,-1.4077610227679835,0.0013303009758950132,122.97500000204309
2,4,45,"(187.5, 187.5, 1.6876002167496233)",0.02882111102110048,738.1116333007812,-0.44566429280926717,0.12133949720142509,84.79989999977988
2,4,46,"(162.5, 187.5, 1.5999036101857014)",0.02863440588575048,0.0,-0.8640763108252173,0.07160297788797898,138.2895999995526
2,4,47,"(162.5, 187.5, 1.5999036101857014)",0.0014673008893905843,0.0,-1.283421885138293,0.014186248782235386,127.76479999956791
2,4,48,"(162.5, 187.5, 1.5999036101857014)",0.0635503285842566,737.6505737304688,-0.4189209974938655,0.3182455166333613,87.12119999836432
2,4,49,"(187.5, 187.5, 1.6876002167496233)",0.04180592181602026,0.0,-0.8647429652298908,0.07517090238123926,139.39289999689208
2,4,50,"(187.5, 162.5, 1.3188200407831676)",2.3186051702234556e-07,0.0,-1.3120519312960728,0.001051533044430681,128.0058000011195
2,4,51,"(187.5, 162.5, 1.3188200407831676)",0.027663977219237804,737.64208984375,-0.4481577483960643,0.15253070216198755,85.32279999781167
2,4,52,"(162.5, 162.5, 1.2554782219517804)",0.028077807601009398,0.0,-0.871503379272306,0.07560012133867204,138.2013000002189
2,4,53,"(137.5, 162.5, 1.173168873178471)",-3.026798367500305e-08,0.0,-1.285565845994729,0.0038818396902531166,122.07549999948242
2,4,54,"(137.5, 162.5, 1.173168873178471)",0.06068148987058733,737.094482421875,-0.4144768889238295,0.2974101001899132,86.79860000120243
2,4,55,"(162.5, 162.5, 1.2554782219517804)",0.06352241503744724,0.0,-0.8387366491924532,0.13654997654512535,138.9828999999736
2,4,56,"(162.5, 137.5, 0.9841255842166583)",0.0006673828077779562,0.0,-1.2626492971900647,0.007127976719964977,121.90230000123847
2,4,57,"(162.5, 137.5, 0.9841255842166583)",0.057794658930291405,737.1139526367188,-0.42517325718244714,0.2934423095620351,84.77470000070753
2,4,58,"(162.5, 162.5, 1.2554782219517804)",0.0491624714711012,0.0,-0.8490318626446266,0.11765317320108833,137.81029999881866
2,4,59,"(162.5, 187.5, 1.5999036101857014)",2.3186051597197851e-07,0.0,-1.2663244524853556,0.004860208269053664,126.24920000234852
2,4,60,"(162.5, 187.5, 1.5999036101857014)",0.05383280639801649,737.6405029296875,-0.4184504122026693,0.26300345841306055,87.57589999731863
2,4,61,"(187.5, 187.5, 1.6876002167496233)",0.024149532870659567,0.0,-0.8645532083326943,0.07124649753106833,135.56559999778983
2,4,62,"(187.5, 162.5, 1.3188200407831676)",2.318605159719785e-07,0.0,-1.312053900390881,0.001068902386707561,127.61780000073486
2,4,63,"(187.5, 162.5, 1.3188200407831676)",0.02747655184770279,737.6366577148438,-0.4481593669383529,0.1536709190051009,84.76209999935236
2,4,64,"(187.5, 187.5, 1.6876002167496233)",0.014368021054343484,0.0,-0.8940648073786259,0.04864378329079937,135.50849999955972
2,4,65,"(162.5, 187.5, 1.5999036101857014)",0.0007388526573734245,0.0,-1.3120516953310928,0.0011334578437548544,123.63859999823035
2,4,66,"(162.5, 187.5, 1.5999036101857014)",0.037565968045553975,737.6428833007812,-0.41827383062610474,0.1943605007842663,83.18900000085705
2,4,67,"(187.5, 187.5, 1.6876002167496233)",0.025192004269049436,0.0,-0.86437997900109,0.06482972054722962,137.26110000061453
2,4,68,"(187.5, 162.5, 1.3188200407831676)",2.3186051597197854e-07,0.0,-1.3120514856411276,0.0010403139383947822,129.45179999951506
2,4,69,"(187.5, 162.5, 1.3188200407831676)",0.03257022532212661,737.6416625976562,-0.44815885489124124,0.15315546441685288,87.5590999967244
2,5,0,"(112.5, 212.5, 1.7023465120987893)",0.06546600171961342,737.2217407226562,-0.426000539802342,1.526558316702169,86.78560000043944
2,5,1,"(112.5, 187.5, 1.356447175660002)",0.13948572389840996,0.0,-0.8744518189247299,1.4831981127502407,139.45400000011432
2,5,2,"(137.5, 187.5, 1.486849047589336)",0.029539637267610067,0.0,-1.3326179803760683,1.3200463159440827,120.95029999909457
2,5,3,"(137.5, 187.5, 1.486849047589336)",0.16345885399873314,737.4795532226562,-0.4462966470367777,1.196198882638321,93.12340000178665
2,5,4,"(162.5, 187.5, 1.5999036101857014)",0.15751966593712027,0.0,-0.8579798293810726,0.5537011988268582,138.20389999818872
2,5,5,"(162.5, 162.5, 1.2554782219517804)",0.0036565357198204947,0.0,-1.2597693931469909,0.05684506050533042,127.07720000253175
2,5,6,"(162.5, 162.5, 1.2554782219517804)",0.06766883003935516,737.3560180664062,-0.4231322712319219,0.2575772827396992,85.54290000029141
2,5,7,"(187.5, 162.5, 1.3188200407831676)",0.021469482121881836,0.0,-0.8713013920714896,0.07245423759373387,136.77470000038738
2,5,8,"(187.5, 187.5, 1.6876002167496233)",-2.561137080192566e-09,0.0,-1.3168511484125687,0.00204595069952074,125.11580000136746
2,5,9,"(187.5, 187.5, 1.6876002167496233)",0.03745675359553056,738.10986328125,-0.4456705221200085,0.14121831335716745,86.9665000027453
2,5,10,"(187.5, 187.5, 1.6876002167496233)",0.014024912251444432,0.0,-0.8914014833265328,0.0415390135674221,137.15830000001006
2,5,11,"(162.5, 187.5, 1.5999036101857014)",2.3186051597197846e-07,0.0,-1.309695703373328,0.0025632797256366253,121.10570000004373
2,5,12,"(162.5, 187.5, 1.5999036101857014)",0.04543643078925443,737.65185546875,-0.4183734343120591,0.23075513768812933,85.18069999990985
2,5,13,"(187.5, 187.5, 1.6876002167496233)",0.03182770486293275,0.0,-0.8644945691112531,0.06842505193225965,140.99170000190497
2,5,14,"(187.5, 162.5, 1.3188200407831676)",0.0007387731845137034,0.0,-1.3120516482709281,0.0010443551410354254,132.16530000136117
2,5,15,"(187.5, 162.5, 1.3188200407831676)",0.031988676542564654,737.644287109375,-0.4481584436415224,0.1529328772001053,86.14029999807826
2,5,16,"(187.5, 187.5, 1.6876002167496233)",0.026677436643006786,0.0,-0.8940634173660917,0.048574714280008244,142.44719999987865
2,5,17,"(187.5, 212.5, 2.1581048160551872)",1.5802894937716463e-07,0.0,-1.3289488671431167,0.0011458408539327901,135.70740000068326
2,5,18,"(187.5, 212.5, 2.1581048160551872)",0.032037114488344745,738.7008056640625,-0.43520084306398177,0.19363732919667903,86.56640000117477
2,5,19,"(212.5, 212.5, 2.2358312589572185)",0.025763573082279886,0.0,-0.9551931008728686,0.07276926215230672,139.19549999991432
2,5,20,"(212.5, 187.5, 1.743039893786265)",1.5802894971333665e-07,0.0,-1.4708115168830347,0.000774184643748179,124.81469999693218
2,5,21,"(212.5, 187.5, 1.743039893786265)",0.023430416518120153,738.7119750976562,-0.5163200172346635,0.1338150552709481,88.50229999734438
2,5,22,"(187.5, 187.5, 1.6876002167496233)",0.02255163841683046,0.0,-0.9622211813129132,0.04456626155319902,135.12850000188337
2,5,23,"(162.5, 187.5, 1.5999036101857014)",0.0007388526573725873,0.0,-1.3801916840573023,0.0007091021803842595,123.35049999819603
2,5,24,"(162.5, 187.5, 1.5999036101857014)",0.03686048909356751,737.6429443359375,-0.41824243273082495,0.17210408533403668,84.75330000146641
2,5,25,"(187.5, 187.5, 1.6876002167496233)",0.03705606838272292,0.0,-0.8643157398859822,0.06236092096146199,140.7498000007763
2,5,26,"(212.5, 187.5, 1.743039893786265)",1.5802894874165455e-07,0.0,-1.3802076077394687,0.0009107703660093274,141.5095000011206
2,5,27,"(212.5, 187.5, 1.743039893786265)",0.023402402446076304,738.7124633789062,-0.5163306727512793,0.14213704505448554,86.78929999950924
2,5,28,"(212.5, 212.5, 2.2358312589572185)",0.015391399380976114,0.0,-1.036000143310434,0.0504881552583344,137.04470000084257
2,5,29,"(187.5, 212.5, 2.1581048160551872)",1.5802894874165457e-07,0.0,-1.4708042289800662,0.0007566027737387627,127.94330000178888
2,5,30,"(187.5, 212.5, 2.1581048160551872)",0.034868301527972274,738.7115478515625,-0.43516786942049535,0.17460565840127562,83.56210000056308
2,5,31,"(187.5, 187.5, 1.6876002167496233)",0.026087300185933752,0.0,-0.8813181527382985,0.0633066360180873,139.9926999984018
2,5,32,"(187.5, 162.5, 1.3188200407831676)",2.3186051597197854e-07,0.0,-1.328937346679306,0.000808220187710112,119.29519999830518
2,5,33,"(187.5, 162.5, 1.3188200407831676)",0.02871847896241765,737.6441040039062,-0.448144629685611,0.14103157662319776,86.01690000068629
2,5,34,"(162.5, 162.5, 1.2554782219517804)",0.0346418571651594,0.0,-0.8714603241110647,0.07388050808571327,138.05520000096294
2,5,35,"(162.5, 187.5, 1.5999036101857014)",2.318605159719785e-07,0.0,-1.2893102620186008,0.0021518016468979606,122.87650000143913
2,5,36,"(162.5, 187.5, 1.5999036101857014)",0.04697541066652167,737.640380859375,-0.4183209745526075,0.22170239185506843,86.76759999798378
2,5,37,"(162.5, 162.5, 1.2554782219517804)",0.047701232696685913,0.0,-0.8421491688743252,0.10472915037629527,139.8750000007567
2,5,38,"(187.5, 162.5, 1.3188200407831676)",2.3186051597197851e-07,0.0,-1.2893154290451136,0.0020607727663003775,119.6109999982582
2,5,39,"(187.5, 162.5, 1.3188200407831676)",0.03389688536925264,737.6323852539062,-0.4481888559473166,0.1752341002654454,87.85189999980503
2,5,40,"(187.5, 187.5, 1.6876002167496233)",0.029340106099793203,0.0,-0.8941014718548577,0.05055829563615916,137.35670000096434
2,5,41,"(187.5, 212.5, 2.1581048160551872)",1.5802894874165452e-07,0.0,-1.3289498824669255,0.0011592272631033354,134.36100000035367
2,5,42,"(187.5, 212.5, 2.1581048160551872)",0.0351508321477912,738.697509765625,-0.43520155037205754,0.19405176429168322,87.38950000042678
2,5,43,"(212.5, 212.5, 2.2358312589572185)",0.024006146751364463,0.0,-0.955194437054109,0.07281763316473452,139.16170000084094
2,5,44,"(212.5, 187.5, 1.743039893786265)",1.5802894874165457e-07,0.0,-1.4708115419219066,0.0007743546087533196,123.13340000036987
2,5,45,"(212.5, 187.5, 1.743039893786265)",0.021565712730750093,738.714111328125,-0.5163200109244155,0.13381988910798132,84.45810000193887
2,5,46,"(187.5, 187.5, 1.6876002167496233)",0.018659892438318528,0.0,-0.9622211598061675,0.04456680923055162,136.87239999853773
2,5,47,"(162.5, 187.5, 1.5999036101857014)",2.3186051927946083e-07,0.0,-1.3801916843898558,0.0007091046171424213,125.4929999995511
2,5,48,"(162.5, 187.5, 1.5999036101857014)",0.03446149048554289,737.6428833007812,-0.4182424329245381,0.17210426216774083,87.61009999943781
2,5,49,"(187.5, 187.5, 1.6876002167496233)",0.03561119271387543,0.0,-0.864315740589299,0.06236094201743641,138.1641000007221
2,5,50,"(212.5, 187.5, 1.743039893786265)",1.5802894874165452e-07,0.0,-1.3802076077394685,0.0009107703660093274,134.72539999929722
2,5,51,"(212.5, 187.5, 1.743039893786265)",0.024934122277897017,738.7080078125,-0.5163306727512792,0.14213705857538614,83.35860000079265
2,5,52,"(187.5, 187.5, 1.6876002167496233)",0.011195286094748652,0.0,-0.9622389166238322,0.045363341276303544,137.40949999919394
2,5,53,"(162.5, 187.5, 1.5999036101857014)",2.318605200537612e-07,0.0,-1.3801918894801966,0.0007104521957596059,121.62729999909061
2,5,54,"(162.5, 187.5, 1.5999036101857014)",0.037086439641538745,737.6405029296875,-0.4182423075198894,0.17203437254834406,85.3430000024673
2,5,55,"(162.5, 162.5, 1.2554782219517804)",0.04403694599584447,0.0,-0.8419100237936221,0.096838095045588,138.7577000023157
2,5,56,"(187.5, 162.5, 1.3188200407831676)",2.3186051597197857e-07,0.0,-1.2893111064014753,0.0020127827634800807,121.84589999742457
2,5,57,"(187.5, 162.5, 1.3188200407831676)",0.033040413152578114,737.6414794921875,-0.44818823747956543,0.17480175331289516,88.18369999789866
2,5,58,"(187.5, 187.5, 1.6876002167496233)",0.025421447924353933,0.0,-0.8941008408608453,0.05052181989842916,147.06939999814495
2,5,59,"(187.5, 212.5, 2.1581048160551872)",1.5802894874165455e-07,0.0,-1.328949860659119,0.0011587825553434033,136.96540000091773
2,5,60,"(187.5, 212.5, 2.1581048160551872)",0.03449915491112426,738.7206420898438,-0.43520154574760334,0.1940380493110534,86.89930000036838
2,5,61,"(212.5, 212.5, 2.2358312589572185)",0.022157697654928053,0.0,-0.9551943983548037,0.07281599758253497,139.222100002371
2,5,62,"(212.5, 187.5, 1.743039893786265)",1.5802894917273942e-07,0.0,-1.470811541370856,0.0007743505954305441,132.1367000018654
2,5,63,"(212.5, 187.5, 1.743039893786265)",0.022137953999232553,738.7101440429688,-0.5163200108520286,0.13381986782826313,88.79800000067917
2,5,64,"(187.5, 187.5, 1.6876002167496233)",0.008098402773133706,0.0,-0.9622211593634367,0.04456680711669033,136.93410000269068
2,5,65,"(187.5, 212.5, 2.1581048160551872)",1.580289487416546e-07,0.0,-1.3970859125484472,0.0006469191525826375,121.61710000145831
2,5,66,"(187.5, 212.5, 2.1581048160551872)",0.03380546039117032,738.7151489257812,-0.43516159525774495,0.16922804763301402,85.30149999933201
2,5,67,"(212.5, 212.5, 2.2358312589572185)",0.027775274835987955,0.0,-0.9551049098527367,0.0697286116465247,138.7769000029948
2,5,68,"(212.5, 187.5, 1.743039893786265)",1.5802894874165457e-07,0.0,-1.4708110799456724,0.0007675348609219716,124.77690000014263
2,5,69,"(212.5, 187.5, 1.743039893786265)",0.02119344594238497,738.7131958007812,-0.516320020266761,0.133790493764312,85.75040000141598
2,6,0,"(112.5, 212.5, 1.7023465120987893)",0.0650443946585228,737.1895141601562,-0.42600053980234204,1.526558289403104,89.16020000106073
2,6,1,"(112.5, 187.5, 1.356447175660002)",0.14114680931421544,0.0,-0.8744518189247299,1.483198112750241,138.49669999763137
2,6,2,"(137.5, 187.5, 1.486849047589336)",0.03241393218438214,0.0,-1.3326179803760687,1.3200463159440827,122.93789999966975
2,6,3,"(137.5, 187.5, 1.486849047589336)",0.16039646733796145,737.349365234375,-0.4462966470367777,1.1961988872989462,89.31709999887971
2,6,4,"(137.5, 162.5, 1.173168873178471)",0.15075275975856617,0.0,-0.8603244723722253,0.6472186585625783,138.5522000018682
2,6,5,"(162.5, 162.5, 1.2554782219517804)",0.002468416467308989,0.0,-1.2576993651753188,0.07681879636482862,121.98029999854043
2,6,6,"(162.5, 162.5, 1.2554782219517804)",0.07489717643404305,737.3554077148438,-0.4232067446103049,0.2855370767407205,88.71170000202255
2,6,7,"(187.5, 162.5, 1.3188200407831676)",0.02674968971728,0.0,-0.8713883328215979,0.07771580958482939,135.68949999898905
2,6,8,"(187.5, 187.5, 1.6876002167496233)",-2.561137080192566e-09,0.0,-1.31685983037129,0.0021070096218912177,123.35929999971995
2,6,9,"(187.5, 187.5, 1.6876002167496233)",0.03648536353032789,738.111083984375,-0.4456709267610757,0.14168858167485215,86.11459999883664
2,6,10,"(162.5, 187.5, 1.5999036101857014)",0.027389177490826703,0.0,-0.8641440782296816,0.07810030580094134,139.09419999981765
2,6,11,"(162.5, 187.5, 1.5999036101857014)",0.0014673803622463016,0.0,-1.283469336681516,0.014601097324213427,121.2124000012409
2,6,12,"(162.5, 187.5, 1.5999036101857014)",0.06348684413334241,737.6396484375,-0.418937017142922,0.32004958559802843,85.18679999906453
2,6,13,"(162.5, 162.5, 1.2554782219517804)",0.042717138683797014,0.0,-0.8427055149564747,0.11662559525191395,138.4007999986352
2,6,14,"(187.5, 162.5, 1.3188200407831676)",2.3186051752570696e-07,0.0,-1.289314769965508,0.00206785804912293,123.36560000039754
2,6,15,"(187.5, 162.5, 1.3188200407831676)",0.03572724227479759,737.6399536132812,-0.4481864457339269,0.17415316268525122,86.54200000091805
2,6,16,"(187.5, 187.5, 1.6876002167496233)",0.027720004025384763,0.0,-0.8940989527187186,0.05046343991040009,140.3346999977657
2,6,17,"(162.5, 187.5, 1.5999036101857014)",2.318605159719785e-07,0.0,-1.3120529264832619,0.0011473331713560768,124.73390000013751
2,6,18,"(162.5, 187.5, 1.5999036101857014)",0.04223020270099503,737.6455078125,-0.41827442269011406,0.19478383304523558,87.5964999977441
2,6,19,"(162.5, 162.5, 1.2554782219517804)",0.05137068127118424,0.0,-0.8420317150062605,0.10069746599452166,138.1803000003856
2,6,20,"(187.5, 162.5, 1.3188200407831676)",0.0007388526573737322,0.0,-1.2893126574290998,0.0020311584893885895,126.20969999989029
2,6,21,"(187.5, 162.5, 1.3188200407831676)",0.03681969050278644,737.6395263671875,-0.4481882421399568,0.17486747705728511,86.59580000312417
2,6,22,"(187.5, 187.5, 1.6876002167496233)",0.02537162622530788,0.0,-0.8941008505883081,0.05052710754589022,139.41019999765558
2,6,23,"(162.5, 187.5, 1.5999036101857014)",2.3186051884615962e-07,0.0,-1.3120529003557584,0.0011470241357254365,123.70270000246819
2,6,24,"(162.5, 187.5, 1.5999036101857014)",0.040314080922696824,737.6421508789062,-0.41827438804466166,0.19476196600144877,89.18739999717218
2,6,25,"(187.5, 187.5, 1.6876002167496233)",0.02753700624930702,0.0,-0.8643809370182312,0.06487057567396634,138.4832000003371
2,6,26,"(187.5, 162.5, 1.3188200407831676)",2.318605159719785e-07,0.0,-1.3120515050360806,0.0010405196258877277,124.57070000164094
2,6,27,"(187.5, 162.5, 1.3188200407831676)",0.029086743606853597,737.638427734375,-0.44815885187772114,0.15316067873914765,86.8328999968071
2,6,28,"(162.5, 162.5, 1.2554782219517804)",0.025501635901486984,0.0,-0.8715064947942963,0.07569360668277593,138.86939999792958
2,6,29,"(187.5, 162.5, 1.3188200407831676)",0.0007387731845139968,0.0,-1.319683005071502,0.006053059886327703,121.68539999765926
2,6,30,"(187.5, 162.5, 1.3188200407831676)",0.04208183153058989,737.6390380859375,-0.44833479741373883,0.21588419679134271,86.47669999845675
2,6,31,"(187.5, 187.5, 1.6876002167496233)",0.017194509756659627,0.0,-0.8941960368214019,0.053576313559939054,139.0694000001531
2,6,32,"(187.5, 187.5, 1.6876002167496233)",-2.561137080192566e-09,0.0,-1.3395230253450308,0.0009759871092161544,124.09699999989243
2,6,33,"(187.5, 187.5, 1.6876002167496233)",0.03385331345419391,738.1027221679688,-0.4456596340733541,0.13061773613259073,85.76480000192532
2,6,34,"(212.5, 187.5, 1.743039893786265)",0.020163445347720597,0.0,-0.9621849591950379,0.058231945151293554,138.57659999848693
2,6,35,"(187.5, 187.5, 1.6876002167496233)",-2.561137079716131e-09,0.0,-1.407768871547682,0.0013830890486729672,122.7480999987165
2,6,36,"(187.5, 187.5, 1.6876002167496233)",0.030488236418802855,738.1082763671875,-0.4456647681578524,0.12161803230670276,87.53269999942859
2,6,37,"(187.5, 212.5, 2.1581048160551872)",0.021525934201293485,0.0,-0.8810042998276301,0.07355085918418101,139.28709999890998
2,6,38,"(187.5, 187.5, 1.6876002167496233)",-2.56113517935558e-09,0.0,-1.3267609338372943,0.0025079545924063173,123.32289999903878
2,6,39,"(187.5, 187.5, 1.6876002167496233)",0.03319026204678463,738.1079711914062,-0.44567587764535926,0.14347720572694833,85.9783999985666
2,6,40,"(212.5, 187.5, 1.743039893786265)",0.012867638618468217,0.0,-0.962091512367343,0.05007272628709776,135.76529999772902
2,6,41,"(187.5, 187.5, 1.6876002167496233)",-2.5611351795054735e-09,0.0,-1.4077576507881615,0.0013070769883258642,121.07889999970212
2,6,42,"(187.5, 187.5, 1.6876002167496233)",0.03195562060736306,738.1041870117188,-0.44566410314938465,0.1210833171498638,91.38769999844953
2,6,43,"(187.5, 212.5, 2.1581048160551872)",0.019293700685174914,0.0,-0.8810061442947006,0.07373088444988628,137.7866000002541
2,6,44,"(187.5, 187.5, 1.6876002167496233)",-2.561137080192566e-09,0.0,-1.3267613500140594,0.0025104942718903634,124.2893999988155
2,6,45,"(187.5, 187.5, 1.6876002167496233)",0.03521768414806314,738.1112060546875,-0.44567590171709787,0.14348783886036573,85.5130999989342
2,6,46,"(212.5, 187.5, 1.743039893786265)",0.011418844913188201,0.0,-0.9620915198516028,0.05007070506916825,139.8165999999037
2,6,47,"(187.5, 187.5, 1.6876002167496233)",-2.5611333235490314e-09,0.0,-1.407757647125302,0.0013070610708739107,123.3116000003065
2,6,48,"(187.5, 187.5, 1.6876002167496233)",0.03322026280247365,738.1070556640625,-0.44566410294677844,0.12108317186632955,85.94359999915469
2,6,49,"(187.5, 212.5, 2.1581048160551872)",0.025794165876541125,0.0,-0.8810061451393383,0.07373092947829814,136.83669999954873
2,6,50,"(212.5, 212.5, 2.2358312589572185)",0.0009796626400155994,0.0,-1.4005238976805805,0.002922602830378256,131.4937999995891
2,6,51,"(212.5, 212.5, 2.2358312589572185)",0.034004888197814866,739.6072387695312,-0.5193958357252055,0.1568600115738223,90.00920000107726
2,6,52,"(212.5, 187.5, 1.743039893786265)",0.0105675013086725,0.0,-1.0358383136129525,0.054168249677581395,139.0984000026947
2,6,53,"(212.5, 212.5, 2.2358312589572185)",7.276010796860312e-10,0.0,-1.55522703116373,0.0016928288532695513,122.91339999865158
2,6,54,"(212.5, 212.5, 2.2358312589572185)",0.028766044353237645,739.6172485351562,-0.5193817317471077,0.13477325797422615,86.2645999986853
2,6,55,"(187.5, 212.5, 2.1581048160551872)",0.017066102743116603,0.0,-0.9547763279613622,0.08004811123593653,138.9616999986174
2,6,56,"(187.5, 187.5, 1.6876002167496233)",-2.5611336520158104e-09,0.0,-1.400512606282392,0.0028040276089770625,121.07590000232449
2,6,57,"(187.5, 187.5, 1.6876002167496233)",0.035955662935696214,738.1030883789062,-0.4456779640170081,0.1460426680273646,88.63469999778317
2,6,58,"(212.5, 187.5, 1.743039893786265)",0.0181436302655706,0.0,-0.9620937537948305,0.05031163579404588,137.1063000005961
2,6,59,"(212.5, 212.5, 2.2358312589572185)",7.275957614183426e-10,0.0,-1.4814949269311195,0.0015321831788333627,122.48860000181594
2,6,60,"(212.5, 212.5, 2.2358312589572185)",0.030306565972390585,739.60693359375,-0.5193801050207187,0.13248325950123474,87.06470000106492
2,6,61,"(212.5, 237.5, 2.8673241576271007)",0.018273369067375384,0.0,-1.0198106843987476,0.1362674178344966,139.86039999872446
2,6,62,"(212.5, 212.5, 2.2358312589572185)",0.0009796626400176676,0.0,-1.5397289598689994,0.008046319643899224,121.4548999996623
2,6,63,"(212.5, 212.5, 2.2358312589572185)",0.040420996363814694,739.6091918945312,-0.5194362589357973,0.1857323610164948,84.28020000064862
2,6,64,"(237.5, 212.5, 2.261871450534782)",0.01260855660797917,0.0,-1.2328423650811506,0.11067699623652957,137.78499999898486
2,6,65,"(212.5, 212.5, 2.2358312589572185)",7.275957614183427e-10,0.0,-1.7523580258575377,0.005147427652577379,124.9967999974615
2,6,66,"(212.5, 212.5, 2.2358312589572185)",0.03496454157158083,739.61328125,-0.5194137675388866,0.16040379251481773,86.35549999962677
2,6,67,"(212.5, 212.5, 2.2358312589572185)",0.01926840251264854,0.0,-1.0388741600415485,0.04971610381862447,138.07340000130353
2,6,68,"(187.5, 212.5, 2.1581048160551872)",1.5802894927839942e-07,0.0,-1.4740912887978599,0.0036020885673051103,130.32709999970393
2,6,69,"(187.5, 212.5, 2.1581048160551872)",0.04315842119187694,738.693359375,-0.4353650293528612,0.24705111496909016,88.27670000027865
2,7,0,"(112.5, 212.5, 1.7023465120987893)",0.06649280195061125,737.2060546875,-0.426000539802342,1.5265582853372823,86.28669999961858
2,7,1,"(112.5, 187.5, 1.356447175660002)",0.139070966053573,0.0,-0.8744518189247299,1.4831981127502407,140.50059999863151
2,7,2,"(137.5, 187.5, 1.486849047589336)",0.035908512771108535,0.0,-1.332617980376069,1.3200463159440827,121.09439999767346
2,7,3,"(137.5, 187.5, 1.486849047589336)",0.16194108363386533,737.5033569335938,-0.44629664703677774,1.1961988977252636,87.4751000010292
2,7,4,"(162.5, 187.5, 1.5999036101857014)",0.14994782786233635,0.0,-0.8579798293810726,0.553701198826858,137.836599998991
2,7,5,"(187.5, 187.5, 1.6876002167496233)",0.003938434024630158,0.0,-1.2807336343794973,0.039860829880733896,132.9278000011982
2,7,6,"(187.5, 187.5, 1.6876002167496233)",0.04725873202244187,738.1187744140625,-0.4457427702694521,0.17818075140511425,87.6023000018904
2,7,7,"(212.5, 187.5, 1.743039893786265)",0.010493546879129617,0.0,-0.9620831661084331,0.04924059247595948,137.32299999901443
2,7,8,"(187.5, 187.5, 1.6876002167496233)",-2.5611370801925663e-09,0.0,-1.4077562394261696,0.00129778645166626,123.19600000046194
2,7,9,"(187.5, 187.5, 1.6876002167496233)",0.030430623337079462,738.0964965820312,-0.44566401110364573,0.12113675792471754,85.73579999938374
2,7,10,"(187.5, 212.5, 2.1581048160551872)",0.018658675957193737,0.0,-0.8810071005119522,0.07382437294030869,140.75410000077682
2,7,11,"(212.5, 212.5, 2.2358312589572185)",7.275993685491697e-10,0.0,-1.400524145188421,0.002923974174950587,125.45890000183135
2,7,12,"(212.5, 212.5, 2.2358312589572185)",0.034562874985961015,739.6129150390625,-0.5193958530896683,0.15686825639178953,86.2658999976702
2,7,13,"(212.5, 187.5, 1.743039893786265)",0.01111299970411397,0.0,-1.0358383451863025,0.05416789267461686,138.5126000022865
2,7,14,"(187.5, 187.5, 1.6876002167496233)",-2.561135553154164e-09,0.0,-1.4814873653378557,0.0014497409391959143,126.09870000233059
2,7,15,"(187.5, 187.5, 1.6876002167496233)",0.03158442138986446,738.119384765625,-0.4456653447002327,0.12321829417862058,86.86410000154865
2,7,16,"(187.5, 212.5, 2.1581048160551872)",0.014946075595371734,0.0,-0.8810094397362437,0.07407521912933841,150.34390000073472
2,7,17,"(212.5, 212.5, 2.2358312589572185)",7.275968617072744e-10,0.0,-1.4005246581842528,0.002927525705689899,132.19479999679606
2,7,18,"(212.5, 212.5, 2.2358312589572185)",0.03547833254197637,739.6023559570312,-0.5193958973680779,0.15690411024201176,89.46540000033565
2,7,19,"(237.5, 212.5, 2.261871450534782)",0.01461036246808971,0.0,-1.2327874563656414,0.10685444308454287,138.30389999930048
2,7,20,"(212.5, 212.5, 2.2358312589572185)",7.275987807629426e-10,0.0,-1.7523475262079877,0.0050765947494214635,122.42909999986296
2,7,21,"(212.5, 212.5, 2.2358312589572185)",0.03485795953560245,739.6156616210938,-0.5194133016486739,0.16003138113738652,86.73500000077183
2,7,22,"(187.5, 212.5, 2.1581048160551872)",0.027770265636191435,0.0,-0.9547903897801238,0.08138986639263336,138.48119999966002
2,7,23,"(187.5, 187.5, 1.6876002167496233)",0.0013519103328296213,0.0,-1.400514848773839,0.0028192797529423357,122.54020000182209
2,7,24,"(187.5, 187.5, 1.6876002167496233)",0.03923511039119984,738.1065673828125,-0.445678073243737,0.14627547867029314,89.05589999994845
2,7,25,"(212.5, 187.5, 1.743039893786265)",0.0157803748154665,0.0,-0.9620941805047976,0.05035728394136409,139.61210000343272
2,7,26,"(187.5, 187.5, 1.6876002167496233)",-2.5611370801925663e-09,0.0,-1.4077580124537776,0.001309756828631487,120.80260000220733
2,7,27,"(187.5, 187.5, 1.6876002167496233)",0.030528630119954773,738.1092529296875,-0.44566413481279854,0.12112352232107818,87.13409999836585
2,7,28,"(187.5, 212.5, 2.1581048160551872)",0.022119218396695152,0.0,-0.8810062060690045,0.07373695421324045,136.70400000046357
2,7,29,"(187.5, 187.5, 1.6876002167496233)",-2.5611370799691746e-09,0.0,-1.326761353460374,0.002510561646241557,122.73409999761498
2,7,30,"(187.5, 187.5, 1.6876002167496233)",0.038259985407329,738.1089477539062,-0.44567590245535055,0.1434885593572189,87.12170000217156
2,7,31,"(212.5, 187.5, 1.743039893786265)",0.009647216719532926,0.0,-0.9620915209492253,0.05007076845228127,138.13870000012685
2,7,32,"(187.5, 187.5, 1.6876002167496233)",-2.5611345819471484e-09,0.0,-1.4077576472036086,0.001307061189115074,124.08249999862164
2,7,33,"(187.5, 187.5, 1.6876002167496233)",0.02967189984894285,738.1140747070312,-0.4456641029467785,0.12108318748082471,83.642300000065
2,7,34,"(162.5, 187.5, 1.5999036101857014)",0.023179529798803448,0.0,-0.864076329496477,0.07160203742941393,137.9666000029829
2,7,35,"(187.5, 187.5, 1.6876002167496233)",-2.561137080192566e-09,0.0,-1.3098060461117138,0.0022136498068899176,130.1588999995147
2,7,36,"(187.5, 187.5, 1.6876002167496233)",0.04207607754386472,738.11669921875,-0.4456740144560141,0.14915203857658615,89.40459999939776
2,7,37,"(187.5, 162.5, 1.3188200407831676)",0.010474455487109811,0.0,-0.8939486276157456,0.055022531687214146,137.29400000011083
2,7,38,"(212.5, 162.5, 1.3586399298398657)",2.3350488781135344e-07,0.0,-1.396079754286268,0.01267306309590686,122.01460000142106
2,7,39,"(212.5, 162.5, 1.3586399298398657)",0.03382839837863388,738.0158081054688,-0.5021357514642,0.3263744276235947,88.60880000065663
2,7,40,"(187.5, 162.5, 1.3188200407831676)",0.05381584206320993,0.0,-0.9540129143732101,0.19364240293215698,139.81620000049588
2,7,41,"(187.5, 187.5, 1.6876002167496233)",-2.561134832165172e-09,0.0,-1.396062999716871,0.009097117245462442,119.82499999794527
2,7,42,"(187.5, 187.5, 1.6876002167496233)",0.039077024529512,738.1141357421875,-0.4456928791723657,0.1338443920600114,89.03649999774643
2,7,43,"(187.5, 212.5, 2.1581048160551872)",0.015654716373804244,0.0,-0.8809273466970235,0.06476082418676475,137.58810000217636
2,7,44,"(212.5, 212.5, 2.2358312589572185)",0.0009796626400138107,0.0,-1.4005018189955967,0.002774823104150198,127.05620000269846
2,7,45,"(212.5, 212.5, 2.2358312589572185)",0.036131407387307996,739.6135864257812,-0.5193945718544053,0.1560810152341306,86.50560000023688
2,7,46,"(212.5, 187.5, 1.743039893786265)",0.013854220643407517,0.0,-1.0358389306535698,0.05422182226937877,141.72920000055456
2,7,47,"(187.5, 187.5, 1.6876002167496233)",-2.561133850683107e-09,0.0,-1.4814874354624537,0.0014503451547213148,124.28619999991497
2,7,48,"(187.5, 187.5, 1.6876002167496233)",0.032049268014662735,738.103271484375,-0.4456653509866081,0.12321969807567532,85.52380000037374
2,7,49,"(187.5, 212.5, 2.1581048160551872)",0.019344237559197282,0.0,-0.8810094575462663,0.07407252688394503,140.42049999989104
2,7,50,"(212.5, 212.5, 2.2358312589572185)",7.275968678184457e-10,0.0,-1.4005246492802979,0.002927488897716101,126.92380000225967
2,7,51,"(212.5, 212.5, 2.2358312589572185)",0.0343634588429622,739.6071166992188,-0.5193958968642911,0.15690397664942804,86.65190000101575
2,7,52,"(212.5, 212.5, 2.2358312589572185)",0.015727512145731683,0.0,-1.03887258987495,0.050124566685202654,139.31189999857452
2,7,53,"(237.5, 212.5, 2.261871450534782)",1.392642548847294e-07,0.0,-1.7519508213282358,0.005522599920857677,126.21220000073663
2,7,54,"(237.5, 212.5, 2.261871450534782)",0.03317274405908766,740.6694946289062,-0.713361776194071,0.298683886428927,87.82060000157799
2,7,55,"(212.5, 212.5, 2.2358312589572185)",0.03134834189078893,0.0,-1.233678425196516,0.09508558047933297,136.78880000225035
2,7,56,"(187.5, 212.5, 2.1581048160551872)",1.5802894927887884e-07,0.0,-1.667468435470223,0.0013800530715576585,121.63739999959944
2,7,57,"(187.5, 212.5, 2.1581048160551872)",0.0328574624136247,738.6982421875,-0.4351735887937389,0.18126178994090647,88.7648000025365
2,7,58,"(187.5, 187.5, 1.6876002167496233)",0.029759390228152188,0.0,-0.8813306190387964,0.06398775555015894,139.87949999864213
2,7,59,"(212.5, 187.5, 1.743039893786265)",1.5802894874165457e-07,0.0,-1.397092439913952,0.000660574210654022,122.81829999847105
2,7,60,"(212.5, 187.5, 1.743039893786265)",0.02055806280596783,738.7039184570312,-0.5163162614189071,0.1298816303895368,86.16090000214172
2,7,61,"(187.5, 187.5, 1.6876002167496233)",0.027481608260069477,0.0,-0.9622139167211727,0.044178769090352246,138.7719999984256
2,7,62,"(187.5, 212.5, 2.1581048160551872)",1.580289487416546e-07,0.0,-1.397085776841545,0.0006448544560047863,120.85990000196034
2,7,63,"(187.5, 212.5, 2.1581048160551872)",0.030889285070114774,738.7057495117188,-0.43516149374483193,0.16913744296082353,85.93800000016927
2,7,64,"(212.5, 212.5, 2.2358312589572185)",0.021305579198024747,0.0,-0.9551045926812383,0.06971711209106657,139.1871000014362
2,7,65,"(237.5, 212.5, 2.261871450534782)",1.392642540546755e-07,0.0,-1.6674850021324492,0.0020015354983073,136.6675999997824
2,7,66,"(237.5, 212.5, 2.261871450534782)",0.026860323143011167,740.716796875,-0.7130899433244535,0.23598332846282583,85.34049999798299
2,7,67,"(212.5, 212.5, 2.2358312589572185)",0.031162438828088664,0.0,-1.2334098267493292,0.08791392295488329,137.94310000230325
2,7,68,"(187.5, 212.5, 2.1581048160551872)",1.5802894874165455e-07,0.0,-1.6674669748661006,0.0013537896204460337,121.56870000035269
2,7,69,"(187.5, 212.5, 2.1581048160551872)",0.03543243360853007,738.70849609375,-0.43517433758546875,0.18166153179453118,83.57279999836464
2,8,0,"(112.5, 212.5, 1.7023465120987893)",0.06796313572372369,737.1903076171875,-0.42600053980234204,1.5265582913909934,86.61819999906584
2,8,1,"(112.5, 187.5, 1.356447175660002)",0.13856197802706335,0.0,-0.8744518189247298,1.483198112750241,142.94589999917662
2,8,2,"(137.5, 187.5, 1.486849047589336)",0.03241393218438393,0.0,-1.3326179803760685,1.3200463159440827,121.10700000266661
2,8,3,"(137.5, 187.5, 1.486849047589336)",0.1613278208711127,737.4774169921875,-0.4462966470367776,1.1961988830035188,88.56489999743644
2,8,4,"(162.5, 187.5, 1.5999036101857014)",0.15116299313508466,0.0,-0.8579798293810728,0.553701198826858,139.32330000170623
2,8,5,"(187.5, 187.5, 1.6876002167496233)",-2.5611348554094007e-09,0.0,-1.280733634379497,0.039860829880733896,130.48610000259941
2,8,6,"(187.5, 187.5, 1.6876002167496233)",0.04505726701616644,738.1129760742188,-0.4457427702694522,0.17818076355654167,86.38879999853089
2,8,7,"(212.5, 187.5, 1.743039893786265)",0.009141684773065973,0.0,-0.9620831661084333,0.04924059247595949,140.21620000130497
2,8,8,"(187.5, 187.5, 1.6876002167496233)",-2.5611370801925663e-09,0.0,-1.4077562394261693,0.0012977864516662597,121.63189999773749
2,8,9,"(187.5, 187.5, 1.6876002167496233)",0.028581485638201752,738.1068725585938,-0.44566401110364584,0.1211367389073371,85.5846999984351
2,8,10,"(162.5, 187.5, 1.5999036101857014)",0.0228444824792879,0.0,-0.8640771595583935,0.07168505805283695,139.1957999985607
2,8,11,"(162.5, 162.5, 1.2554782219517804)",0.0012520048767263765,0.0,-1.287209573863106,0.004228127108320962,122.51459999970393
2,8,12,"(162.5, 162.5, 1.2554782219517804)",0.05203870396265851,737.3400268554688,-0.4229047140073863,0.21546828610600718,88.93380000154139
2,8,13,"(187.5, 162.5, 1.3188200407831676)",0.026866617062169706,0.0,-0.8713723229591502,0.0765400823328004,137.48750000013388
2,8,14,"(187.5, 187.5, 1.6876002167496233)",-2.561137080192566e-09,0.0,-1.3168590672936613,0.00210141222402634,124.9128000017663
2,8,15,"(187.5, 187.5, 1.6876002167496233)",0.03688560934228431,738.1049194335938,-0.4456708848409806,0.14136553417099823,86.62100000219652
2,8,16,"(162.5, 187.5, 1.5999036101857014)",0.037868924248763855,0.0,-0.8641426838465786,0.07798023321620601,140.77399999951012
2,8,17,"(187.5, 187.5, 1.6876002167496233)",-2.5611348328620474e-09,0.0,-1.3098175359698672,0.002289697789598373,125.75160000051255
2,8,18,"(187.5, 187.5, 1.6876002167496233)",0.04161714839754177,738.1083374023438,-0.44567460851627483,0.14977307265513495,87.03560000139987
2,8,19,"(187.5, 162.5, 1.3188200407831676)",0.017043196420559084,0.0,-0.8939488459762939,0.055046415169396366,140.20009999876493
2,8,20,"(162.5, 162.5, 1.2554782219517804)",1.4839073382262673e-07,0.0,-1.3168974578100943,0.002589099256829702,121.66200000137906
2,8,21,"(162.5, 162.5, 1.2554782219517804)",0.04685130944173431,737.3445434570312,-0.4228742905918706,0.1903363835376751,84.4801000021107
2,8,22,"(162.5, 187.5, 1.5999036101857014)",0.03303632465054788,0.0,-0.8416677883154815,0.10593496712252348,138.25699999870267
2,8,23,"(162.5, 162.5, 1.2554782219517804)",1.483907319327664e-07,0.0,-1.2647000655858887,0.006636124576175056,120.98100000002887
2,8,24,"(162.5, 162.5, 1.2554782219517804)",0.058010818718582366,737.3474731445312,-0.4229360780120602,0.2319971305572563,92.57599999909871
2,8,25,"(187.5, 162.5, 1.3188200407831676)",0.020355251644134757,0.0,-0.8713992691790402,0.07809754377339785,135.15140000163228
2,8,26,"(187.5, 187.5, 1.6876002167496233)",-2.561137080192566e-09,0.0,-1.3168614437622526,0.002117876239385559,122.72720000328263
2,8,27,"(187.5, 187.5, 1.6876002167496233)",0.03567590037665157,738.10693359375,-0.44567099332735916,0.14153500965660593,87.29949999906239
2,8,28,"(187.5, 212.5, 2.1581048160551872)",0.024782269079088055,0.0,-0.8810814118460948,0.08067580354334168,137.64220000302885
2,8,29,"(187.5, 187.5, 1.6876002167496233)",-2.5611351793430177e-09,0.0,-1.3267749122506938,0.0026005138678782997,122.79000000125961
2,8,30,"(187.5, 187.5, 1.6876002167496233)",0.04033427896734261,738.1135864257812,-0.44567650961189287,0.14412119794381248,85.62040000106208
2,8,31,"(212.5, 187.5, 1.743039893786265)",0.013006464413274752,0.0,-0.9620916677054104,0.050089235106222575,136.09119999819086
2,8,32,"(187.5, 187.5, 1.6876002167496233)",-2.561137080192566e-09,0.0,-1.4077576769762283,0.0013071949555268421,137.0355999970343
2,8,33,"(187.5, 187.5, 1.6876002167496233)",0.029322602780033392,738.1103515625,-0.44566410487482766,0.12108797580170048,91.00409999882686
2,8,34,"(187.5, 212.5, 2.1581048160551872)",0.0197513741780644,0.0,-0.8810061431980929,0.07373278552089921,135.98450000063167
2,8,35,"(187.5, 187.5, 1.6876002167496233)",-2.561137079969236e-09,0.0,-1.3267613427442806,0.0025105150614555824,121.3867999977083
2,8,36,"(187.5, 187.5, 1.6876002167496233)",0.038656357170305994,738.1093139648438,-0.4456759019034823,0.1434879351273051,85.7404000016686
2,8,37,"(187.5, 162.5, 1.3188200407831676)",0.013170210763694372,0.0,-0.8939246957498197,0.052615960957699895,138.26049999988754
2,8,38,"(212.5, 162.5, 1.3586399298398657)",2.3350488611782655e-07,0.0,-1.3960628950539937,0.012494466877444961,125.61679999998887
2,8,39,"(212.5, 162.5, 1.3586399298398657)",0.03633199650784431,738.0094604492188,-0.502126623174642,0.3253580691625249,90.16930000143475
2,8,40,"(187.5, 162.5, 1.3188200407831676)",0.06147271970774724,0.0,-0.954001644854631,0.1934493838032223,141.44930000111344
2,8,41,"(162.5, 162.5, 1.2554782219517804)",1.4839073709117076e-07,0.0,-1.3738471404389534,0.014282082298627199,125.0160000017786
2,8,42,"(162.5, 162.5, 1.2554782219517804)",0.05302662724495549,737.3511962890625,-0.42296704898767373,0.19411772146097364,86.0471999985748
2,8,43,"(162.5, 187.5, 1.5999036101857014)",0.030857389779767545,0.0,-0.841394735557145,0.08835611585536267,139.12850000269827
2,8,44,"(162.5, 162.5, 1.2554782219517804)",0.0012520048767251147,0.0,-1.2646287658249946,0.00613544783203032,131.11919999937527
2,8,45,"(162.5, 162.5, 1.2554782219517804)",0.05671591109265902,737.335205078125,-0.4229305962858543,0.2303136026516833,95.62640000149258
2,8,46,"(187.5, 162.5, 1.3188200407831676)",0.022696535702735273,0.0,-0.8714004564113633,0.07815080749373311,139.17419999779668
2,8,47,"(187.5, 187.5, 1.6876002167496233)",-2.5611370801925655e-09,0.0,-1.3168615614422627,0.0021187284494617845,122.96119999882649
2,8,48,"(187.5, 187.5, 1.6876002167496233)",0.034526260274856536,738.1029663085938,-0.44567099964744666,0.14153147590871057,86.56340000015916
2,8,49,"(187.5, 212.5, 2.1581048160551872)",0.02686077362884247,0.0,-0.8810813592344695,0.08067147452228006,139.16579999931855
2,8,50,"(187.5, 187.5, 1.6876002167496233)",-2.5611370801925663e-09,0.0,-1.3267749009074516,0.002600465350852013,123.4480999992229
2,8,51,"(187.5, 187.5, 1.6876002167496233)",0.035635909635821576,738.092529296875,-0.44567653922351014,0.1441208566922903,85.08380000057514
2,8,52,"(212.5, 187.5, 1.743039893786265)",0.012470546795489729,0.0,-0.9620916679429472,0.050089287821600256,135.70089999848278
2,8,53,"(187.5, 187.5, 1.6876002167496233)",-2.561137080192566e-09,0.0,-1.4077576773583427,0.0013071968222253467,123.77650000053109
2,8,54,"(187.5, 187.5, 1.6876002167496233)",0.03195756299335981,738.114013671875,-0.44566410489756186,0.1210880017852423,87.37439999822527
2,8,55,"(162.5, 187.5, 1.5999036101857014)",0.024379825025055986,0.0,-0.8640763245312129,0.07160369014716747,138.76410000011674
2,8,56,"(162.5, 162.5, 1.2554782219517804)",1.4839073227947974e-07,0.0,-1.287209309916134,0.004226256976845607,129.2152999994869
2,8,57,"(162.5, 162.5, 1.2554782219517804)",0.05407409229763238,737.3404541015625,-0.4229046778911803,0.21545840615610332,88.70670000032987
2,8,58,"(187.5, 162.5, 1.3188200407831676)",0.03078837186453973,0.0,-0.8713723316674483,0.07654036028394182,138.61909999832278
2,8,59,"(162.5, 162.5, 1.2554782219517804)",1.483907338230529e-07,0.0,-1.2942367777976944,0.003907655659240516,123.87709999893559
2,8,60,"(162.5, 162.5, 1.2554782219517804)",0.0510821956360393,737.3348388671875,-0.42289421885780376,0.204410464524886,89.60729999671457
2,8,61,"(162.5, 187.5, 1.5999036101857014)",0.043570693727676454,0.0,-0.8417062953590586,0.1080444829617926,138.2597000010719
2,8,62,"(162.5, 162.5, 1.2554782219517804)",0.0012520048767309358,0.0,-1.2647069619649565,0.006684835141040692,122.00769999981276
2,8,63,"(162.5, 162.5, 1.2554782219517804)",0.0602574343694694,737.3372802734375,-0.42293661360527757,0.23226422520930085,88.26010000120732
2,8,64,"(187.5, 162.5, 1.3188200407831676)",0.018243424349373927,0.0,-0.8713997191711627,0.07812293247226783,139.18830000329763
2,8,65,"(187.5, 162.5, 1.3188200407831676)",2.3186052154283123e-07,0.0,-1.3199206022491599,0.007832721710897878,127.78030000117724
2,8,66,"(187.5, 162.5, 1.3188200407831676)",0.04335725828392135,737.647705078125,-0.44839846384196974,0.226292107451155,87.21470000091358
2,8,67,"(187.5, 187.5, 1.6876002167496233)",0.03109054198680554,0.0,-0.8942217479298704,0.05409308409303945,137.72729999982403
2,8,68,"(187.5, 212.5, 2.1581048160551872)",1.5802894874165452e-07,0.0,-1.3289472389410584,0.0011178402633991427,131.2806999994791
2,8,69,"(187.5, 212.5, 2.1581048160551872)",0.03507373165805612,738.7120361328125,-0.4351977675408326,0.1922074536026822,86.40160000140895
2,9,0,"(112.5, 212.5, 1.7023465120987893)",0.06769019633263212,737.1806640625,-0.4260005398023419,1.5265583070938278,88.49589999954333
2,9,1,"(137.5, 212.5, 1.8800807210840746)",0.11632639266237976,0.0,-0.8639005020005286,1.4961722499123575,141.26500000202213
2,9,2,"(137.5, 187.5, 1.486849047589336)",0.03193669766189227,0.0,-1.3300660385553527,1.3650561882781695,125.64019999990705
2,9,3,"(137.5, 187.5, 1.486849047589336)",0.16360199618128687,737.4324951171875,-0.44830958024064094,1.2146795105984458,85.5980999986059
2,9,4,"(162.5, 187.5, 1.5999036101857014)",0.15481597546551107,0.0,-0.8583624789045337,0.5573310995231628,139.40170000205399
2,9,5,"(187.5, 187.5, 1.6876002167496233)",-2.561132028830719e-09,0.0,-1.2807431990458373,0.03998879079458408,129.04799999887473
2,9,6,"(187.5, 187.5, 1.6876002167496233)",0.050494756826365776,738.1004638671875,-0.4457428376980518,0.17788061178669748,86.11430000019027
2,9,7,"(212.5, 187.5, 1.743039893786265)",0.010311286088006296,0.0,-0.9620821439283376,0.04912618190332627,139.18790000025183
2,9,8,"(212.5, 212.5, 2.2358312589572185)",7.275975585411997e-10,0.0,-1.4814927839673493,0.0015177524003679153,124.8422999997274
2,9,9,"(212.5, 212.5, 2.2358312589572185)",0.028719583671577564,739.6175537109375,-0.5193799505474919,0.13248927397198754,86.87510000163456
2,9,10,"(212.5, 237.5, 2.8673241576271007)",0.02684673260753206,0.0,-1.019812714532932,0.13642866961038774,138.04040000104578
2,9,11,"(212.5, 212.5, 2.2358312589572185)",7.275957614183425e-10,0.0,-1.5397295664748274,0.008050539932013158,122.06850000075065
2,9,12,"(212.5, 212.5, 2.2358312589572185)",0.04459249642925621,739.58984375,-0.5194362919554197,0.18574129109393836,87.72959999987506
2,9,13,"(212.5, 187.5, 1.743039893786265)",0.011108023403572927,0.0,-1.035860121254378,0.056169813966893606,135.6186000011803
2,9,14,"(187.5, 187.5, 1.6876002167496233)",-2.561137080192566e-09,0.0,-1.4814901209756564,0.001468543685803669,121.1604999989504
2,9,15,"(187.5, 187.5, 1.6876002167496233)",0.03327686743236026,738.1074829101562,-0.4456655174571116,0.12351150532580812,87.041800001316
2,9,16,"(162.5, 187.5, 1.5999036101857014)",0.01790108947150429,0.0,-0.8640799623802399,0.07199400736258535,137.72900000185473
2,9,17,"(162.5, 212.5, 2.0359929489759456)",0.001153543669109481,0.0,-1.2794333222886003,0.0426411694907024,123.10720000095898
2,9,18,"(162.5, 212.5, 2.0359929489759456)",0.06528564944155817,738.0418090820312,-0.4163060392294925,0.5866649931914494,86.2611000011384
2,9,19,"(162.5, 187.5, 1.5999036101857014)",0.13856146565014005,0.0,-0.8482503679426628,0.4629808944285539,138.51419999991776
2,9,20,"(162.5, 162.5, 1.2554782219517804)",0.005962599689738265,0.0,-1.2595695367264343,0.058689019267026105,122.03129999761586
2,9,21,"(162.5, 162.5, 1.2554782219517804)",0.06442352124407348,737.341064453125,-0.4231344594164831,0.2470970115333944,86.35169999979553
2,9,22,"(187.5, 162.5, 1.3188200407831676)",0.018865337407075085,0.0,-0.871244044502702,0.06849520846527435,135.90209999892977
2,9,23,"(187.5, 187.5, 1.6876002167496233)",-2.561130304287334e-09,0.0,-1.316844257544831,0.001997177992072511,123.23679999826709
2,9,24,"(187.5, 187.5, 1.6876002167496233)",0.03397181930208932,738.1084594726562,-0.44567021049996186,0.1408639423567863,87.89639999667997
2,9,25,"(162.5, 187.5, 1.5999036101857014)",0.024498454145809537,0.0,-0.8641437140635182,0.07806415917782088,137.81180000296445
2,9,26,"(162.5, 162.5, 1.2554782219517804)",1.4839073022206625e-07,0.0,-1.2872287075220172,0.004361212359267988,124.25430000075721
2,9,27,"(162.5, 162.5, 1.2554782219517804)",0.054210811562420136,737.34716796875,-0.4229066245322404,0.216348968739737,89.67499999926076
2,9,28,"(187.5, 162.5, 1.3188200407831676)",0.025074073943911937,0.0,-0.8713728157285903,0.07657203935315691,141.49040000120294
2,9,29,"(187.5, 187.5, 1.6876002167496233)",0.001351910332829768,0.0,-1.3168591173984057,0.00210164734617372,123.94309999945108
2,9,30,"(187.5, 187.5, 1.6876002167496233)",0.03729292837763895,738.1032104492188,-0.44567088760616397,0.1413714676281812,87.99789999829954
2,9,31,"(187.5, 212.5, 2.1581048160551872)",0.021858679699477412,0.0,-0.8810811277821085,0.0806509131567728,140.83089999985532
2,9,32,"(187.5, 187.5, 1.6876002167496233)",-2.561137080192566e-09,0.0,-1.3267748501260548,0.0026002453461029485,121.22349999845028
2,9,33,"(187.5, 187.5, 1.6876002167496233)",0.03581228491509622,738.1063842773438,-0.445676536820495,0.14411839748809246,85.11120000184746
2,9,34,"(187.5, 162.5, 1.3188200407831676)",0.01432481399743659,0.0,-0.8939248829185318,0.052639182857364734,137.61100000192528
2,9,35,"(162.5, 162.5, 1.2554782219517804)",1.4839073022206625e-07,0.0,-1.3168918560363454,0.0025486985357874815,127.72430000040913
2,9,36,"(162.5, 162.5, 1.2554782219517804)",0.046784889108764965,737.34228515625,-0.422873644683909,0.18998350299785516,86.95000000079744
2,9,37,"(162.5, 187.5, 1.5999036101857014)",0.03421667263665806,0.0,-0.8416679052828413,0.10593603848803758,138.51050000084797
2,9,38,"(162.5, 162.5, 1.2554782219517804)",0.001252004876725105,0.0,-1.2647001164587408,0.006636328231153936,122.09080000320682
2,9,39,"(162.5, 162.5, 1.2554782219517804)",0.05867883590605049,737.3465576171875,-0.422936080005127,0.23199442781130128,87.09230000022217
2,9,40,"(187.5, 162.5, 1.3188200407831676)",0.033008162607668756,0.0,-0.8713992434868285,0.07809664284060841,138.1809999984398
2,9,41,"(162.5, 162.5, 1.2554782219517804)",1.4839073022206625e-07,0.0,-1.2942405961101562,0.003935295471757156,122.17720000262489
2,9,42,"(162.5, 162.5, 1.2554782219517804)",0.05198258909022793,737.332275390625,-0.42289460604891316,0.20465179718450854,88.1227999998373
2,9,43,"(162.5, 187.5, 1.5999036101857014)",0.03346320587714033,0.0,-0.841706957347178,0.10808114365420433,138.79630000155885
2,9,44,"(162.5, 187.5, 1.5999036101857014)",0.0021865302696793738,0.0,-1.2613728064460483,0.021122664077173847,122.56429999979446
2,9,45,"(162.5, 187.5, 1.5999036101857014)",0.07383270423583176,737.6408081054688,-0.4191664867012661,0.34468135731956884,90.92059999966295
2,9,46,"(187.5, 187.5, 1.6876002167496233)",0.033336131519381466,0.0,-0.8648060474198546,0.07705654662400842,138.86649999767542
2,9,47,"(187.5, 162.5, 1.3188200407831676)",2.3186051597197854e-07,0.0,-1.312052687554317,0.001060362543005505,127.25830000272254
2,9,48,"(187.5, 162.5, 1.3188200407831676)",0.029553322426156083,737.640625,-0.44815796254953133,0.1527146360620586,85.09829999820795
2,9,49,"(162.5, 162.5, 1.2554782219517804)",0.02665928913050587,0.0,-0.871503957962662,0.07562646016227112,137.306600001466
2,9,50,"(162.5, 187.5, 1.5999036101857014)",2.3186051829009117e-07,0.0,-1.2893112327267333,0.002160268427216544,125.1473000011174
2,9,51,"(162.5, 187.5, 1.5999036101857014)",0.04721129862098533,737.6416015625,-0.418320949534403,0.22175614003420965,87.43329999924754
2,9,52,"(162.5, 162.5, 1.2554782219517804)",0.03819529462480843,0.0,-0.8421491308920988,0.10473541908573299,139.15329999872483
2,9,53,"(162.5, 137.5, 0.9841255842166583)",-3.0267980587318375e-08,0.0,-1.2663003063845266,0.004182530705895919,123.00580000010086
2,9,54,"(162.5, 137.5, 0.9841255842166583)",0.04782071382032705,737.0903930664062,-0.42505419445092507,0.26061068349022165,86.4170999993803
2,9,55,"(162.5, 162.5, 1.2554782219517804)",0.04282940500583445,0.0,-0.8488797081173329,0.11333859550196558,138.66570000027423
2,9,56,"(162.5, 187.5, 1.5999036101857014)",0.0022038553530840067,0.0,-1.2663211389844617,0.004825727637902423,134.9700999999186
2,9,57,"(162.5, 187.5, 1.5999036101857014)",0.05538586168026042,737.6500244140625,-0.4184499461613078,0.2627985009029007,87.71400000114227
2,9,58,"(162.5, 162.5, 1.2554782219517804)",0.04896108050726254,0.0,-0.842349113120588,0.11042572115179679,138.7490000015532
2,9,59,"(187.5, 162.5, 1.3188200407831676)",2.3186051597197851e-07,0.0,-1.2893180390397887,0.00209109003886068,120.88829999993322
2,9,60,"(187.5, 162.5, 1.3188200407831676)",0.038109765095761305,737.6487426757812,-0.4481890757828072,0.17544239788830732,84.91109999886248
2,9,61,"(187.5, 187.5, 1.6876002167496233)",0.024814191578821893,0.0,-0.8941016972991755,0.05057572271940065,137.0762000005925
2,9,62,"(162.5, 187.5, 1.5999036101857014)",2.3186052011631922e-07,0.0,-1.3120529509746819,0.0011474395032931577,124.64529999851948
2,9,63,"(162.5, 187.5, 1.5999036101857014)",0.039980152045406885,737.6458740234375,-0.41827441632352225,0.1947772779687051,87.74260000063805
2,9,64,"(187.5, 187.5, 1.6876002167496233)",0.03435920437691012,0.0,-0.8643809881934951,0.06487218032776641,140.57400000092457
2,9,65,"(187.5, 162.5, 1.3188200407831676)",2.3186051597197854e-07,0.0,-1.3120515059903033,0.0010405261314593698,137.68810000328813
2,9,66,"(187.5, 162.5, 1.3188200407831676)",0.03194535280277586,737.6430053710938,-0.4481588520625418,0.15316077535665867,91.0875000008673
2,9,67,"(187.5, 187.5, 1.6876002167496233)",0.01761513081520035,0.0,-0.8940640190105049,0.048596867589536116,135.89470000079018
2,9,68,"(187.5, 212.5, 2.1581048160551872)",1.580289496255779e-07,0.0,-1.3289488826320657,0.0011455681416858274,135.57679999939865
2,9,69,"(187.5, 212.5, 2.1581048160551872)",0.03483744914515099,738.7010498046875,-0.4352008187297683,0.1936277499414029,87.10649999920861
2,0,0,"(12.5, 12.5, 0.18196833376614466)",0.02594145113110038,361.989990234375,-0.4400333392204605,2.3744152833011043,88.52830000250833
2,0,1,"(12.5, 37.5, 0.22749405581943968)",0.04437894197673841,0.0,-0.8829067320447588,2.3457329865544034,137.94700000289595
2,0,2,"(12.5, 62.5, 0.28363914902845005)",0.010813057422635306,0.0,-1.329315778651951,2.286725902251684,142.39099999758764
2,0,3,"(12.5, 62.5, 0.28363914902845005)",0.0538949310888688,547.8142700195312,-0.4463852592693178,2.2886222209114373,87.49059999900055
2,0,4,"(12.5, 87.5, 0.352540271786735)",0.09232164743656449,0.0,-0.8902160334000045,2.1666244099003094,139.69170000200393
2,0,5,"(12.5, 112.5, 0.4366052607899271)",0.015300586819626582,0.0,-1.3137823009391638,1.874728521616092,126.2274000000616
2,0,6,"(12.5, 112.5, 0.4366052607899271)",0.08935619159788113,549.3047485351562,-0.4336808261532014,1.983634515374653,90.90159999686875
2,0,7,"(12.5, 137.5, 0.5384650369387245)",0.09947287436159742,0.0,-0.8564998746412243,1.7410450414529908,139.8071000003256
2,0,8,"(37.5, 137.5, 0.6157193847862111)",0.008475745717689429,0.0,-1.2789245344176003,1.5375920312767284,124.40190000052098
2,0,9,"(37.5, 137.5, 0.6157193847862111)",0.08008260744634034,733.0452270507812,-0.4290133070392286,1.6926899780664357,88.01870000024792
2,0,10,"(37.5, 162.5, 0.7613493298921569)",0.05885506029752702,0.0,-0.8515926554127236,1.542905453742876,140.53400000193506
2,0,11,"(62.5, 162.5, 0.8666422036722684)",0.009580170114836735,0.0,-1.2816351488403595,1.4913056604189363,124.48239999866928
2,0,12,"(62.5, 162.5, 0.8666422036722684)",0.06587172287418483,735.3215942382812,-0.43051814612111716,1.5438061122484503,87.57709999918006
2,0,13,"(87.5, 162.5, 0.9734020271305479)",0.12236009610088847,0.0,-0.8745577648880063,1.465389915638102,138.2978000001458
2,0,14,"(112.5, 162.5, 1.0772911766684767)",0.025747587283462568,0.0,-1.3221269371870734,1.2413182312479372,128.48659999872325
2,0,15,"(112.5, 162.5, 1.0772911766684767)",0.1475877749316583,737.0474243164062,-0.4445440752547067,1.2369016281112453,84.54619999974966
2,0,16,"(137.5, 162.5, 1.173168873178471)",0.16851684511421056,0.0,-0.8613663508449148,0.6794986757031662,137.96860000002198
2,0,17,"(162.5, 162.5, 1.2554782219517804)",0.002468416467312058,0.0,-1.2582674341865188,0.08229001706488714,128.38840000040364
2,0,18,"(162.5, 162.5, 1.2554782219517804)",0.07265705300522107,737.3402709960938,-0.42322885030867136,0.3058900108721779,86.93739999944228
2,0,19,"(187.5, 162.5, 1.3188200407831676)",0.02393910826928492,0.0,-0.8714787239315044,0.08247135188380429,137.96390000061365
2,0,20,"(162.5, 162.5, 1.2554782219517804)",1.4839073362805768e-07,0.0,-1.2942505205006019,0.004007244069428701,123.81480000112788
2,0,21,"(162.5, 162.5, 1.2554782219517804)",0.047455049587360514,737.3358154296875,-0.4228955841660348,0.20540423192189627,86.0179999981483
2,0,22,"(162.5, 187.5, 1.5999036101857014)",0.03609754224864044,0.0,-0.8417098242617149,0.108230203148812,137.5332999996317
2,0,23,"(162.5, 162.5, 1.2554782219517804)",0.0012520048767269986,0.0,-1.2647075814540967,0.006689295427859879,126.49640000017826
2,0,24,"(162.5, 162.5, 1.2554782219517804)",0.05804596942900303,737.3473510742188,-0.42293668208919394,0.2322854359212765,88.51379999759956
2,0,25,"(187.5, 162.5, 1.3188200407831676)",0.021678756243225395,0.0,-0.8713997468931172,0.07812442650690314,140.4949999996461
2,0,26,"(187.5, 187.5, 1.6876002167496233)",-2.561134832929808e-09,0.0,-1.3168614689486382,0.002118216231175718,122.66109999836772
2,0,27,"(187.5, 187.5, 1.6876002167496233)",0.03742132177368596,738.10693359375,-0.44567099591914916,0.14153779266367172,89.20500000022002
2,0,28,"(162.5, 187.5, 1.5999036101857014)",0.025648110829362955,0.0,-0.8641429859925165,0.07800659330964091,136.98870000007446
2,0,29,"(187.5, 187.5, 1.6876002167496233)",-2.561137079849566e-09,0.0,-1.309817582690171,0.002289955084261225,123.52589999863994
2,0,30,"(187.5, 187.5, 1.6876002167496233)",0.03947951606838871,738.1052856445312,-0.4456746115407367,0.14977617726234674,88.91990000120131
2,0,31,"(187.5, 162.5, 1.3188200407831676)",0.010921068111772875,0.0,-0.8939488499677164,0.05504671660230015,137.17990000077407
2,0,32,"(162.5, 162.5, 1.2554782219517804)",1.4839073193239288e-07,0.0,-1.3168974583566166,0.002589101812390771,121.08980000266456
2,0,33,"(162.5, 162.5, 1.2554782219517804)",0.0490041322656645,737.3430786132812,-0.42287429067947363,0.19033642631841394,87.53109999815933
2,0,34,"(162.5, 187.5, 1.5999036101857014)",0.04124635626446826,0.0,-0.8416677886582429,0.10593496860976807,136.04960000157007
2,0,35,"(162.5, 162.5, 1.2554782219517804)",0.0012520048767284899,0.0,-1.2647000655858882,0.006636124576175053,130.32290000046487
2,0,36,"(162.5, 162.5, 1.2554782219517804)",0.059099861711197646,737.3410034179688,-0.4229360780120602,0.23199712148621077,86.37810000072932
2,0,37,"(187.5, 162.5, 1.3188200407831676)",0.024833038942080235,0.0,-0.87139926917904,0.07809754377339785,137.83130000228994
2,0,38,"(187.5, 187.5, 1.6876002167496233)",-2.561137080192565e-09,0.0,-1.3168614437622523,0.0021178762393855586,124.88889999804087
2,0,39,"(187.5, 187.5, 1.6876002167496233)",0.03832205155606952,738.1119995117188,-0.4456709933273591,0.14153499614054454,84.47979999982635
2,0,40,"(187.5, 212.5, 2.1581048160551872)",0.014804756111559925,0.0,-0.881081411846095,0.0806758035433417,139.2054999996617
2,0,41,"(212.5, 212.5, 2.2358312589572185)",7.275957614183426e-10,0.0,-1.4005392252037245,0.0030250275416215506,124.50749999698019
2,0,42,"(212.5, 212.5, 2.2358312589572185)",0.03552186851249789,739.5943603515625,-0.5193967085618177,0.15755042699326624,88.15460000187159
2,0,43,"(212.5, 187.5, 1.743039893786265)",0.010574841838987908,0.0,-1.0358385195750932,0.054188364138609224,137.57900000200607
2,0,44,"(212.5, 212.5, 2.2358312589572185)",7.275975585898092e-10,0.0,-1.5552270214462254,0.0016930911737074318,123.72340000001714
2,0,45,"(212.5, 212.5, 2.2358312589572185)",0.02901573463890395,739.6021118164062,-0.5193817347279034,0.1347784341224534,87.86370000234456
2,0,46,"(212.5, 237.5, 2.8673241576271007)",0.018498979043484496,0.0,-1.019818197880449,0.13688499933393347,140.36290000149165
2,0,47,"(212.5, 212.5, 2.2358312589572185)",7.275994718135795e-10,0.0,-1.5397311340750666,0.008061410168267745,122.78920000244398
2,0,48,"(212.5, 212.5, 2.2358312589572185)",0.0411707165660883,739.591552734375,-0.5194363296269929,0.1857836254859835,87.91829999972833
2,0,49,"(212.5, 187.5, 1.743039893786265)",0.016727581402382667,0.0,-1.0358601879661078,0.05617438876399436,136.9278000020131
2,0,50,"(187.5, 187.5, 1.6876002167496233)",-2.5611370801925663e-09,0.0,-1.4814901298817522,0.0014685826128962884,125.48530000276514
2,0,51,"(187.5, 187.5, 1.6876002167496233)",0.030354655478769067,738.1044311523438,-0.44566551795316506,0.12351203722564004,86.80120000281022
2,0,52,"(187.5, 187.5, 1.6876002167496233)",0.024991874757522178,0.0,-0.8913890771616105,0.03955831888536929,138.77470000079484
2,0,53,"(187.5, 212.5, 2.1581048160551872)",0.0005408913517956116,0.0,-1.3266095198937216,0.0028567472978232263,124.35650000043097
2,0,54,"(187.5, 212.5, 2.1581048160551872)",0.04141355604500978,738.704833984375,-0.4353214247298126,0.2348581680269208,85.81799999956274
2,0,55,"(212.5, 212.5, 2.2358312589572185)",0.027588418496712282,0.0,-0.9553473211219374,0.07731896729408064,136.27789999736706
2,0,56,"(212.5, 187.5, 1.743039893786265)",1.5802894874165455e-07,0.0,-1.4708116165548881,0.0007784047520598498,127.60260000140988
2,0,57,"(212.5, 187.5, 1.743039893786265)",0.022126979905865454,738.7156372070312,-0.5163197191736346,0.13355972573761674,87.31030000126339
2,0,58,"(187.5, 187.5, 1.6876002167496233)",0.027838760035744967,0.0,-0.9622205466065626,0.04454111090423596,139.24480000059702
2,0,59,"(187.5, 212.5, 2.1581048160551872)",1.5802894874165457e-07,0.0,-1.3970859185487368,0.0006469813176303022,121.4841000000888
2,0,60,"(187.5, 212.5, 2.1581048160551872)",0.030045199485293522,738.7039184570312,-0.43516161509632084,0.16923583378922752,84.10279999952763
2,0,61,"(212.5, 212.5, 2.2358312589572185)",0.020947626540512736,0.0,-0.9551049221389001,0.06972968431694646,139.391999997315
2,0,62,"(212.5, 187.5, 1.743039893786265)",1.5802894874165455e-07,0.0,-1.470811080000567,0.0007675358446807014,125.01550000160933
2,0,63,"(212.5, 187.5, 1.743039893786265)",0.022981653389612385,738.7176513671875,-0.5163200200958735,0.13379041870226707,89.74640000087675
2,0,64,"(187.5, 187.5, 1.6876002167496233)",0.023456215366660284,0.0,-0.9622211494332736,0.044564008125277374,137.38820000071428
2,0,65,"(162.5, 187.5, 1.5999036101857014)",2.3186051597197854e-07,0.0,-1.3801916751401508,0.0007090328687008282,121.9240999998874
2,0,66,"(162.5, 187.5, 1.5999036101857014)",0.03662605894914945,737.6390380859375,-0.4182424225162919,0.17209872149564318,87.95850000024075
2,0,67,"(187.5, 187.5, 1.6876002167496233)",0.03448940419478223,0.0,-0.8643157536968655,0.06236024645283098,138.27510000191978
2,0,68,"(187.5, 162.5, 1.3188200407831676)",2.3186051597197854e-07,0.0,-1.3120508548026175,0.0010325451922918935,125.52539999887813
2,0,69,"(187.5, 162.5, 1.3188200407831676)",0.02844729897567773,737.6427001953125,-0.4481588558991932,0.15310050364795394,86.26699999877019
2,1,0,"(12.5, 12.5, 0.18196833376614466)",0.027126933970351114,361.9932556152344,-0.4400333392204605,2.3744152777636525,88.64400000311434
2,1,1,"(12.5, 37.5, 0.22749405581943968)",0.04454989876386421,0.0,-0.8829067320447587,2.345732986554403,139.05270000032033
2,1,2,"(12.5, 62.5, 0.28363914902845005)",0.010169724623365508,0.0,-1.3293157786519507,2.2867259022516837,124.84150000091176
2,1,3,"(12.5, 62.5, 0.28363914902845005)",0.05337027341916168,547.79833984375,-0.446385259269318,2.288622207542013,85.76109999921755
2,1,4,"(12.5, 87.5, 0.352540271786735)",0.09285476582973674,0.0,-0.8902160334000044,2.1666244099003094,138.3432000002358
2,1,5,"(12.5, 112.5, 0.4366052607899271)",0.015193616350486834,0.0,-1.3137823009391636,1.8747285216160916,124.27979999847594
2,1,6,"(12.5, 112.5, 0.4366052607899271)",0.0863888825169425,549.3164672851562,-0.43368082615320136,1.9836345066478966,88.7014999971143
2,1,7,"(12.5, 137.5, 0.5384650369387245)",0.08774609784137434,0.0,-0.8564998746412245,1.741045041452991,137.8480999992462
2,1,8,"(12.5, 162.5, 0.6608693861221441)",0.0025966313357369685,0.0,-1.2679042689249427,1.5268656195401509,124.95720000151778
2,1,9,"(12.5, 162.5, 0.6608693861221441)",0.06012249620823684,549.4263305664062,-0.41911935213757834,1.6331904773103918,87.90980000048876
2,1,10,"(37.5, 162.5, 0.7613493298921569)",0.052295317513186806,0.0,-0.8415388813917564,1.5324415296825513,138.21100000131992
2,1,11,"(62.5, 162.5, 0.8666422036722684)",0.009836470087368765,0.0,-1.2725702419792342,1.4990524229313813,128.32590000107302
2,1,12,"(62.5, 162.5, 0.8666422036722684)",0.06332575355469512,735.3285522460938,-0.4308002365738639,1.5427208467751012,88.07220000016969
2,1,13,"(87.5, 162.5, 0.9734020271305479)",0.12032576564398204,0.0,-0.8747662341540916,1.4668018223635775,139.11320000261185
2,1,14,"(112.5, 162.5, 1.0772911766684767)",0.02859732508659511,0.0,-1.322205286413182,1.2421304154791293,125.63009999939823
2,1,15,"(112.5, 162.5, 1.0772911766684767)",0.14883432689509732,736.9828491210938,-0.44456292108632256,1.2370702022939026,85.538399998768
2,1,16,"(137.5, 162.5, 1.173168873178471)",0.16941582710526346,0.0,-0.8613711193135933,0.679539716260483,138.3075000012468
2,1,17,"(162.5, 162.5, 1.2554782219517804)",1.48390751452957e-07,0.0,-1.2582676032652795,0.08229244306943796,129.7496000006504
2,1,18,"(162.5, 162.5, 1.2554782219517804)",0.07815453049036232,737.3504028320312,-0.4232288545962514,0.3058889647414367,87.96570000049542
2,1,19,"(187.5, 162.5, 1.3188200407831676)",0.02315344606456483,0.0,-0.8714787257927858,0.08247109363957612,139.68300000124145
2,1,20,"(187.5, 187.5, 1.6876002167496233)",-2.561137080192566e-09,0.0,-1.316867507144218,0.0021608678774828484,123.51319999652333
2,1,21,"(187.5, 187.5, 1.6876002167496233)",0.037250741370332845,738.1028442382812,-0.44567126652859923,0.1420635270812925,85.83580000049551
2,1,22,"(162.5, 187.5, 1.5999036101857014)",0.02775937172091447,0.0,-0.8641441270934095,0.07811257777387852,139.0142999989621
2,1,23,"(187.5, 187.5, 1.6876002167496233)",-2.5611370801925655e-09,0.0,-1.3098177302348082,0.0022911862079909653,122.84720000025118
2,1,24,"(187.5, 187.5, 1.6876002167496233)",0.041126631061974984,738.11083984375,-0.44567462370205,0.14978707399141042,86.70030000212137
2,1,25,"(212.5, 187.5, 1.743039893786265)",0.018662946058890562,0.0,-0.9621162633468225,0.052555374225161905,137.47710000097868
2,1,26,"(187.5, 187.5, 1.6876002167496233)",-2.5611370801925663e-09,0.0,-1.4077610563493574,0.0013304505935397236,122.16139999873121
2,1,27,"(187.5, 187.5, 1.6876002167496233)",0.032937335424490316,738.1070556640625,-0.44566429482920633,0.12134204332547512,89.05960000265623
2,1,28,"(162.5, 187.5, 1.5999036101857014)",0.02626568377148254,0.0,-0.8640763163077161,0.07160333239222828,136.38640000135638
2,1,29,"(162.5, 162.5, 1.2554782219517804)",1.4839073022206623e-07,0.0,-1.287209282277614,0.004226148181450841,122.39369999952032
2,1,30,"(162.5, 162.5, 1.2554782219517804)",0.051316655268244075,737.3408203125,-0.42290468769943224,0.21546081658028465,87.99619999990682
2,1,31,"(187.5, 162.5, 1.3188200407831676)",0.022330231536519907,0.0,-0.8713723553683563,0.07654124201234623,146.03400000123656
2,1,32,"(187.5, 187.5, 1.6876002167496233)",-2.5611348329312597e-09,0.0,-1.3168590703994383,0.002101426075387584,127.9424000022118
2,1,33,"(187.5, 187.5, 1.6876002167496233)",0.03687104673147635,738.1066284179688,-0.44567088495886914,0.14136554610150556,89.01239999977406
2,1,34,"(162.5, 187.5, 1.5999036101857014)",0.03021217074090433,0.0,-0.8641426834352379,0.07798021092939107,137.8958999994211
2,1,35,"(162.5, 162.5, 1.2554782219517804)",1.483907329559874e-07,0.0,-1.287228408611148,0.004359167684910818,120.79969999831519
2,1,36,"(162.5, 162.5, 1.2554782219517804)",0.053997334626169936,737.3539428710938,-0.4229065873987671,0.2163453533905445,85.29509999789298
2,1,37,"(162.5, 137.5, 0.9841255842166583)",0.031947978219473934,0.0,-0.8484691892130152,0.11625266642989486,136.272600000666
2,1,38,"(162.5, 162.5, 1.2554782219517804)",0.0012520048767262627,0.0,-1.2713764294223848,0.006595170550880935,122.54340000072261
2,1,39,"(162.5, 162.5, 1.2554782219517804)",0.06108424165510576,737.3379516601562,-0.4229399980883498,0.24441446222899363,90.39320000010775
2,1,40,"(137.5, 162.5, 1.173168873178471)",0.04356103605378557,0.0,-0.8383697292300996,0.15772438764414423,140.07169999968028
2,1,41,"(162.5, 162.5, 1.2554782219517804)",1.4839073613206455e-07,0.0,-1.2612119453035666,0.009829093820314595,122.27090000305907
2,1,42,"(162.5, 162.5, 1.2554782219517804)",0.06170525850759739,737.3462524414062,-0.42298461511977126,0.2660201379917859,87.83079999921029
2,1,43,"(187.5, 162.5, 1.3188200407831676)",0.02939476856196591,0.0,-0.8715144834898063,0.08395568017697243,140.61650000076042
2,1,44,"(187.5, 187.5, 1.6876002167496233)",-2.561134859563755e-09,0.0,-1.3168706255368592,0.0021825186549363084,122.5378000017372
2,1,45,"(187.5, 187.5, 1.6876002167496233)",0.036338749759085846,738.110595703125,-0.4456713849576308,0.14201668858815866,90.18389999982901
2,1,46,"(162.5, 187.5, 1.5999036101857014)",0.03187916651923848,0.0,-0.8641432780305934,0.07803576396216108,138.42139999906067
2,1,47,"(187.5, 187.5, 1.6876002167496233)",-2.5611348328605626e-09,0.0,-1.3098176307747516,0.0022901712801930143,123.08060000214027
2,1,48,"(187.5, 187.5, 1.6876002167496233)",0.035768249266274,738.1097412109375,-0.44567461448328305,0.14978141818262158,88.03579999948852
2,1,49,"(187.5, 162.5, 1.3188200407831676)",0.019475393671521395,0.0,-0.8939488650226355,0.055047762457259744,134.61649999953806
2,1,50,"(162.5, 162.5, 1.2554782219517804)",1.4839073022206625e-07,0.0,-1.3168974618172855,0.00258911751178504,123.9192000030016
2,1,51,"(162.5, 162.5, 1.2554782219517804)",0.04867092868049402,737.34423828125,-0.42287429107778096,0.1903366356871904,86.19869999893126
2,1,52,"(162.5, 187.5, 1.5999036101857014)",0.03267076584481797,0.0,-0.8416677887139419,0.10593496891587129,138.70979999774136
2,1,53,"(162.5, 162.5, 1.2554782219517804)",0.0012520048767292525,0.0,-1.2647000655858884,0.006636124576175055,124.05880000005709
2,1,54,"(162.5, 162.5, 1.2554782219517804)",0.05841917565128104,737.339599609375,-0.4229360780120601,0.2319971320709906,86.9843000000401
2,1,55,"(162.5, 162.5, 1.2554782219517804)",0.03882644604496794,0.0,-0.8461967646225397,0.0941280320048264,136.22039999972912
2,1,56,"(187.5, 162.5, 1.3188200407831676)",0.0007388526573753286,0.0,-1.2941550621310853,0.003996620607440807,120.91800000052899
2,1,57,"(187.5, 162.5, 1.3188200407831676)",0.03828802328005088,737.6411743164062,-0.4482760563649117,0.20611260843009116,85.48289999816916
2,1,58,"(162.5, 162.5, 1.2554782219517804)",0.032388484802401814,0.0,-0.8716965027889116,0.08249178040060753,136.23989999905461
2,1,59,"(137.5, 162.5, 1.173168873178471)",0.001326451233268682,0.0,-1.2855752898369253,0.003958485757445806,124.11989999964135
2,1,60,"(137.5, 162.5, 1.173168873178471)",0.05999797593315805,737.1017456054688,-0.4144773220376147,0.297886114392535,89.1077000014775
2,1,61,"(162.5, 162.5, 1.2554782219517804)",0.052956625018746,0.0,-0.838737244977791,0.13660320381383892,136.75320000038482
2,1,62,"(187.5, 162.5, 1.3188200407831676)",2.3186051597197851e-07,0.0,-1.2855752866364638,0.0038392974261347254,126.24280000090948
2,1,63,"(187.5, 162.5, 1.3188200407831676)",0.038534985324300636,737.6414794921875,-0.44824688194706974,0.2004811019138788,84.21200000157114
2,1,64,"(162.5, 162.5, 1.2554782219517804)",0.032123501032011524,0.0,-0.8716638745090242,0.08187768795088872,136.42439999966882
2,1,65,"(162.5, 187.5, 1.5999036101857014)",2.3186051597197851e-07,0.0,-1.2893157860707625,0.0022061551942333295,121.02999999842723
2,1,66,"(162.5, 187.5, 1.5999036101857014)",0.04331199310210637,737.6447143554688,-0.41832208937196175,0.22239333414606277,88.83479999713018
2,1,67,"(187.5, 187.5, 1.6876002167496233)",0.028859500375420174,0.0,-0.8644457486830319,0.06756787920645496,138.95050000064657
2,1,68,"(187.5, 162.5, 1.3188200407831676)",2.318605159719785e-07,0.0,-1.3120528248280225,0.0010554217679611083,123.340800000733
2,1,69,"(187.5, 162.5, 1.3188200407831676)",0.02893076034211468,737.6377563476562,-0.44815922703306227,0.15349663976710187,88.87410000170348
2,2,0,"(12.5, 12.5, 0.18196833376614466)",0.024771930138381335,361.990234375,-0.44003333922046045,2.3744152731137285,87.17320000141626
2,2,1,"(12.5, 37.5, 0.22749405581943968)",0.04458247965012139,0.0,-0.8829067320447588,2.345732986554403,140.43749999837019
2,2,2,"(12.5, 62.5, 0.28363914902845005)",0.01013197501500929,0.0,-1.3293157786519505,2.286725902251684,125.09739999950398
2,2,3,"(12.5, 62.5, 0.28363914902845005)",0.05324412700329214,547.7965698242188,-0.44638525926931794,2.2886222052526746,85.96530000068014
2,2,4,"(12.5, 87.5, 0.352540271786735)",0.09330038179771202,0.0,-0.8902160334000045,2.1666244099003094,137.89019999967422
2,2,5,"(12.5, 112.5, 0.4366052607899271)",0.012767468889579378,0.0,-1.313782300939164,1.874728521616092,124.08290000166744
2,2,6,"(12.5, 112.5, 0.4366052607899271)",0.08732985144276754,549.2958374023438,-0.43368082615320147,1.9836345057254514,85.71019999726559
2,2,7,"(12.5, 137.5, 0.5384650369387245)",0.1031012778910532,0.0,-0.8564998746412245,1.7410450414529912,139.87949999864213
2,2,8,"(12.5, 162.5, 0.6608693861221441)",0.003829493808264326,0.0,-1.2679042689249425,1.5268656195401509,122.77369999719667
2,2,9,"(12.5, 162.5, 0.6608693861221441)",0.059338574164074245,549.4345092773438,-0.41911935213757834,1.6331904345911508,86.46529999896302
2,2,10,"(12.5, 187.5, 0.8065005705408667)",0.02117752030365448,0.0,-0.840067545518038,1.5159969317303144,137.23249999748077
2,2,11,"(12.5, 187.5, 0.8065005705408667)",0.0014651407686725783,0.0,-1.2606974830238897,1.4946965868266249,122.89000000237138
2,2,12,"(12.5, 187.5, 0.8065005705408667)",0.01879206091893039,549.4331665039062,-0.4209845039606714,1.5260719089874186,87.00559999851976
2,2,13,"(12.5, 212.5, 0.9776732428382818)",0.003976054221646312,0.0,-0.8544367220304012,1.4958564538470762,140.9392999994452
2,2,14,"(12.5, 187.5, 0.8065005705408667)",0.0014534977575144385,0.0,-1.2749701942927072,1.4889986368178674,121.16810000225087
2,2,15,"(12.5, 187.5, 0.8065005705408667)",0.01687762937605221,549.4300537109375,-0.42089117769546514,1.511480197813,89.08510000037495
2,2,16,"(12.5, 187.5, 0.8065005705408667)",0.014029434560188526,0.0,-0.8419919492587348,1.500600741436206,126.17239999963203
2,2,17,"(37.5, 187.5, 0.9366991161239089)",0.0028649854316303894,0.0,-1.262783915112611,1.4903279077406435,122.49729999894043
2,2,18,"(37.5, 187.5, 0.9366991161239089)",0.02063210352403762,733.0982055664062,-0.421027763436734,1.5096596384988112,84.77710000079242
2,2,19,"(37.5, 162.5, 0.7613493298921569)",0.034153317377861495,0.0,-0.8438152224001494,1.506045946222869,139.62069999979576
2,2,20,"(62.5, 162.5, 0.8666422036722684)",0.009858960906664271,0.0,-1.2754466991650273,1.499200654716924,126.6369000004488
2,2,21,"(62.5, 162.5, 0.8666422036722684)",0.06017205043439765,735.3267211914062,-0.43090559698693787,1.531933533788107,87.19339999879594
2,2,22,"(87.5, 162.5, 0.9734020271305479)",0.11728940359378634,0.0,-0.8748410106270148,1.4665757051178734,140.45289999921806
2,2,23,"(112.5, 162.5, 1.0772911766684767)",0.030039280652981788,0.0,-1.3222353801905173,1.2424433977342604,129.9384000012651
2,2,24,"(112.5, 162.5, 1.0772911766684767)",0.14849318895807753,737.0299682617188,-0.4445702382171234,1.236984725064876,87.30439999999362
2,2,25,"(137.5, 162.5, 1.173168873178471)",0.17181052080320025,0.0,-0.8613728120460888,0.6795377786953014,137.7360000005865
2,2,26,"(162.5, 162.5, 1.2554782219517804)",0.0012520048767327124,0.0,-1.2582676643533335,0.08229317519505003,133.31420000031358
2,2,27,"(162.5, 162.5, 1.2554782219517804)",0.07472641218818128,737.3622436523438,-0.42322884923448106,0.3058827719449227,87.15460000166786
2,2,28,"(187.5, 162.5, 1.3188200407831676)",0.027666902515305094,0.0,-0.8714787207613637,0.0824695118575643,138.70639999731793
2,2,29,"(187.5, 187.5, 1.6876002167496233)",-2.5611370801925655e-09,0.0,-1.316867503985849,0.0021608534725886387,121.10639999809791
2,2,30,"(187.5, 187.5, 1.6876002167496233)",0.03601151567670161,738.1121215820312,-0.44567126637487264,0.14206344760107376,86.05810000153724
2,2,31,"(187.5, 212.5, 2.1581048160551872)",0.017800516404456797,0.0,-0.8810827322316532,0.0807885302967377,138.42300000032992
2,2,32,"(212.5, 212.5, 2.2358312589572185)",7.275979414383089e-10,0.0,-1.4005394405142024,0.0030266941965388008,123.14669999977923
2,2,33,"(212.5, 212.5, 2.2358312589572185)",0.035101347531608096,739.6030883789062,-0.5193967276176534,0.15756236141125537,84.76499999960652
2,2,34,"(237.5, 212.5, 2.261871450534782)",0.011893971416569372,0.0,-1.2327878344840513,0.10688461597546393,137.30950000172015
2,2,35,"(212.5, 212.5, 2.2358312589572185)",7.275964815451836e-10,0.0,-1.7523476067340022,0.005077135717344451,124.68069999886211
2,2,36,"(212.5, 212.5, 2.2358312589572185)",0.03412059953430455,739.6039428710938,-0.5194133067770081,0.16003659572422416,87.24879999863333
2,2,37,"(212.5, 237.5, 2.8673241576271007)",0.024864415751911534,0.0,-1.019843793173927,0.13907644798008337,139.99039999907836
2,2,38,"(212.5, 212.5, 2.2358312589572185)",7.275969221905811e-10,0.0,-1.539737702210992,0.00810732388527043,120.51110000174958
2,2,39,"(212.5, 212.5, 2.2358312589572185)",0.04301482015600705,739.6065063476562,-0.5194366240736036,0.18607092944598116,86.7954000023019
2,2,40,"(237.5, 212.5, 2.261871450534782)",0.014942706792767406,0.0,-1.232844002165854,0.11078479230785072,137.86580000305548
2,2,41,"(212.5, 212.5, 2.2358312589572185)",7.275964859645913e-10,0.0,-1.7523583331647965,0.005149463578237081,121.76030000046012
2,2,42,"(212.5, 212.5, 2.2358312589572185)",0.03500811483175385,739.6011352539062,-0.5194137864149281,0.1604119070917183,85.31270000094082
2,2,43,"(212.5, 237.5, 2.8673241576271007)",0.01657552890067222,0.0,-1.019845160275998,0.13918236698880612,138.71369999833405
2,2,44,"(212.5, 212.5, 2.2358312589572185)",0.0019406485371211,0.0,-1.539738110649037,0.008109855072502146,128.01630000103614
2,2,45,"(212.5, 212.5, 2.2358312589572185)",0.045411829407580394,739.5951538085938,-0.5194366448397547,0.1860790700972214,90.64159999979893
2,2,46,"(212.5, 187.5, 1.743039893786265)",0.0189498226995434,0.0,-1.0358607635865282,0.056226077804023535,139.06439999846043
2,2,47,"(187.5, 187.5, 1.6876002167496233)",-2.561135179484973e-09,0.0,-1.4814901954012594,0.0014691159923098326,122.75049999880139
2,2,48,"(187.5, 187.5, 1.6876002167496233)",0.030988901636770892,738.1100463867188,-0.44566549339749617,0.1235177303244378,83.92049999747542
2,2,49,"(187.5, 212.5, 2.1581048160551872)",0.0168705453595534,0.0,-0.8810100499464519,0.07413430180350827,137.3701999982586
2,2,50,"(187.5, 187.5, 1.6876002167496233)",-2.5611355529318874e-09,0.0,-1.3267621265974476,0.0025155684169281285,120.83979999806616
2,2,51,"(187.5, 187.5, 1.6876002167496233)",0.04020185974612571,738.1077270507812,-0.4456759101426209,0.14353477722553892,87.47020000009798
2,2,52,"(212.5, 187.5, 1.743039893786265)",0.007271894351040535,0.0,-0.9620915438854027,0.05007503900420365,135.02140000127838
2,2,53,"(187.5, 187.5, 1.6876002167496233)",-2.561137079717551e-09,0.0,-1.407757654873218,0.0013070953280940305,121.1317000015697
2,2,54,"(187.5, 187.5, 1.6876002167496233)",0.029944123668964633,738.1012573242188,-0.4456641034141773,0.12108381219682285,87.08750000005239
2,2,55,"(162.5, 187.5, 1.5999036101857014)",0.020441697708810925,0.0,-0.8640763307382676,0.07160210675432635,140.23269999961485
2,2,56,"(187.5, 187.5, 1.6876002167496233)",-2.5611370801925655e-09,0.0,-1.3098060465690509,0.002213651836387764,121.76729999919189
2,2,57,"(187.5, 187.5, 1.6876002167496233)",0.03701989828008412,738.1016235351562,-0.4456740144910175,0.1491520965943234,91.11520000078599
2,2,58,"(187.5, 187.5, 1.6876002167496233)",0.013666790406006747,0.0,-0.8914068959107113,0.04228193845881908,142.48679999946035
2,2,59,"(187.5, 212.5, 2.1581048160551872)",0.00054089135179639,0.0,-1.3266290954513245,0.0030933303955615957,137.41099999970174
2,2,60,"(187.5, 212.5, 2.1581048160551872)",0.0435046536117376,738.6917114257812,-0.43533566973641763,0.23853981505989222,93.8270000006014
2,2,61,"(212.5, 212.5, 2.2358312589572185)",0.029966502605726846,0.0,-0.955360511207576,0.07769243849928774,139.52960000096937
2,2,62,"(212.5, 187.5, 1.743039893786265)",1.5802894874165457e-07,0.0,-1.4708116738319568,0.0007787245606795463,131.59999999697902
2,2,63,"(212.5, 187.5, 1.743039893786265)",0.022362956536723752,738.7059936523438,-0.5163196865633268,0.133544819552477,87.65090000088094
2,2,64,"(187.5, 187.5, 1.6876002167496233)",0.023584642659220723,0.0,-0.9622205398023137,0.044539607146258105,137.7721000026213
2,2,65,"(187.5, 187.5, 1.6876002167496233)",-2.561137080192566e-09,0.0,-1.4076831359973272,0.0008894931071396481,121.7346000012185
2,2,66,"(187.5, 187.5, 1.6876002167496233)",0.03561796190231912,738.1055297851562,-0.44565831154422175,0.12298331641418372,88.46540000013192
2,2,67,"(187.5, 212.5, 2.1581048160551872)",0.030855718270402347,0.0,-0.8810731988475942,0.0798429661288728,137.79689999864786
2,2,68,"(187.5, 187.5, 1.6876002167496233)",-2.561135179350332e-09,0.0,-1.3267737597153064,0.002592615408503192,122.92580000212183
2,2,69,"(187.5, 187.5, 1.6876002167496233)",0.03627759862048051,738.1083984375,-0.445676463894418,0.14393807036965459,87.04689999649418
2,3,0,"(12.5, 12.5, 0.18196833376614466)",0.026507598679951207,361.9911804199219,-0.4400333392204604,2.374415273388526,86.41939999870374
2,3,1,"(37.5, 12.5, 0.20209293496961436)",0.04521623615185051,0.0,-0.8851511905656941,2.3418784274970803,137.95329999993555
2,3,2,"(62.5, 12.5, 0.22209701748718602)",0.010643144448597935,0.0,-1.3360406581147601,2.266647428160896,122.93900000076974
2,3,3,"(62.5, 12.5, 0.22209701748718602)",0.05279816281107703,547.8157348632812,-0.45046239789633785,2.2622849662772295,86.04899999772897
2,3,4,"(87.5, 12.5, 0.24138074672889942)",0.08856493326973522,0.0,-0.8982181453756253,2.0923619492378527,138.85540000046603
2,3,5,"(112.5, 12.5, 0.25928464034296195)",0.009899133816382674,0.0,-1.3227362253106956,1.7184177075819176,125.14899999951012
2,3,6,"(112.5, 12.5, 0.25928464034296195)",0.0758612966534905,549.2947998046875,-0.4388626091336772,1.859176429758924,87.0147999994515
2,3,7,"(137.5, 12.5, 0.27512656500261984)",0.06804530645683561,0.0,-0.8719134868660918,1.600133538088133,140.90289999876404
2,3,8,"(162.5, 12.5, 0.28824787881908587)",0.0025072243685582006,0.0,-1.2981955631345303,1.4274951747896003,125.96200000189128
2,3,9,"(162.5, 12.5, 0.28824787881908587)",0.03333865034711318,549.4207153320312,-0.4327860913538628,1.5350350258795138,85.7151000018348
2,3,10,"(187.5, 12.5, 0.29806446432619754)",0.009670841919396635,0.0,-0.8670210190947987,1.4767427914458051,138.77950000096462
2,3,11,"(187.5, 37.5, 0.3821384361587196)",0.0028119770189126564,0.0,-1.309537311480706,1.4459064565507447,125.44179999895277
2,3,12,"(187.5, 37.5, 0.3821384361587196)",0.016268205902404364,733.093017578125,-0.4430222239997695,1.4688828782218342,87.33620000202791
2,3,13,"(187.5, 62.5, 0.48983624009848803)",0.034342271604356045,0.0,-0.8985608604422614,1.4196208552300258,147.23919999960344
2,3,14,"(187.5, 87.5, 0.6277479464004823)",0.009177823861437928,0.0,-1.358630096581397,1.248343028395186,124.23719999787863
2,3,15,"(187.5, 87.5, 0.6277479464004823)",0.04924148263559813,736.4976806640625,-0.4630779319590473,1.2897067502113013,88.89520000229822
2,3,16,"(187.5, 112.5, 0.8042742873749242)",0.09070295051898992,0.0,-0.9267774343128449,1.0268746545121135,143.43229999940377
2,3,17,"(162.5, 112.5, 0.7707480035341532)",0.01566557958721076,0.0,-1.3457514690036652,0.5430885383578286,121.86619999920367
2,3,18,"(162.5, 112.5, 0.7707480035341532)",0.08851233447544274,736.9054565429688,-0.43802555399996307,0.8040435579566206,89.97100000124192
2,3,19,"(162.5, 137.5, 0.9841255842166583)",0.09447531016064072,0.0,-0.8654575143796973,0.3933827074552142,137.083800000255
2,3,20,"(162.5, 162.5, 1.2554782219517804)",0.0024684164672946606,0.0,-1.2761012263593232,0.03509205397963504,130.14119999934337
2,3,21,"(162.5, 162.5, 1.2554782219517804)",0.06728918061525307,737.3447265625,-0.4230757883693435,0.2636655407852655,86.4252999999735
2,3,22,"(162.5, 187.5, 1.5999036101857014)",0.03789028634056761,0.0,-0.8417899888747784,0.11259057691454986,136.83509999827947
2,3,23,"(162.5, 162.5, 1.2554782219517804)",0.0012520048767251173,0.0,-1.2647196435443386,0.006775549107893486,120.16630000289297
2,3,24,"(162.5, 162.5, 1.2554782219517804)",0.05928446245371792,737.3383178710938,-0.42293773439477217,0.23296823210987594,88.0762999986473
2,3,25,"(187.5, 162.5, 1.3188200407831676)",0.0266330144852957,0.0,-0.8714016115007006,0.07822739484926364,137.58009999946808
2,3,26,"(187.5, 162.5, 1.3188200407831676)",2.318605192873357e-07,0.0,-1.3199210597800721,0.007836224294915413,129.0621000007377
2,3,27,"(187.5, 162.5, 1.3188200407831676)",0.0451153468086017,737.6420288085938,-0.44839853034411586,0.22631062219420942,84.96590000140714
2,3,28,"(162.5, 162.5, 1.2554782219517804)",0.034704050765675065,0.0,-0.8717972518574807,0.08410729820363591,137.99550000112504
2,3,29,"(137.5, 162.5, 1.173168873178471)",0.0006673828077767375,0.0,-1.2855734594937747,0.003908151359220468,124.31419999848003
2,3,30,"(137.5, 162.5, 1.173168873178471)",0.06000701919931238,737.1062622070312,-0.4144715451137313,0.2962067831217196,86.33399999962421
2,3,31,"(162.5, 162.5, 1.2554782219517804)",0.06610421147330679,0.0,-0.8387259090508005,0.136328784346791,137.47540000258596
2,3,32,"(187.5, 162.5, 1.3188200407831676)",2.3186051720122632e-07,0.0,-1.2855752310763884,0.0038382392098507668,125.9643999983382
2,3,33,"(187.5, 162.5, 1.3188200407831676)",0.03915213469512809,737.6465454101562,-0.44824691260140404,0.20048395417208856,88.07100000194623
2,3,34,"(187.5, 187.5, 1.6876002167496233)",0.021758080173990543,0.0,-0.8941491246172395,0.05262322249878296,135.61449999906472
2,3,35,"(162.5, 187.5, 1.5999036101857014)",2.318605170757071e-07,0.0,-1.3120537773800356,0.0011556502973596931,125.90900000213878
2,3,36,"(162.5, 187.5, 1.5999036101857014)",0.03972158470673297,737.6435546875,-0.41827453520138647,0.1949301572687463,88.65969999897061
2,3,37,"(162.5, 162.5, 1.2554782219517804)",0.050629084144489404,0.0,-0.8420320132319005,0.10071833698868597,135.35960000081104
2,3,38,"(187.5, 162.5, 1.3188200407831676)",2.3186051597197851e-07,0.0,-1.289312677184658,0.002031524141955945,123.4498000012536
2,3,39,"(187.5, 162.5, 1.3188200407831676)",0.034528824762564,737.6477661132812,-0.44818826063262895,0.17487387782920477,84.7143999999389
2,3,40,"(162.5, 162.5, 1.2554782219517804)",0.03524887807455955,0.0,-0.8715747626305643,0.07866192742478652,136.5777999999409
2,3,41,"(162.5, 187.5, 1.5999036101857014)",0.0007388526573725735,0.0,-1.289313815643206,0.002187509431116466,130.32749999911175
2,3,42,"(162.5, 187.5, 1.5999036101857014)",0.0479085521486293,737.649658203125,-0.418321854401809,0.22220193667822197,90.15619999991031
2,3,43,"(162.5, 162.5, 1.2554782219517804)",0.03712011097636772,0.0,-0.8421510059428449,0.10479919219186527,138.6577999983274
2,3,44,"(187.5, 162.5, 1.3188200407831676)",2.3186051597197851e-07,0.0,-1.289315468130263,0.002061517433330482,127.70789999922272
2,3,45,"(187.5, 162.5, 1.3188200407831676)",0.03444556562514224,737.6412353515625,-0.44818885271434855,0.1752440695412986,87.33079999728943
2,3,46,"(187.5, 187.5, 1.6876002167496233)",0.01666409026232879,0.0,-0.8941014989054887,0.05055914665434968,137.6525000014226
2,3,47,"(187.5, 187.5, 1.6876002167496233)",-2.5611370801925655e-09,0.0,-1.339520109786867,0.0009509075089840702,124.47269999756827
2,3,48,"(187.5, 187.5, 1.6876002167496233)",0.03328004392872543,738.1072998046875,-0.44565950229372575,0.13063130260521624,86.14189999934752
2,3,49,"(162.5, 187.5, 1.5999036101857014)",0.03077345081021541,0.0,-0.8641678035971163,0.07987641255976677,139.63650000005146
2,3,50,"(162.5, 162.5, 1.2554782219517804)",0.001252004876724519,0.0,-1.2872351264340498,0.004405120688254539,122.07349999880535
2,3,51,"(162.5, 162.5, 1.2554782219517804)",0.056016311161976945,737.3380126953125,-0.4229071764661571,0.21640761717802973,87.64719999817316
2,3,52,"(187.5, 162.5, 1.3188200407831676)",0.025809381124088603,0.0,-0.8713718437882827,0.07651755453708371,136.83169999785605
2,3,53,"(187.5, 187.5, 1.6876002167496233)",-2.561137080192566e-09,0.0,-1.316859017176705,0.002100967870422349,125.86050000027171
2,3,54,"(187.5, 187.5, 1.6876002167496233)",0.037933725266693884,738.1100463867188,-0.4456708819678095,0.14136815577488668,88.31459999782965
2,3,55,"(187.5, 212.5, 2.1581048160551872)",0.02625862254973003,0.0,-0.8810811385986903,0.0806513575043613,137.01530000253115
2,3,56,"(187.5, 187.5, 1.6876002167496233)",0.0013519103328353075,0.0,-1.3267748518527633,0.002600252712819398,123.06229999740026
2,3,57,"(187.5, 187.5, 1.6876002167496233)",0.03482318906850408,738.1096801757812,-0.44567653689228376,0.14411850059776996,87.31160000024829
2,3,58,"(212.5, 187.5, 1.743039893786265)",0.010420040933670684,0.0,-0.962091663973032,0.05008901411897122,136.94960000066203
2,3,59,"(187.5, 187.5, 1.6876002167496233)",-2.5611370801925663e-09,0.0,-1.4077576767809634,0.0013071942216093045,129.60800000291783
2,3,60,"(187.5, 187.5, 1.6876002167496233)",0.030741332692052342,738.1107788085938,-0.44566410487389735,0.12108799508508568,90.5423999975028
2,3,61,"(187.5, 212.5, 2.1581048160551872)",0.016941674829350578,0.0,-0.8810061431980929,0.07373278552089921,140.822900000785
2,3,62,"(187.5, 187.5, 1.6876002167496233)",-2.561135555161539e-09,0.0,-1.3267613427442806,0.0025105150614555824,124.4485999995959
2,3,63,"(187.5, 187.5, 1.6876002167496233)",0.040090863338985976,738.1021728515625,-0.4456759019034823,0.14348793320261788,86.80959999765037
2,3,64,"(212.5, 187.5, 1.743039893786265)",0.015062982618559935,0.0,-0.9620915198587722,0.050070706475317764,139.91149999856134
2,3,65,"(187.5, 187.5, 1.6876002167496233)",-2.5611355640982314e-09,0.0,-1.407757647125724,0.001307061071273939,124.45740000111982
2,3,66,"(187.5, 187.5, 1.6876002167496233)",0.02878190010473801,738.1087646484375,-0.44566410294677844,0.12108318682042817,86.28279999902588
2,3,67,"(187.5, 212.5, 2.1581048160551872)",0.018928156733940923,0.0,-0.8810061451393383,0.07373092947829817,135.1211000001058
2,3,68,"(187.5, 187.5, 1.6876002167496233)",-2.561135179136518e-09,0.0,-1.3267613500299378,0.0025104942718903642,123.74350000027334
2,3,69,"(187.5, 187.5, 1.6876002167496233)",0.03865678990287247,738.0995483398438,-0.4456759017170979,0.14348779988437516,86.57929999753833
2,4,0,"(12.5, 12.5, 0.18196833376614466)",0.02576058068875684,361.9875183105469,-0.44003333922046056,2.374415271707839,88.61389999947278
2,4,1,"(12.5, 37.5, 0.22749405581943968)",0.0447697597075245,0.0,-0.8829067320447587,2.3457329865544034,135.67239999974845
2,4,2,"(12.5, 62.5, 0.28363914902845005)",0.0110466281572915,0.0,-1.329315778651951,2.2867259022516846,126.27860000065994
2,4,3,"(12.5, 62.5, 0.28363914902845005)",0.05307742492819695,547.7962646484375,-0.4463852592693179,2.2886222114078665,88.36019999944256
2,4,4,"(12.5, 87.5, 0.352540271786735)",0.09281669293847375,0.0,-0.8902160334000044,2.166624409900309,137.10200000059558
2,4,5,"(12.5, 112.5, 0.4366052607899271)",0.014017497499791606,0.0,-1.3137823009391634,1.8747285216160916,121.78250000215485
2,4,6,"(12.5, 112.5, 0.4366052607899271)",0.0872266417650283,549.3203125,-0.4336808261532014,1.983634511588509,85.46449999994365
2,4,7,"(12.5, 137.5, 0.5384650369387245)",0.09534123512031206,0.0,-0.8564998746412245,1.7410450414529912,138.81430000037653
2,4,8,"(12.5, 162.5, 0.6608693861221441)",0.003817970243584729,0.0,-1.2679042689249427,1.5268656195401509,123.72230000255513
2,4,9,"(12.5, 162.5, 0.6608693861221441)",0.05914894628577512,549.4295043945312,-0.41911935213757834,1.6331904462092037,86.06389999840758
2,4,10,"(12.5, 187.5, 0.8065005705408667)",0.023613882327177718,0.0,-0.8400675455180381,1.5159969317303144,139.41630000044825
2,4,11,"(37.5, 187.5, 0.9366991161239089)",0.0028350241482261833,0.0,-1.260803660380106,1.4944268766485853,127.39769999825512
2,4,12,"(37.5, 187.5, 0.9366991161239089)",0.02064888983294906,733.0935668945312,-0.4210946707310634,1.5132982251276084,89.12450000207173
2,4,13,"(62.5, 187.5, 1.074866029298603)",0.03878353059793097,0.0,-0.8441503813929879,1.4974703709924,136.61750000028405
2,4,14,"(87.5, 187.5, 1.2167243398877836)",0.011357049147287778,0.0,-1.2749003423452778,1.4975627997368972,130.68349999957718
2,4,15,"(87.5, 187.5, 1.2167243398877836)",0.06026568433918771,736.5225830078125,-0.4304514104228163,1.504266355973416,87.4480999991647
2,4,16,"(112.5, 187.5, 1.356447175660002)",0.137097402981728,0.0,-0.8760926512855303,1.4713192265016208,139.7249000001466
2,4,17,"(137.5, 187.5, 1.486849047589336)",0.029720199604848185,0.0,-1.3271985003241504,1.2520500477682461,137.8724999995029
2,4,18,"(137.5, 187.5, 1.486849047589336)",0.1583598065001749,737.4573364257812,-0.44442471529032584,1.175240604895919,94.79420000207028
2,4,19,"(162.5, 187.5, 1.5999036101857014)",0.14229012160470828,0.0,-0.8576113858034172,0.5498695512488277,139.36289999764995
2,4,20,"(187.5, 187.5, 1.6876002167496233)",-2.5611281368582227e-09,0.0,-1.2807242166683908,0.03973506871464499,136.70269999784068
2,4,21,"(187.5, 187.5, 1.6876002167496233)",0.04743134450032016,738.0979614257812,-0.44574265757709836,0.1780674754717718,92.01159999793163
2,4,22,"(212.5, 187.5, 1.743039893786265)",0.015519277469680456,0.0,-0.9620829693382116,0.04921659853965733,139.34629999857862
2,4,23,"(187.5, 187.5, 1.6876002167496233)",-2.5611370801925663e-09,0.0,-1.4077562358891034,0.00129749735796647,121.81079999936628
2,4,24,"(187.5, 187.5, 1.6876002167496233)",0.03153682931645842,738.1068115234375,-0.44566400838681214,0.12113390799160395,87.24609999990207
2,4,25,"(187.5, 212.5, 2.1581048160551872)",0.021919075557224714,0.0,-0.8810070984828456,0.0738242514257375,139.15460000134772
2,4,26,"(187.5, 187.5, 1.6876002167496233)",-2.561137080192566e-09,0.0,-1.3267615467723148,0.0025117126386181706,120.76810000144178
2,4,27,"(187.5, 187.5, 1.6876002167496233)",0.03600842891008514,738.1112670898438,-0.44567591389539424,0.14349533135925985,85.58669999911217
2,4,28,"(212.5, 187.5, 1.743039893786265)",0.015517625264007899,0.0,-0.9620915164785726,0.05007046338545628,140.66359999924316
2,4,29,"(187.5, 187.5, 1.6876002167496233)",-2.561137079893053e-09,0.0,-1.4077576466263861,0.001307058550660832,122.82079999931739
2,4,30,"(187.5, 187.5, 1.6876002167496233)",0.03495974505768536,738.1192626953125,-0.44566410292010294,0.1210831996359524,86.1707000003662
2,4,31,"(187.5, 212.5, 2.1581048160551872)",0.02080151713227277,0.0,-0.8810061456059336,0.07373094655712663,140.03690000026836
2,4,32,"(187.5, 187.5, 1.6876002167496233)",-2.5611370801925663e-09,0.0,-1.3267613500676798,0.0025104945327893077,125.89630000002217
2,4,33,"(187.5, 187.5, 1.6876002167496233)",0.038597704465978905,738.105224609375,-0.4456759017170978,0.14348781272367217,85.03589999963879
2,4,34,"(212.5, 187.5, 1.743039893786265)",0.012162494270296928,0.0,-0.9620915198516029,0.050070705069168234,140.10609999968437
2,4,35,"(212.5, 212.5, 2.2358312589572185)",7.275957614183426e-10,0.0,-1.4814945809506501,0.0015295857135499552,125.95320000036736
2,4,36,"(212.5, 212.5, 2.2358312589572185)",0.02788670346559349,739.6019897460938,-0.5193800667774733,0.13244508753803458,85.646599996835
2,4,37,"(212.5, 237.5, 2.8673241576271007)",0.01959295371327789,0.0,-1.0198105787226461,0.13625707199448275,137.81749999907333
2,4,38,"(212.5, 212.5, 2.2358312589572185)",7.275972732810358e-10,0.0,-1.5397289415434574,0.008046016926734026,121.42130000211182
2,4,39,"(212.5, 212.5, 2.2358312589572185)",0.04173299242943507,739.5911865234375,-0.5194362569786519,0.18573151898747692,90.33389999967767
2,4,40,"(212.5, 187.5, 1.743039893786265)",0.014534628933964655,0.0,-1.0358601270477665,0.05617012204044679,139.67140000022482
2,4,41,"(187.5, 187.5, 1.6876002167496233)",-2.5611370801925663e-09,0.0,-1.4814901216408427,0.0014685466169968493,123.87300000045798
2,4,42,"(187.5, 187.5, 1.6876002167496233)",0.03313778721062088,738.1153564453125,-0.4456655174962368,0.12351151790625323,89.51890000025742
2,4,43,"(162.5, 187.5, 1.5999036101857014)",0.0330621316670435,0.0,-0.8640799623513709,0.07199400736258532,137.79950000025565
2,4,44,"(162.5, 162.5, 1.2554782219517804)",1.4839073897689509e-07,0.0,-1.2872104148020296,0.004234015084606401,123.77840000044671
2,4,45,"(162.5, 162.5, 1.2554782219517804)",0.05512735128102827,737.3353881835938,-0.42290480027281496,0.21552726475797546,84.4848999986425
2,4,46,"(187.5, 162.5, 1.3188200407831676)",0.027310864695683286,0.0,-0.871372444363223,0.0765470932184174,138.7853999985964
2,4,47,"(162.5, 162.5, 1.2554782219517804)",1.4839073193253968e-07,0.0,-1.2942368011127188,0.003907761775038206,122.7805000016815
2,4,48,"(162.5, 162.5, 1.2554782219517804)",0.05072226656820101,737.3419189453125,-0.4228942209572184,0.20441150154621512,85.45579999918118
2,4,49,"(162.5, 187.5, 1.5999036101857014)",0.04284800739979385,0.0,-0.8417063002851899,0.10804469044357688,138.67539999773726
2,4,50,"(162.5, 162.5, 1.2554782219517804)",0.0012520048767268156,0.0,-1.264706962189867,0.006684835901571389,120.86570000246866
2,4,51,"(162.5, 162.5, 1.2554782219517804)",0.056793222881528035,737.3425903320312,-0.42293661360527757,0.23226424195264256,85.61449999979232
2,4,52,"(187.5, 162.5, 1.3188200407831676)",0.028836330064647423,0.0,-0.8713997191711627,0.07812293247226784,136.24770000024
2,4,53,"(187.5, 187.5, 1.6876002167496233)",-2.561137080192565e-09,0.0,-1.316861465934024,0.002118202410595695,126.33840000125929
2,4,54,"(187.5, 187.5, 1.6876002167496233)",0.03704023836530378,738.1021728515625,-0.44567099578314984,0.14153766326315959,84.8837999983516
2,4,55,"(187.5, 212.5, 2.1581048160551872)",0.019573009547902177,0.0,-0.8810814190589042,0.08067628376509821,138.31239999854006
2,4,56,"(187.5, 187.5, 1.6876002167496233)",-2.5611370799714754e-09,0.0,-1.3267749134370104,0.0026005189917533015,121.17850000140606
2,4,57,"(187.5, 187.5, 1.6876002167496233)",0.03983738274340849,738.10595703125,-0.4456765096519033,0.1441212392173022,86.60959999906481
2,4,58,"(212.5, 187.5, 1.743039893786265)",0.013206499559964283,0.0,-0.9620916677054104,0.05008923510622257,140.17230000172276
2,4,59,"(212.5, 212.5, 2.2358312589572185)",0.00097966264001381,0.0,-1.4814945503541244,0.0015299130325918534,123.04980000044452
2,4,60,"(212.5, 212.5, 2.2358312589572185)",0.031075377124972905,739.6088256835938,-0.5193800695693723,0.1324503663717465,88.86379999967176
2,4,61,"(212.5, 237.5, 2.8673241576271007)",0.029339483299977723,0.0,-1.0198106171592913,0.1362602582141084,137.27310000103898
2,4,62,"(212.5, 212.5, 2.2358312589572185)",7.275957616560715e-10,0.0,-1.5397289593868997,0.008046088072949834,123.74900000213529
2,4,63,"(212.5, 212.5, 2.2358312589572185)",0.04105042879529925,739.6035766601562,-0.5194362575881308,0.18573172569880403,87.10450000216952
2,4,64,"(237.5, 212.5, 2.261871450534782)",0.014090490415956794,0.0,-1.232842360661641,0.1106768541813482,139.82519999990473
2,4,65,"(212.5, 212.5, 2.2358312589572185)",7.275987599531283e-10,0.0,-1.7523580245572066,0.0051474226362467086,121.79549999927985
2,4,66,"(212.5, 212.5, 2.2358312589572185)",0.03696402491021362,739.6019897460938,-0.5194137675388866,0.16040376823314756,87.01559999826713
2,4,67,"(187.5, 212.5, 2.1581048160551872)",0.020127010605711353,0.0,-0.9547911409969798,0.08145427922743459,139.8038000006636
2,4,68,"(187.5, 187.5, 1.6876002167496233)",-2.5611351793214147e-09,0.0,-1.4005149887087327,0.002820139938456968,127.94660000145086
2,4,69,"(187.5, 187.5, 1.6876002167496233)",0.037378039605351354,738.1069946289062,-0.445678081197688,0.14628199872527523,93.90450000137207
2,5,0,"(12.5, 12.5, 0.18196833376614466)",0.02582631429777445,361.994140625,-0.44003333922046045,2.374415270954304,92.42399999857298
2,5,1,"(37.5, 12.5, 0.20209293496961436)",0.04406622804289694,0.0,-0.8851511905656939,2.3418784274970803,147.41649999996298
2,5,2,"(62.5, 12.5, 0.22209701748718602)",0.010974784692123637,0.0,-1.3360406581147601,2.266647428160896,129.63520000266726
2,5,3,"(62.5, 12.5, 0.22209701748718602)",0.05261714933590615,547.8131713867188,-0.45046239789633785,2.262284971419787,98.18299999824376
2,5,4,"(87.5, 12.5, 0.24138074672889942)",0.08630966624427552,0.0,-0.8982181453756255,2.092361949237853,149.5987000016612
2,5,5,"(112.5, 12.5, 0.25928464034296195)",0.010844623049107766,0.0,-1.3227362253106951,1.7184177075819174,129.7084999969229
2,5,6,"(112.5, 12.5, 0.25928464034296195)",0.07482427364733588,549.2939453125,-0.43886260913367714,1.8591764203032368,101.1021999984223
2,5,7,"(137.5, 12.5, 0.27512656500261984)",0.07017191383669949,0.0,-0.8719134868660919,1.6001335380881332,140.75099999899976
2,5,8,"(162.5, 12.5, 0.28824787881908587)",0.003803267764534848,0.0,-1.2981955631345303,1.4274951747896008,126.68850000045495
2,5,9,"(162.5, 12.5, 0.28824787881908587)",0.03383209043334748,549.42431640625,-0.43278609135386276,1.535035020851649,95.10450000016135
2,5,10,"(162.5, 12.5, 0.28824787881908587)",0.024256402946250154,0.0,-0.8670217957852026,1.4816734042092767,134.48699999935343
2,5,11,"(162.5, 37.5, 0.36885431762662557)",0.00483777713546606,0.0,-1.3082490312779775,1.4229641541064935,126.37349999931757
2,5,12,"(162.5, 37.5, 0.36885431762662557)",0.03134871820053305,733.0714111328125,-0.4419801811417647,1.4710908854363571,92.78910000284668
2,5,13,"(162.5, 62.5, 0.47180880263826486)",0.05838184762687436,0.0,-0.8932791575937507,1.3713483101984136,140.41290000022855
2,5,14,"(162.5, 87.5, 0.6032065562571883)",0.012585854778692765,0.0,-1.3381875652802335,1.1035969859874806,122.17830000008689
2,5,15,"(162.5, 87.5, 0.6032065562571883)",0.07448453253922822,736.4462280273438,-0.4505781726178615,1.185055106777396,84.68060000086552
2,5,16,"(162.5, 112.5, 0.7707480035341532)",0.1191658715410138,0.0,-0.8907387471057809,0.8216942010559389,142.06389999890234
2,5,17,"(162.5, 137.5, 0.9841255842166583)",0.0075370166450777695,0.0,-1.2967664216882282,0.24664130715791038,130.7477000009385
2,5,18,"(162.5, 137.5, 0.9841255842166583)",0.092902091182608,737.1494140625,-0.4287781362617694,0.4997840517057472,85.11980000184849
2,5,19,"(162.5, 162.5, 1.2554782219517804)",0.057317262978339445,0.0,-0.8500347441435495,0.13523651633182204,135.94250000096508
2,5,20,"(162.5, 187.5, 1.5999036101857014)",2.3186051818489484e-07,0.0,-1.2663171912541042,0.004780935499171602,126.27900000006775
2,5,21,"(162.5, 187.5, 1.5999036101857014)",0.05700818146919882,737.6326293945312,-0.4184393609639737,0.26081175364343867,85.03239999845391
2,5,22,"(162.5, 162.5, 1.2554782219517804)",0.04363716150921719,0.0,-0.8423364420141574,0.11015588009415193,135.53879999744822
2,5,23,"(187.5, 162.5, 1.3188200407831676)",0.0007388526573737313,0.0,-1.2893181094466803,0.00209097894589497,120.03579999873182
2,5,24,"(187.5, 162.5, 1.3188200407831676)",0.03293163480055921,737.6385498046875,-0.4481891639309312,0.17547133027286893,86.29120000114199
2,5,25,"(187.5, 187.5, 1.6876002167496233)",0.023380126402162246,0.0,-0.8941017854203912,0.05057819846302084,138.59900000170455
2,5,26,"(187.5, 212.5, 2.1581048160551872)",1.5802894874165455e-07,0.0,-1.3289499142459886,0.0011594511787922218,134.97609999831184
2,5,27,"(187.5, 212.5, 2.1581048160551872)",0.03390387296464524,738.7125854492188,-0.435201579710415,0.19406050155893975,88.20310000010068
2,5,28,"(187.5, 187.5, 1.6876002167496233)",0.02756496367220091,0.0,-0.8813807321101742,0.06548535610987728,137.85099999950035
2,5,29,"(212.5, 187.5, 1.743039893786265)",1.5802894874165457e-07,0.0,-1.397092169159745,0.0006586154388272127,123.72979999781819
2,5,30,"(212.5, 187.5, 1.743039893786265)",0.02019892552272794,738.7163696289062,-0.5163159722656933,0.12960552263177103,86.29389999987325
2,5,31,"(187.5, 187.5, 1.6876002167496233)",0.028173465679220754,0.0,-0.9622133203485302,0.044151101638898974,136.11139999920852
2,5,32,"(187.5, 187.5, 1.6876002167496233)",-2.5611351794518404e-09,0.0,-1.4076828028255293,0.0008865001219350147,120.61999999787076
2,5,33,"(187.5, 187.5, 1.6876002167496233)",0.03212191708063477,738.111328125,-0.44565828031725185,0.12291976365310121,84.63710000069113
2,5,34,"(187.5, 212.5, 2.1581048160551872)",0.024612847917045426,0.0,-0.8810730622358118,0.07983071467418247,138.71350000044913
2,5,35,"(187.5, 187.5, 1.6876002167496233)",-2.561134599578825e-09,0.0,-1.3267737282100405,0.002592478966400272,127.02720000015688
2,5,36,"(187.5, 187.5, 1.6876002167496233)",0.0400055559564825,738.107421875,-0.4456764624066805,0.14393680601675465,89.02769999986049
2,5,37,"(212.5, 187.5, 1.743039893786265)",0.012905502746135767,0.0,-0.9620912653415526,0.05004670503628443,137.85869999992428
2,5,38,"(187.5, 187.5, 1.6876002167496233)",-2.561137080192566e-09,0.0,-1.4077575965013027,0.0013068369787719843,130.5582000022696
2,5,39,"(187.5, 187.5, 1.6876002167496233)",0.03310103255470347,738.1121215820312,-0.445664100078152,0.12108301126064282,88.07829999932437
2,5,40,"(187.5, 212.5, 2.1581048160551872)",0.017493077004971144,0.0,-0.8810061402064188,0.07373251566757784,137.9732999994303
2,5,41,"(187.5, 187.5, 1.6876002167496233)",-2.5611355644495825e-09,0.0,-1.3267613426522107,0.00251051467571915,121.08559999978752
2,5,42,"(187.5, 187.5, 1.6876002167496233)",0.03606318242493825,738.1067504882812,-0.4456759018987686,0.14348790413655252,86.91219999673194
2,5,43,"(212.5, 187.5, 1.743039893786265)",0.010977549592018862,0.0,-0.962091519835677,0.050070706475317764,138.82500000181608
2,5,44,"(187.5, 187.5, 1.6876002167496233)",-2.561137080192566e-09,0.0,-1.4077576471257238,0.0013070610712739388,124.72770000022138
2,5,45,"(187.5, 187.5, 1.6876002167496233)",0.03450251279135573,738.1099853515625,-0.44566410294677833,0.12108315065465365,94.96560000116006
2,5,46,"(187.5, 212.5, 2.1581048160551872)",0.01707560077249664,0.0,-0.8810061451393383,0.07373092947829815,139.67930000217166
2,5,47,"(187.5, 187.5, 1.6876002167496233)",0.0026615435878291085,0.0,-1.3267613500299376,0.0025104942718903625,120.92589999883785
2,5,48,"(187.5, 187.5, 1.6876002167496233)",0.03642781864977862,738.10888671875,-0.4456759017170977,0.14348782283386752,86.7580000012822
2,5,49,"(187.5, 162.5, 1.3188200407831676)",0.019269504350839902,0.0,-0.8939246957272828,0.05261595929773187,138.72180000180379
2,5,50,"(162.5, 162.5, 1.2554782219517804)",1.4839073484991112e-07,0.0,-1.3168918123976765,0.002548438608319288,121.52269999933196
2,5,51,"(162.5, 162.5, 1.2554782219517804)",0.04501123129509476,737.3406982421875,-0.42287363683688767,0.18997538672523911,85.0998999994772
2,5,52,"(162.5, 187.5, 1.5999036101857014)",0.02680134294986737,0.0,-0.8416678488090823,0.10593368958312961,139.49849999698927
2,5,53,"(162.5, 162.5, 1.2554782219517804)",0.002468416467293834,0.0,-1.264700105126729,0.006636279925100193,121.3023999989673
2,5,54,"(162.5, 162.5, 1.2554782219517804)",0.05189834557147523,737.336181640625,-0.4229360790870156,0.2319942599280252,86.18480000222917
2,5,55,"(162.5, 162.5, 1.2554782219517804)",0.03863989603027643,0.0,-0.8461967549138181,0.09412755241014745,138.26849999895785
2,5,56,"(187.5, 162.5, 1.3188200407831676)",0.0007388526573730241,0.0,-1.294155058861674,0.003996604739030477,121.09610000334214
2,5,57,"(187.5, 162.5, 1.3188200407831676)",0.041085583275274666,737.6392822265625,-0.4482760554048811,0.20611239913825302,85.99649999814574
2,5,58,"(187.5, 187.5, 1.6876002167496233)",0.023670696091544555,0.0,-0.8941668542455983,0.0530271763130276,140.07850000052713
2,5,59,"(187.5, 212.5, 2.1581048160551872)",1.5802894874165455e-07,0.0,-1.3289497490924085,0.0011551931543553394,136.03650000004563
2,5,60,"(187.5, 212.5, 2.1581048160551872)",0.03467019153296427,738.703369140625,-0.4352008606992582,0.19375877017737786,87.82780000183266
2,5,61,"(187.5, 187.5, 1.6876002167496233)",0.024173306609801395,0.0,-0.881379575242216,0.06545201002706712,139.94329999695765
2,5,62,"(187.5, 162.5, 1.3188200407831676)",0.0014673803622431904,0.0,-1.3289378337557598,0.0008149004222230854,121.70740000146907
2,5,63,"(187.5, 162.5, 1.3188200407831676)",0.028457479197910175,737.640625,-0.4481445784000562,0.14102361022940305,85.0696000015887
2,5,64,"(162.5, 162.5, 1.2554782219517804)",0.03324098392178757,0.0,-0.87146012702459,0.07387823216272979,140.42569999946863
2,5,65,"(162.5, 187.5, 1.5999036101857014)",2.318605159719785e-07,0.0,-1.2893102860417833,0.0021519633323886637,125.01649999830988
2,5,66,"(162.5, 187.5, 1.5999036101857014)",0.04621971452159737,737.6343383789062,-0.4183209705181955,0.22170783448995215,90.94919999915874
2,5,67,"(187.5, 187.5, 1.6876002167496233)",0.034362453321746526,0.0,-0.8644444788456367,0.06750607776745017,140.5369000021892
2,5,68,"(212.5, 187.5, 1.743039893786265)",1.5802894874165455e-07,0.0,-1.3802089586845947,0.0009266650638145643,133.62989999950514
2,5,69,"(212.5, 187.5, 1.743039893786265)",0.022671273163909697,738.7120971679688,-0.5163310426693208,0.14246417403697945,84.99659999870346
2,6,0,"(12.5, 12.5, 0.18196833376614466)",0.02545055541333152,361.9918518066406,-0.4400333392204605,2.3744152780940553,86.62320000075852
2,6,1,"(12.5, 37.5, 0.22749405581943968)",0.044823087147996064,0.0,-0.8829067320447588,2.3457329865544034,140.74989999789977
2,6,2,"(12.5, 62.5, 0.28363914902845005)",0.010106782118484264,0.0,-1.3293157786519507,2.286725902251684,134.52659999893513
2,6,3,"(12.5, 62.5, 0.28363914902845005)",0.053750423500833526,547.8023681640625,-0.44638525926931794,2.288622206319348,88.45470000233036
2,6,4,"(12.5, 87.5, 0.352540271786735)",0.09187274083500963,0.0,-0.8902160334000043,2.166624409900309,138.32759999786504
2,6,5,"(12.5, 112.5, 0.4366052607899271)",0.013537401954340373,0.0,-1.3137823009391638,1.874728521616092,130.4944000003161
2,6,6,"(12.5, 112.5, 0.4366052607899271)",0.08968185087560374,549.3155517578125,-0.4336808261532015,1.9836345389835401,91.28840000266791
2,6,7,"(12.5, 137.5, 0.5384650369387245)",0.0993509738900354,0.0,-0.8564998746412243,1.7410450414529908,140.08520000061253
2,6,8,"(37.5, 137.5, 0.6157193847862111)",0.008383636673298292,0.0,-1.2789245344176006,1.5375920312767288,124.07560000065132
2,6,9,"(37.5, 137.5, 0.6157193847862111)",0.08111286381964888,733.0374145507812,-0.42901330703922863,1.6926900113436345,86.6359999999986
2,6,10,"(37.5, 162.5, 0.7613493298921569)",0.06465196066567505,0.0,-0.8515926554127233,1.5429054537428757,138.38120000218623
2,6,11,"(37.5, 187.5, 0.9366991161239089)",0.0028672901292642957,0.0,-1.272821661375333,1.4978647649795818,125.57300000116811
2,6,12,"(37.5, 187.5, 0.9366991161239089)",0.022520713371937576,733.0997924804688,-0.42147280248109364,1.5216134448765763,88.28080000239424
2,6,13,"(37.5, 162.5, 0.7613493298921569)",0.033240512712087465,0.0,-0.8439170818573785,1.5076920764208441,138.6270999973931
2,6,14,"(62.5, 162.5, 0.8666422036722684)",0.009865080316861367,0.0,-1.2754573563929308,1.4991986295730924,126.1268000016571
2,6,15,"(62.5, 162.5, 0.8666422036722684)",0.06105547569856151,735.349365234375,-0.4308943319217923,1.5321070935704941,87.80820000174572
2,6,16,"(87.5, 162.5, 0.9734020271305479)",0.12100301642504102,0.0,-0.8748327962656504,1.4665324131400297,138.2804999993823
2,6,17,"(112.5, 162.5, 1.0772911766684767)",0.0273050963878701,0.0,-1.3222322875033774,1.242411221077657,132.76530000075581
2,6,18,"(112.5, 162.5, 1.0772911766684767)",0.14726597028685795,737.0429077148438,-0.4445694853728806,1.2369804994412144,89.19000000241795
2,6,19,"(137.5, 162.5, 1.173168873178471)",0.15814409330674098,0.0,-0.8613726382803057,0.6795363856035614,139.12960000016028
2,6,20,"(162.5, 162.5, 1.2554782219517804)",0.0024684164673099726,0.0,-1.258267643850701,0.08229309271822961,129.68739999996615
2,6,21,"(162.5, 162.5, 1.2554782219517804)",0.07768914258275614,737.34423828125,-0.4232288489247714,0.30588293363766667,86.47760000167182
2,6,22,"(187.5, 162.5, 1.3188200407831676)",0.02357568663928087,0.0,-0.871478722044928,0.08246953633608174,139.92140000118525
2,6,23,"(187.5, 187.5, 1.6876002167496233)",-2.5611370801925655e-09,0.0,-1.316867503985849,0.0021608534725886387,126.48609999814653
2,6,24,"(187.5, 187.5, 1.6876002167496233)",0.03563597227479134,738.106689453125,-0.4456712663748727,0.14206345710402238,86.9870999995328
2,6,25,"(162.5, 187.5, 1.5999036101857014)",0.028023646173969987,0.0,-0.8641441270753303,0.07811257494035401,138.69939999858616
2,6,26,"(187.5, 187.5, 1.6876002167496233)",-2.561137080192565e-09,0.0,-1.3098177302348082,0.0022911862079909653,127.20319999789353
2,6,27,"(187.5, 187.5, 1.6876002167496233)",0.037806939542417754,738.1012573242188,-0.44567462370205,0.14978709592144882,88.52249999836204
2,6,28,"(187.5, 162.5, 1.3188200407831676)",0.015675929053234214,0.0,-0.893948860746252,0.0550474968982162,152.45969999887166
2,6,29,"(162.5, 162.5, 1.2554782219517804)",1.4839073022206623e-07,0.0,-1.3168974608487052,0.002589113252036517,124.19470000168076
2,6,30,"(162.5, 162.5, 1.2554782219517804)",0.04758436105353564,737.3458251953125,-0.42287429101994,0.19033666167429336,92.60580000045593
2,6,31,"(162.5, 187.5, 1.5999036101857014)",0.04820792769303629,0.0,-0.8416677887139418,0.10593496891587127,139.1220000004978
2,6,32,"(187.5, 187.5, 1.6876002167496233)",-2.5611370801925663e-09,0.0,-1.2871670512234425,0.003640187566971279,122.27380000331323
2,6,33,"(187.5, 187.5, 1.6876002167496233)",0.04184984426241872,738.1077880859375,-0.445683520760974,0.16076740944680842,88.30540000053588
2,6,34,"(212.5, 187.5, 1.743039893786265)",0.015080682532025968,0.0,-0.9621269924430758,0.05358127931784901,138.59380000212695
2,6,35,"(187.5, 187.5, 1.6876002167496233)",-2.561135179503789e-09,0.0,-1.4077624364373484,0.001339444963840097,119.82050000005984
2,6,36,"(187.5, 187.5, 1.6876002167496233)",0.03279319517751398,738.1107177734375,-0.44566437382027674,0.12148305201224452,85.03720000226167
2,6,37,"(187.5, 212.5, 2.1581048160551872)",0.01637024776418512,0.0,-0.881006296609016,0.07375076982332786,138.66780000171275
2,6,38,"(212.5, 212.5, 2.2358312589572185)",7.275968587728799e-10,0.0,-1.4005239344023095,0.0029228094732657523,131.7099000007147
2,6,39,"(212.5, 212.5, 2.2358312589572185)",0.03754888439607093,739.591552734375,-0.5193958389092033,0.1568644852748644,87.51630000188015
2,6,40,"(237.5, 212.5, 2.261871450534782)",0.013404651155109937,0.0,-1.2327873436703534,0.1068483243489311,139.61299999937182
2,6,41,"(212.5, 212.5, 2.2358312589572185)",7.275957614183424e-10,0.0,-1.752347500266002,0.00507649476564439,122.80749999990803
2,6,42,"(212.5, 212.5, 2.2358312589572185)",0.035025534058910665,739.6022338867188,-0.5194133005593916,0.16003087035832636,87.09939999971539
2,6,43,"(187.5, 212.5, 2.1581048160551872)",0.015407563053160723,0.0,-0.9547903883243002,0.08138973505428507,136.67369999893708
2,6,44,"(187.5, 187.5, 1.6876002167496233)",-2.5611355528790004e-09,0.0,-1.4005148487222825,0.0028192794280560876,124.12360000234912
2,6,45,"(187.5, 187.5, 1.6876002167496233)",0.03534419061059486,738.10107421875,-0.445678073243737,0.14627548593115292,87.74880000055418
2,6,46,"(212.5, 187.5, 1.743039893786265)",0.015292022285904285,0.0,-0.9620941805047973,0.05035728394136407,138.96010000098613
2,6,47,"(212.5, 212.5, 2.2358312589572185)",7.275986577385362e-10,0.0,-1.4814950145602896,0.001532619956415405,124.70840000241878
2,6,48,"(212.5, 212.5, 2.2358312589572185)",0.03105488246330193,739.6138916015625,-0.5193801123462496,0.1324891506516365,88.03619999889634
2,6,49,"(212.5, 237.5, 2.8673241576271007)",0.01709942547254495,0.0,-1.0198106838857992,0.13626801319966408,137.69180000235792
2,6,50,"(212.5, 212.5, 2.2358312589572185)",0.000979662640020948,0.0,-1.5397289621381676,0.008046328785783916,122.00640000082785
2,6,51,"(212.5, 212.5, 2.2358312589572185)",0.037389709836507926,739.5960693359375,-0.5194362590526753,0.18573241510631183,88.55309999853489
2,6,52,"(212.5, 187.5, 1.743039893786265)",0.01738506587044112,0.0,-1.0358601285741285,0.05617019589793115,137.3529000011331
2,6,53,"(187.5, 187.5, 1.6876002167496233)",-2.5611370801925663e-09,0.0,-1.4814901216844294,0.0014685467699984574,122.60129999776836
2,6,54,"(187.5, 187.5, 1.6876002167496233)",0.028464338103494417,738.1107177734375,-0.44566551749623684,0.12351152038250827,86.95340000122087
2,6,55,"(187.5, 212.5, 2.1581048160551872)",0.021042267037907816,0.0,-0.8810100440764455,0.07413389474555386,138.90360000004875
2,6,56,"(187.5, 187.5, 1.6876002167496233)",-2.561137080192566e-09,0.0,-1.3267621258679374,0.0025155651911215843,122.28999999933876
2,6,57,"(187.5, 187.5, 1.6876002167496233)",0.03769925653969382,738.1171875,-0.44567592214868507,0.1435347215919263,83.36019999842392
2,6,58,"(187.5, 162.5, 1.3188200407831676)",0.013714008179115288,0.0,-0.8939247253361577,0.052620616628295196,136.97510000201873
2,6,59,"(162.5, 162.5, 1.2554782219517804)",1.4839073022206623e-07,0.0,-1.316891826282285,0.0025485024503477645,124.23329999728594
2,6,60,"(162.5, 162.5, 1.2554782219517804)",0.04834827135915671,737.3358764648438,-0.42287363859430593,0.18997640086819775,86.84829999765498
2,6,61,"(162.5, 187.5, 1.5999036101857014)",0.03951264561615079,0.0,-0.8416678530533441,0.10593389183754374,146.05540000047768
2,6,62,"(162.5, 162.5, 1.2554782219517804)",1.4839073904606716e-07,0.0,-1.26470010579961,0.006636281903792668,125.5669999991369
2,6,63,"(162.5, 162.5, 1.2554782219517804)",0.05836214945642769,737.3348388671875,-0.4229360790870156,0.23199423866488988,88.50399999937508
2,6,64,"(187.5, 162.5, 1.3188200407831676)",0.023369177384838086,0.0,-0.8713992434294582,0.0780966372047018,136.71530000283383
2,6,65,"(187.5, 187.5, 1.6876002167496233)",-2.5611370801925655e-09,0.0,-1.3168614415861062,0.0021178666206154483,122.16970000008587
2,6,66,"(187.5, 187.5, 1.6876002167496233)",0.035102838718365274,738.1130981445312,-0.44567099321404885,0.1415348610576851,86.54659999956493
2,6,67,"(187.5, 212.5, 2.1581048160551872)",0.024884981846993826,0.0,-0.8810814117816665,0.08067580188753874,139.9223999978858
2,6,68,"(212.5, 212.5, 2.2358312589572185)",7.275957614183425e-10,0.0,-1.400539225191664,0.003025027461617961,123.69390000094427
2,6,69,"(212.5, 212.5, 2.2358312589572185)",0.03670453467365524,739.600830078125,-0.5193967085573754,0.15755042755260854,87.14600000166683
2,7,0,"(12.5, 12.5, 0.18196833376614466)",0.02589943924489798,361.9907531738281,-0.4400333392204605,2.374415266587755,87.01709999877494
2,7,1,"(12.5, 37.5, 0.22749405581943968)",0.04484133539224826,0.0,-0.8829067320447587,2.3457329865544034,137.002699997538
2,7,2,"(12.5, 62.5, 0.28363914902845005)",0.00997589031855632,0.0,-1.3293157786519507,2.286725902251684,133.27310000022408
2,7,3,"(12.5, 62.5, 0.28363914902845005)",0.05323165552588807,547.81005859375,-0.44638525926931794,2.288622222693664,97.08849999879021
2,7,4,"(12.5, 87.5, 0.352540271786735)",0.09352815665939503,0.0,-0.8902160334000044,2.1666244099003094,140.5747999997402
2,7,5,"(12.5, 112.5, 0.4366052607899271)",0.014750714103371435,0.0,-1.313782300939164,1.8747285216160923,122.59110000013607
2,7,6,"(12.5, 112.5, 0.4366052607899271)",0.08984600333914261,549.3168334960938,-0.4336808261532014,1.9836345216066786,84.32320000065374
2,7,7,"(12.5, 137.5, 0.5384650369387245)",0.09405054681994052,0.0,-0.8564998746412245,1.7410450414529912,140.98569999987376
2,7,8,"(37.5, 137.5, 0.6157193847862111)",0.009264911214499174,0.0,-1.2789245344176006,1.5375920312767286,127.27009999798611
2,7,9,"(37.5, 137.5, 0.6157193847862111)",0.0780933118873091,733.0459594726562,-0.4290133070392286,1.6926899864194898,87.04479999869363
2,7,10,"(37.5, 162.5, 0.7613493298921569)",0.057308534503689626,0.0,-0.8515926554127236,1.5429054537428761,139.92400000279304
2,7,11,"(62.5, 162.5, 0.8666422036722684)",0.011338348189979234,0.0,-1.2816351488403592,1.4913056604189365,124.34670000220649
2,7,12,"(62.5, 162.5, 0.8666422036722684)",0.06535029053342986,735.3190307617188,-0.43051814612111716,1.5438061170091355,87.20779999930528
2,7,13,"(87.5, 162.5, 0.9734020271305479)",0.11857948146905654,0.0,-0.8745577648880062,1.4653899156381023,134.9380999999994
2,7,14,"(112.5, 162.5, 1.0772911766684767)",0.028870791196813343,0.0,-1.3221269371870734,1.2413182312479372,126.20560000141268
2,7,15,"(112.5, 162.5, 1.0772911766684767)",0.14786746222367714,737.0369873046875,-0.44454407525470674,1.2369016126009873,85.455100001127
2,7,16,"(137.5, 162.5, 1.173168873178471)",0.16911691152230215,0.0,-0.8613663508449148,0.6794986757031662,137.12999999916065
2,7,17,"(162.5, 162.5, 1.2554782219517804)",0.0036566151926782716,0.0,-1.2582674341865188,0.08229001706488714,125.51890000031563
2,7,18,"(162.5, 162.5, 1.2554782219517804)",0.07771923820078305,737.34814453125,-0.4232288503086714,0.3058900123379449,86.9875000025786
2,7,19,"(187.5, 162.5, 1.3188200407831676)",0.029471135175687013,0.0,-0.8714787239315044,0.08247135188380429,135.68490000034217
2,7,20,"(187.5, 187.5, 1.6876002167496233)",0.0013519103328319554,0.0,-1.3168675080981656,0.002160872118520969,128.71739999900456
2,7,21,"(187.5, 187.5, 1.6876002167496233)",0.03826417055186016,738.10693359375,-0.44567126655753575,0.1420635643673636,86.22149999791873
2,7,22,"(187.5, 212.5, 2.1581048160551872)",0.01941266817149009,0.0,-0.881082731764695,0.08078850605351189,139.5446999995329
2,7,23,"(187.5, 187.5, 1.6876002167496233)",-2.5611330594448934e-09,0.0,-1.3267751284414242,0.0026019297524158534,121.23639999845182
2,7,24,"(187.5, 187.5, 1.6876002167496233)",0.037920964823483894,738.10595703125,-0.44567652302031746,0.14413213727195315,85.98910000000615
2,7,25,"(187.5, 162.5, 1.3188200407831676)",0.016344292077093536,0.0,-0.8939248962049959,0.05264026172007069,137.5441000018327
2,7,26,"(187.5, 162.5, 1.3188200407831676)",0.000738852657373861,0.0,-1.3424416744220755,0.005246352534990559,120.98680000053719
2,7,27,"(187.5, 162.5, 1.3188200407831676)",0.04064373301014346,737.634521484375,-0.4483271826993997,0.20956260273762461,87.28870000049938
2,7,28,"(187.5, 187.5, 1.6876002167496233)",0.019080495829564115,0.0,-0.8941920394703893,0.052871971559463486,136.6699999998673
2,7,29,"(187.5, 187.5, 1.6876002167496233)",-2.5611370801925655e-09,0.0,-1.339522613392437,0.0009725235236996805,127.47959999978775
2,7,30,"(187.5, 187.5, 1.6876002167496233)",0.03340556871475847,738.101318359375,-0.44565959951021145,0.13032689946348974,86.69030000237399
2,7,31,"(162.5, 187.5, 1.5999036101857014)",0.028223081529160775,0.0,-0.8641649608133776,0.07964750738170133,138.2685999997193
2,7,32,"(187.5, 187.5, 1.6876002167496233)",-2.561137080192566e-09,0.0,-1.3098211455219642,0.0023136391211780755,122.93439999848488
2,7,33,"(187.5, 187.5, 1.6876002167496233)",0.03898969938285955,738.11669921875,-0.4456747801241628,0.14979825437300692,88.86079999865615
2,7,34,"(187.5, 187.5, 1.6876002167496233)",0.02026690651146843,0.0,-0.8914072773774044,0.042320460875571314,137.69540000066627
2,7,35,"(212.5, 187.5, 1.743039893786265)",1.5802894874165455e-07,0.0,-1.4077124854149563,0.0014707382042496626,122.13599999813596
2,7,36,"(212.5, 187.5, 1.743039893786265)",0.027667081211162944,738.7073974609375,-0.5163611071732109,0.15932628290126546,89.1758000034315
2,7,37,"(212.5, 212.5, 2.2358312589572185)",0.016138256298216688,0.0,-1.0360436294803919,0.052162289255597835,138.4373000000778
2,7,38,"(187.5, 212.5, 2.1581048160551872)",0.0005408913517965983,0.0,-1.4708041300545158,0.0007526311771107721,123.82810000053723
2,7,39,"(187.5, 212.5, 2.1581048160551872)",0.03322157314838197,738.7030639648438,-0.43516719060009446,0.1741631642301453,84.93600000292645
2,7,40,"(212.5, 212.5, 2.2358312589572185)",0.027696695639121742,0.0,-0.9551201658809023,0.0703455641054409,137.9704999999376
2,7,41,"(212.5, 187.5, 1.743039893786265)",0.000540891351796575,0.0,-1.4708113402846263,0.0007701292456311903,125.28159999783384
2,7,42,"(212.5, 187.5, 1.743039893786265)",0.0206495553594349,738.7188110351562,-0.5163200845980195,0.13386600132774926,86.48320000065723
2,7,43,"(212.5, 212.5, 2.2358312589572185)",0.016663435681513235,0.0,-1.0359797171549867,0.049609731224146525,136.22640000176034
2,7,44,"(187.5, 212.5, 2.1581048160551872)",1.5802894874165455e-07,0.0,-1.4708041588894134,0.0007564327060368463,135.79699999900186
2,7,45,"(187.5, 212.5, 2.1581048160551872)",0.036012739868689726,738.7009887695312,-0.4351680447190427,0.17470125815919485,86.80919999824255
2,7,46,"(187.5, 187.5, 1.6876002167496233)",0.031365756040917486,0.0,-0.8813185371393899,0.06331834772081485,137.94819999748142
2,7,47,"(187.5, 162.5, 1.3188200407831676)",2.3186051597197857e-07,0.0,-1.3289373469123742,0.0008082291887486256,123.43460000192863
2,7,48,"(187.5, 162.5, 1.3188200407831676)",0.029217574533583403,737.6388549804688,-0.44814462638873975,0.14102971397767186,87.15849999862257
2,7,49,"(162.5, 162.5, 1.2554782219517804)",0.03603333628768437,0.0,-0.871460312436848,0.0738802047195708,137.97940000222297
2,7,50,"(137.5, 162.5, 1.173168873178471)",-3.026797914254322e-08,0.0,-1.28556337910184,0.0038623034258210187,123.0174000011175
2,7,51,"(137.5, 162.5, 1.173168873178471)",0.05748625997632492,737.086669921875,-0.414476801624001,0.29729171259801057,85.41069999773754
2,7,52,"(162.5, 162.5, 1.2554782219517804)",0.05854078061634757,0.0,-0.8387365701133035,0.1365370500392829,139.03299999947194
2,7,53,"(162.5, 137.5, 0.9841255842166583)",0.0006674622806402198,0.0,-1.262649250799544,0.007127437270635259,124.37299999874085
2,7,54,"(162.5, 137.5, 0.9841255842166583)",0.055114592016628945,737.0982666015625,-0.42517321539722386,0.29343700522594307,87.19199999904959
2,7,55,"(162.5, 137.5, 0.9841255842166583)",0.06148500195635693,0.0,-0.8536931229649715,0.20605471757069344,138.2831000009901
2,7,56,"(162.5, 162.5, 1.2554782219517804)",0.0012520048767264366,0.0,-1.2745724424060667,0.016056298262927298,121.47550000008778
2,7,57,"(162.5, 162.5, 1.2554782219517804)",0.06283180537260945,737.3475952148438,-0.42300565787392763,0.2556681632966856,84.8863999999594
2,7,58,"(162.5, 187.5, 1.5999036101857014)",0.03939789255046076,0.0,-0.8418480603336269,0.11518335573669952,138.46259999991162
2,7,59,"(187.5, 187.5, 1.6876002167496233)",-2.561137080192566e-09,0.0,-1.287185564998295,0.003768727193867955,121.88769999920623
2,7,60,"(187.5, 187.5, 1.6876002167496233)",0.03896760458279123,738.1116333007812,-0.44568422861662105,0.16155750574698616,84.4491999996535
2,7,61,"(187.5, 162.5, 1.3188200407831676)",0.014944725172068884,0.0,-0.893960595546933,0.05619859674663617,138.48479999796837
2,7,62,"(187.5, 187.5, 1.6876002167496233)",-2.561134131379868e-09,0.0,-1.3395917201349585,0.0013469749221264463,128.2506999996258
2,7,63,"(187.5, 187.5, 1.6876002167496233)",0.03473871442723434,738.1067504882812,-0.44566495173078563,0.13166075175595063,88.38260000266018
2,7,64,"(162.5, 187.5, 1.5999036101857014)",0.021009832410761847,0.0,-0.8641268135687644,0.07650295029315034,137.97770000019227
2,7,65,"(162.5, 162.5, 1.2554782219517804)",0.0024684164672926366,0.0,-1.287224384968496,0.004331164551426392,130.71539999873494
2,7,66,"(162.5, 162.5, 1.2554782219517804)",0.05286490646851894,737.345947265625,-0.42290616712399115,0.21610027037700805,90.0156000025163
2,7,67,"(187.5, 162.5, 1.3188200407831676)",0.028722429030276553,0.0,-0.8713724355203359,0.07654995510061395,139.31919999959064
2,7,68,"(187.5, 187.5, 1.6876002167496233)",-2.561135249509545e-09,0.0,-1.3168590723746156,0.0021014407086825935,125.12539999806904
2,7,69,"(187.5, 187.5, 1.6876002167496233)",0.036151840397004434,738.1128540039062,-0.44567088550776046,0.14136902065923546,85.25009999721078
2,8,0,"(12.5, 12.5, 0.18196833376614466)",0.026146473091268486,361.9873352050781,-0.4400333392204605,2.374415253621151,87.10769999743206
2,8,1,"(37.5, 12.5, 0.20209293496961436)",0.044905059342970725,0.0,-0.8851511905656941,2.3418784274970803,136.1345999976038
2,8,2,"(62.5, 12.5, 0.22209701748718602)",0.010836899280545535,0.0,-1.3360406581147601,2.266647428160896,124.1643000030308
2,8,3,"(62.5, 12.5, 0.22209701748718602)",0.05351652214539803,547.8042602539062,-0.4504623978963379,2.262284964981625,88.10770000127377
2,8,4,"(87.5, 12.5, 0.24138074672889942)",0.08839964183822958,0.0,-0.8982181453756253,2.0923619492378527,137.26669999959995
2,8,5,"(112.5, 12.5, 0.25928464034296195)",0.013127083579680874,0.0,-1.3227362253106953,1.7184177075819176,121.54019999798038
2,8,6,"(112.5, 12.5, 0.25928464034296195)",0.07434299482999264,549.2910766601562,-0.4388626091336771,1.8591764080031157,84.20960000148625
2,8,7,"(137.5, 12.5, 0.27512656500261984)",0.07139365103361761,0.0,-0.871913486866092,1.6001335380881332,137.4413999983517
2,8,8,"(162.5, 12.5, 0.28824787881908587)",0.002514774290228933,0.0,-1.2981955631345303,1.4274951747896005,123.0189000016253
2,8,9,"(162.5, 12.5, 0.28824787881908587)",0.03426306117351381,549.4176635742188,-0.43278609135386287,1.5350350446464265,83.44899999792688
2,8,10,"(162.5, 37.5, 0.36885431762662557)",0.03458108569354901,0.0,-0.8761378482385246,1.45568506291695,138.8866000015696
2,8,11,"(162.5, 62.5, 0.47180880263826486)",0.008841867248216456,0.0,-1.324695324749914,1.337414105609745,122.35789999976987
2,8,12,"(162.5, 62.5, 0.47180880263826486)",0.05002807659944498,735.3117065429688,-0.4499311442093245,1.3808040777255954,88.83090000017546
2,8,13,"(162.5, 87.5, 0.6032065562571883)",0.09221653193127438,0.0,-0.9021026975537176,1.1774273737776622,136.44080000085523
2,8,14,"(162.5, 112.5, 0.7707480035341532)",0.014711031069363837,0.0,-1.3270638538827275,0.6875589234228812,122.39030000273488
2,8,15,"(162.5, 112.5, 0.7707480035341532)",0.09973442081024489,736.9420776367188,-0.4404522464636762,0.8586688491506334,86.54820000083419
2,8,16,"(162.5, 137.5, 0.9841255842166583)",0.10219264644230441,0.0,-0.8660650617213173,0.4019381534100106,135.74500000322587
2,8,17,"(162.5, 162.5, 1.2554782219517804)",0.0024684164673057793,0.0,-1.2761282490316324,0.0353604629476474,130.64389999999548
2,8,18,"(162.5, 162.5, 1.2554782219517804)",0.06551148062558416,737.3408813476562,-0.4230771899314972,0.2652091490380561,92.46700000221608
2,8,19,"(162.5, 187.5, 1.5999036101857014)",0.034756928708395696,0.0,-0.8418009151929424,0.1131138208302234,138.67219999883673
2,8,20,"(162.5, 162.5, 1.2554782219517804)",1.4839073022243662e-07,0.0,-1.264721489110967,0.006788470308368423,119.42509999789763
2,8,21,"(162.5, 162.5, 1.2554782219517804)",0.05735025717805359,737.3370361328125,-0.4229378482434704,0.23301693564145448,89.6286000024702
2,8,22,"(162.5, 137.5, 0.9841255842166583)",0.03676571214358971,0.0,-0.8485179585337144,0.11872961773355904,136.7790000003879
2,8,23,"(162.5, 162.5, 1.2554782219517804)",1.4839073221322175e-07,0.0,-1.2713836434696637,0.006646426114576854,125.60579999990296
2,8,24,"(162.5, 162.5, 1.2554782219517804)",0.06525211099192302,737.3452758789062,-0.4229406105022408,0.24471061360384994,85.92230000067502
2,8,25,"(162.5, 187.5, 1.5999036101857014)",0.033752748913000535,0.0,-0.8419181985132884,0.1180554406454032,140.2379999999539
2,8,26,"(187.5, 187.5, 1.6876002167496233)",0.0013519103328297848,0.0,-1.287192679214229,0.003817700771021351,122.71939999845927
2,8,27,"(187.5, 187.5, 1.6876002167496233)",0.044277334333501485,738.1048583984375,-0.44568446097488973,0.16164542967372794,88.95219999976689
2,8,28,"(187.5, 162.5, 1.3188200407831676)",0.0201602620587632,0.0,-0.8939602727330029,0.05617108860144533,139.60709999810206
2,8,29,"(162.5, 162.5, 1.2554782219517804)",1.4839073022206623e-07,0.0,-1.316899852233598,0.0026058579403062713,126.58229999942705
2,8,30,"(162.5, 162.5, 1.2554782219517804)",0.04655725404940707,737.3409423828125,-0.42287458547795903,0.19056605841656762,89.11689999877126
2,8,31,"(137.5, 162.5, 1.173168873178471)",0.05013887361527357,0.0,-0.8380403500011335,0.14286995779074985,139.52539999809233
2,8,32,"(162.5, 162.5, 1.2554782219517804)",0.002468416467294126,0.0,-1.2611551585838507,0.009431813756223276,131.30689999889
2,8,33,"(162.5, 162.5, 1.2554782219517804)",0.06364081568897825,737.3406982421875,-0.4229806381796419,0.2646716481823629,90.4396000005363
2,8,34,"(187.5, 162.5, 1.3188200407831676)",0.026744642350478742,0.0,-0.8715131477636684,0.08388597037622955,140.0900000007823
2,8,35,"(162.5, 162.5, 1.2554782219517804)",1.483907338156199e-07,0.0,-1.2942554091843934,0.004041809013412693,122.77009999888833
2,8,36,"(162.5, 162.5, 1.2554782219517804)",0.052200392285379475,737.3402709960938,-0.42289595687751563,0.20532749688500032,86.16470000197296
2,8,37,"(137.5, 162.5, 1.173168873178471)",0.0487919454065152,0.0,-0.8380974385849985,0.14576087748276123,139.5016000024043
2,8,38,"(137.5, 187.5, 1.486849047589336)",0.002654367126522747,0.0,-1.2548788528715906,0.0673874704764938,124.01099999988219
2,8,39,"(137.5, 187.5, 1.486849047589336)",0.08319992908301296,737.356689453125,-0.4176127159082151,0.6338687698504418,88.4738999993715
2,8,40,"(162.5, 187.5, 1.5999036101857014)",0.11740693879423375,0.0,-0.8482916204673372,0.44418666737626883,136.32140000117943
2,8,41,"(187.5, 187.5, 1.6876002167496233)",0.0013519103328364626,0.0,-1.280445063281184,0.035982949492614956,128.01309999849764
2,8,42,"(187.5, 187.5, 1.6876002167496233)",0.048105805997887593,738.106689453125,-0.4457393215599155,0.1773536272231611,85.26189999975031
2,8,43,"(212.5, 187.5, 1.743039893786265)",0.014469895636216635,0.0,-0.9620847315939471,0.049409312578575976,140.859700000874
2,8,44,"(187.5, 187.5, 1.6876002167496233)",-2.5611370801925663e-09,0.0,-1.4077564536901683,0.0012995307545363261,122.51860000105808
2,8,45,"(187.5, 187.5, 1.6876002167496233)",0.03058537618897421,738.1104125976562,-0.4456640308151694,0.12115133070338614,89.13210000173422
2,8,46,"(162.5, 187.5, 1.5999036101857014)",0.022254191349305667,0.0,-0.8640771260737883,0.0716830493046378,138.45170000058715
2,8,47,"(162.5, 162.5, 1.2554782219517804)",0.0012520048767272153,0.0,-1.2872095626016062,0.004228078773339357,123.19779999961611
2,8,48,"(162.5, 162.5, 1.2554782219517804)",0.05146452611936289,737.3406982421875,-0.4229047130282206,0.21546826297921504,87.2118999977829
2,8,49,"(187.5, 162.5, 1.3188200407831676)",0.025126028157822666,0.0,-0.8713723249678382,0.07654015003220614,138.9342000002216
2,8,50,"(187.5, 187.5, 1.6876002167496233)",0.0013519103328324378,0.0,-1.316859067456064,0.002101412663737013,125.8492999986629
2,8,51,"(187.5, 187.5, 1.6876002167496233)",0.03566001642256968,738.1084594726562,-0.4456708848409807,0.1413655625212788,88.67669999744976
2,8,52,"(187.5, 212.5, 2.1581048160551872)",0.020647504573531917,0.0,-0.881081091890535,0.0806489380948844,139.65900000039255
2,8,53,"(187.5, 187.5, 1.6876002167496233)",-2.5611351793461126e-09,0.0,-1.3267748451431722,0.0026002237829020115,121.20470000081696
2,8,54,"(187.5, 187.5, 1.6876002167496233)",0.036921962977283763,738.1080322265625,-0.4456765365922509,0.14411825730012734,86.59780000016326
2,8,55,"(187.5, 162.5, 1.3188200407831676)",0.013419718323487484,0.0,-0.8939248827447639,0.05263916417616196,139.1786999993201
2,8,56,"(162.5, 162.5, 1.2554782219517804)",1.4839073226782152e-07,0.0,-1.3168918560276848,0.002548698535787481,123.52180000016233
2,8,57,"(162.5, 162.5, 1.2554782219517804)",0.046773472167254464,737.33740234375,-0.42287364468390903,0.18998350532540553,89.91180000157328
2,8,58,"(162.5, 187.5, 1.5999036101857014)",0.032866680598440626,0.0,-0.8416679052828413,0.10593603848803758,138.7594000007084
2,8,59,"(162.5, 162.5, 1.2554782219517804)",1.4839073022206625e-07,0.0,-1.264700116458741,0.006636328231153936,123.2568999985233
2,8,60,"(162.5, 162.5, 1.2554782219517804)",0.05345960806023261,737.3485107421875,-0.4229360800051269,0.2319944513121876,88.3627000002889
2,8,61,"(187.5, 162.5, 1.3188200407831676)",0.022460048603474687,0.0,-0.8713992434868285,0.07809664284060841,136.56880000053206
2,8,62,"(187.5, 187.5, 1.6876002167496233)",-2.561137080192565e-09,0.0,-1.3168614415862305,0.0021178666206154483,131.93839999803458
2,8,63,"(187.5, 187.5, 1.6876002167496233)",0.03737843963594284,738.105224609375,-0.4456709932140488,0.14153486097591036,90.49379999851226
2,8,64,"(187.5, 212.5, 2.1581048160551872)",0.03172089157154283,0.0,-0.8810814117816665,0.08067580188753876,137.06110000202898
2,8,65,"(187.5, 187.5, 1.6876002167496233)",-2.5611370801925655e-09,0.0,-1.3267749122505976,0.0026005138678782992,123.64180000076885
2,8,66,"(187.5, 187.5, 1.6876002167496233)",0.0385288276041095,738.1185913085938,-0.4456765096118928,0.14412123296952337,86.58969999669353
2,8,67,"(212.5, 187.5, 1.743039893786265)",0.012347902532906912,0.0,-0.9620916677054105,0.050089235106222575,149.61519999997108
2,8,68,"(212.5, 212.5, 2.2358312589572185)",7.275975377051606e-10,0.0,-1.4814945503541248,0.0015299130325918538,127.54470000072615
2,8,69,"(212.5, 212.5, 2.2358312589572185)",0.028767202436659246,739.614990234375,-0.5193800695693723,0.1324503558834473,87.11290000064764
2,9,0,"(12.5, 12.5, 0.18196833376614466)",0.025650177077720864,361.98663330078125,-0.4400333392204605,2.3744152666824205,85.69699999861768
2,9,1,"(12.5, 37.5, 0.22749405581943968)",0.04469163637184669,0.0,-0.8829067320447588,2.3457329865544034,138.87329999852227
2,9,2,"(12.5, 62.5, 0.28363914902845005)",0.010443508625030141,0.0,-1.329315778651951,2.286725902251684,126.06339999911143
2,9,3,"(12.5, 62.5, 0.28363914902845005)",0.053807150582342415,547.8015747070312,-0.44638525926931805,2.2886222290135376,89.76330000223243
2,9,4,"(12.5, 87.5, 0.352540271786735)",0.0918486636336313,0.0,-0.8902160334000047,2.16662440990031,140.18750000104774
2,9,5,"(12.5, 112.5, 0.4366052607899271)",0.016017590959851294,0.0,-1.313782300939164,1.8747285216160923,123.76819999917643
2,9,6,"(12.5, 112.5, 0.4366052607899271)",0.0883293763349213,549.3082275390625,-0.4336808261532014,1.9836345286306423,85.38469999984954
2,9,7,"(12.5, 137.5, 0.5384650369387245)",0.09921779764192698,0.0,-0.8564998746412245,1.7410450414529912,139.38920000146027
2,9,8,"(37.5, 137.5, 0.6157193847862111)",0.009960696101179042,0.0,-1.2789245344176006,1.5375920312767288,121.90040000132285
2,9,9,"(37.5, 137.5, 0.6157193847862111)",0.08019322382274738,733.0440063476562,-0.4290133070392285,1.6926900097746695,86.88169999732054
2,9,10,"(37.5, 162.5, 0.7613493298921569)",0.05559141983767499,0.0,-0.8515926554127236,1.542905453742876,139.8652999996557
2,9,11,"(37.5, 187.5, 0.9366991161239089)",0.0028886683285236046,0.0,-1.2728216613753325,1.497864764979581,125.56020000192802
2,9,12,"(37.5, 187.5, 0.9366991161239089)",0.022895891432117135,733.103759765625,-0.42147280248109364,1.5216134418397658,84.64610000009998
2,9,13,"(62.5, 187.5, 1.074866029298603)",0.03653959161290476,0.0,-0.8442871616225078,1.4985500809660943,137.7639000020281
2,9,14,"(87.5, 187.5, 1.2167243398877836)",0.011393606662750163,0.0,-1.2749287646955774,1.4977789545650901,130.11310000001686
2,9,15,"(87.5, 187.5, 1.2167243398877836)",0.059812696613883574,736.5210571289062,-0.4304465586546159,1.504264535495318,85.85769999990589
2,9,16,"(112.5, 187.5, 1.356447175660002)",0.13736433854978042,0.0,-0.8760869195172014,1.4712757760125594,137.4909000005573
2,9,17,"(137.5, 187.5, 1.486849047589336)",0.030601553618915693,0.0,-1.327196094386002,1.2520235801345596,132.88589999865508
2,9,18,"(137.5, 187.5, 1.486849047589336)",0.15902841127737005,737.4209594726562,-0.44442407534542866,1.1752336623724222,85.97640000152751
2,9,19,"(162.5, 187.5, 1.5999036101857014)",0.13970114765150488,0.0,-0.8576112682962702,0.5498681607627685,137.28210000044783
2,9,20,"(162.5, 162.5, 1.2554782219517804)",0.0012520048767329633,0.0,-1.259755579304063,0.056678980316359984,125.4291999975976
2,9,21,"(162.5, 162.5, 1.2554782219517804)",0.06736631150781257,737.3405151367188,-0.4231318976887852,0.25741637411976337,86.70319999873755
2,9,22,"(187.5, 162.5, 1.3188200407831676)",0.02534104626687548,0.0,-0.8713008832227919,0.07242063304931395,137.41579999987152
2,9,23,"(212.5, 162.5, 1.3586399298398657)",2.3350488456674186e-07,0.0,-1.3737103105127402,0.017603869953057814,129.46649999867077
2,9,24,"(212.5, 162.5, 1.3586399298398657)",0.0372289259509739,738.0291748046875,-0.5023720200770722,0.35040787550589736,87.24209999854793
2,9,25,"(187.5, 162.5, 1.3188200407831676)",0.059975757833319494,0.0,-0.9542747451937976,0.19808650247892526,140.8917000007932
2,9,26,"(187.5, 187.5, 1.6876002167496233)",-2.561134858417539e-09,0.0,-1.3960726867209445,0.009193786963433153,121.80099999750382
2,9,27,"(187.5, 187.5, 1.6876002167496233)",0.037818999898701716,738.1052856445312,-0.44569305892098643,0.1339958534081383,87.1173000014096
2,9,28,"(162.5, 187.5, 1.5999036101857014)",0.021103060721141983,0.0,-0.8640107052931273,0.06383944622817765,139.53939999919385
2,9,29,"(187.5, 187.5, 1.6876002167496233)",-2.5611348726882665e-09,0.0,-1.3097898009634403,0.002105650827210062,122.24430000060238
2,9,30,"(187.5, 187.5, 1.6876002167496233)",0.03796507873200354,738.1056518554688,-0.4456732219260654,0.14850657723579902,86.71299999696203
2,9,31,"(187.5, 162.5, 1.3188200407831676)",0.017925575845588473,0.0,-0.8939491353441739,0.055066735188646077,137.0241000004171
2,9,32,"(187.5, 187.5, 1.6876002167496233)",-2.561137080192566e-09,0.0,-1.3395903554629833,0.0013375232954724722,122.78330000117421
2,9,33,"(187.5, 187.5, 1.6876002167496233)",0.03238863328643842,738.1119384765625,-0.44566486468086086,0.13149210468893338,85.98019999772077
2,9,34,"(187.5, 212.5, 2.1581048160551872)",0.02595858578544632,0.0,-0.8810635328059149,0.07909719897677207,139.60800000131712
2,9,35,"(187.5, 187.5, 1.6876002167496233)",-2.561135573674492e-09,0.0,-1.3267720107894316,0.0025813002479689946,122.86740000126883
2,9,36,"(187.5, 187.5, 1.6876002167496233)",0.03902796605740306,738.107666015625,-0.4456764076218647,0.14394899960490776,85.72590000039781
2,9,37,"(187.5, 162.5, 1.3188200407831676)",0.011217493021010126,0.0,-0.8939247053433564,0.05262242901211553,138.7935999991896
2,9,38,"(187.5, 187.5, 1.6876002167496233)",-2.5611341298180854e-09,0.0,-1.3395868928239878,0.0013145768976295243,119.39159999747062
2,9,39,"(187.5, 187.5, 1.6876002167496233)",0.034085460633132954,738.10986328125,-0.44566464552871576,0.13124898021656686,87.28920000066864
2,9,40,"(187.5, 212.5, 2.1581048160551872)",0.019375856976449148,0.0,-0.8810636274581272,0.07910693128647213,138.35219999964465
2,9,41,"(187.5, 187.5, 1.6876002167496233)",-2.5611355529168704e-09,0.0,-1.3267720462464907,0.002581450022939941,124.79880000319099
2,9,42,"(187.5, 187.5, 1.6876002167496233)",0.03551486144346585,738.109619140625,-0.44567640901751515,0.14394809535391054,89.5870999993349
2,9,43,"(187.5, 162.5, 1.3188200407831676)",0.01287747809081341,0.0,-0.8939246968666963,0.052621855852920854,137.65690000218456
2,9,44,"(187.5, 187.5, 1.6876002167496233)",-2.561137080192566e-09,0.0,-1.339586891706911,0.0013145718751395622,121.88700000115205
2,9,45,"(187.5, 187.5, 1.6876002167496233)",0.032811352994862326,738.111083984375,-0.4456646454613702,0.13124894727981315,84.79249999800231
2,9,46,"(162.5, 187.5, 1.5999036101857014)",0.025960631336110547,0.0,-0.8641266021154116,0.07647803501503338,137.7859999993234
2,9,47,"(187.5, 187.5, 1.6876002167496233)",-2.5611370801925655e-09,0.0,-1.309815079380431,0.002273505154889863,122.08610000016051
2,9,48,"(187.5, 187.5, 1.6876002167496233)",0.037163602905242385,738.1094970703125,-0.4456744918029203,0.1495962052597657,88.57710000302177
2,9,49,"(212.5, 187.5, 1.743039893786265)",0.014329545665797,0.0,-0.9621160622921248,0.05253688546129732,140.33379999818862
2,9,50,"(187.5, 187.5, 1.6876002167496233)",-2.5611370801925663e-09,0.0,-1.4077610233563311,0.0013303036224080365,129.3112999992445
2,9,51,"(187.5, 187.5, 1.6876002167496233)",0.03278989751321453,738.1026611328125,-0.44566429282945863,0.12133945465793632,88.70899999965332
2,9,52,"(162.5, 187.5, 1.5999036101857014)",0.025063161373460846,0.0,-0.8640763108252172,0.07160297788797898,139.60600000064005
2,9,53,"(187.5, 187.5, 1.6876002167496233)",-2.5611370801925655e-09,0.0,-1.3098060329061154,0.0022135970209993697,121.85659999886411
2,9,54,"(187.5, 187.5, 1.6876002167496233)",0.03788160272531156,738.1145629882812,-0.44567401419502173,0.14915388411869046,88.99419999943348
2,9,55,"(212.5, 187.5, 1.743039893786265)",0.010325572474158266,0.0,-0.9621160811035048,0.052535991465007696,139.67459999912535
2,9,56,"(212.5, 212.5, 2.2358312589572185)",7.275975377120586e-10,0.0,-1.4814984194621588,0.0015562128477284796,125.63130000125966
2,9,57,"(212.5, 212.5, 2.2358312589572185)",0.028990222968646447,739.61181640625,-0.5193803565368281,0.1327221174631099,84.93190000081086
2,9,58,"(187.5, 212.5, 2.1581048160551872)",0.018663162213057465,0.0,-0.9547721486414141,0.07967058417863125,138.96939999904134
2,9,59,"(212.5, 212.5, 2.2358312589572185)",7.276011092662887e-10,0.0,-1.4742798033195963,0.0032504171809798364,127.93800000144984
2,9,60,"(212.5, 212.5, 2.2358312589572185)",0.03342998920558938,739.6063842773438,-0.5193985682420476,0.1596002041598299,88.86459999848739
2,9,61,"(237.5, 212.5, 2.261871450534782)",0.010937408806211316,0.0,-1.2327942487237085,0.10734279358544019,137.91069999933825
2,9,62,"(212.5, 212.5, 2.2358312589572185)",7.275980672650521e-10,0.0,-1.7523489065228295,0.005085800657707782,120.31370000113384
2,9,63,"(212.5, 212.5, 2.2358312589572185)",0.03576579274919845,739.5994873046875,-0.5194133523003315,0.1600758828241713,85.42110000053071
2,9,64,"(187.5, 212.5, 2.1581048160551872)",0.01897578127885546,0.0,-0.9547904498297146,0.08139592796306987,138.69100000010803
2,9,65,"(187.5, 187.5, 1.6876002167496233)",-2.5611355528769908e-09,0.0,-1.4005148651519579,0.002819349423912718,122.81889999940176
2,9,66,"(187.5, 187.5, 1.6876002167496233)",0.03709207665468675,738.109619140625,-0.4456780739808846,0.14627614222958574,86.15220000137924
2,9,67,"(212.5, 187.5, 1.743039893786265)",0.01967936814965494,0.0,-0.9620941815522341,0.05035734798940481,141.53649999934714
2,9,68,"(187.5, 187.5, 1.6876002167496233)",-2.5611370801925663e-09,0.0,-1.4077580124861944,0.0013097569464117639,119.25350000092294
2,9,69,"(187.5, 187.5, 1.6876002167496233)",0.0309779561264163,738.1105346679688,-0.44566413481279854,0.1211235031780185,84.50290000109817
2,0,0,"(137.5, 362.5, 6.88289330546234)",0.0815665097893069,737.7263793945312,-3.357596138231333,1.5275506185799423,86.69779999763705
2,0,1,"(162.5, 362.5, 8.044975170611863)",0.007568394071703916,0.0,-7.276139643115216,0.11517951594969168,123.69250000119791
2,0,2,"(187.5, 362.5, 9.103110310900643)",-3.8805107275644936e-11,0.0,-11.267118043943608,0.0005209878254909796,124.09550000302261
2,0,3,"(187.5, 362.5, 9.103110310900643)",0.0010663376989917936,743.5701904296875,-3.9913259286766576,0.001061699202613696,88.19740000035381
2,0,4,"(212.5, 362.5, 9.863883753989105)",0.056703894540744676,0.0,-7.183509373444693,0.03778497139130122,122.13040000278852
2,0,5,"(187.5, 362.5, 9.103110310900643)",-3.8805107275644936e-11,0.0,-11.174968647019089,2.193729960778581e-07,122.10560000312398
2,0,6,"(187.5, 362.5, 9.103110310900643)",0.0009298481144081836,743.5701904296875,-3.991325928676566,0.0009468714714625405,86.01510000153212
2,0,7,"(187.5, 387.5, 11.364582883745452)",0.1189375416343011,0.0,-7.944779099458996,0.08718851514247515,136.36089999999967
2,0,8,"(162.5, 387.5, 9.797797492156253)",-2.2315362002694514e-07,0.0,-12.416875437987429,0.4029750307995479,175.23589999836986
2,0,9,"(162.5, 387.5, 9.797797492156253)",0.027252312054074197,740.7197265625,-7.201305227772411,0.03905398764128304,86.7541000006895
2,0,10,"(162.5, 412.5, 11.634380720059667)",0.023338821456260345,0.0,-13.952614463170601,0.015115432942020706,139.79549999930896
2,0,11,"(162.5, 387.5, 9.797797492156253)",0.2925572612952061,0.0,-14.872537097673218,0.3461302062533778,142.7045000018552
2,0,12,"(162.5, 387.5, 9.797797492156253)",0.10053335627514301,740.7838745117188,-7.201933884837349,0.14829313181919584,86.5680999995675
2,0,13,"(137.5, 387.5, 8.184609533832969)",1.7786406217821177e-06,0.0,-12.724123864895272,0.00017661065599432224,140.4949999996461
2,0,14,"(137.5, 387.5, 8.184609533832969)",3.8727497061093647e-07,0.0,-18.246946404136484,9.003644363398038e-07,127.74899999931222
2,0,15,"(137.5, 387.5, 8.184609533832969)",0.0019961518087836102,739.0115356445312,-5.522822893943852,0.015339525675497047,85.86490000016056
2,0,16,"(162.5, 387.5, 9.797797492156253)",1.2560517159804167e-06,0.0,-12.724123882541067,2.0599776706787537e-05,121.60600000061095
2,0,17,"(162.5, 412.5, 11.634380720059667)",8.112362514660363e-07,0.0,-10.37842164639883,0.0992360530128717,132.00420000066515
2,0,18,"(162.5, 412.5, 11.634380720059667)",1.003517439074767,767.3812866210938,-10.305538347262095,1.4404624709987686,121.56590000085998
2,0,19,"(137.5, 412.5, 9.458994007438445)",0.6233228743344962,0.0,-8.98745502634753,0.12441253594420656,145.3868999997212
2,0,20,"(112.5, 412.5, 7.580708003809701)",0.0933592252226101,0.0,-10.875531781648505,0.17623564313993997,149.2158000000927
2,0,21,"(112.5, 412.5, 7.580708003809701)",0.018937908473326888,737.3414306640625,-5.639474556064486,0.014130898574741983,89.5405999981449
2,0,22,"(137.5, 412.5, 9.458994007438445)",1.6199429928623622e-06,0.0,-14.025173130042697,0.0002415326525769082,122.77370000083465
2,0,23,"(162.5, 412.5, 11.634380720059667)",0.00594816844177915,0.0,-10.078550757709735,0.0029653208360235126,129.91990000227815
2,0,24,"(162.5, 412.5, 11.634380720059667)",1.3735306456431298,645.638916015625,-2.4554990618875667,0.5145689123755854,86.38459999929182
2,0,25,"(137.5, 412.5, 9.458994007438445)",1.0129108067201125,0.0,-4.523469503380595,0.31023563665443893,122.1070999999938
2,0,26,"(137.5, 387.5, 8.184609533832969)",0.058071542342010035,0.0,-10.03189282805219,0.14686904177525018,139.03840000057244
2,0,27,"(137.5, 387.5, 8.184609533832969)",0.00035838064448784134,739.0115356445312,-5.5228227318145935,0.0049426210095640626,88.19550000043819
2,0,28,"(137.5, 362.5, 6.88289330546234)",0.005312438898568583,0.0,-8.880439642209897,0.09260849321832508,136.71049999902607
2,0,29,"(137.5, 337.5, 5.675677129206918)",0.02598751833041661,0.0,-10.344402350145305,0.5963374019988052,125.37919999886071
2,0,30,"(137.5, 337.5, 5.675677129206918)",0.09809029022998986,739.95068359375,-1.2081352162582766,0.6681126091843672,86.96290000079898
2,0,31,"(137.5, 312.5, 4.617102976724376)",0.055257532033817364,0.0,-1.6055123045074224,0.11359377097616517,130.86850000036065
2,0,32,"(137.5, 287.5, 3.720264207629609)",0.1102030873297765,0.0,-2.7676965024003053,0.2919279436002998,122.91980000009062
2,0,33,"(137.5, 287.5, 3.720264207629609)",0.8157196990433455,740.8766479492188,-0.8874207159191627,1.5196492594651503,88.14759999950184
2,0,34,"(137.5, 262.5, 2.9770964423387296)",0.01246817282757913,0.0,-1.2626555445966354,0.524973317437723,145.5351000004157
2,0,35,"(137.5, 287.5, 3.720264207629609)",0.003960505438343959,0.0,-2.0099032994917616,0.3154581563057366,123.9573000020755
2,0,36,"(137.5, 287.5, 3.720264207629609)",0.051184204702551646,738.2882080078125,-0.7322476304521218,0.6484918616484383,85.66170000267448
2,0,37,"(162.5, 287.5, 4.140142738102741)",0.2082010340068483,0.0,-1.3725447297780562,0.5126076157000351,135.98669999919366
2,0,38,"(162.5, 262.5, 3.2775456166337156)",0.0005807028307275424,0.0,-1.8381038678770438,0.17552020606249757,123.62450000000536
2,0,39,"(162.5, 262.5, 3.2775456166337156)",0.03502017476842437,738.6953125,-0.475527815533988,0.9214860433416784,89.0819999985979
2,0,40,"(162.5, 287.5, 4.140142738102741)",0.06965974968631158,0.0,-1.1248825342195818,0.5731766410820226,137.85220000136178
2,0,41,"(162.5, 312.5, 5.206150757863988)",0.005524151648093319,0.0,-2.157048689438873,0.12396314009464862,120.87729999984731
2,0,42,"(162.5, 312.5, 5.206150757863988)",0.3473489382996289,738.9597778320312,-0.8294829882806664,1.5237656662512564,124.212599999737
2,0,43,"(162.5, 287.5, 4.140142738102741)",0.8991451150291698,0.0,-1.3470210799662872,1.2961051157731294,138.43120000092313
2,0,44,"(162.5, 262.5, 3.2775456166337156)",0.00016609294107157468,0.0,-2.0928813771565387,0.33358510985912426,168.731800000387
2,0,45,"(162.5, 262.5, 3.2775456166337156)",0.02487493938217043,738.9031982421875,-0.47132346916890083,0.5969529489831692,84.83899999919231
2,0,46,"(162.5, 287.5, 4.140142738102741)",0.06588383725907669,0.0,-1.1201855892687458,0.4973872823329986,137.7107000007527
2,0,47,"(162.5, 312.5, 5.206150757863988)",0.009429765865184672,0.0,-2.1564369123142413,0.12446275904308521,121.35549999948125
2,0,48,"(162.5, 312.5, 5.206150757863988)",0.34807556222025,738.9025268554688,-0.8260089946252958,1.5252886122150502,122.29509999815491
2,0,49,"(162.5, 287.5, 4.140142738102741)",0.9020943313540544,0.0,-1.3467594676529198,1.2945617614476232,136.03650000004563
2,0,50,"(162.5, 262.5, 3.2775456166337156)",3.3691149535038994e-05,0.0,-2.092768233823653,0.3338401210692581,166.1069999972824
2,0,51,"(162.5, 262.5, 3.2775456166337156)",0.022724403142573055,738.91552734375,-0.47132297612626656,0.5968863796846933,87.64720000181114
2,0,52,"(162.5, 287.5, 4.140142738102741)",0.0713722168881718,0.0,-1.1201845045696897,0.4973690369921506,138.97109999743407
2,0,53,"(162.5, 312.5, 5.206150757863988)",0.010178877040718829,0.0,-2.156436700599926,0.1244628913946502,123.13129999893135
2,0,54,"(162.5, 312.5, 5.206150757863988)",0.34661283881058974,738.9404296875,-0.8260080398189739,1.525289000943876,120.82329999975627
2,0,55,"(162.5, 287.5, 4.140142738102741)",0.8993905739776659,0.0,-1.3467593704867917,1.2945613398100364,138.72210000045015
2,0,56,"(162.5, 262.5, 3.2775456166337156)",6.699027532427531e-05,0.0,-2.0927682363115876,0.3338402468688397,167.05480000018724
2,0,57,"(162.5, 262.5, 3.2775456166337156)",0.024033625891498583,738.908935546875,-0.47132297612626656,0.596886388776768,86.37539999836008
2,0,58,"(162.5, 287.5, 4.140142738102741)",0.08053498102274637,0.0,-1.1201845045696897,0.49736903699215057,139.52449999851524
2,0,59,"(162.5, 312.5, 5.206150757863988)",0.004297011531906712,0.0,-2.1564367005999254,0.12446289139465018,127.60680000064895
2,0,60,"(162.5, 312.5, 5.206150757863988)",0.34737130932884297,738.8441162109375,-0.826008039818974,1.5252890046447394,124.89060000007157
2,0,61,"(162.5, 287.5, 4.140142738102741)",0.890402870795786,0.0,-1.3467593704867915,1.2945613398100357,136.4428000015323
2,0,62,"(162.5, 262.5, 3.2775456166337156)",6.69108024644408e-05,0.0,-2.0927682363115876,0.3338402468688396,168.79210000115563
2,0,63,"(162.5, 262.5, 3.2775456166337156)",0.025961785504351704,738.8988647460938,-0.4713229761262666,0.5968863797298047,86.48510000057286
2,0,64,"(162.5, 287.5, 4.140142738102741)",0.06848946333195144,0.0,-1.1201845045696897,0.4973690369921505,139.35919999858015
2,0,65,"(162.5, 312.5, 5.206150757863988)",0.009051316107286538,0.0,-2.156436700599926,0.12446289139465021,123.75690000044415
2,0,66,"(162.5, 312.5, 5.206150757863988)",0.34742140962775336,738.9000244140625,-0.8260080398189739,1.5252890009740934,122.10290000075474
2,0,67,"(162.5, 287.5, 4.140142738102741)",0.8896046006906941,0.0,-1.3467593704867917,1.294561339810036,136.26229999863426
2,0,68,"(162.5, 262.5, 3.2775456166337156)",0.00016609294107134496,0.0,-2.0927682363115876,0.3338402468688396,170.54020000068704
2,0,69,"(162.5, 262.5, 3.2775456166337156)",0.024471018083906535,738.9119262695312,-0.47132297612626656,0.5968863693456801,84.60920000288752
2,1,0,"(137.5, 362.5, 6.88289330546234)",0.08089011958301416,737.7434692382812,-3.3575961382313335,1.527550616792177,87.02059999995981
2,1,1,"(162.5, 362.5, 8.044975170611863)",0.011606598962396873,0.0,-7.276139643115218,0.11517951594969168,120.89750000086497
2,1,2,"(187.5, 362.5, 9.103110310900643)",-3.8805107275644936e-11,0.0,-11.267118043943608,0.0005209878254909796,122.2172000016144
2,1,3,"(187.5, 362.5, 9.103110310900643)",0.0013544170000370378,743.5701904296875,-3.9913259286766585,0.001061696293012057,87.14390000022831
2,1,4,"(187.5, 337.5, 7.2238068944948735)",9.840449205265916e-07,0.0,-5.767903575228152,5.5080011727449376e-05,137.25930000146036
2,1,5,"(162.5, 337.5, 6.503826249283008)",5.493250985940299e-07,0.0,-7.795061265642151,3.7168726146712476e-05,124.95790000320994
2,1,6,"(162.5, 337.5, 6.503826249283008)",0.01622677250972249,740.617431640625,-2.0271575949081613,0.1410568708087838,86.09459999934188
2,1,7,"(187.5, 337.5, 7.2238068944948735)",0.01124694055416218,0.0,-3.8038574841500914,0.04935510178275298,123.74799999815878
2,1,8,"(212.5, 337.5, 7.7206787211523045)",-2.3976220594098174e-07,0.0,-4.960109882900554,7.380984391027959e-05,127.87920000118902
2,1,9,"(212.5, 337.5, 7.7206787211523045)",0.0019017512668151866,747.119873046875,-1.1563744852294864,0.0030552501926353857,84.8206000009668
2,1,10,"(187.5, 337.5, 7.2238068944948735)",9.840449239910538e-07,0.0,-2.9329521336267987,0.00020681638988936924,139.82889999897452
2,1,11,"(162.5, 337.5, 6.503826249283008)",5.493250985940298e-07,0.0,-4.960109843659711,0.0001400536989750425,127.91169999763952
2,1,12,"(162.5, 337.5, 6.503826249283008)",0.021866568596784774,740.5964965820312,-2.0271576132897673,0.18765662679720155,86.2972000031732
2,1,13,"(187.5, 337.5, 7.2238068944948735)",0.00962929603726577,0.0,-3.8038819390048615,0.05517770284860113,120.67849999948521
2,1,14,"(212.5, 337.5, 7.7206787211523045)",-2.397622059409817e-07,0.0,-4.960109839339695,7.8703959583029e-05,125.08700000034878
2,1,15,"(212.5, 337.5, 7.7206787211523045)",0.0019102495546714543,747.119873046875,-1.1563744852296154,0.003059765121323094,87.56890000222484
2,1,16,"(187.5, 337.5, 7.2238068944948735)",9.84044920286866e-07,0.0,-2.932952133632911,0.00020715336694443788,147.61379999981727
2,1,17,"(162.5, 337.5, 6.503826249283008)",5.493250985940298e-07,0.0,-4.96010985561304,0.00014009804582910406,132.52590000047348
2,1,18,"(162.5, 337.5, 6.503826249283008)",0.022118855890684123,740.5926513671875,-2.0271576942106733,0.18767065733507288,85.61940000072354
2,1,19,"(187.5, 337.5, 7.2238068944948735)",0.007589480651106866,0.0,-3.803882100285964,0.05517932230769693,124.74789999760105
2,1,20,"(212.5, 337.5, 7.7206787211523045)",-2.3976220594098164e-07,0.0,-4.960109839671588,7.870522053639341e-05,127.59319999895524
2,1,21,"(212.5, 337.5, 7.7206787211523045)",0.0016468395472017284,747.119873046875,-1.1563744852296154,0.003059755713191555,90.19249999983003
2,1,22,"(237.5, 337.5, 7.894671343450355)",0.014976612289257368,0.0,-1.6510594968545926,0.021074155966995103,124.0626999970118
2,1,23,"(212.5, 337.5, 7.7206787211523045)",-2.397622059409817e-07,0.0,-2.8074367799675706,4.425836098348066e-05,123.62179999763612
2,1,24,"(212.5, 337.5, 7.7206787211523045)",0.01126200297708935,747.119873046875,-1.1563745781493013,0.01649310609366641,84.32009999887669
2,1,25,"(212.5, 362.5, 9.863883753989105)",1.1455526982474735,0.0,-3.0921234721895434,0.8673625137194849,104.4938999984879
2,1,26,"(187.5, 362.5, 9.103110310900643)",-3.880510727564398e-11,0.0,-8.339720875573567,0.0028988456317401057,142.63719999871682
2,1,27,"(187.5, 362.5, 9.103110310900643)",0.0015102174343772099,743.5701904296875,-3.991325928676798,0.0011178374142418036,92.94280000176514
2,1,28,"(162.5, 362.5, 8.044975170611863)",1.2125593581945254e-06,0.0,-7.909525855431841,2.9406405433871896e-05,137.447200002498
2,1,29,"(162.5, 337.5, 6.503826249283008)",5.493250985940298e-07,0.0,-9.936683626436952,2.3339687665139226e-05,129.54610000087996
2,1,30,"(162.5, 337.5, 6.503826249283008)",0.014268532579733938,740.608154296875,-2.0271577138273753,0.1277481526225605,84.1500000024098
2,1,31,"(137.5, 337.5, 5.675677129206918)",0.12197301309516981,0.0,-3.266562726191028,1.0315065381814006,136.72550000046613
2,1,32,"(137.5, 312.5, 4.617102976724376)",0.0013096070227568797,0.0,-3.6337707795745877,0.07853067955340612,124.36289999823202
2,1,33,"(137.5, 312.5, 4.617102976724376)",0.07674911167510283,743.2821044921875,-0.41423772906497996,0.24194073823897436,86.17439999943599
2,1,34,"(137.5, 287.5, 3.720264207629609)",1.118951599614585,0.0,-1.4682478021888947,1.0990852272088525,138.73489999969024
2,1,35,"(137.5, 262.5, 2.9770964423387296)",0.00013571458597040414,0.0,-2.369285221762025,0.19310303968668271,171.15669999839156
2,1,36,"(137.5, 262.5, 2.9770964423387296)",0.014581147645203928,738.015869140625,-0.5312184565113965,0.754032272915711,87.46379999865894
2,1,37,"(137.5, 287.5, 3.720264207629609)",0.04532684471991166,0.0,-1.2773780343938905,0.6780146137434256,139.19650000025285
2,1,38,"(137.5, 312.5, 4.617102976724376)",0.005791081736467858,0.0,-2.398972960165481,0.1017015265187829,118.90000000130385
2,1,39,"(137.5, 312.5, 4.617102976724376)",0.5061127481186753,739.0325317382812,-0.9521760958948997,1.4567559421973124,122.63410000014119
2,1,40,"(137.5, 287.5, 3.720264207629609)",1.046353743397636,0.0,-1.4183830242438247,1.3259094448743103,141.7408000015712
2,1,41,"(137.5, 262.5, 2.9770964423387296)",0.00023449936027933075,0.0,-2.3817462885798792,0.16404692474029647,168.5615999995207
2,1,42,"(137.5, 262.5, 2.9770964423387296)",0.016574366097526147,737.9978637695312,-0.531576881255029,0.7831184956882865,86.09879999858094
2,1,43,"(137.5, 287.5, 3.720264207629609)",0.04624948514935313,0.0,-1.2779502318496698,0.6861035425936963,137.3734999979206
2,1,44,"(137.5, 312.5, 4.617102976724376)",0.0029585097606049182,0.0,-2.399003224668835,0.1021288411779521,120.04320000050939
2,1,45,"(137.5, 312.5, 4.617102976724376)",0.5071307837171327,739.048828125,-0.952483221231813,1.4563148175992409,123.48209999981918
2,1,46,"(137.5, 287.5, 3.720264207629609)",1.0312233058401665,0.0,-1.4184085194952731,1.3259452550036415,142.74089999889839
2,1,47,"(137.5, 262.5, 2.9770964423387296)",6.824212808561243e-05,0.0,-2.3817487809137905,0.1640415474062453,168.06029999861494
2,1,48,"(137.5, 262.5, 2.9770964423387296)",0.015756517521444333,738.005615234375,-0.5315769671488858,0.7831258783593233,85.6604000000516
2,1,49,"(137.5, 287.5, 3.720264207629609)",0.04559730242977555,0.0,-1.277950350741936,0.6861056079424874,135.51060000099824
2,1,50,"(137.5, 312.5, 4.617102976724376)",0.005055957473803178,0.0,-2.3990032474274727,0.10212892202523188,120.98469999909867
2,1,51,"(137.5, 312.5, 4.617102976724376)",0.5077620309514099,739.0221557617188,-0.952483320743982,1.4563146798079352,120.61489999905461
2,1,52,"(137.5, 287.5, 3.720264207629609)",1.032646352878726,0.0,-1.418408556186826,1.3259452373230156,144.75239999956102
2,1,53,"(137.5, 262.5, 2.9770964423387296)",0.00020183601494222768,0.0,-2.3817487792847394,0.16404153521247972,170.3945000008389
2,1,54,"(137.5, 262.5, 2.9770964423387296)",0.015724249641692462,738.0028076171875,-0.5315769671488859,0.7831258695088255,82.70350000020699
2,1,55,"(137.5, 287.5, 3.720264207629609)",0.04586714499210007,0.0,-1.277950350741936,0.6861056079424875,137.48359999954118
2,1,56,"(137.5, 312.5, 4.617102976724376)",0.0025917426683054142,0.0,-2.3990032474274723,0.10212892202523188,122.12540000109584
2,1,57,"(137.5, 312.5, 4.617102976724376)",0.5075341402132939,739.017822265625,-0.952483320743982,1.4563146789430081,123.45360000108485
2,1,58,"(137.5, 287.5, 3.720264207629609)",1.0347042031511051,0.0,-1.4184085561868258,1.3259452373230152,146.34669999941252
2,1,59,"(137.5, 262.5, 2.9770964423387296)",6.824212808556408e-05,0.0,-2.38174877928474,0.16404153521247972,168.35310000169557
2,1,60,"(137.5, 262.5, 2.9770964423387296)",0.015284540705709412,738.0059204101562,-0.5315769671488859,0.7831258792958065,84.95630000106758
2,1,61,"(137.5, 287.5, 3.720264207629609)",0.04680005235835166,0.0,-1.277950350741936,0.6861056079424875,139.3035000000964
2,1,62,"(137.5, 312.5, 4.617102976724376)",0.0013157264329645582,0.0,-2.3990032474274723,0.10212892202523187,123.66180000026361
2,1,63,"(137.5, 312.5, 4.617102976724376)",0.5099105620929791,739.0214233398438,-0.9524833207439819,1.456314705887848,126.85159999819007
2,1,64,"(137.5, 287.5, 3.720264207629609)",1.030105244338758,0.0,-1.4184085561868258,1.3259452373230154,145.9474000002956
2,1,65,"(137.5, 262.5, 2.9770964423387296)",0.00021820742404047127,0.0,-2.3817487792847394,0.16404153521247974,172.33889999988605
2,1,66,"(137.5, 262.5, 2.9770964423387296)",0.015638988065889176,738.0037841796875,-0.5315769671488859,0.7831258703501232,88.46070000072359
2,1,67,"(137.5, 287.5, 3.720264207629609)",0.049135016336171886,0.0,-1.277950350741936,0.6861056079424876,139.35399999900255
2,1,68,"(137.5, 312.5, 4.617102976724376)",0.0073539155224694635,0.0,-2.399003247427473,0.10212892202523191,122.57810000301106
2,1,69,"(137.5, 312.5, 4.617102976724376)",0.5097556048574321,738.9830322265625,-0.9524833207439821,1.4563146924028751,120.30659999800264
2,2,0,"(137.5, 362.5, 6.88289330546234)",0.08129855986641224,737.7352905273438,-3.3575961382313335,1.527550622547317,86.34069999970961
2,2,1,"(162.5, 362.5, 8.044975170611863)",0.010625970195378719,0.0,-7.276139643115217,0.11517951594969167,121.8406000007235
2,2,2,"(187.5, 362.5, 9.103110310900643)",-3.8805107275644936e-11,0.0,-11.267118043943608,0.0005209878254909796,123.70929999815417
2,2,3,"(187.5, 362.5, 9.103110310900643)",0.0006387804598889664,743.5701904296875,-3.9913259286766585,0.0010616990131317842,85.9323000004224
2,2,4,"(212.5, 362.5, 9.863883753989105)",0.04553214442828664,0.0,-7.183509373444691,0.037784971391301284,122.84530000033556
2,2,5,"(187.5, 362.5, 9.103110310900643)",-3.8805107275635236e-11,0.0,-11.17496864701909,2.1937299508064542e-07,124.1306000010809
2,2,6,"(187.5, 362.5, 9.103110310900643)",0.0008578287929517799,743.5701904296875,-3.991325928676565,0.0009468708757378566,88.90850000170758
2,2,7,"(187.5, 337.5, 7.2238068944948735)",9.840449205265916e-07,0.0,-5.767903575172552,3.839229238357976e-05,138.189199999033
2,2,8,"(162.5, 337.5, 6.503826249283008)",5.493250985940299e-07,0.0,-7.795061207819239,3.3711443766441863e-05,127.79969999974128
2,2,9,"(162.5, 337.5, 6.503826249283008)",0.016859116093344326,740.6223754882812,-2.0271576386494625,0.13812526085929147,88.78059999915422
2,2,10,"(162.5, 312.5, 5.206150757863988)",0.2960002193334206,0.0,-2.6458035749074695,1.2350096653958662,134.5484999983455
2,2,11,"(162.5, 287.5, 4.140142738102741)",0.1311403115590373,0.0,-3.33962064282277,0.8477392283348966,123.98160000157077
2,2,12,"(162.5, 287.5, 4.140142738102741)",0.7186214801924631,741.5192260742188,-0.7243915505408764,1.535366284287326,89.46269999796641
2,2,13,"(162.5, 262.5, 3.2775456166337156)",0.014162443625647607,0.0,-1.1093801923344444,0.3548751202481333,147.88039999984903
2,2,14,"(162.5, 287.5, 4.140142738102741)",0.003836467862122707,0.0,-1.7590292774955913,0.15942267267748636,129.24930000008317
2,2,15,"(162.5, 287.5, 4.140142738102741)",0.09745258353896859,739.416259765625,-0.6390569018414997,0.5818227883232165,88.01239999957033
2,2,16,"(137.5, 287.5, 3.720264207629609)",0.24359191880371672,0.0,-1.374659328098283,0.5424080528516505,139.8942999985593
2,2,17,"(137.5, 262.5, 2.9770964423387296)",0.00044025457464180235,0.0,-1.8975818774692197,0.19963018434351437,126.00359999851207
2,2,18,"(137.5, 262.5, 2.9770964423387296)",0.01818992552925482,737.9421997070312,-0.534575282792053,0.9662491674881358,88.2277000018803
2,2,19,"(137.5, 287.5, 3.720264207629609)",0.04766053413763181,0.0,-1.2814259973392899,0.7331726768065479,141.23539999854984
2,2,20,"(137.5, 312.5, 4.617102976724376)",0.0016811426418631107,0.0,-2.3992078128961465,0.10441686471258935,132.73990000016056
2,2,21,"(137.5, 312.5, 4.617102976724376)",0.5061011159447661,738.9614868164062,-0.9554340408211919,1.4518120483017725,129.2856000000029
2,2,22,"(137.5, 287.5, 3.720264207629609)",1.0362939930477146,0.0,-1.4186559249462993,1.3262516216579867,145.61400000093272
2,2,23,"(137.5, 262.5, 2.9770964423387296)",0.00011894581257390479,0.0,-2.381772368337165,0.16397600978509141,180.5339999991702
2,2,24,"(137.5, 262.5, 2.9770964423387296)",0.015435639026647503,737.9970703125,-0.531577507082337,0.7831687864710669,87.00599999792757
2,2,25,"(137.5, 287.5, 3.720264207629609)",0.04878530244878895,0.0,-1.2779512061913771,0.6861173990841023,138.3748000007472
2,2,26,"(137.5, 312.5, 4.617102976724376)",0.002405537758025683,0.0,-2.3990032538592687,0.10212951773695136,123.86719999994966
2,2,27,"(137.5, 312.5, 4.617102976724376)",0.5105709792098222,739.1165161132812,-0.9524840607497268,1.456313588911761,123.40860000040266
2,2,28,"(137.5, 287.5, 3.720264207629609)",1.031874286037234,0.0,-1.4184086352735314,1.3259453737434945,144.81099999829894
2,2,29,"(137.5, 262.5, 2.9770964423387296)",0.00018538513298458663,0.0,-2.381748784683919,0.1640415639504259,169.10330000246176
2,2,30,"(137.5, 262.5, 2.9770964423387296)",0.015935776932247406,737.998046875,-0.5315769400971697,0.7831261777658105,87.40300000135903
2,2,31,"(137.5, 287.5, 3.720264207629609)",0.04791283603888268,0.0,-1.2779503821873357,0.6861056886529505,137.47270000021672
2,2,32,"(137.5, 312.5, 4.617102976724376)",0.0033228133494619594,0.0,-2.3990032498891165,0.1021289220252319,121.96740000217687
2,2,33,"(137.5, 312.5, 4.617102976724376)",0.5123899386785108,739.1099243164062,-0.952483320743982,1.456314703776918,130.33180000275024
2,2,34,"(137.5, 287.5, 3.720264207629609)",1.0229053344319265,0.0,-1.4184085561868256,1.3259452373230152,144.17689999754657
2,2,35,"(137.5, 262.5, 2.9770964423387296)",0.00018538513298475753,0.0,-2.3817487792847403,0.16404153521247977,170.2545000007376
2,2,36,"(137.5, 262.5, 2.9770964423387296)",0.015497351844195376,738.0078735351562,-0.5315769671488859,0.7831258721486701,86.56239999982063
2,2,37,"(137.5, 287.5, 3.720264207629609)",0.046441179700320634,0.0,-1.277950350741936,0.6861056079424875,137.97260000137612
2,2,38,"(137.5, 312.5, 4.617102976724376)",0.004204723673555745,0.0,-2.3990032474274727,0.1021289220252319,123.03410000095027
2,2,39,"(137.5, 312.5, 4.617102976724376)",0.5069826971471277,739.0679321289062,-0.952483320743982,1.4563146885188707,121.26290000014706
2,2,40,"(137.5, 287.5, 3.720264207629609)",1.0321257023832846,0.0,-1.4184085561868258,1.3259452373230152,146.0293999989517
2,2,41,"(137.5, 262.5, 2.9770964423387296)",0.00021820742404065013,0.0,-2.3817487792847403,0.16404153521247977,173.5073999989254
2,2,42,"(137.5, 262.5, 2.9770964423387296)",0.01579668391841793,738.0147705078125,-0.5315769671488859,0.7831258765137509,85.42409999790834
2,2,43,"(137.5, 287.5, 3.720264207629609)",0.04976880513086362,0.0,-1.277950350741936,0.6861056079424876,147.8365999973903
2,2,44,"(137.5, 312.5, 4.617102976724376)",0.005055957473808002,0.0,-2.3990032474274727,0.10212892202523188,130.30289999733213
2,2,45,"(137.5, 312.5, 4.617102976724376)",0.5101557905204691,739.11865234375,-0.952483320743982,1.4563146988818252,122.37789999926463
2,2,46,"(137.5, 287.5, 3.720264207629609)",1.0428203167656256,0.0,-1.4184085561868256,1.3259452373230152,143.2593999998062
2,2,47,"(137.5, 262.5, 2.9770964423387296)",0.00020183601494249814,0.0,-2.38174877928474,0.16404153521247972,178.05139999836683
2,2,48,"(137.5, 262.5, 2.9770964423387296)",0.015336780400214354,738.0042114257812,-0.5315769671488857,0.7831258709671005,85.59859999877517
2,2,49,"(137.5, 287.5, 3.720264207629609)",0.04730102715995588,0.0,-1.277950350741936,0.6861056079424875,137.54400000107125
2,2,50,"(137.5, 312.5, 4.617102976724376)",0.0038370822245811483,0.0,-2.3990032474274723,0.10212892202523187,127.61599999794271
2,2,51,"(137.5, 312.5, 4.617102976724376)",0.5057802737064092,739.0188598632812,-0.952483320743982,1.4563146895079095,122.17479999890202
2,2,52,"(137.5, 287.5, 3.720264207629609)",1.0276100054986883,0.0,-1.4184085561868258,1.3259452373230152,147.402400001738
2,2,53,"(137.5, 262.5, 2.9770964423387296)",0.0002182074240407971,0.0,-2.38174877928474,0.16404153521247972,169.9332999996841
2,2,54,"(137.5, 262.5, 2.9770964423387296)",0.015500445057857982,737.9926147460938,-0.5315769671488859,0.7831258714283837,86.63119999982882
2,2,55,"(137.5, 287.5, 3.720264207629609)",0.04675677653250627,0.0,-1.277950350741936,0.6861056079424874,140.1237999998557
2,2,56,"(137.5, 312.5, 4.617102976724376)",0.002591742668299013,0.0,-2.399003247427473,0.1021289220252319,121.95249999786029
2,2,57,"(137.5, 312.5, 4.617102976724376)",0.5066747559998026,739.1319580078125,-0.9524833207439821,1.4563147233172495,127.20319999789353
2,2,58,"(137.5, 287.5, 3.720264207629609)",1.0162281480629214,0.0,-1.4184085561868258,1.3259452373230156,145.401400000992
2,2,59,"(137.5, 262.5, 2.9770964423387296)",0.00020183601494235022,0.0,-2.38174877928474,0.16404153521247974,171.91670000102022
2,2,60,"(137.5, 262.5, 2.9770964423387296)",0.014997673801103575,737.9990844726562,-0.5315769671488858,0.7831258707417316,85.51339999758056
2,2,61,"(137.5, 287.5, 3.720264207629609)",0.04902483730042773,0.0,-1.277950350741936,0.6861056079424876,139.84029999846825
2,2,62,"(137.5, 312.5, 4.617102976724376)",0.001315646960106095,0.0,-2.3990032474274727,0.1021289220252319,124.98020000202814
2,2,63,"(137.5, 312.5, 4.617102976724376)",0.5080041958576836,739.1050415039062,-0.952483320743982,1.456314716104445,123.13329999960843
2,2,64,"(137.5, 287.5, 3.720264207629609)",1.042982009469947,0.0,-1.4184085561868258,1.3259452373230152,144.99090000026627
2,2,65,"(137.5, 262.5, 2.9770964423387296)",0.0002670037598966222,0.0,-2.3817487792847403,0.16404153521247972,172.79380000036326
2,2,66,"(137.5, 262.5, 2.9770964423387296)",0.015270368343313329,738.00439453125,-0.531576967148886,0.783125869820573,87.03769999920041
2,2,67,"(137.5, 287.5, 3.720264207629609)",0.04832394445725242,0.0,-1.277950350741936,0.6861056079424876,142.45540000047185
2,2,68,"(137.5, 312.5, 4.617102976724376)",0.00036451573641233616,0.0,-2.399003247427473,0.10212892202523191,123.88269999792101
2,2,69,"(137.5, 312.5, 4.617102976724376)",0.5074864776678859,738.9878540039062,-0.9524833207439819,1.4563147192293993,122.3707999997714
2,3,0,"(137.5, 362.5, 6.88289330546234)",0.08130498991410987,737.7122802734375,-3.3575961382313335,1.5275506269760986,86.90899999783142
2,3,1,"(137.5, 337.5, 5.675677129206918)",0.06180082593469893,0.0,-4.557178825331739,0.5308948581507824,122.0887000017683
2,3,2,"(137.5, 312.5, 4.617102976724376)",0.005039665537471568,0.0,-4.965811741474007,0.15125792135430627,124.7414999998
2,3,3,"(137.5, 312.5, 4.617102976724376)",0.07961279390950476,743.2081298828125,-0.41437356209919307,0.25997459399693584,87.51259999917238
2,3,4,"(137.5, 287.5, 3.720264207629609)",1.1230130204527669,0.0,-1.4645042022682322,1.1121320393823986,137.78889999957755
2,3,5,"(137.5, 262.5, 2.9770964423387296)",0.00020183601494258644,0.0,-2.369830122285157,0.19437203284014645,172.72200000297744
2,3,6,"(137.5, 262.5, 2.9770964423387296)",0.015805174492302062,737.9943237304688,-0.5313047792288753,0.7612603849135859,88.4501000000455
2,3,7,"(137.5, 287.5, 3.720264207629609)",0.043207738504706515,0.0,-1.2775209100726803,0.6800451842511833,137.41449999724864
2,3,8,"(137.5, 312.5, 4.617102976724376)",0.0013156469600926971,0.0,-2.3989787929200874,0.10181870557910336,122.1454000005906
2,3,9,"(137.5, 312.5, 4.617102976724376)",0.5089531110198151,739.1063842773438,-0.9521850653469193,1.4567545958427146,125.1708999989205
2,3,10,"(137.5, 287.5, 3.720264207629609)",1.0431263086155413,0.0,-1.4183837629893226,1.325912626138137,146.48270000179764
2,3,11,"(137.5, 262.5, 2.9770964423387296)",0.0002830572775557813,0.0,-2.381746411035932,0.16404755707142682,165.9830000025977
2,3,12,"(137.5, 262.5, 2.9770964423387296)",0.015574639200679235,737.9962158203125,-0.5315769040622947,0.7831204796209073,83.15829999992275
2,3,13,"(137.5, 287.5, 3.720264207629609)",0.04899304144726464,0.0,-1.2779502450193458,0.6861041232137488,138.3486000013363
2,3,14,"(137.5, 312.5, 4.617102976724376)",0.0033227338766004086,0.0,-2.3990032285820786,0.10212887005553833,122.52879999869037
2,3,15,"(137.5, 312.5, 4.617102976724376)",0.5077557500440253,739.0621337890625,-0.9524831072365583,1.4563150152648634,121.72519999876386
2,3,16,"(137.5, 287.5, 3.720264207629609)",1.0334772851541922,0.0,-1.4184085322275632,1.3259452369257274,144.8062999988906
2,3,17,"(137.5, 262.5, 2.9770964423387296)",0.00015224494078813747,0.0,-2.381748785968545,0.16404157493412627,167.62700000253972
2,3,18,"(137.5, 262.5, 2.9770964423387296)",0.014948242876762172,738.00537109375,-0.5315769400971698,0.7831261761935245,87.44469999874127
2,3,19,"(137.5, 287.5, 3.720264207629609)",0.048866127440086574,0.0,-1.2779503821873355,0.6861056886529504,141.03030000114813
2,3,20,"(137.5, 312.5, 4.617102976724376)",0.002958350814874919,0.0,-2.3990032498891165,0.1021289220252319,127.46820000029402
2,3,21,"(137.5, 312.5, 4.617102976724376)",0.5069203564386939,739.0816040039062,-0.952483320743982,1.4563146830504872,123.54840000261902
2,3,22,"(137.5, 287.5, 3.720264207629609)",1.0144786692705265,0.0,-1.4184085561868258,1.3259452373230154,145.954100000381
2,3,23,"(137.5, 262.5, 2.9770964423387296)",0.0001522449407886588,0.0,-2.38174877928474,0.16404153521247972,173.48299999866867
2,3,24,"(137.5, 262.5, 2.9770964423387296)",0.015055226178074591,738.0033569335938,-0.5315769671488859,0.7831258755931867,85.83659999931115
2,3,25,"(137.5, 287.5, 3.720264207629609)",0.04771080043606899,0.0,-1.277950350741936,0.6861056079424875,140.52400000218768
2,3,26,"(137.5, 312.5, 4.617102976724376)",0.00971727942423078,0.0,-2.3990032474274727,0.1021289220252319,125.62339999931282
2,3,27,"(137.5, 312.5, 4.617102976724376)",0.5088718949535211,739.039306640625,-0.952483320743982,1.4563146832630314,119.48349999875063
2,3,28,"(137.5, 287.5, 3.720264207629609)",1.0181386286818532,0.0,-1.4184085561868258,1.3259452373230152,144.37110000289977
2,3,29,"(112.5, 287.5, 3.266470567666104)",0.02838934957976932,0.0,-2.2622721186572226,0.6883642688883617,164.9801000021398
2,3,30,"(112.5, 287.5, 3.266470567666104)",0.15843824873377046,737.7421875,-0.7506291912413005,0.7022470425437456,87.75320000131615
2,3,31,"(137.5, 287.5, 3.720264207629609)",0.1380090730544561,0.0,-1.4884996163257997,0.5268401585047416,140.03029999730643
2,3,32,"(137.5, 287.5, 3.720264207629609)",0.001006976002902447,0.0,-2.212058042813614,0.1573596368217366,121.66010000146343
2,3,33,"(137.5, 287.5, 3.720264207629609)",0.16467501964583384,738.4904174804688,-0.7293578352773823,0.7550441511272256,93.5501000021759
2,3,34,"(137.5, 287.5, 3.720264207629609)",0.19913302040228273,0.0,-1.4664017263508966,0.544171210044351,137.04910000160453
2,3,35,"(137.5, 262.5, 2.9770964423387296)",0.0005905377523347519,0.0,-1.989827663404994,0.25006023934512317,124.90160000015749
2,3,36,"(137.5, 262.5, 2.9770964423387296)",0.019191564299457696,737.9249267578125,-0.5355652165240009,1.0122914913641985,87.58989999842015
2,3,37,"(137.5, 287.5, 3.720264207629609)",0.048765992559811705,0.0,-1.2822864113629568,0.7443124917071438,141.41620000009425
2,3,38,"(137.5, 312.5, 4.617102976724376)",5.320182508099009e-08,0.0,-2.3992606802714977,0.10492500230072944,122.33180000112043
2,3,39,"(137.5, 312.5, 4.617102976724376)",0.5049246921357085,739.0762329101562,-0.9563252091807968,1.4504094341109641,122.91700000059791
2,3,40,"(137.5, 287.5, 3.720264207629609)",1.0170644153973591,0.0,-1.4187315008055301,1.3263403331147516,145.62520000254153
2,3,41,"(137.5, 262.5, 2.9770964423387296)",0.0001688547781671788,0.0,-2.381779348084538,0.16395495054643136,175.05030000029365
2,3,42,"(137.5, 262.5, 2.9770964423387296)",0.015536157174944549,738.0069580078125,-0.5315776204464103,0.7831786322790809,86.67459999924176
2,3,43,"(137.5, 287.5, 3.720264207629609)",0.049739671033751535,0.0,-1.2779513848202462,0.6861200430555185,140.1646999984223
2,3,44,"(137.5, 312.5, 4.617102976724376)",0.003322733876602713,0.0,-2.399003246594261,0.10212970412520002,125.93089999791118
2,3,45,"(137.5, 312.5, 4.617102976724376)",0.5096135502388585,739.0264282226562,-0.9524841914343412,1.456313375346273,126.21600000056787
2,3,46,"(137.5, 287.5, 3.720264207629609)",1.0195035305815687,0.0,-1.41840861163063,1.3259453700298114,142.47489999979734
2,3,47,"(137.5, 262.5, 2.9770964423387296)",0.0002507912965175413,0.0,-2.3817488147144297,0.16404153521247974,171.83279999881051
2,3,48,"(137.5, 262.5, 2.9770964423387296)",0.016421180111853593,738.0064697265625,-0.5315769671488859,0.7831258774258749,84.45470000151545
2,3,49,"(137.5, 287.5, 3.720264207629609)",0.04869140358636486,0.0,-1.277950350741936,0.6861056079424876,140.33270000072662
2,3,50,"(137.5, 312.5, 4.617102976724376)",0.005791081736465357,0.0,-2.399003247427473,0.10212892202523191,124.67380000089179
2,3,51,"(137.5, 312.5, 4.617102976724376)",0.5093234676119741,739.0647583007812,-0.9524833207439821,1.456314695481522,124.63040000147885
2,3,52,"(137.5, 287.5, 3.720264207629609)",1.0489753101792603,0.0,-1.4184085561868258,1.3259452373230154,154.96759999950882
2,3,53,"(137.5, 262.5, 2.9770964423387296)",0.00016885477816688715,0.0,-2.3817487792847394,0.16404153521247972,170.8420000031765
2,3,54,"(137.5, 262.5, 2.9770964423387296)",0.014928342946109027,738.0158081054688,-0.5315769671488858,0.7831258741989512,87.03769999920041
2,3,55,"(137.5, 287.5, 3.720264207629609)",0.044195886129717185,0.0,-1.277950350741936,0.6861056079424875,139.07739999922342
2,3,56,"(137.5, 312.5, 4.617102976724376)",0.0042047236735522076,0.0,-2.3990032474274723,0.10212892202523187,124.47220000103698
2,3,57,"(137.5, 312.5, 4.617102976724376)",0.5101847242840053,739.0504760742188,-0.9524833207439821,1.4563146757923018,125.2057000019704
2,3,58,"(137.5, 287.5, 3.720264207629609)",1.0385828130011099,0.0,-1.418408556186826,1.3259452373230156,145.63120000093477
2,3,59,"(137.5, 262.5, 2.9770964423387296)",0.0002018360149424064,0.0,-2.38174877928474,0.16404153521247974,168.45939999984694
2,3,60,"(137.5, 262.5, 2.9770964423387296)",0.015133211340276523,738.0103759765625,-0.5315769671488859,0.783125874806485,85.19359999991138
2,3,61,"(137.5, 287.5, 3.720264207629609)",0.048021878305458995,0.0,-1.277950350741936,0.6861056079424874,138.18950000131736
2,3,62,"(137.5, 312.5, 4.617102976724376)",0.002958430287739924,0.0,-2.3990032474274723,0.10212892202523187,122.19670000195038
2,3,63,"(137.5, 312.5, 4.617102976724376)",0.5053713973629241,739.070556640625,-0.9524833207439821,1.4563146844995232,119.53759999960312
2,3,64,"(137.5, 287.5, 3.720264207629609)",1.0218190280531587,0.0,-1.4184085561868258,1.3259452373230152,144.7946000007505
2,3,65,"(137.5, 262.5, 2.9770964423387296)",5.139388182884174e-05,0.0,-2.38174877928474,0.16404153521247974,169.96760000256472
2,3,66,"(137.5, 262.5, 2.9770964423387296)",0.015429889600047686,737.9899291992188,-0.5315769671488859,0.7831258696414051,88.53549999912502
2,3,67,"(137.5, 287.5, 3.720264207629609)",0.046526904463055824,0.0,-1.2779503507419359,0.6861056079424875,138.65679999798886
2,3,68,"(137.5, 312.5, 4.617102976724376)",0.00168114264186055,0.0,-2.3990032474274727,0.10212892202523191,123.69260000195936
2,3,69,"(137.5, 312.5, 4.617102976724376)",0.5125403347989723,739.082275390625,-0.952483320743982,1.4563146710510668,131.12249999903725
2,4,0,"(137.5, 362.5, 6.88289330546234)",0.08290738575598905,737.7103271484375,-3.3575961382313335,1.5275506348035788,87.0095999998739
2,4,1,"(162.5, 362.5, 8.044975170611863)",0.007708132961939972,0.0,-7.276139643115217,0.1151795159496917,123.13559999893187
2,4,2,"(187.5, 362.5, 9.103110310900643)",-3.8805107275644936e-11,0.0,-11.267118043943608,0.0005209878254909796,127.86160000177915
2,4,3,"(187.5, 362.5, 9.103110310900643)",0.0008769826892608006,743.5701904296875,-3.9913259286766585,0.001061698109397409,86.29039999868837
2,4,4,"(212.5, 362.5, 9.863883753989105)",0.04644549565572814,0.0,-7.183509373444691,0.037784971391301686,122.25730000136537
2,4,5,"(212.5, 362.5, 9.863883753989105)",0.02444593360084152,0.0,-8.256307710558152,0.4906274666027944,122.33679999917513
2,4,6,"(212.5, 362.5, 9.863883753989105)",0.060077878015356245,786.9409790039062,-1.5349539126188834,0.10873222376199268,89.92809999836027
2,4,7,"(187.5, 362.5, 9.103110310900643)",0.3220958533482259,0.0,-3.8077786607326773,0.10339415784666303,139.0456000008271
2,4,8,"(162.5, 362.5, 8.044975170611863)",0.0029578055199140033,0.0,-6.133093383510428,0.015928402199836968,134.6166000002995
2,4,9,"(162.5, 362.5, 8.044975170611863)",0.0010146503252906865,740.8639526367188,-3.918199927095702,0.00353715488855153,87.63379999800236
2,4,10,"(162.5, 337.5, 6.503826249283008)",0.008318907519930144,0.0,-5.94536482320323,0.0627647047068368,140.69430000017746
2,4,11,"(187.5, 337.5, 7.2238068944948735)",2.3543058584133783e-07,0.0,-7.722129602785936,0.00135277910879304,126.69319999986328
2,4,12,"(187.5, 337.5, 7.2238068944948735)",0.010951672999235348,743.1387329101562,-1.776582748897088,0.059822247994912495,86.82570000019041
2,4,13,"(212.5, 337.5, 7.7206787211523045)",-7.345237781144799e-07,0.0,-2.932952190112522,6.835187861936125e-05,122.30769999951008
2,4,14,"(187.5, 337.5, 7.2238068944948735)",2.3543058584133786e-07,0.0,-4.709529786826758,4.0076707472387804e-08,129.11299999905168
2,4,15,"(187.5, 337.5, 7.2238068944948735)",0.0006670441140974429,743.1393432617188,-1.776577650331873,0.007025459085625193,87.8554000009899
2,4,16,"(187.5, 362.5, 9.103110310900643)",2.908841331426405e-07,0.0,-5.767903576068456,7.452353630289581e-06,139.31700000102865
2,4,17,"(187.5, 337.5, 7.2238068944948735)",2.354305858413378e-07,0.0,-7.544481222201457,3.2538571773060093e-09,124.20800000109011
2,4,18,"(187.5, 337.5, 7.2238068944948735)",0.0011566557475288079,743.1393432617188,-1.7765776469989234,0.00433522759952223,85.3876000001037
2,4,19,"(187.5, 362.5, 9.103110310900643)",2.908841331426415e-07,0.0,-5.767903575699518,6.72629477165024e-06,133.20850000309292
2,4,20,"(187.5, 337.5, 7.2238068944948735)",2.354305858413378e-07,0.0,-7.544481222201425,3.2536406953256828e-09,122.93979999958538
2,4,21,"(187.5, 337.5, 7.2238068944948735)",0.0009825555897218239,743.1393432617188,-1.7765776469989234,0.0043352307743926375,85.209599998052
2,4,22,"(187.5, 362.5, 9.103110310900643)",2.908841331394272e-07,0.0,-5.767903575699517,6.726294771650239e-06,136.81530000030762
2,4,23,"(187.5, 337.5, 7.2238068944948735)",2.354305858413378e-07,0.0,-7.544481222201425,3.2536406953256828e-09,122.70219999845722
2,4,24,"(187.5, 337.5, 7.2238068944948735)",0.0006937905396759542,743.1393432617188,-1.7765776469989234,0.004335234918263386,89.20349999971222
2,4,25,"(162.5, 337.5, 6.503826249283008)",0.008309010620287285,0.0,-3.8037486748626086,0.07605494410945218,139.8176999973657
2,4,26,"(187.5, 337.5, 7.2238068944948735)",2.354305858413378e-07,0.0,-5.580564469231207,0.0017966731974966268,126.8186000015703
2,4,27,"(187.5, 337.5, 7.2238068944948735)",0.012415831307212659,743.1393432617188,-1.7765836958675618,0.06248658870464556,87.32989999771235
2,4,28,"(212.5, 337.5, 7.7206787211523045)",-7.345237781144809e-07,0.0,-2.9329521925692887,6.919602802061532e-05,121.57849999857717
2,4,29,"(187.5, 337.5, 7.2238068944948735)",2.3543058584133786e-07,0.0,-4.70952978685795,4.0212121200958896e-08,121.99629999668105
2,4,30,"(187.5, 337.5, 7.2238068944948735)",0.0020712674458032744,743.1393432617188,-1.7765776503420774,0.007030162046618622,85.89760000177193
2,4,31,"(187.5, 362.5, 9.103110310900643)",2.908841331426415e-07,0.0,-5.767903576069084,7.453284190980154e-06,135.1732000002812
2,4,32,"(187.5, 337.5, 7.2238068944948735)",2.354305858413378e-07,0.0,-7.544481222201457,3.253857485722987e-09,124.31759999890346
2,4,33,"(187.5, 337.5, 7.2238068944948735)",0.0016168062012001938,743.1393432617188,-1.7765776469989236,0.004335231403109995,83.34909999757656
2,4,34,"(212.5, 337.5, 7.7206787211523045)",-7.345237781144799e-07,0.0,-2.9329521363026982,3.3388596886431414e-05,122.14660000245203
2,4,35,"(187.5, 337.5, 7.2238068944948735)",2.3543058584133786e-07,0.0,-4.709529785109505,3.2577113719622934e-08,122.68119999862392
2,4,36,"(187.5, 337.5, 7.2238068944948735)",0.0020505677249022672,743.1393432617188,-1.7765776497532246,0.006742474889562141,87.01870000004419
2,4,37,"(187.5, 337.5, 7.2238068944948735)",0.000789234622449974,0.0,-3.5531561351933503,0.003199765625517143,130.13689999934286
2,4,38,"(187.5, 362.5, 9.103110310900643)",-3.880510727564492e-11,0.0,-7.5444812247796875,1.435932937878689e-08,123.31110000013723
2,4,39,"(187.5, 362.5, 9.103110310900643)",0.002392648352535163,743.5701904296875,-3.991325928676567,0.0009525155579257127,87.99200000066776
2,4,40,"(162.5, 362.5, 8.044975170611863)",1.212559267195862e-06,0.0,-7.909525855450141,3.4501656251675744e-05,138.96790000217152
2,4,41,"(162.5, 337.5, 6.503826249283008)",5.493250985940298e-07,0.0,-9.936683621622729,2.4424778645743604e-05,130.80469999840716
2,4,42,"(162.5, 337.5, 6.503826249283008)",0.01670195631224018,740.6267700195312,-2.0271576420489947,0.1289884810835893,86.67849999983446
2,4,43,"(162.5, 312.5, 5.206150757863988)",0.29299289954221885,0.0,-2.6494775622561746,1.2361502475918804,132.39640000028885
2,4,44,"(162.5, 287.5, 4.140142738102741)",0.13718056678753154,0.0,-3.3397012553086913,0.8522454132604985,122.04550000024028
2,4,45,"(162.5, 287.5, 4.140142738102741)",0.7188499010876253,741.783203125,-0.7242012242037128,1.5353214280766803,85.4739000023983
2,4,46,"(162.5, 262.5, 3.2775456166337156)",0.013426922482924767,0.0,-1.1093801421839053,0.35487297852945016,146.35479999924428
2,4,47,"(162.5, 287.5, 4.140142738102741)",0.0027720878521616185,0.0,-1.7590292703201078,0.15942264351909358,126.08449999970617
2,4,48,"(162.5, 287.5, 4.140142738102741)",0.09703566957040245,739.474853515625,-0.6390568945565234,0.5818204067251634,87.5330999988364
2,4,49,"(137.5, 287.5, 3.720264207629609)",0.2748497927479755,0.0,-1.3746592596496072,0.542406618274652,139.01220000116155
2,4,50,"(137.5, 262.5, 2.9770964423387296)",0.000362450644995062,0.0,-1.8975818770496975,0.19963018141838781,125.28580000071088
2,4,51,"(137.5, 262.5, 2.9770964423387296)",0.017766238365565217,737.9426879882812,-0.5345752827920532,0.9662491698322615,86.59769999940181
2,4,52,"(137.5, 287.5, 3.720264207629609)",0.048596001872047795,0.0,-1.2814259973392899,0.7331726768065479,139.10159999795724
2,4,53,"(137.5, 312.5, 4.617102976724376)",0.0016811426418527594,0.0,-2.399207812896147,0.10441686471258936,124.5669000018097
2,4,54,"(137.5, 312.5, 4.617102976724376)",0.5064771611265168,739.0589599609375,-0.9554340408211915,1.4518120598233477,121.46800000118674
2,4,55,"(137.5, 287.5, 3.720264207629609)",1.0322658314688629,0.0,-1.4186559249462993,1.3262516216579863,144.7294999998121
2,4,56,"(137.5, 262.5, 2.9770964423387296)",0.0002507912965173259,0.0,-2.3817723683371654,0.16397600978509144,176.03910000252654
2,4,57,"(137.5, 262.5, 2.9770964423387296)",0.01515708151949857,737.994873046875,-0.5315775070823371,0.7831687831513693,84.83189999969909
2,4,58,"(137.5, 287.5, 3.720264207629609)",0.0486173271668153,0.0,-1.2779512061913776,0.6861173990841025,136.01159999961965
2,4,59,"(137.5, 312.5, 4.617102976724376)",0.0033227338766043902,0.0,-2.3990032538592687,0.10212951773695135,125.26299999808543
2,4,60,"(137.5, 312.5, 4.617102976724376)",0.5034897592470405,738.9087524414062,-0.952484060749727,1.4563135839743444,123.30590000055963
2,4,61,"(137.5, 287.5, 3.720264207629609)",1.0315546780619678,0.0,-1.4184086352735314,1.3259453737434947,142.96260000264738
2,4,62,"(137.5, 262.5, 2.9770964423387296)",0.0001356351131109712,0.0,-2.3817487846839187,0.16404156395042588,167.80210000069928
2,4,63,"(137.5, 262.5, 2.9770964423387296)",0.014614665562597773,737.999267578125,-0.5315769400971698,0.7831261841490545,87.96179999990272
2,4,64,"(137.5, 287.5, 3.720264207629609)",0.04766058984098811,0.0,-1.2779503821873353,0.6861056886529504,137.0180000012624
2,4,65,"(137.5, 312.5, 4.617102976724376)",0.00383708222459077,0.0,-2.3990032498891156,0.10212892202523187,121.23609999980545
2,4,66,"(137.5, 312.5, 4.617102976724376)",0.5094501208351239,739.14501953125,-0.9524833207439821,1.4563147007935189,126.12839999928838
2,4,67,"(137.5, 287.5, 3.720264207629609)",1.0155368822155024,0.0,-1.418408556186826,1.3259452373230154,143.93500000005588
2,4,68,"(137.5, 262.5, 2.9770964423387296)",0.00015216546792831543,0.0,-2.38174877928474,0.16404153521247977,167.72950000085984
2,4,69,"(137.5, 262.5, 2.9770964423387296)",0.01524489697847113,738.0076904296875,-0.5315769671488859,0.7831258768280981,85.74240000234568
2,5,0,"(137.5, 362.5, 6.88289330546234)",0.08209956287574928,737.7083740234375,-3.357596138231333,1.5275506239474246,86.74479999899631
2,5,1,"(137.5, 337.5, 5.675677129206918)",0.057303733955038114,0.0,-4.557178825331739,0.5308948581507826,120.82999999984168
2,5,2,"(137.5, 312.5, 4.617102976724376)",0.007404937098233231,0.0,-4.965811741474006,0.15125792135430624,120.9173000024748
2,5,3,"(137.5, 312.5, 4.617102976724376)",0.08275430099692906,743.1130981445312,-0.41437356209919307,0.2599745724127683,86.37149999776739
2,5,4,"(137.5, 287.5, 3.720264207629609)",1.1174038033837288,0.0,-1.4645042022682324,1.1121320393823988,139.4155000016326
2,5,5,"(137.5, 262.5, 2.9770964423387296)",0.0002507912965174838,0.0,-2.3698301222851574,0.1943720328401465,179.0008999996644
2,5,6,"(137.5, 262.5, 2.9770964423387296)",0.01574648871488313,738.007568359375,-0.5313047792288752,0.7612603732469863,86.07320000010077
2,5,7,"(137.5, 287.5, 3.720264207629609)",0.04999886465682371,0.0,-1.2775209100726803,0.6800451842511834,139.28429999941727
2,5,8,"(137.5, 312.5, 4.617102976724376)",0.004044983225556256,0.0,-2.3989787929200874,0.10181870557910336,122.6381999986188
2,5,9,"(137.5, 312.5, 4.617102976724376)",0.511556785714057,738.99072265625,-0.9521850653469194,1.456754582840532,123.95699999979115
2,5,10,"(137.5, 287.5, 3.720264207629609)",1.0245129517136282,0.0,-1.4183837629893228,1.3259126261381373,145.42269999947166
2,5,11,"(137.5, 262.5, 2.9770964423387296)",0.00016885477816683448,0.0,-2.3817464110359325,0.16404755707142685,169.74109999864595
2,5,12,"(137.5, 262.5, 2.9770964423387296)",0.015547977659885756,737.9962158203125,-0.5315769040622946,0.7831204862971215,86.83079999900656
2,5,13,"(137.5, 287.5, 3.720264207629609)",0.04581099148461954,0.0,-1.2779502450193463,0.6861041232137488,142.66000000134227
2,5,14,"(137.5, 312.5, 4.617102976724376)",0.0003643567906826916,0.0,-2.399003228582079,0.10212887005553832,122.4774999973306
2,5,15,"(137.5, 312.5, 4.617102976724376)",0.5042384072438455,739.1189575195312,-0.9524831072365585,1.4563149921493086,126.2142000014137
2,5,16,"(137.5, 287.5, 3.720264207629609)",1.031353136957115,0.0,-1.4184085322275632,1.3259452369257276,146.68250000249827
2,5,17,"(137.5, 262.5, 2.9770964423387296)",0.0001523244136480398,0.0,-2.3817487859685444,0.16404157493412624,168.5246000015468
2,5,18,"(137.5, 262.5, 2.9770964423387296)",0.01508829235652464,738.0123291015625,-0.5315769400971697,0.7831261774661369,85.25649999864982
2,5,19,"(137.5, 287.5, 3.720264207629609)",0.04773306566412164,0.0,-1.2779503821873355,0.6861056886529504,143.27620000040042
2,5,20,"(137.5, 312.5, 4.617102976724376)",0.0016811426418752422,0.0,-2.399003249889116,0.1021289220252319,121.41640000118059
2,5,21,"(137.5, 312.5, 4.617102976724376)",0.5071691610553319,739.0771484375,-0.952483320743982,1.4563146900269062,122.17720000262489
2,5,22,"(137.5, 287.5, 3.720264207629609)",1.0387808571223422,0.0,-1.4184085561868258,1.3259452373230152,148.57670000128564
2,5,23,"(137.5, 262.5, 2.9770964423387296)",0.00021828689690031367,0.0,-2.381748779284739,0.16404153521247972,169.6436000020185
2,5,24,"(137.5, 262.5, 2.9770964423387296)",0.014937467891099324,737.9976196289062,-0.5315769671488859,0.7831258712647102,85.4970999971556
2,5,25,"(137.5, 287.5, 3.720264207629609)",0.04444226059095516,0.0,-1.2779503507419359,0.6861056079424874,141.06209999954444
2,5,26,"(137.5, 312.5, 4.617102976724376)",0.004570219355311168,0.0,-2.399003247427473,0.10212892202523191,130.3821000001335
2,5,27,"(137.5, 312.5, 4.617102976724376)",0.5096277476000133,739.1455688476562,-0.9524833207439821,1.4563146763325383,126.53479999789852
2,5,28,"(137.5, 287.5, 3.720264207629609)",1.0357580254826746,0.0,-1.4184085561868258,1.3259452373230152,142.6019999998971
2,5,29,"(137.5, 262.5, 2.9770964423387296)",0.00018538513298436727,0.0,-2.38174877928474,0.16404153521247974,170.0487999987672
2,5,30,"(137.5, 262.5, 2.9770964423387296)",0.016291090297722546,737.9892578125,-0.531576967148886,0.7831258836155206,84.07209999859333
2,5,31,"(137.5, 287.5, 3.720264207629609)",0.049134817580702636,0.0,-1.277950350741936,0.6861056079424874,139.84519999939948
2,5,32,"(137.5, 312.5, 4.617102976724376)",0.002591742668295726,0.0,-2.3990032474274727,0.10212892202523188,121.45499999678577
2,5,33,"(137.5, 312.5, 4.617102976724376)",0.5090783600851152,739.1376953125,-0.9524833207439821,1.4563146781555119,122.67040000006091
2,5,34,"(137.5, 287.5, 3.720264207629609)",1.0345419786393713,0.0,-1.4184085561868258,1.3259452373230152,145.96499999970547
2,5,35,"(137.5, 262.5, 2.9770964423387296)",0.00020183601494224747,0.0,-2.38174877928474,0.16404153521247974,165.86290000122972
2,5,36,"(137.5, 262.5, 2.9770964423387296)",0.01592695870948654,738.0018920898438,-0.531576967148886,0.783125867646591,86.66530000118655
2,5,37,"(137.5, 287.5, 3.720264207629609)",0.045987432529057154,0.0,-1.277950350741936,0.6861056079424875,136.4281000023766
2,5,38,"(137.5, 312.5, 4.617102976724376)",0.00036435679069342657,0.0,-2.399003247427473,0.1021289220252319,122.917900000175
2,5,39,"(137.5, 312.5, 4.617102976724376)",0.5063465078948743,739.1065673828125,-0.9524833207439819,1.4563146910686282,123.43559999862919
2,5,40,"(137.5, 287.5, 3.720264207629609)",1.0167496989904794,0.0,-1.4184085561868258,1.3259452373230152,143.35449999998673
2,5,41,"(137.5, 262.5, 2.9770964423387296)",0.00020191548780196432,0.0,-2.38174877928474,0.16404153521247974,170.09499999767286
2,5,42,"(137.5, 262.5, 2.9770964423387296)",0.014858944216169694,738.0029296875,-0.5315769671488859,0.7831258717783586,86.21849999690312
2,5,43,"(137.5, 287.5, 3.720264207629609)",0.04801475346133383,0.0,-1.277950350741936,0.6861056079424875,138.77019999927143
2,5,44,"(137.5, 312.5, 4.617102976724376)",0.004204723673562605,0.0,-2.3990032474274727,0.10212892202523187,119.69890000182204
2,5,45,"(137.5, 312.5, 4.617102976724376)",0.5089174481229337,739.034912109375,-0.9524833207439819,1.4563146874214017,120.5788000006578
2,5,46,"(137.5, 287.5, 3.720264207629609)",1.0290347869470637,0.0,-1.4184085561868258,1.3259452373230152,145.05740000095102
2,5,47,"(137.5, 262.5, 2.9770964423387296)",0.00016885477816700966,0.0,-2.3817487792847394,0.16404153521247974,170.73859999800334
2,5,48,"(137.5, 262.5, 2.9770964423387296)",0.016124520374737772,738.0045166015625,-0.531576967148886,0.7831258636328448,88.1943999993382
2,5,49,"(137.5, 287.5, 3.720264207629609)",0.04576109455474542,0.0,-1.277950350741936,0.6861056079424875,139.63700000022072
2,5,50,"(137.5, 312.5, 4.617102976724376)",0.0029584302877600265,0.0,-2.3990032474274723,0.10212892202523188,126.09499999962281
2,5,51,"(137.5, 312.5, 4.617102976724376)",0.5082213392347595,739.0404052734375,-0.9524833207439821,1.456314693315425,120.77110000245739
2,5,52,"(137.5, 287.5, 3.720264207629609)",1.0436098278687602,0.0,-1.418408556186826,1.3259452373230156,145.26009999826783
2,5,53,"(137.5, 262.5, 2.9770964423387296)",0.00025079129651764615,0.0,-2.3817487792847394,0.16404153521247972,164.30229999969015
2,5,54,"(137.5, 262.5, 2.9770964423387296)",0.015185824909202698,737.9996948242188,-0.5315769671488859,0.783125869333711,84.87329999843496
2,5,55,"(137.5, 287.5, 3.720264207629609)",0.04662036890234703,0.0,-1.2779503507419363,0.6861056079424876,138.412000000244
2,5,56,"(137.5, 312.5, 4.617102976724376)",0.007796579350995247,0.0,-2.3990032474274727,0.10212892202523188,130.88340000103926
2,5,57,"(137.5, 312.5, 4.617102976724376)",0.5072015776259182,739.0572509765625,-0.952483320743982,1.4563146781428202,124.30099999983213
2,5,58,"(137.5, 287.5, 3.720264207629609)",1.0296511193464482,0.0,-1.4184085561868258,1.3259452373230152,149.33309999833
2,5,59,"(137.5, 262.5, 2.9770964423387296)",0.00026700375989657094,0.0,-2.38174877928474,0.16404153521247974,171.83450000084122
2,5,60,"(137.5, 262.5, 2.9770964423387296)",0.015636086106534965,738.0082397460938,-0.5315769671488859,0.7831258763924779,88.00680000058492
2,5,61,"(137.5, 287.5, 3.720264207629609)",0.0469956734948324,0.0,-1.277950350741936,0.6861056079424875,138.89199999903212
2,5,62,"(137.5, 312.5, 4.617102976724376)",0.004204723673552597,0.0,-2.3990032474274727,0.10212892202523188,121.83660000300733
2,5,63,"(137.5, 312.5, 4.617102976724376)",0.512537119378878,739.1196899414062,-0.9524833207439819,1.456314720348925,122.06940000032773
2,5,64,"(137.5, 287.5, 3.720264207629609)",1.0388141542475045,0.0,-1.4184085561868258,1.3259452373230156,148.35519999905955
2,5,65,"(137.5, 262.5, 2.9770964423387296)",0.00011894581257437437,0.0,-2.38174877928474,0.16404153521247977,168.5648000020592
2,5,66,"(137.5, 262.5, 2.9770964423387296)",0.015150191938382112,738.0079345703125,-0.5315769671488859,0.7831258691090595,85.92380000118283
2,5,67,"(137.5, 287.5, 3.720264207629609)",0.04634989922141253,0.0,-1.277950350741936,0.6861056079424874,136.61510000019916
2,5,68,"(137.5, 312.5, 4.617102976724376)",0.0013156469601052793,0.0,-2.399003247427473,0.1021289220252319,120.00239999906626
2,5,69,"(137.5, 312.5, 4.617102976724376)",0.511936588285882,739.0307006835938,-0.952483320743982,1.4563146730466674,121.93900000056601
2,6,0,"(137.5, 362.5, 6.88289330546234)",0.08110630015680359,737.7266235351562,-3.3575961382313335,1.5275506203390086,88.32329999859212
2,6,1,"(137.5, 337.5, 5.675677129206918)",0.054883793272905726,0.0,-4.557178825331739,0.5308948581507825,120.46829999962938
2,6,2,"(137.5, 312.5, 4.617102976724376)",0.001309607022745597,0.0,-4.965811741474006,0.15125792135430627,130.52279999828897
2,6,3,"(137.5, 312.5, 4.617102976724376)",0.08057988397016788,743.244140625,-0.414373562099193,0.2599745689361687,85.86060000016005
2,6,4,"(112.5, 312.5, 3.997603125569143)",0.0792166587653141,0.0,-0.8885625284576317,0.117397741823601,145.88979999825824
2,6,5,"(112.5, 287.5, 3.266470567666104)",0.21009093523025799,0.0,-2.07332339481066,0.5472967136223245,126.56059999790159
2,6,6,"(112.5, 287.5, 3.266470567666104)",0.3888823452579855,738.2955932617188,-0.7698663509224771,0.9631723257910647,89.02690000104485
2,6,7,"(112.5, 262.5, 2.645266895480795)",0.00724649927419671,0.0,-1.3315768782399366,0.8047852575131256,146.17139999973006
2,6,8,"(112.5, 287.5, 3.266470567666104)",0.0030373480791877376,0.0,-2.111390237294447,0.6019601071323271,122.16859999898588
2,6,9,"(112.5, 287.5, 3.266470567666104)",0.030975522377318977,737.4966430664062,-0.7634360647495351,0.8671202928408687,86.19890000045416
2,6,10,"(112.5, 312.5, 3.997603125569143)",0.6157032932176438,0.0,-1.7843797023911914,0.8969407028562649,141.87890000175685
2,6,11,"(112.5, 287.5, 3.266470567666104)",0.05877428750191313,0.0,-2.5583169813253313,0.5299966190328866,153.03080000012415
2,6,12,"(112.5, 287.5, 3.266470567666104)",0.1816410091967763,737.7491455078125,-0.7522903451432439,0.7851706714583628,86.91120000003139
2,6,13,"(112.5, 262.5, 2.645266895480795)",0.008263140104897438,0.0,-1.3377533195192806,0.8798551101568339,145.83820000189007
2,6,14,"(112.5, 287.5, 3.266470567666104)",0.00350115168839592,0.0,-2.1136626482873404,0.6202718202949519,121.63519999739947
2,6,15,"(112.5, 287.5, 3.266470567666104)",0.03135740327029869,737.4758911132812,-0.7637173362941341,0.8716822126440856,87.41949999966891
2,6,16,"(112.5, 312.5, 3.997603125569143)",0.6024728917441611,0.0,-1.7848420025933778,0.895895011520154,139.2813999991631
2,6,17,"(112.5, 287.5, 3.266470567666104)",0.03944640855002761,0.0,-2.5583796829896888,0.529557106861457,149.67070000056992
2,6,18,"(112.5, 287.5, 3.266470567666104)",0.18117626452819705,737.7511596679688,-0.7522901827401886,0.7851638738062128,84.18840000013006
2,6,19,"(112.5, 287.5, 3.266470567666104)",0.07014410890947072,0.0,-1.517001621326757,0.5966318040893586,138.89589999962482
2,6,20,"(112.5, 312.5, 3.997603125569143)",0.070229902863516,0.0,-2.535274566652624,0.36441928982062044,126.28940000286093
2,6,21,"(112.5, 312.5, 3.997603125569143)",0.6218788002829991,740.9185791015625,-0.6272421077332812,1.4768050769347683,86.43350000056671
2,6,22,"(112.5, 287.5, 3.266470567666104)",0.5805798405951024,0.0,-1.502848837243878,1.1695974563788667,147.2332000012102
2,6,23,"(112.5, 262.5, 2.645266895480795)",0.00023537309607506466,0.0,-2.4146399837811274,0.22175819160613996,169.89919999832637
2,6,24,"(112.5, 262.5, 2.645266895480795)",0.010018695633486716,737.3120727539062,-0.5674927309988117,1.0170196648892416,85.48309999969206
2,6,25,"(112.5, 287.5, 3.266470567666104)",0.03616641405386506,0.0,-1.3472197838747524,0.9448022612091989,146.0951999979443
2,6,26,"(112.5, 312.5, 3.997603125569143)",0.0036790898690496738,0.0,-2.4246359248914624,0.25305824922142367,125.50800000099116
2,6,27,"(112.5, 312.5, 3.997603125569143)",0.30119392086639374,738.088623046875,-1.0822324878446017,0.9488461731065022,123.88049999935902
2,6,28,"(112.5, 287.5, 3.266470567666104)",0.4313638968711604,0.0,-1.6586645757231409,1.0512848833987678,150.0140000025567
2,6,29,"(112.5, 262.5, 2.645266895480795)",0.00024300249060622492,0.0,-2.414926515225218,0.22161796251370894,158.86320000208798
2,6,30,"(112.5, 262.5, 2.645266895480795)",0.00922397924013343,737.326416015625,-0.5675187780371013,1.0184312034664575,87.54229999976815
2,6,31,"(112.5, 287.5, 3.266470567666104)",0.03308557155137566,0.0,-1.3472520533904881,0.9451845775706205,138.12999999936437
2,6,32,"(112.5, 312.5, 3.997603125569143)",0.0023054014891341593,0.0,-2.4246389610009174,0.25310242123671695,124.01099999988219
2,6,33,"(112.5, 312.5, 3.997603125569143)",0.29640625713511387,738.1122436523438,-1.0822506211334553,0.9486490197831458,125.42340000072727
2,6,34,"(112.5, 287.5, 3.266470567666104)",0.42888550166631856,0.0,-1.658698333955276,1.051236995535432,147.74469999974826
2,6,35,"(112.5, 262.5, 2.645266895480795)",0.00016543697953900493,0.0,-2.4149265962068913,0.22161790096162456,156.96740000203135
2,6,36,"(112.5, 262.5, 2.645266895480795)",0.010091209509482939,737.320556640625,-0.5675187855021363,1.0184315802245236,86.03109999967273
2,6,37,"(112.5, 287.5, 3.266470567666104)",0.03149416995631592,0.0,-1.3472520647107493,0.9451845956358853,135.86700000087149
2,6,38,"(112.5, 312.5, 3.997603125569143)",0.0012590618183220162,0.0,-2.4246389610009165,0.253102421236717,121.35669999770471
2,6,39,"(112.5, 312.5, 3.997603125569143)",0.30422628600267565,738.1471557617188,-1.0822506211334553,0.9486490189911596,124.48289999883855
2,6,40,"(112.5, 287.5, 3.266470567666104)",0.40246559727417447,0.0,-1.658698333955276,1.0512369955354322,147.47329999954673
2,6,41,"(112.5, 262.5, 2.645266895480795)",0.0002805931532445431,0.0,-2.414926596206892,0.22161790096162465,168.94280000269646
2,6,42,"(112.5, 262.5, 2.645266895480795)",0.00937591987693529,737.3155517578125,-0.5675187855021363,1.0184315808160622,96.12180000112858
2,6,43,"(112.5, 287.5, 3.266470567666104)",0.03366977822644924,0.0,-1.3472520647107493,0.9451845956358853,140.21429999775137
2,6,44,"(112.5, 312.5, 3.997603125569143)",0.0009035797168836669,0.0,-2.4246389610009174,0.25310242123671695,123.87219999800436
2,6,45,"(112.5, 312.5, 3.997603125569143)",0.30646869954155553,738.1314697265625,-1.0822506211334548,0.948649041344046,125.16179999875021
2,6,46,"(112.5, 287.5, 3.266470567666104)",0.42027091100006597,0.0,-1.658698333955276,1.0512369955354322,149.35359999799402
2,6,47,"(112.5, 287.5, 3.266470567666104)",0.0005739278858997722,0.0,-2.554658180201732,0.3396962910142886,169.26140000214218
2,6,48,"(112.5, 287.5, 3.266470567666104)",0.1089470301819123,737.5840454101562,-0.7528183775141117,0.7606238948165267,84.45099999880767
2,6,49,"(112.5, 262.5, 2.645266895480795)",0.008761145686006049,0.0,-1.3407540632676234,0.9125359608578482,146.56850000028498
2,6,50,"(112.5, 287.5, 3.266470567666104)",0.003271554596724656,0.0,-2.1146359754837736,0.6279932502967894,123.96029999945313
2,6,51,"(112.5, 287.5, 3.266470567666104)",0.03252644948408643,737.4708862304688,-0.7638351833794034,0.8735535415240492,88.11799999966752
2,6,52,"(112.5, 312.5, 3.997603125569143)",0.6089648212221435,0.0,-1.7851484335382262,0.8950616814700293,139.58249999996042
2,6,53,"(112.5, 287.5, 3.266470567666104)",0.04766445855296087,0.0,-2.5584219533525063,0.5292459993343239,165.6397000006109
2,6,54,"(112.5, 287.5, 3.266470567666104)",0.17851332636435868,737.73828125,-0.7522897959246101,0.7851481259353406,92.09779999946477
2,6,55,"(137.5, 287.5, 3.720264207629609)",0.16900470890073874,0.0,-1.4897383560525972,0.5437967181862133,136.59909999842057
2,6,56,"(137.5, 287.5, 3.720264207629609)",0.00503323009859971,0.0,-2.2122419095746424,0.158973565360014,123.11210000189021
2,6,57,"(137.5, 287.5, 3.720264207629609)",0.1633051473277587,738.4786987304688,-0.7293863478295699,0.7564248927822925,87.22209999905317
2,6,58,"(112.5, 287.5, 3.266470567666104)",0.11185990547614094,0.0,-1.4902579805246101,0.5372610883133573,139.39509999909205
2,6,59,"(137.5, 287.5, 3.720264207629609)",0.0015678158961318395,0.0,-2.214352202740858,0.1702937136510152,123.84300000121584
2,6,60,"(137.5, 287.5, 3.720264207629609)",0.1493925815537391,738.447509765625,-0.7296993222447123,0.7461203144052803,87.80230000047595
2,6,61,"(137.5, 262.5, 2.9770964423387296)",0.014503091612774311,0.0,-1.2772843504223135,0.7325279141963533,151.35680000093998
2,6,62,"(137.5, 287.5, 3.720264207629609)",0.003447031291826491,0.0,-2.0151379870973805,0.35655673185276715,122.7446000011696
2,6,63,"(137.5, 287.5, 3.720264207629609)",0.048499850928060535,738.32373046875,-0.7327783990236533,0.6601187044987855,86.12169999832986
2,6,64,"(162.5, 287.5, 4.140142738102741)",0.2044959049411333,0.0,-1.3726437231218482,0.5126997009197186,134.50579999698675
2,6,65,"(162.5, 262.5, 3.2775456166337156)",0.0008245255642857121,0.0,-1.8381235664568059,0.1757799975560158,121.19100000199978
2,6,66,"(162.5, 262.5, 3.2775456166337156)",0.03357827661701745,738.7012939453125,-0.47553350080126217,0.9217785296706538,85.15849999821512
2,6,67,"(162.5, 287.5, 4.140142738102741)",0.06655104229003314,0.0,-1.1248865592135742,0.5732368782688675,146.24650000041584
2,6,68,"(162.5, 312.5, 5.206150757863988)",0.00470899883658632,0.0,-2.157049244139483,0.12396226315477574,122.32460000086576
2,6,69,"(162.5, 312.5, 5.206150757863988)",0.3480317634539241,738.955322265625,-0.82948634941727,1.5237640858873658,124.23379999745521
2,7,0,"(137.5, 362.5, 6.88289330546234)",0.08168429468104198,737.762939453125,-3.357596138231333,1.527550622377548,87.45559999806574
2,7,1,"(162.5, 362.5, 8.044975170611863)",0.009494442027866125,0.0,-7.2761396431152185,0.11517951594969171,123.95079999987502
2,7,2,"(187.5, 362.5, 9.103110310900643)",-3.8805107275644936e-11,0.0,-11.267118043943608,0.0005209878254909796,125.51760000133072
2,7,3,"(187.5, 362.5, 9.103110310900643)",0.001263200200776778,743.5701904296875,-3.991325928676658,0.0010617020948238912,88.44820000012987
2,7,4,"(162.5, 362.5, 8.044975170611863)",1.2125593102124389e-06,0.0,-7.909525855483046,4.184940044522868e-05,136.80720000047586
2,7,5,"(162.5, 337.5, 6.503826249283008)",5.493250985940298e-07,0.0,-9.93668344001082,2.5828331185023484e-05,131.57069999942905
2,7,6,"(162.5, 337.5, 6.503826249283008)",0.013395107651545422,740.6275634765625,-2.0271575877429964,0.13046005682487152,89.42689999821596
2,7,7,"(162.5, 312.5, 5.206150757863988)",0.29025893647180145,0.0,-2.6488615972916594,1.2359942399471338,133.305700001074
2,7,8,"(162.5, 287.5, 4.140142738102741)",0.12626202901215935,0.0,-3.3396877969314236,0.8514976276839342,126.04519999877084
2,7,9,"(162.5, 287.5, 4.140142738102741)",0.718527681659518,741.5900268554688,-0.7242327880542647,1.535329190310387,86.66230000017094
2,7,10,"(162.5, 262.5, 3.2775456166337156)",0.017383673849851504,0.0,-1.1093801266241923,0.3548734106093405,144.83770000151708
2,7,11,"(162.5, 287.5, 4.140142738102741)",0.003572697440784896,0.0,-1.7590292760352035,0.15942265862803348,121.17429999852902
2,7,12,"(162.5, 287.5, 4.140142738102741)",0.09681228046645006,739.4205932617188,-0.639056895765542,0.5818207721171114,84.54580000034184
2,7,13,"(137.5, 287.5, 3.720264207629609)",0.2563821579424487,0.0,-1.3746592856882645,0.5424068227416949,137.21850000001723
2,7,14,"(112.5, 287.5, 3.266470567666104)",0.007788871725407439,0.0,-2.1206112321167994,0.14907701372042537,131.98819999888656
2,7,15,"(112.5, 287.5, 3.266470567666104)",0.11163516746871208,737.5925903320312,-0.7524259426590919,0.7411312664510178,86.43989999836776
2,7,16,"(112.5, 312.5, 3.997603125569143)",0.8966734287453597,0.0,-1.6001088389071831,1.2098621607724742,129.69359999988228
2,7,17,"(112.5, 287.5, 3.266470567666104)",0.05330464740592645,0.0,-2.542446953381453,0.6601802328588223,155.3812000020116
2,7,18,"(112.5, 287.5, 3.266470567666104)",0.19131366041561465,737.7279052734375,-0.7525352154835133,0.7948607269768432,83.95830000154092
2,7,19,"(112.5, 262.5, 2.645266895480795)",0.007918916724269818,0.0,-1.3376354815864104,0.8785273982024656,144.16330000312882
2,7,20,"(112.5, 287.5, 3.266470567666104)",0.004107926972207676,0.0,-2.113622958121382,0.6199551992254638,121.71410000155447
2,7,21,"(112.5, 287.5, 3.266470567666104)",0.03061572931352843,737.4696044921875,-0.7637124886759291,0.8716084993692873,89.06769999885
2,7,22,"(112.5, 312.5, 3.997603125569143)",0.5981740757549732,0.0,-1.7848140562404544,0.8959824472036132,138.1452999994508
2,7,23,"(112.5, 287.5, 3.266470567666104)",0.03541339933877571,0.0,-2.5583757649888277,0.5295872121155272,156.38989999933983
2,7,24,"(112.5, 287.5, 3.266470567666104)",0.17714922642206746,737.73388671875,-0.7522902512992035,0.7851661663656336,87.61260000028415
2,7,25,"(112.5, 287.5, 3.266470567666104)",0.07570381702096167,0.0,-1.5170015634734346,0.5966318135699493,138.99639999726787
2,7,26,"(112.5, 287.5, 3.266470567666104)",0.005782261490782802,0.0,-2.267995829412718,0.27885363391938367,121.76659999749972
2,7,27,"(112.5, 287.5, 3.266470567666104)",0.07618502208711724,737.5214233398438,-0.7563596888244384,0.802842991612392,91.74210000128369
2,7,28,"(112.5, 312.5, 3.997603125569143)",0.8718653961277054,0.0,-1.6415675771571179,1.178919276152322,133.4361999979592
2,7,29,"(112.5, 287.5, 3.266470567666104)",0.05353201925749015,0.0,-2.545286215291157,0.6362563800266238,153.63989999968908
2,7,30,"(112.5, 287.5, 3.266470567666104)",0.19215953211153314,737.779296875,-0.7525090163803608,0.794005296289911,85.91100000194274
2,7,31,"(112.5, 287.5, 3.266470567666104)",0.07402851589789312,0.0,-1.516975012948167,0.5966717035885857,136.06780000191065
2,7,32,"(112.5, 287.5, 3.266470567666104)",0.0015981740628706058,0.0,-2.2679873241767643,0.27878005248360177,124.01309999768273
2,7,33,"(112.5, 287.5, 3.266470567666104)",0.07622544438886944,737.5567016601562,-0.7563584130467108,0.8028602928407951,84.64009999806876
2,7,34,"(87.5, 287.5, 2.8131085484191836)",0.032795714909126396,0.0,-1.501935061575797,0.7472165531194248,140.95330000054673
2,7,35,"(87.5, 312.5, 3.3952550877786836)",0.012295862038956398,0.0,-2.48094513762525,0.34071780690582076,123.63410000034492
2,7,36,"(87.5, 312.5, 3.3952550877786836)",0.6272387828100935,737.6397094726562,-0.9161793534529078,1.619352172921065,121.2439999981143
2,7,37,"(87.5, 287.5, 2.8131085484191836)",0.23818556059893645,0.0,-1.6819444510977144,0.9513961855821635,147.74359999864828
2,7,38,"(112.5, 287.5, 3.266470567666104)",0.0012642291840338992,0.0,-2.4812436745869717,0.30791647702404173,132.40829999995185
2,7,39,"(112.5, 287.5, 3.266470567666104)",0.08787640385303856,737.5377197265625,-0.756785960409029,0.8398609850013762,86.76610000111395
2,7,40,"(112.5, 312.5, 3.997603125569143)",0.887291954961648,0.0,-1.617732000518959,1.206155308449642,131.71689999944647
2,7,41,"(112.5, 287.5, 3.266470567666104)",0.044071808457417254,0.0,-2.5436604501798974,0.6510407962970457,153.15629999895464
2,7,42,"(112.5, 287.5, 3.266470567666104)",0.18518758884867215,737.7727661132812,-0.7525449920657492,0.7954130759239865,87.30289999948582
2,7,43,"(112.5, 262.5, 2.645266895480795)",0.007898649510900382,0.0,-1.3376990845850834,0.879244394513286,149.98569999806932
2,7,44,"(112.5, 287.5, 3.266470567666104)",0.0036140826220295245,0.0,-2.113644402319756,0.6201262007721631,122.2842999995919
2,7,45,"(112.5, 287.5, 3.266470567666104)",0.030332161220880244,737.4886474609375,-0.7637151330393055,0.8716508845497639,86.96760000020731
2,7,46,"(112.5, 312.5, 3.997603125569143)",0.5864199902126679,0.0,-1.7848163404831325,0.8959794603334009,140.7906999993429
2,7,47,"(112.5, 287.5, 3.266470567666104)",0.047739798823951456,0.0,-2.55837611940994,0.5295851482571627,156.18979999999283
2,7,48,"(112.5, 287.5, 3.266470567666104)",0.18113182007144346,737.7404174804688,-0.7522902151915134,0.7851664664332697,86.74289999908069
2,7,49,"(112.5, 312.5, 3.997603125569143)",0.909241493998247,0.0,-1.5574480566365172,1.234866920906336,131.90709999980754
2,7,50,"(112.5, 287.5, 3.266470567666104)",0.05165534714861272,0.0,-2.5395316059189854,0.6870324856619765,154.19359999941662
2,7,51,"(112.5, 287.5, 3.266470567666104)",0.18674167632427388,737.7644653320312,-0.7525786546643672,0.7963865589122481,87.58149999994203
2,7,52,"(87.5, 287.5, 2.8131085484191836)",0.03781989689840273,0.0,-1.4957320363176903,0.6906701670685946,138.25210000140942
2,7,53,"(112.5, 287.5, 3.266470567666104)",0.0026770976061609446,0.0,-2.25308322876496,0.3848200138836968,124.50620000163326
2,7,54,"(112.5, 287.5, 3.266470567666104)",0.06492882286693473,737.52001953125,-0.7587873582241771,0.8427747671892483,85.27139999932842
2,7,55,"(137.5, 287.5, 3.720264207629609)",0.11797920197114405,0.0,-1.4934879415490216,0.5641314265164219,133.86149999860208
2,7,56,"(112.5, 287.5, 3.266470567666104)",0.004912112839502637,0.0,-2.237081126592061,0.19727327205354112,123.32229999810806
2,7,57,"(112.5, 287.5, 3.266470567666104)",0.09046547337381072,737.5897216796875,-0.7542185904496609,0.769192789331536,84.0252000016335
2,7,58,"(112.5, 262.5, 2.645266895480795)",0.008353514804578785,0.0,-1.3426027461763197,0.9316458904617779,146.66609999767388
2,7,59,"(112.5, 287.5, 3.266470567666104)",0.00350115168839694,0.0,-2.1152024582912596,0.6324531595272188,123.39520000023185
2,7,60,"(112.5, 287.5, 3.266470567666104)",0.030241704700855503,737.4808349609375,-0.7639030083535188,0.8746230468857221,86.31180000156746
2,7,61,"(112.5, 312.5, 3.997603125569143)",0.5873667719508318,0.0,-1.7853452539921462,0.894509228483584,138.976599999296
2,7,62,"(112.5, 287.5, 3.266470567666104)",0.04781474173066741,0.0,-2.558449347768571,0.5290433109691536,152.64210000168532
2,7,63,"(112.5, 287.5, 3.266470567666104)",0.1835529299092516,737.7659912109375,-0.7522895409363505,0.7851365061642702,85.8924999993178
2,7,64,"(112.5, 287.5, 3.266470567666104)",0.06624111888990741,0.0,-1.5170023912246107,0.5966382291047694,135.70760000220616
2,7,65,"(112.5, 287.5, 3.266470567666104)",0.0018598781898652827,0.0,-2.2679960169222473,0.27885520996241353,122.72279999888269
2,7,66,"(112.5, 287.5, 3.266470567666104)",0.07640900078188807,737.5318603515625,-0.756359730393498,0.8028433163800137,89.04339999935473
2,7,67,"(112.5, 287.5, 3.266470567666104)",0.05213521578098721,0.0,-1.5218592023186617,0.6373906345957864,138.4598000004189
2,7,68,"(112.5, 287.5, 3.266470567666104)",0.002116575526691927,0.0,-2.26895834163446,0.2871328102526401,123.4604000019317
2,7,69,"(112.5, 287.5, 3.266470567666104)",0.0701972738008512,737.5277099609375,-0.7565056773288465,0.8049561042660606,87.3027000016009
2,8,0,"(137.5, 362.5, 6.88289330546234)",0.0821137021080103,737.7489013671875,-3.357596138231333,1.5275506224093278,85.41120000154478
2,8,1,"(162.5, 362.5, 8.044975170611863)",0.00823226259978637,0.0,-7.276139643115216,0.11517951594969168,123.18329999834532
2,8,2,"(187.5, 362.5, 9.103110310900643)",-3.8805107275644936e-11,0.0,-11.267118043943608,0.0005209878254909796,124.58369999876595
2,8,3,"(187.5, 362.5, 9.103110310900643)",0.0014669210054925302,743.5701904296875,-3.991325928676658,0.001061701413348967,85.9768999980588
2,8,4,"(162.5, 362.5, 8.044975170611863)",1.2125592248251458e-06,0.0,-7.9095258554830465,4.184940044492794e-05,137.39050000003772
2,8,5,"(162.5, 337.5, 6.503826249283008)",5.493250985940298e-07,0.0,-9.93668344001082,2.5828331185023484e-05,130.38999999844236
2,8,6,"(162.5, 337.5, 6.503826249283008)",0.013699260861023748,740.62255859375,-2.027157587742996,0.13046005657393517,85.50169999944046
2,8,7,"(187.5, 337.5, 7.2238068944948735)",0.006135599134857625,0.0,-3.803851283358795,0.047901955358640357,122.09949999669334
2,8,8,"(187.5, 362.5, 9.103110310900643)",-3.880510727564493e-11,0.0,-7.795061314718939,2.7745841935420117e-05,126.4251000029617
2,8,9,"(187.5, 362.5, 9.103110310900643)",0.00022189927482429013,743.5701904296875,-3.9913259286766123,0.001026915323682822,87.70410000215634
2,8,10,"(187.5, 337.5, 7.2238068944948735)",9.840449205265916e-07,0.0,-5.767903575217936,5.247786405191678e-05,150.03410000281292
2,8,11,"(162.5, 337.5, 6.503826249283008)",5.493250985940299e-07,0.0,-7.7950611630298585,3.673280583057458e-05,126.37330000143265
2,8,12,"(162.5, 337.5, 6.503826249283008)",0.014743401452431738,740.6240844726562,-2.0271576103488713,0.1406702138199125,90.65799999734736
2,8,13,"(187.5, 337.5, 7.2238068944948735)",0.010949622597134601,0.0,-3.8038571639960264,0.049303162807133954,122.38960000104271
2,8,14,"(212.5, 337.5, 7.7206787211523045)",-2.397622059409817e-07,0.0,-4.960109871970252,7.376818806490935e-05,127.2147000017867
2,8,15,"(212.5, 337.5, 7.7206787211523045)",0.001172318068618482,747.119873046875,-1.1563744852294857,0.0030551167009811647,88.11659999992116
2,8,16,"(212.5, 362.5, 9.863883753989105)",1.3186654045761612,0.0,-3.637857226563443,0.9935219008164247,104.17510000115726
2,8,17,"(187.5, 362.5, 9.103110310900643)",-3.880510727564398e-11,0.0,-8.339784883526363,0.002007268800156297,132.43470000088564
2,8,18,"(187.5, 362.5, 9.103110310900643)",0.0005935887284090271,743.5701904296875,-3.9913259286767686,0.0011077336388510934,84.44139999846811
2,8,19,"(187.5, 387.5, 11.364582883745452)",0.08965528111971845,0.0,-7.943487992104425,0.06861846973959602,147.32790000198293
2,8,20,"(162.5, 387.5, 9.797797492156253)",-2.231536102979425e-07,0.0,-12.608342205180566,0.43444171562841594,172.4222999982885
2,8,21,"(162.5, 387.5, 9.797797492156253)",0.03375736053056421,740.7237548828125,-7.2013051081822494,0.03962144356331274,85.70790000158013
2,8,22,"(162.5, 362.5, 8.044975170611863)",1.2125591062609217e-06,0.0,-11.119501059194294,6.39247196463859e-05,140.25369999944814
2,8,23,"(162.5, 337.5, 6.503826249283008)",5.493250985940297e-07,0.0,-13.146658702159918,4.546977997188118e-05,131.54880000001867
2,8,24,"(162.5, 337.5, 6.503826249283008)",0.0177229582097926,740.6116333007812,-2.027157617851978,0.1472643069207687,86.09590000196476
2,8,25,"(187.5, 337.5, 7.2238068944948735)",0.014877431026363006,0.0,-3.8038609538027224,0.050181233093888916,121.89239999861456
2,8,26,"(212.5, 337.5, 7.7206787211523045)",-2.397622059409817e-07,0.0,-4.96010982458279,7.455220080780987e-05,129.66660000165575
2,8,27,"(212.5, 337.5, 7.7206787211523045)",0.0014852624467824112,747.119873046875,-1.1563744852295057,0.003055855994441359,88.5368000017479
2,8,28,"(212.5, 337.5, 7.7206787211523045)",-7.345237530906589e-07,0.0,-2.312748983723544,0.00033242505404912777,129.3377000001783
2,8,29,"(187.5, 337.5, 7.2238068944948735)",2.3543058584133786e-07,0.0,-4.089326617471665,3.2575685159711845e-09,125.27699999918696
2,8,30,"(187.5, 337.5, 7.2238068944948735)",0.0017326503201673062,743.1393432617188,-1.7765776469989232,0.0043352363859471745,87.46500000052038
2,8,31,"(187.5, 337.5, 7.2238068944948735)",0.000789283795534538,0.0,-3.5531557399724223,0.002793005391147754,130.37590000021737
2,8,32,"(187.5, 362.5, 9.103110310900643)",-3.880510727564492e-11,0.0,-7.544481224442098,1.2882737559964398e-08,122.42459999833954
2,8,33,"(187.5, 362.5, 9.103110310900643)",0.0018233217217491849,743.5701904296875,-3.991325928676566,0.0009517033697538802,90.31519999916782
2,8,34,"(212.5, 362.5, 9.863883753989105)",0.044790110115145984,0.0,-7.183509373444689,0.03778497139129528,122.70150000040303
2,8,35,"(212.5, 387.5, 12.56601886791643)",-2.231536200270057e-07,0.0,-5.950912154063447,0.007611753512405203,167.34789999827626
2,8,36,"(212.5, 387.5, 12.56601886791643)",0.0014742766211291302,786.824462890625,-0.41862526840827835,0.0009082984869121355,84.65400000204681
2,8,37,"(212.5, 412.5, 15.910281935579775)",4.121346516088805e-07,0.0,-4.1145754109932895,2.8148267743764406e-06,137.90290000179084
2,8,38,"(187.5, 412.5, 13.941569591049829)",-2.6115837196509044e-08,0.0,-4.577638258391359,2.910597601652737e-19,143.52080000026035
2,8,39,"(187.5, 412.5, 13.941569591049829)",0.002317000223307338,798.0051879882812,-0.4630628473980711,0.0009082695750643169,86.3500000014028
2,8,40,"(162.5, 412.5, 11.634380720059667)",2.5697789978935863,0.0,-4.075214664121926,0.43106855503048297,128.61939999856986
2,8,41,"(137.5, 412.5, 9.458994007438445)",3.48687832414e-08,0.0,-4.899567245076778,0.0003579503362492087,147.42370000021765
2,8,42,"(137.5, 412.5, 9.458994007438445)",0.6021520143448759,741.3383178710938,-8.466868543543427,0.6798995194624213,85.85319999838248
2,8,43,"(137.5, 387.5, 8.184609533832969)",1.7786402475791099e-06,0.0,-13.9085216460108,0.0008053205357006663,137.71200000337558
2,8,44,"(137.5, 387.5, 8.184609533832969)",3.8727497061093657e-07,0.0,-19.43134502905908,4.518026814364407e-06,122.12599999838858
2,8,45,"(137.5, 387.5, 8.184609533832969)",0.002590963522113983,739.0115356445312,-5.522822694662993,0.021894550744835123,85.65710000038962
2,8,46,"(162.5, 387.5, 9.797797492156253)",1.2560517159804167e-06,0.0,-12.724123890726684,2.2512933115672696e-05,118.63180000000284
2,8,47,"(162.5, 412.5, 11.634380720059667)",0.004807734721148219,0.0,-10.378424121101727,0.09923634755180413,125.7804999986547
2,8,48,"(162.5, 412.5, 11.634380720059667)",1.0039999915979356,766.6062622070312,-10.312165828921888,1.4395305249137325,122.91539999932866
2,8,49,"(162.5, 387.5, 9.797797492156253)",1.2560517131758961e-06,0.0,-13.963537196819644,0.011649825588541197,145.33429999937653
2,8,50,"(162.5, 412.5, 11.634380720059667)",4.9360096454771775e-08,0.0,-19.540493393096632,1.794289054895545e-05,132.58150000183377
2,8,51,"(162.5, 412.5, 11.634380720059667)",0.0025778963992794785,819.2732543945312,-6.751253981766685,0.0009214914955559014,86.78510000027018
2,8,52,"(162.5, 387.5, 9.797797492156253)",1.8401742439297757,0.0,-9.131222932372795,0.3907379039194628,119.62150000181282
2,8,53,"(162.5, 387.5, 9.797797492156253)",0.10950676241778429,0.0,-8.146781917582095,0.6066696277597785,168.7144999996235
2,8,54,"(162.5, 387.5, 9.797797492156253)",1.6961078171070205,560.8936157226562,-2.2895899824006145,0.7710782627462208,87.06949999759672
2,8,55,"(162.5, 362.5, 8.044975170611863)",2.0155407035878437,0.0,-4.718481744494029,0.7539269163917992,137.52600000225357
2,8,56,"(162.5, 337.5, 6.503826249283008)",0.19853272724659274,0.0,-7.031266483427319,0.3370394858470197,123.68889999925159
2,8,57,"(162.5, 337.5, 6.503826249283008)",0.05804816572214169,740.095703125,-2.0271577001265673,0.47390731282993825,85.96310000211815
2,8,58,"(162.5, 312.5, 5.206150757863988)",0.2280470696297764,0.0,-2.5967463479721884,1.1137943372105272,123.34829999963404
2,8,59,"(162.5, 287.5, 4.140142738102741)",0.1247039635975905,0.0,-3.338569966995395,0.7711759476169897,123.88410000130534
2,8,60,"(162.5, 287.5, 4.140142738102741)",0.7189861978399945,741.7575073242188,-0.727729267697965,1.5363415815623398,88.05130000109784
2,8,61,"(162.5, 262.5, 3.2775456166337156)",0.01422803662223154,0.0,-1.1094628499896042,0.3575200703678928,147.9462000024796
2,8,62,"(162.5, 287.5, 4.140142738102741)",0.0022305597861629585,0.0,-1.7590895204268777,0.15990427793204154,120.5647000024328
2,8,63,"(162.5, 287.5, 4.140142738102741)",0.09990476413600144,739.4342651367188,-0.6390623539281529,0.5820629318789031,85.42920000036247
2,8,64,"(187.5, 287.5, 4.484402965683246)",0.3667751985979533,0.0,-1.1489966432867051,0.9417447261112407,146.698299999116
2,8,65,"(187.5, 262.5, 3.519235619237839)",0.0005548781482614671,0.0,-1.5592206869001775,0.20229387434608773,129.31709999975283
2,8,66,"(187.5, 262.5, 3.519235619237839)",0.07290086436548102,739.7279052734375,-0.4207307475214359,0.9108556385390925,88.3575000007113
2,8,67,"(187.5, 287.5, 4.484402965683246)",0.14341363376786267,0.0,-0.9300400471045235,0.5853445445611596,137.11639999746694
2,8,68,"(187.5, 312.5, 5.701335627950545)",-8.203399678071338e-08,0.0,-1.7469446436642215,0.12707857476710396,122.97750000288943
2,8,69,"(187.5, 312.5, 5.701335627950545)",0.1506243365249594,739.6572875976562,-0.8309374264420395,0.9713057581350463,87.32469999813475
2,9,0,"(137.5, 362.5, 6.88289330546234)",0.0822988089090282,737.7344970703125,-3.357596138231334,1.527550626765275,86.59840000109398
2,9,1,"(137.5, 337.5, 5.675677129206918)",0.0571594839272041,0.0,-4.557178825331739,0.5308948581507825,121.90289999853121
2,9,2,"(137.5, 312.5, 4.617102976724376)",0.0013096070227577934,0.0,-4.965811741474006,0.15125792135430624,121.071599998686
2,9,3,"(137.5, 312.5, 4.617102976724376)",0.08231875614646438,743.170654296875,-0.41437356209919307,0.25997457416038033,87.68589999817777
2,9,4,"(112.5, 312.5, 3.997603125569143)",0.08035553463557447,0.0,-0.8885625284576316,0.11739774182360099,138.45410000067204
2,9,5,"(112.5, 287.5, 3.266470567666104)",0.20975484450658974,0.0,-2.0733233948106604,0.5472967136223246,122.00320000192733
2,9,6,"(112.5, 287.5, 3.266470567666104)",0.3972797810755071,738.30859375,-0.7698663509224769,0.9631723330260938,87.77180000106455
2,9,7,"(112.5, 262.5, 2.645266895480795)",0.007535640231262145,0.0,-1.3315768782399366,0.8047852575131255,147.8105999995023
2,9,8,"(112.5, 287.5, 3.266470567666104)",0.003557577418784305,0.0,-2.1113902372944464,0.6019601071323271,128.36320000133128
2,9,9,"(112.5, 287.5, 3.266470567666104)",0.03124534735612293,737.4690551757812,-0.7634360647495351,0.8671202994719807,86.23569999690517
2,9,10,"(112.5, 312.5, 3.997603125569143)",0.5958441884491026,0.0,-1.7843797023911911,0.8969407028562654,138.96400000157882
2,9,11,"(112.5, 287.5, 3.266470567666104)",0.03307093679907223,0.0,-2.55831698132533,0.5299966190328865,156.89879999990808
2,9,12,"(112.5, 287.5, 3.266470567666104)",0.1773822288382697,737.7386474609375,-0.7522903451432439,0.7851706770782828,87.17840000099386
2,9,13,"(112.5, 262.5, 2.645266895480795)",0.008145512588673895,0.0,-1.3377533195192803,0.8798551101568339,149.31000000069616
2,9,14,"(112.5, 287.5, 3.266470567666104)",0.004527066834264774,0.0,-2.1136626482873395,0.6202718202949518,123.69180000314373
2,9,15,"(112.5, 287.5, 3.266470567666104)",0.03168958643958541,737.4921875,-0.7637173362941341,0.8716822105528009,85.87469999838504
2,9,16,"(112.5, 312.5, 3.997603125569143)",0.5805734753823408,0.0,-1.7848420025933773,0.8958950115201543,139.02519999828655
2,9,17,"(112.5, 287.5, 3.266470567666104)",0.04577364027504272,0.0,-2.558379682989689,0.5295571068614568,153.75160000257893
2,9,18,"(112.5, 287.5, 3.266470567666104)",0.17802466790424193,737.7199096679688,-0.7522901827401884,0.7851639291314075,91.23600000020815
2,9,19,"(112.5, 287.5, 3.266470567666104)",0.07999190781354798,0.0,-1.5170016213267572,0.5966318040893588,138.35869999820716
2,9,20,"(137.5, 287.5, 3.720264207629609)",0.005719398458775863,0.0,-2.2414117107612705,0.21829213826918514,122.35800000053132
2,9,21,"(137.5, 287.5, 3.720264207629609)",0.13644426874731352,738.4508056640625,-0.7302661188517073,0.7425739358679967,92.32739999788464
2,9,22,"(137.5, 262.5, 2.9770964423387296)",0.015332527910353081,0.0,-1.2780976742016013,0.7414509331018121,144.31060000060825
2,9,23,"(137.5, 287.5, 3.720264207629609)",0.003833189917107122,0.0,-2.0153446065187257,0.35813131076803556,123.13209999774699
2,9,24,"(137.5, 287.5, 3.720264207629609)",0.052591706381692874,738.31298828125,-0.7327981180221823,0.6605217631155442,84.78330000070855
2,9,25,"(162.5, 287.5, 4.140142738102741)",0.20898899476353394,0.0,-1.3726462749738881,0.5126650521684359,133.11170000088168
2,9,26,"(162.5, 262.5, 3.2775456166337156)",0.000764444082353401,0.0,-1.8381242780750193,0.1757889643722713,120.15769999925396
2,9,27,"(162.5, 262.5, 3.2775456166337156)",0.03369422617836653,738.725341796875,-0.4755337237059586,0.9217888833841773,85.1528999992297
2,9,28,"(162.5, 287.5, 4.140142738102741)",0.07195165362384195,0.0,-1.1248866796917356,0.5732391860884594,139.57160000063595
2,9,29,"(187.5, 287.5, 4.484402965683246)",0.00406837370245848,0.0,-1.612502222299045,0.12755573880377669,132.20039999941946
2,9,30,"(187.5, 287.5, 4.484402965683246)",0.18124153887759784,740.6002807617188,-0.499856013459593,0.7974175050341592,88.77060000304482
2,9,31,"(187.5, 262.5, 3.519235619237839)",0.04890808954949699,0.0,-0.9269327371397855,0.5608174710089342,144.16649999839137
2,9,32,"(187.5, 287.5, 4.484402965683246)",0.004885672591622022,0.0,-1.4313736607971763,0.16106343967199363,128.39370000074268
2,9,33,"(187.5, 287.5, 4.484402965683246)",0.1755392763989952,740.7182006835938,-0.5008035287156012,0.8126026057311402,92.9294999987178
2,9,34,"(162.5, 287.5, 4.140142738102741)",0.647053704957376,0.0,-1.1644726738653124,1.140918131965741,152.0678000015323
2,9,35,"(162.5, 262.5, 3.2775456166337156)",0.0004240618242568334,0.0,-1.6085787010340669,0.14967311731576408,139.27920000060112
2,9,36,"(162.5, 262.5, 3.2775456166337156)",0.032226614250927925,738.7576293945312,-0.47427270381931125,0.8513519144679278,87.69889999894076
2,9,37,"(162.5, 287.5, 4.140142738102741)",0.07162857290869487,0.0,-1.1239128562170442,0.5586603129975467,140.70770000034827
2,9,38,"(162.5, 312.5, 5.206150757863988)",0.00905131610729888,0.0,-2.1567643393694267,0.1248329406521968,131.64070000129868
2,9,39,"(162.5, 312.5, 5.206150757863988)",0.346746231927384,738.9035034179688,-0.8277447572006271,1.524619878786026,128.88540000130888
2,9,40,"(162.5, 287.5, 4.140142738102741)",0.8951322466282439,0.0,-1.3468899116557282,1.295343049808966,138.4658999995736
2,9,41,"(162.5, 262.5, 3.2775456166337156)",0.00010013045781933663,0.0,-2.0928248090648607,0.3337169448246911,164.63330000260612
2,9,42,"(162.5, 262.5, 3.2775456166337156)",0.024567028571779777,738.9054565429688,-0.47132338136225377,0.5969408304031858,82.78639999844017
2,9,43,"(162.5, 287.5, 4.140142738102741)",0.06736606820863822,0.0,-1.1201853933789967,0.497383918562634,139.659100001154
2,9,44,"(162.5, 312.5, 5.206150757863988)",0.006724907085306384,0.0,-2.156436851625516,0.12446290096861373,121.90069999996922
2,9,45,"(162.5, 312.5, 5.206150757863988)",0.34706256695477794,738.9234008789062,-0.8260085723485739,1.5252888214283469,124.42190000001574
2,9,46,"(162.5, 287.5, 4.140142738102741)",0.8976703299314392,0.0,-1.3467594314218285,1.2945615532477721,141.36810000127298
2,9,47,"(162.5, 262.5, 3.2775456166337156)",0.00013319116745437494,0.0,-2.092768233406201,0.3338401209746647,167.0360999996774
2,9,48,"(162.5, 262.5, 3.2775456166337156)",0.02337276828983708,738.9042358398438,-0.47132297612626667,0.5968863702649446,83.86249999966822
2,9,49,"(162.5, 287.5, 4.140142738102741)",0.06828695140573168,0.0,-1.1201845045696897,0.4973690369921505,138.80059999792138
2,9,50,"(162.5, 312.5, 5.206150757863988)",0.004297011531902728,0.0,-2.1564367005999254,0.1244628913946502,123.96309999894584
2,9,51,"(162.5, 312.5, 5.206150757863988)",0.34910063547562337,738.9415893554688,-0.8260080398189739,1.5252890047971885,126.24240000150166
2,9,52,"(162.5, 287.5, 4.140142738102741)",0.8942795683898092,0.0,-1.346759370486792,1.294561339810036,139.8669999980484
2,9,53,"(162.5, 262.5, 3.2775456166337156)",0.00023134015888502064,0.0,-2.092768236311587,0.3338402468688396,166.92049999983283
2,9,54,"(162.5, 262.5, 3.2775456166337156)",0.02520809479787559,738.908203125,-0.4713229761262666,0.5968863728318605,86.66150000135531
2,9,55,"(162.5, 287.5, 4.140142738102741)",0.06459434201305428,0.0,-1.1201845045696897,0.4973690369921505,139.5236999996996
2,9,56,"(187.5, 287.5, 4.484402965683246)",0.004885672591623919,0.0,-1.6121026649783115,0.12172492750963138,122.18310000025667
2,9,57,"(187.5, 287.5, 4.484402965683246)",0.18654049315206503,740.6419677734375,-0.4998269489758465,0.7991222158117038,87.60609999808366
2,9,58,"(187.5, 262.5, 3.519235619237839)",0.059790297580414334,0.0,-0.9268724221433283,0.5599591675835185,144.87009999720613
2,9,59,"(187.5, 287.5, 4.484402965683246)",0.005884964639937703,0.0,-1.4313588906288226,0.160959031374901,122.26729999747477
2,9,60,"(187.5, 287.5, 4.484402965683246)",0.1796083620811872,740.6256713867188,-0.5008026712804005,0.812618235424814,87.58440000019618
2,9,61,"(187.5, 262.5, 3.519235619237839)",0.05783745278173011,0.0,-0.928327296521696,0.5812105074120444,144.31079999849317
2,9,62,"(187.5, 287.5, 4.484402965683246)",0.005157628717522485,0.0,-1.431696476252573,0.1634257062730052,121.40509999881033
2,9,63,"(187.5, 287.5, 4.484402965683246)",0.18067430020473996,740.6254272460938,-0.5008232271452894,0.8129368382530069,87.82910000081756
2,9,64,"(187.5, 262.5, 3.519235619237839)",0.051815736027770114,0.0,-0.9283520338682911,0.5815585814344085,144.05440000336966
2,9,65,"(187.5, 287.5, 4.484402965683246)",0.004160403274003006,0.0,-1.4317019825264268,0.16346535304542265,122.87090000245371
2,9,66,"(187.5, 287.5, 4.484402965683246)",0.1746984046182139,740.6671752929688,-0.5008235624469421,0.8129419305208448,84.53459999873303
2,9,67,"(187.5, 262.5, 3.519235619237839)",0.05801639768276952,0.0,-0.9283524006514039,0.5815643005430118,142.05969999966328
2,9,68,"(187.5, 287.5, 4.484402965683246)",0.003655671142051915,0.0,-1.4317020209978937,0.16346610439205758,129.79410000116332
2,9,69,"(187.5, 287.5, 4.484402965683246)",0.18123904509910935,740.6204833984375,-0.5008235715157842,0.812942112942654,86.95300000181305
2,0,0,"(487.5, 487.5, 2.4370033062802148)",0.08076344606322859,362.0320739746094,-0.9932105915237052,2.2795417766067123,87.47759999823757
2,0,1,"(487.5, 462.5, 2.446737931289699)",0.012184618496346696,0.0,-1.8649921186881084,1.8005645438249744,135.01220000034664
2,0,2,"(487.5, 437.5, 2.3962294749129978)",0.0027647763490716735,0.0,-2.6147916929202624,1.4719734841732417,121.7651000006299
2,0,3,"(487.5, 437.5, 2.3962294749129978)",0.02230869145704773,547.8727416992188,-0.7505362943654077,1.549359970908323,86.95280000029015
2,0,4,"(487.5, 412.5, 2.290558742230985)",0.04573396369467318,0.0,-1.3333895256226072,1.1149559398135371,138.09410000249045
2,0,5,"(487.5, 387.5, 2.139763984685619)",0.007347260912270865,0.0,-1.7686342140743039,0.5302312380542893,125.26190000062343
2,0,6,"(487.5, 387.5, 2.139763984685619)",0.07857236905781531,549.7453002929688,-0.45785162250972833,1.0504050404905183,89.36850000100094
2,0,7,"(487.5, 362.5, 1.9568116350230005)",0.20343403699475174,0.0,-0.9055060753026439,0.9294230084601353,140.09409999925992
2,0,8,"(487.5, 337.5, 1.7553492373438715)",0.07032400369643473,0.0,-1.475444493415257,0.7952847925573938,122.17669999881764
2,0,9,"(487.5, 337.5, 1.7553492373438715)",0.4554417590331298,550.4920043945312,-0.5794364050516151,1.878197475052642,87.05470000131754
2,0,10,"(487.5, 312.5, 1.5478514032947062)",0.4172282994348601,0.0,-1.169550245715273,1.9225279606192216,139.77599999998347
2,0,11,"(487.5, 287.5, 1.3444703254931378)",0.0005217992778295551,0.0,-1.6428906101968033,1.2684761905276392,149.3186000006972
2,0,12,"(487.5, 287.5, 1.3444703254931378)",0.03373467752327264,549.4451293945312,-0.49432899526767904,1.483047691628216,91.74830000119982
2,0,13,"(462.5, 287.5, 1.6387307756259826)",0.009958056855419523,0.0,-1.0222469229221847,1.4437131366774818,139.40420000290032
2,0,14,"(462.5, 262.5, 1.3909688886982803)",0.00012791149977905218,0.0,-1.4903983589443217,1.4253439854532666,121.553999997559
2,0,15,"(462.5, 262.5, 1.3909688886982803)",0.0018771649233266217,733.10888671875,-0.46969719474787586,1.4859116698421595,85.42550000129268
2,0,16,"(487.5, 262.5, 1.1525974378684039)",0.0007344334624116272,0.0,-0.9281508853572753,1.4949044352965553,139.59690000046976
2,0,17,"(487.5, 287.5, 1.3444703254931378)",0.0005522373830900311,0.0,-1.426473326071014,1.4867432289716729,123.63069999992149
2,0,18,"(487.5, 287.5, 1.3444703254931378)",0.004992656093114721,549.4376831054688,-0.4976376820365042,1.4875130222055128,82.878699999128
2,0,19,"(462.5, 287.5, 1.6387307756259826)",0.007260535623847073,0.0,-1.0240041816138559,1.457196293226736,138.3139999998093
2,0,20,"(462.5, 312.5, 1.9057706001378085)",0.002288777381183117,0.0,-1.6218285251480749,1.3252066661207438,125.58749999880092
2,0,21,"(462.5, 312.5, 1.9057706001378085)",0.051308729237767955,733.138916015625,-0.5975395571302136,1.3986427462516553,86.73459999772604
2,0,22,"(462.5, 287.5, 1.6387307756259826)",0.01643288834754366,0.0,-1.1231567896271513,1.3370995541310824,137.98010000027716
2,0,23,"(462.5, 262.5, 1.3909688886982803)",0.00011988474094932554,0.0,-1.5895493522133513,1.3027171873737073,125.1951000012923
2,0,24,"(462.5, 262.5, 1.3909688886982803)",0.0021568069534213174,733.1103515625,-0.46925132889682775,1.4719740037005322,91.50389999922481
2,0,25,"(437.5, 262.5, 1.6629239389874948)",0.0028329544337403374,0.0,-0.9516610365400396,1.4886531379707955,139.4799999980023
2,0,26,"(437.5, 287.5, 1.9802988879790537)",0.002093489281833162,0.0,-1.5141472405406804,1.4460317071858892,121.47189999814145
2,0,27,"(437.5, 287.5, 1.9802988879790537)",0.013006974123478954,735.3858032226562,-0.5583360013305811,1.420435319877688,87.85749999879044
2,0,28,"(437.5, 312.5, 2.3288409680820936)",0.03334016364468326,0.0,-1.207764516092266,1.1780151059852417,138.88740000038524
2,0,29,"(412.5, 312.5, 2.8190600723806885)",0.008257521937277246,0.0,-1.8836056169086985,0.6411970301258004,122.0711999994819
2,0,30,"(412.5, 312.5, 2.8190600723806885)",0.19254733620955175,736.9830322265625,-0.6955861406540537,1.1068781517739932,87.38300000186427
2,0,31,"(412.5, 287.5, 2.3680192003946603)",0.03034818512071458,0.0,-1.2667084168434215,0.8158882081555789,139.2454999986512
2,0,32,"(412.5, 312.5, 2.8190600723806885)",0.0030204194287466045,0.0,-1.954300087976089,0.42409266649054517,130.0639000000956
2,0,33,"(412.5, 312.5, 2.8190600723806885)",0.1389982864539747,736.8516845703125,-0.6927772752271181,0.969186718087053,87.98169999863603
2,0,34,"(412.5, 287.5, 2.3680192003946603)",0.028962741162089866,0.0,-1.265378671245422,0.8020515033524547,138.16249999945285
2,0,35,"(412.5, 312.5, 2.8190600723806885)",0.00534722581504775,0.0,-1.9540228615565198,0.42186512528630676,126.4794000016991
2,0,36,"(412.5, 312.5, 2.8190600723806885)",0.14013104320902864,736.8755493164062,-0.6927400147623431,0.9672725597497962,85.18139999796404
2,0,37,"(412.5, 287.5, 2.3680192003946603)",0.02386810934461519,0.0,-1.265357560043427,0.8018311416358086,140.04449999993085
2,0,38,"(387.5, 287.5, 2.795360823982221)",0.0033293717230392667,0.0,-1.8358889914416254,0.5345088140452776,123.50570000126027
2,0,39,"(387.5, 287.5, 2.795360823982221)",0.03934861230864731,737.4501342773438,-0.5752575590570715,0.981662431485122,86.79819999815663
2,0,40,"(387.5, 312.5, 3.371997408476144)",0.09597544461671287,0.0,-1.3125094787700124,0.5754927158735101,140.29240000309073
2,0,41,"(412.5, 312.5, 2.8190600723806885)",0.024939668675246537,0.0,-1.9910981656922688,0.24989698574665908,121.24330000006012
2,0,42,"(412.5, 312.5, 2.8190600723806885)",0.32465981767343877,737.2571411132812,-0.6915175052645908,1.1569698831469064,91.86960000079125
2,0,43,"(412.5, 287.5, 2.3680192003946603)",0.02796024164821077,0.0,-1.2602070759148396,0.7564373133922084,142.09330000085174
2,0,44,"(412.5, 312.5, 2.8190600723806885)",0.0023104089001858147,0.0,-1.9528171350961034,0.41255576739799993,131.59919999816339
2,0,45,"(412.5, 312.5, 2.8190600723806885)",0.13457483403193826,736.8807373046875,-0.6926109885692803,0.9674207570826037,93.03360000194516
2,0,46,"(412.5, 287.5, 2.3680192003946603)",0.024919935909828356,0.0,-1.265266138766544,0.8010480421898689,137.51529999717604
2,0,47,"(387.5, 287.5, 2.795360823982221)",0.0036701513454305075,0.0,-1.8358663049835595,0.5343272180778462,121.46790000042529
2,0,48,"(387.5, 287.5, 2.795360823982221)",0.04052522397004121,737.4390869140625,-0.5752542795093236,0.9816067145151195,86.24020000206656
2,0,49,"(362.5, 287.5, 3.2481324511568093)",0.05753597433320559,0.0,-1.1387585330875538,0.7556275799653324,139.89529999889783
2,0,50,"(362.5, 312.5, 3.972924796908688)",0.005791107813510666,0.0,-1.8697868610376889,0.15192842384389899,133.3422999996401
2,0,51,"(362.5, 312.5, 3.972924796908688)",0.28804219952107846,738.8552856445312,-0.7449620902067867,0.9933594277954035,111.8581999980961
2,0,52,"(362.5, 287.5, 3.2481324511568093)",0.17238245904015784,0.0,-1.2883721435716131,0.5463569764850311,150.93079999860493
2,0,53,"(387.5, 287.5, 2.795360823982221)",0.0010604216561950772,0.0,-1.8660240626752833,0.133875957367505,129.97009999889997
2,0,54,"(387.5, 287.5, 2.795360823982221)",0.03849061688221618,737.5320434570312,-0.5646785255164837,0.7403611464944069,85.39069999824278
2,0,55,"(387.5, 287.5, 2.795360823982221)",0.03969496533760664,0.0,-1.1524298666432629,0.8106091613879418,137.59460000073886
2,0,56,"(362.5, 287.5, 3.2481324511568093)",0.0054394422719871915,0.0,-1.7031588938189777,0.4701862158146046,123.18740000046091
2,0,57,"(362.5, 287.5, 3.2481324511568093)",0.06128274724334953,738.2113037109375,-0.5559977505562563,0.8231467730831261,86.33329999793204
2,0,58,"(337.5, 287.5, 3.7025046815464644)",0.093237765643084,0.0,-1.0631507784558185,0.5548685898864062,139.014500000485
2,0,59,"(337.5, 312.5, 4.592532186196013)",0.0071194935590203805,0.0,-1.7475408062523539,0.1720215482577663,121.26849999913247
2,0,60,"(337.5, 312.5, 4.592532186196013)",0.3246109596652426,738.9070434570312,-0.6372934726850659,1.4445308535703694,125.40250000165543
2,0,61,"(337.5, 287.5, 3.7025046815464644)",0.4764524538348097,0.0,-1.1496532778679192,1.085837889316392,146.0445000011532
2,0,62,"(337.5, 262.5, 2.964249814698708)",0.00048716684492855353,0.0,-1.639741786025079,0.0995391761523785,168.324099999154
2,0,63,"(337.5, 262.5, 2.964249814698708)",0.030562748655115952,738.7470092773438,-0.42713834924667643,0.8275725321170764,87.09190000081435
2,0,64,"(337.5, 287.5, 3.7025046815464644)",0.09696867292651172,0.0,-0.9484987117462469,0.7715376546103325,137.8487000001769
2,0,65,"(337.5, 312.5, 4.592532186196013)",0.0007100075793771495,0.0,-1.6427552894961948,0.09881879040725493,127.51100000241422
2,0,66,"(337.5, 312.5, 4.592532186196013)",0.14833554295309687,739.7184448242188,-0.7117706706048577,0.7280247310415856,108.07320000094478
2,0,67,"(337.5, 287.5, 3.7025046815464644)",0.41911549928194863,0.0,-1.1782902683443024,0.9010659008007451,148.0377000007138
2,0,68,"(337.5, 262.5, 2.964249814698708)",0.00036032816084677983,0.0,-1.6398842951661492,0.09827814933402193,163.40169999966747
2,0,69,"(337.5, 262.5, 2.964249814698708)",0.02932838349381323,738.7470703125,-0.4271508696145805,0.8289926694009814,87.37649999966379
2,1,0,"(487.5, 487.5, 2.4370033062802148)",0.08955068424910974,362.048095703125,-0.9932105915237052,2.2795417620334777,87.3174000007566
2,1,1,"(462.5, 487.5, 3.127296379115885)",0.010793461194608615,0.0,-2.326143762565105,1.6909262369786016,136.22359999862965
2,1,2,"(437.5, 487.5, 4.012520353342856)",0.0014293144146603693,0.0,-4.261655078258574,1.1017538346680278,128.73599999875296
2,1,3,"(437.5, 487.5, 4.012520353342856)",0.015711354446572127,547.9207153320312,-1.9345902413953995,0.9751848758247066,88.08430000135559
2,1,4,"(412.5, 487.5, 5.147226552974528)",0.05158388941840715,0.0,-4.83256029686286,0.21535678868633423,128.26309999945806
2,1,5,"(412.5, 487.5, 5.147226552974528)",0.004843194594411663,0.0,-7.7408556006617175,0.02191799491105812,132.21779999730643
2,1,6,"(412.5, 487.5, 5.147226552974528)",0.2516050165659047,549.5928955078125,-2.912990815526517,0.49907994915719156,89.1620000002149
2,1,7,"(387.5, 487.5, 6.600725374454914)",0.008208898134793193,0.0,-5.298113442392531,0.061792379584244835,151.80310000141617
2,1,8,"(387.5, 487.5, 6.600725374454914)",-8.44399134318034e-08,0.0,-7.36714662958779,1.0256189564694531e-05,124.21919999906095
2,1,9,"(387.5, 487.5, 6.600725374454914)",0.0035400632872650568,568.3601684570312,-2.064656531644934,0.002600503413762059,88.77360000042245
2,1,10,"(412.5, 487.5, 5.147226552974528)",0.04220052795223461,0.0,-5.302466218744567,0.036573241348352555,113.69550000017625
2,1,11,"(387.5, 487.5, 6.600725374454914)",-8.443991343180339e-08,0.0,-7.3671483017316755,1.0433223173051027e-05,121.0045000007085
2,1,12,"(387.5, 487.5, 6.600725374454914)",0.002572628573201783,568.3601684570312,-2.0646565336020695,0.005425063141471881,88.40170000257785
2,1,13,"(387.5, 487.5, 6.600725374454914)",-1.214327219270455e-07,0.0,-4.12931306358158,3.894963297178205e-05,121.6260000001057
2,1,14,"(387.5, 462.5, 6.644563227708976)",0.004809593180033678,0.0,-10.326086980316646,0.011548897366958834,126.2010000027658
2,1,15,"(387.5, 462.5, 6.644563227708976)",0.5376050773363009,736.8745727539062,-4.446660422789171,0.7894238498926033,86.75229999789735
2,1,16,"(387.5, 487.5, 6.600725374454914)",0.06116626346263286,0.0,-6.7838470890505675,0.4014645975999139,145.03480000348645
2,1,17,"(387.5, 487.5, 6.600725374454914)",-8.443991343180338e-08,0.0,-10.326213684991215,0.011113914187204619,148.0310000006284
2,1,18,"(387.5, 487.5, 6.600725374454914)",0.0033554606692480517,568.3601684570312,-2.0646565320856727,0.003915829649727989,88.82960000119056
2,1,19,"(387.5, 487.5, 6.600725374454914)",-1.2143272192704555e-07,0.0,-4.129313063455714,3.527702952609259e-05,121.8178999988595
2,1,20,"(387.5, 462.5, 6.644563227708976)",0.004401989359735307,0.0,-10.326207478782445,0.011257349553537646,127.42110000181128
2,1,21,"(387.5, 462.5, 6.644563227708976)",0.5378022241800655,736.6118774414062,-4.448164437459869,0.7946644767176699,86.91000000180793
2,1,22,"(412.5, 462.5, 5.176557100199439)",0.0007036326053846608,0.0,-7.174266787324425,0.0212979336751558,138.96440000098664
2,1,23,"(387.5, 462.5, 6.644563227708976)",5.314747492472331e-07,0.0,-11.55126185217058,5.740583709735461e-05,125.15590000111843
2,1,24,"(387.5, 462.5, 6.644563227708976)",0.001703240317916282,733.795654296875,-4.377006428649084,0.026829322122652294,86.65769999788608
2,1,25,"(387.5, 462.5, 6.644563227708976)",2.9630961923083566e-06,0.0,-8.7540128671562,0.0025960988028170414,129.48649999816553
2,1,26,"(412.5, 462.5, 5.176557100199439)",8.09629758199056e-07,0.0,-11.551259367518862,9.033422470634394e-05,123.83580000096117
2,1,27,"(412.5, 462.5, 5.176557100199439)",0.0015579726518899551,732.9434204101562,-2.7972479938744863,0.0823882614183267,88.4498999985226
2,1,28,"(437.5, 462.5, 4.032539977718922)",0.0022727713541899745,0.0,-4.648548444921498,0.23816065081906526,141.12549999845214
2,1,29,"(412.5, 462.5, 5.176557100199439)",0.00011119743188274675,0.0,-7.4494444429573266,0.05064304213408428,120.28700000155368
2,1,30,"(412.5, 462.5, 5.176557100199439)",0.008684414257760075,732.9332885742188,-2.7982109006185603,0.30802361716907267,87.60759999859147
2,1,31,"(387.5, 462.5, 6.644563227708976)",0.0004525519165156502,0.0,-7.174351953209584,0.014414804017650742,125.09700000009616
2,1,32,"(362.5, 462.5, 8.527721324025148)",0.18135519822451024,0.0,-11.182395405139687,0.3983408885383799,124.81460000344669
2,1,33,"(362.5, 462.5, 8.527721324025148)",0.00810944056729313,783.13330078125,-3.031143200806483,0.014218182978958372,86.74650000102702
2,1,34,"(362.5, 437.5, 8.184609533832969)",0.005766711297158082,0.0,-5.628145795622547,0.002053323739069765,136.7026000007172
2,1,35,"(362.5, 462.5, 8.527721324025148)",4.383424917856853e-07,0.0,-8.659284485124262,8.769995792979843e-12,152.06519999992452
2,1,36,"(362.5, 462.5, 8.527721324025148)",0.0014667542769052926,783.13330078125,-3.031143072111812,0.0009065982588095025,89.37330000117072
2,1,37,"(362.5, 437.5, 8.184609533832969)",0.020386220765004404,0.0,-5.62814577745384,0.0020533240490338027,140.51069999914034
2,1,38,"(337.5, 437.5, 10.400297021568935)",1.7213945587476098e-07,0.0,-12.071587997012909,0.00417089104271983,154.95910000026925
2,1,39,"(337.5, 437.5, 10.400297021568935)",0.00032560873668339795,796.9451904296875,-3.3171300609191157,0.0009078598776519664,85.98450000135927
2,1,40,"(337.5, 412.5, 9.377700043801939)",0.002448001579641788,0.0,-6.375066005634549,0.00046068078965656853,113.10099999900558
2,1,41,"(312.5, 412.5, 11.543004562335339)",-2.6115837196509054e-08,0.0,-10.833086018702469,0.0006000481368538672,143.36769999863463
2,1,42,"(312.5, 412.5, 11.543004562335339)",0.002280558160337839,798.0051879882812,-1.916521617886066,0.0009082698081395815,84.78929999910179
2,1,43,"(337.5, 412.5, 9.377700043801939)",0.00579972633983377,0.0,-4.974457566336106,0.00047786655998252934,123.54440000126488
2,1,44,"(337.5, 387.5, 8.122025837780313)",1.7180298626845004e-07,0.0,-12.44396564758407,7.260173104803987e-06,153.87579999878653
2,1,45,"(337.5, 387.5, 8.122025837780313)",0.0016426850367803674,740.7197265625,-4.039922801778472,0.0011578977960528456,86.75140000195825
2,1,46,"(312.5, 387.5, 9.73254467824523)",3.365189555456704e-07,0.0,-9.096692526662826,4.125959902968307e-06,121.32819999897038
2,1,47,"(337.5, 387.5, 8.122025837780313)",1.7213945587476095e-07,0.0,-13.136615328471546,8.755233749788827e-11,123.50560000049882
2,1,48,"(337.5, 387.5, 8.122025837780313)",0.0008178236309015722,740.7197265625,-4.039922801778424,0.001142958999199364,90.75560000201222
2,1,49,"(337.5, 412.5, 9.377700043801939)",2.2746393577036046e-06,0.0,-10.566786087380603,2.8148273891851532e-06,137.42009999987204
2,1,50,"(337.5, 412.5, 9.377700043801939)",5.297673245271046e-07,0.0,-17.09364937298313,9.659388090879179e-13,130.6074999993143
2,1,51,"(337.5, 412.5, 9.377700043801939)",0.001378327981590332,740.0572509765625,-6.526863285602253,0.0009083190093592785,86.63890000025276
2,1,52,"(312.5, 412.5, 11.543004562335339)",-1.5589771922642792e-07,0.0,-8.443393767062554,0.0005815121971343259,144.66270000048098
2,1,53,"(337.5, 412.5, 9.377700043801939)",1.344742501850818e-07,0.0,-8.032404704044174,7.6241087610797756e-06,130.1988999985042
2,1,54,"(337.5, 412.5, 9.377700043801939)",0.1433497918939116,740.1915283203125,-6.5289976380101775,0.20421536113749267,86.59290000287001
2,1,55,"(337.5, 412.5, 9.377700043801939)",2.2746393577036054e-06,0.0,-13.053726571204512,2.8148267907693877e-06,129.74319999921136
2,1,56,"(337.5, 412.5, 9.377700043801939)",5.297673245271047e-07,0.0,-19.580589856743902,9.287232600518141e-12,131.67520000206423
2,1,57,"(337.5, 412.5, 9.377700043801939)",0.0020507210001231356,740.0572509765625,-6.526863285602253,0.0009083220207334801,87.62489999935497
2,1,58,"(337.5, 412.5, 9.377700043801939)",2.2746393577036046e-06,0.0,-13.053726571204505,2.814826780162123e-06,131.3112000025285
2,1,59,"(337.5, 412.5, 9.377700043801939)",5.297673245271047e-07,0.0,-19.580589856743902,9.287232599603948e-12,124.69109999801731
2,1,60,"(337.5, 412.5, 9.377700043801939)",0.001864758562979905,740.0572509765625,-6.526863285602253,0.0009083283639062744,85.9481000006781
2,1,61,"(337.5, 387.5, 8.122025837780313)",1.288927455872282e-06,0.0,-10.566786087380434,3.2411633026100463e-06,139.45280000189086
2,1,62,"(337.5, 412.5, 9.377700043801939)",5.297673245271047e-07,0.0,-17.09364937298313,9.53783342971897e-13,124.53629999799887
2,1,63,"(337.5, 412.5, 9.377700043801939)",0.0011694552997682022,740.0572509765625,-6.5268632856022535,0.0009083253266940302,85.21350000228267
2,1,64,"(362.5, 412.5, 7.512358105982148)",1.772214296552696e-06,0.0,-10.977141951538997,7.534418852302501e-06,141.04809999844292
2,1,65,"(337.5, 412.5, 9.377700043801939)",5.297673245271047e-07,0.0,-17.504005134814285,2.303722001943503e-10,127.11389999822131
2,1,66,"(337.5, 412.5, 9.377700043801939)",0.00030866758883318115,740.0572509765625,-6.526863285602253,0.000908323082268458,87.25780000168015
2,1,67,"(362.5, 412.5, 7.512358105982148)",1.7722142956137366e-06,0.0,-10.977141951538995,7.534418852299988e-06,139.15840000117896
2,1,68,"(337.5, 412.5, 9.377700043801939)",5.297673245271047e-07,0.0,-17.504005134814285,2.303722001943503e-10,125.91930000053253
2,1,69,"(337.5, 412.5, 9.377700043801939)",0.001042743904432662,740.0572509765625,-6.5268632856022535,0.0009083314707856005,86.43759999904432
2,2,0,"(487.5, 487.5, 2.4370033062802148)",0.08587592982744592,362.0439758300781,-0.9932105915237052,2.2795417303465233,87.26449999812758
2,2,1,"(487.5, 462.5, 2.446737931289699)",0.012089369936568152,0.0,-1.8649921186881082,1.8005645438230664,137.92170000306214
2,2,2,"(487.5, 437.5, 2.3962294749129978)",0.0033738563458088366,0.0,-2.614791692920263,1.4719734841732417,122.63349999921047
2,2,3,"(487.5, 437.5, 2.3962294749129978)",0.022641866783601826,547.87890625,-0.7505362943654077,1.5493599816130048,86.46289999887813
2,2,4,"(487.5, 412.5, 2.290558742230985)",0.04610304831818508,0.0,-1.3333895256226074,1.1149559398135374,141.1268999981985
2,2,5,"(487.5, 387.5, 2.139763984685619)",0.008833641807224776,0.0,-1.7686342140743043,0.5302312380542895,124.38909999764292
2,2,6,"(487.5, 387.5, 2.139763984685619)",0.07766665442621845,549.780517578125,-0.4578516225097282,1.0504050281238615,86.88420000180486
2,2,7,"(487.5, 362.5, 1.9568116350230005)",0.20605805691579288,0.0,-0.9055060753026437,0.9294230084601354,139.2703999990772
2,2,8,"(487.5, 337.5, 1.7553492373438715)",0.07135309775670103,0.0,-1.4754444934152569,0.7952847925573937,124.8239000015019
2,2,9,"(487.5, 337.5, 1.7553492373438715)",0.4578483484533929,550.4908447265625,-0.5794364050516152,1.8781974985929748,86.96300000156043
2,2,10,"(487.5, 312.5, 1.5478514032947062)",0.4385042161515447,0.0,-1.169550245715273,1.9225279606192227,140.21100000172737
2,2,11,"(487.5, 287.5, 1.3444703254931378)",0.0005059841787595534,0.0,-1.6428906101968035,1.2684761905276392,134.97129999814206
2,2,12,"(487.5, 287.5, 1.3444703254931378)",0.03316406800044106,549.4458618164062,-0.4943289952676792,1.483047703368449,87.18729999964125
2,2,13,"(487.5, 262.5, 1.1525974378684039)",0.0007308151316138187,0.0,-0.9549040322875348,1.4792710513214677,141.1714000023494
2,2,14,"(487.5, 287.5, 1.3444703254931378)",0.0005652709320807217,0.0,-1.4530916072141062,1.4718525231061779,121.08099999750266
2,2,15,"(487.5, 287.5, 1.3444703254931378)",0.005546383519762469,549.4356689453125,-0.49728554760696914,1.4870833770879517,88.13000000009197
2,2,16,"(462.5, 287.5, 1.6387307756259826)",0.010246947211558305,0.0,-1.023823372124221,1.456055102394787,141.08290000149282
2,2,17,"(462.5, 312.5, 1.9057706001378085)",0.0023498920102917203,0.0,-1.621764983465123,1.3246037997394802,123.24589999843738
2,2,18,"(462.5, 312.5, 1.9057706001378085)",0.04900437947328597,733.1259155273438,-0.5975261446482892,1.3995064547437799,90.02450000116369
2,2,19,"(462.5, 287.5, 1.6387307756259826)",0.015473723523989088,0.0,-1.1231520791328569,1.337094898371612,140.14920000045095
2,2,20,"(437.5, 287.5, 1.9802988879790537)",0.0018056385839982526,0.0,-1.6718798270892274,1.2142431695656348,130.27400000282796
2,2,21,"(437.5, 287.5, 1.9802988879790537)",0.014582470376747269,735.3883056640625,-0.5531276890628507,1.366899438112012,88.90469999823836
2,2,22,"(437.5, 312.5, 2.3288409680820936)",0.05093757053067452,0.0,-1.2052765173794602,1.1639196846609257,137.76209999923594
2,2,23,"(437.5, 287.5, 1.9802988879790537)",0.00145142804831261,0.0,-1.734629677402839,0.9143019229194397,129.45119999858434
2,2,24,"(437.5, 287.5, 1.9802988879790537)",0.017541373142467453,735.4069213867188,-0.5474216846076807,1.280387835311871,92.10149999853456
2,2,25,"(437.5, 312.5, 2.3288409680820936)",0.040102677837521555,0.0,-1.2022234451100622,1.1388961299157412,139.95150000118883
2,2,26,"(437.5, 337.5, 2.697731893066704)",0.016756627708668346,0.0,-1.9522008412377057,0.6639146474373235,135.31489999877522
2,2,27,"(437.5, 337.5, 2.697731893066704)",0.42001977312718025,735.8379516601562,-0.7179057385137763,1.7253951891309127,113.26299999927869
2,2,28,"(437.5, 312.5, 2.3288409680820936)",0.7520440284375955,0.0,-1.337358703387758,1.7078713381983959,145.11340000171913
2,2,29,"(437.5, 287.5, 1.9802988879790537)",0.0011754983570413699,0.0,-1.9304017092161647,0.6533229018610924,169.4019999995362
2,2,30,"(437.5, 287.5, 1.9802988879790537)",0.027427708677514293,735.4158935546875,-0.5422072504206265,1.1818945580403935,82.86080000107177
2,2,31,"(412.5, 287.5, 2.3680192003946603)",0.025783677384941646,0.0,-1.128004994692316,1.2016333329948348,139.48719999825698
2,2,32,"(412.5, 312.5, 2.8190600723806885)",0.005040222158029305,0.0,-1.8206619621226898,0.7510647643599532,120.89910000213422
2,2,33,"(412.5, 312.5, 2.8190600723806885)",0.08791621244117162,736.78662109375,-0.6968678682217466,0.9405756179634948,90.81220000007306
2,2,34,"(412.5, 287.5, 2.3680192003946603)",0.025578308123841022,0.0,-1.2678183983636222,0.8214218736961969,140.27300000088871
2,2,35,"(387.5, 287.5, 2.795360823982221)",0.004000202131765083,0.0,-1.8364853155141112,0.5392763596418764,123.10499999875901
2,2,36,"(387.5, 287.5, 2.795360823982221)",0.03829029691385997,737.456298828125,-0.5753432412553311,0.983052211249661,85.40679999714484
2,2,37,"(387.5, 312.5, 3.371997408476144)",0.11435833434956147,0.0,-1.3125328601523938,0.5755154833654713,139.85549999779323
2,2,38,"(387.5, 287.5, 2.795360823982221)",0.0051175905391299785,0.0,-1.8657855221654849,0.2102969578669347,123.19569999817759
2,2,39,"(387.5, 287.5, 2.795360823982221)",0.04582414091479164,737.4940185546875,-0.5662953187518552,0.7960317686549856,87.39330000025802
2,2,40,"(387.5, 312.5, 3.371997408476144)",0.1205335405960869,0.0,-1.309376906221547,0.5608410566072761,138.81530000071507
2,2,41,"(412.5, 312.5, 2.8190600723806885)",0.022954754531399262,0.0,-1.991047308372158,0.2515531812137406,125.36259999978938
2,2,42,"(412.5, 312.5, 2.8190600723806885)",0.33532753572202567,737.2308959960938,-0.6917005171484911,1.1638285620954831,87.03519999835407
2,2,43,"(412.5, 287.5, 2.3680192003946603)",0.02931012640957242,0.0,-1.2601313408434682,0.7557547344129374,141.6523000007146
2,2,44,"(387.5, 287.5, 2.795360823982221)",0.0037259412929426016,0.0,-1.8345016052567151,0.5232952631856109,120.3365000001213
2,2,45,"(387.5, 287.5, 2.795360823982221)",0.03728440139817711,737.4515380859375,-0.5750547016246945,0.9781978006939545,85.77340000192635
2,2,46,"(387.5, 312.5, 3.371997408476144)",0.12172987331678112,0.0,-1.312453918417828,0.5751733786070471,138.90489999903366
2,2,47,"(387.5, 287.5, 2.795360823982221)",0.0012642695413312432,0.0,-1.865775904935967,0.21018903841571274,129.02560000293306
2,2,48,"(387.5, 287.5, 2.795360823982221)",0.04328690962863466,737.5233154296875,-0.566292990232667,0.7959748852804552,89.66069999951287
2,2,49,"(362.5, 287.5, 3.2481324511568093)",0.05894401795755322,0.0,-1.1333255617822307,0.7046757607479451,137.90000000153668
2,2,50,"(362.5, 312.5, 3.972924796908688)",0.002504984537777375,0.0,-1.869323774560355,0.14858015838566038,123.91700000080164
2,2,51,"(362.5, 312.5, 3.972924796908688)",0.2950167764047019,738.8893432617188,-0.7443930275395212,1.0033847887248981,111.60319999908097
2,2,52,"(362.5, 287.5, 3.2481324511568093)",0.17966020570610627,0.0,-1.288181623888491,0.5479665708230561,151.14990000074613
2,2,53,"(362.5, 262.5, 2.6317000424023482)",0.0004402808068943022,0.0,-1.7568205181292533,0.19602416909628398,143.88080000207992
2,2,54,"(362.5, 262.5, 2.6317000424023482)",0.018924895564304618,737.9181518554688,-0.45588683782803935,1.0158279908109418,88.2352999979048
2,2,55,"(362.5, 287.5, 3.2481324511568093)",0.06697125422964016,0.0,-1.0320851944626694,0.9620319422687789,141.32230000177515
2,2,56,"(362.5, 312.5, 3.972924796908688)",0.0014444192250627054,0.0,-1.7651652029662384,0.23106381710528712,121.76410000029136
2,2,57,"(362.5, 312.5, 3.972924796908688)",0.10728283609759626,738.7353515625,-0.7569276330828428,0.5234916283496498,86.10500000213506
2,2,58,"(362.5, 287.5, 3.2481324511568093)",0.14602052344987704,0.0,-1.2980248316980085,0.43475599610362436,142.05260000017006
2,2,59,"(337.5, 287.5, 3.7025046815464644)",0.006476559986654557,0.0,-1.8033533732366736,0.11220798456786056,125.04220000118949
2,2,60,"(337.5, 287.5, 3.7025046815464644)",0.13492765518584537,739.4498901367188,-0.5003711197850983,0.6943216493358758,86.98400000139372
2,2,61,"(337.5, 262.5, 2.964249814698708)",0.02697795631536025,0.0,-0.9449763133224303,0.7876196708483786,150.08470000248053
2,2,62,"(337.5, 287.5, 3.7025046815464644)",0.007614770283305614,0.0,-1.4632618357804172,0.44536729814268017,120.64619999728166
2,2,63,"(337.5, 287.5, 3.7025046815464644)",0.08540985789896559,739.2935180664062,-0.5071059991026692,0.723536614297068,86.28640000097221
2,2,64,"(337.5, 312.5, 4.592532186196013)",0.23552242504118223,0.0,-1.192096731832485,0.7138472788662319,138.8851000010618
2,2,65,"(337.5, 287.5, 3.7025046815464644)",0.04887612660720822,0.0,-1.7359502063037504,0.5109770435907809,123.60339999941061
2,2,66,"(337.5, 287.5, 3.7025046815464644)",0.23145805015328177,739.79541015625,-0.5032582233048545,0.7619307523365343,87.87750000192318
2,2,67,"(337.5, 262.5, 2.964249814698708)",0.027872044774379073,0.0,-0.9380965843885878,0.6971775132595189,148.53320000111125
2,2,68,"(337.5, 287.5, 3.7025046815464644)",0.006885129958406997,0.0,-1.460811408943777,0.42614219045181745,124.52300000222749
2,2,69,"(337.5, 287.5, 3.7025046815464644)",0.08583444238344842,739.2088012695312,-0.5068541040146078,0.7187633573040495,87.1874000004027
2,3,0,"(487.5, 487.5, 2.4370033062802148)",0.09034548009450548,362.0476379394531,-0.9932105915237052,2.279541791093294,85.79850000023725
2,3,1,"(487.5, 487.5, 2.4370033062802148)",0.009416398161567497,0.0,-1.9376049072173824,1.8603962338836413,114.85979999997653
2,3,2,"(487.5, 487.5, 2.4370033062802148)",0.0005128104315932426,0.0,-2.8927630337728854,1.67606737973474,125.09620000128052
2,3,3,"(487.5, 487.5, 2.4370033062802148)",0.010751596341324322,361.99639892578125,-0.9616086411353622,1.8586286923215949,86.84240000002319
2,3,4,"(487.5, 462.5, 2.446737931289699)",0.00963766972737173,0.0,-1.853948729974122,1.7028588834187677,136.577599998418
2,3,5,"(487.5, 437.5, 2.3962294749129978)",0.0025819092988972926,0.0,-2.602045633327837,1.3652033416438532,129.58939999953145
2,3,6,"(487.5, 437.5, 2.3962294749129978)",0.021928392625267037,547.876953125,-0.7487156200339536,1.508429520957597,89.37320000040927
2,3,7,"(487.5, 412.5, 2.290558742230985)",0.04665591674395039,0.0,-1.3326227213385218,1.1066177007573392,139.71160000073723
2,3,8,"(487.5, 387.5, 2.139763984685619)",0.008024051785469135,0.0,-1.76852827947642,0.5293004888490286,122.08149999787565
2,3,9,"(487.5, 387.5, 2.139763984685619)",0.07898644282228064,549.777587890625,-0.45783705079807197,1.0498382755801812,86.94560000003548
2,3,10,"(487.5, 362.5, 1.9568116350230005)",0.19940699915676394,0.0,-0.9054938673659206,0.9292784247627296,137.65039999998407
2,3,11,"(487.5, 337.5, 1.7553492373438715)",0.0690994858741706,0.0,-1.4754417370131367,0.7952568989038434,130.57709999702638
2,3,12,"(487.5, 337.5, 1.7553492373438715)",0.4533638944067122,550.4891967773438,-0.5794359171298731,1.878179279781606,89.68979999917792
2,3,13,"(487.5, 312.5, 1.5478514032947062)",0.41058529877630723,0.0,-1.169549760555765,1.922523969961866,139.6697000018321
2,3,14,"(487.5, 287.5, 1.3444703254931378)",0.0005014542257516341,0.0,-1.6428903974830427,1.2684744650465378,134.81380000303034
2,3,15,"(487.5, 287.5, 1.3444703254931378)",0.034169025246830215,549.4447631835938,-0.4943289791284831,1.4830473901605206,86.9546000030823
2,3,16,"(487.5, 262.5, 1.1525974378684039)",0.0007290446519994926,0.0,-0.9549040183447063,1.479270973600644,137.18520000111312
2,3,17,"(487.5, 287.5, 1.3444703254931378)",0.0005656682963792803,0.0,-1.4530915879786506,1.471852497678102,121.61919999925885
2,3,18,"(487.5, 287.5, 1.3444703254931378)",0.006072768008825052,549.4361572265625,-0.4972855476069692,1.4870833607243945,88.64600000015344
2,3,19,"(487.5, 287.5, 1.3444703254931378)",0.0038921034800499217,0.0,-0.9944775495989907,1.473881696685074,131.74330000038026
2,3,20,"(487.5, 312.5, 1.5478514032947062)",0.0013768872651460033,0.0,-1.542770577439094,1.4128320378862644,122.4093000018911
2,3,21,"(487.5, 312.5, 1.5478514032947062)",0.04660295150268581,549.4414672851562,-0.5484932653057399,1.5088099308087715,85.81469999990077
2,3,22,"(487.5, 312.5, 1.5478514032947062)",0.10682243564659563,0.0,-1.0981550254576469,1.4996605185621457,128.8485999975819
2,3,23,"(487.5, 287.5, 1.3444703254931378)",0.0005163554105930746,0.0,-1.585507381853536,1.3217642241452467,123.50119999973685
2,3,24,"(487.5, 287.5, 1.3444703254931378)",0.02326177108925945,549.439453125,-0.4950828462435415,1.4881948618197538,84.72609999807901
2,3,25,"(487.5, 287.5, 1.3444703254931378)",0.006981097686222491,0.0,-0.9935196548038836,1.467561466851196,129.42130000010366
2,3,26,"(487.5, 287.5, 1.3444703254931378)",0.0005396614098715812,0.0,-1.4891616198847208,1.4407503191096716,125.01659999907133
2,3,27,"(487.5, 287.5, 1.3444703254931378)",0.013796106902845053,549.4375610351562,-0.49659543207732415,1.4881634625779356,86.23179999995045
2,3,28,"(462.5, 287.5, 1.6387307756259826)",0.0072751767277089326,0.0,-1.0234662285077256,1.4535845454043457,139.108600000327
2,3,29,"(462.5, 312.5, 1.9057706001378085)",0.0023595876991755085,0.0,-1.6216388239931245,1.323397973224552,130.13460000001942
2,3,30,"(462.5, 312.5, 1.9057706001378085)",0.04620807164375971,733.1278686523438,-0.5974987045159447,1.4003560440291027,87.47869999933755
2,3,31,"(462.5, 337.5, 2.1828984217128706)",0.3716424597256114,0.0,-1.2717480811020132,1.55996361892886,140.40440000098897
2,3,32,"(462.5, 312.5, 1.9057706001378085)",0.04540908336640667,0.0,-1.877224525940112,1.1913732178634926,126.18819999988773
2,3,33,"(462.5, 312.5, 1.9057706001378085)",0.24544388544210954,733.3965454101562,-0.5937590650469945,1.5858639923981992,87.7900999985286
2,3,34,"(462.5, 287.5, 1.6387307756259826)",0.013718218628740973,0.0,-1.1186601235317613,1.3048563450205253,139.0584000000672
2,3,35,"(437.5, 287.5, 1.9802988879790537)",0.0019242915635306285,0.0,-1.6705406540788856,1.2032115373605117,123.50460000016028
2,3,36,"(437.5, 287.5, 1.9802988879790537)",0.015255977450792522,735.3969116210938,-0.5529636176778688,1.3648980657548537,87.94949999719393
2,3,37,"(437.5, 312.5, 2.3288409680820936)",0.04937752347100677,0.0,-1.2051944274846724,1.163336270340205,139.39209999807645
2,3,38,"(437.5, 287.5, 1.9802988879790537)",0.0015140526617564804,0.0,-1.7346116172406583,0.9141187531410477,121.79029999970226
2,3,39,"(437.5, 287.5, 1.9802988879790537)",0.01565732995208612,735.41748046875,-0.5474194574117177,1.2803516817928913,91.15559999918332
2,3,40,"(412.5, 287.5, 2.3680192003946603)",0.027024635210013827,0.0,-1.1312647698837013,1.231265837988169,137.39300000088406
2,3,41,"(412.5, 312.5, 2.8190600723806885)",0.00483740742007455,0.0,-1.8214319573008422,0.7586716032194549,121.9260999969265
2,3,42,"(412.5, 312.5, 2.8190600723806885)",0.08536397595154441,736.7661743164062,-0.6969628340983455,0.9405499064749697,83.8874000000942
2,3,43,"(387.5, 312.5, 3.371997408476144)",0.6713261179336387,0.0,-1.428613202628746,1.1935749217814695,139.9063999997452
2,3,44,"(387.5, 287.5, 2.795360823982221)",0.0051174315934430035,0.0,-1.9923341759941404,0.3001075511908923,128.20979999742121
2,3,45,"(387.5, 287.5, 2.795360823982221)",0.055961620905810715,737.5107421875,-0.5651241434462786,0.7813309332552743,84.88170000055106
2,3,46,"(362.5, 287.5, 3.2481324511568093)",0.06097366177229398,0.0,-1.132294262675846,0.6952458024756616,142.10710000043036
2,3,47,"(362.5, 312.5, 3.972924796908688)",0.0010866324107030056,0.0,-1.869200792129075,0.148301558698999,130.42180000047665
2,3,48,"(362.5, 312.5, 3.972924796908688)",0.2965816248612702,738.9546508789062,-0.744015840862136,1.0102769482447262,113.42220000005909
2,3,49,"(362.5, 287.5, 3.2481324511568093)",0.1729919796563827,0.0,-1.2880620518874326,0.5491076207074334,148.45419999983278
2,3,50,"(337.5, 287.5, 3.7025046815464644)",0.001957415137456411,0.0,-1.8030026351168986,0.1185071425397497,126.84599999920465
2,3,51,"(337.5, 287.5, 3.7025046815464644)",0.13678300233941412,739.4373168945312,-0.5003910361384022,0.697375391073671,94.36259999711183
2,3,52,"(337.5, 287.5, 3.7025046815464644)",0.1480912500735351,0.0,-1.0096818586630452,0.5176837851038356,137.85570000254666
2,3,53,"(337.5, 287.5, 3.7025046815464644)",0.004425921787835881,0.0,-1.5053515613691755,0.15032833911033044,125.8207000028051
2,3,54,"(337.5, 287.5, 3.7025046815464644)",0.14518764676653223,739.4073486328125,-0.5015821424383632,0.744948943851631,85.87790000092355
2,3,55,"(337.5, 262.5, 2.964249814698708)",0.028216479066646004,0.0,-0.9465793869971337,0.8061932022483078,147.51719999912893
2,3,56,"(337.5, 287.5, 3.7025046815464644)",0.009267646819349811,0.0,-1.4637508034491868,0.44914622606742743,120.45190000208095
2,3,57,"(337.5, 287.5, 3.7025046815464644)",0.08459582035226212,739.2222290039062,-0.5071548944225396,0.724542490069775,90.14680000109365
2,3,58,"(337.5, 312.5, 4.592532186196013)",0.23144902875301723,0.0,-1.1920899592854295,0.7139872649453216,139.06739999947604
2,3,59,"(337.5, 287.5, 3.7025046815464644)",0.03877655416731754,0.0,-1.735952339858535,0.5110141514944825,121.64389999816194
2,3,60,"(337.5, 287.5, 3.7025046815464644)",0.22834405143616882,739.7776489257812,-0.5032585124815159,0.7619420877127047,88.48349999971106
2,3,61,"(337.5, 262.5, 2.964249814698708)",0.02550956364946642,0.0,-0.9380968291666899,0.6971818021715482,149.52849999826867
2,3,62,"(337.5, 287.5, 3.7025046815464644)",0.007614690810447825,0.0,-1.4608115575651273,0.4261429351417508,121.26989999887883
2,3,63,"(337.5, 287.5, 3.7025046815464644)",0.08653013706888371,739.2416381835938,-0.5068541273409245,0.7187635692139016,84.53100000042468
2,3,64,"(337.5, 312.5, 4.592532186196013)",0.23813257393621395,0.0,-1.1919569162756312,0.7152382666695072,141.800699999294
2,3,65,"(337.5, 287.5, 3.7025046815464644)",0.04169003168748402,0.0,-1.7359799552853985,0.5114961632712596,127.73789999846485
2,3,66,"(337.5, 287.5, 3.7025046815464644)",0.2328961871842282,739.7151489257812,-0.5032616477618794,0.7619870957018766,86.12160000120639
2,3,67,"(337.5, 262.5, 2.964249814698708)",0.02663541467458932,0.0,-0.9380950862976754,0.6971555766789439,145.93880000029458
2,3,68,"(337.5, 287.5, 3.7025046815464644)",0.007855016738181323,0.0,-1.4608108591387536,0.4261371434603595,131.87159999870346
2,3,69,"(337.5, 287.5, 3.7025046815464644)",0.08500676497112117,739.283447265625,-0.5068540415638392,0.7187620322877972,88.85460000237799
2,4,0,"(487.5, 487.5, 2.4370033062802148)",0.08789033773745292,362.0481262207031,-0.9932105915237052,2.2795417385241867,87.43419999882462
2,4,1,"(487.5, 462.5, 2.446737931289699)",0.012658825649926013,0.0,-1.8649921186881084,1.8005645438186069,134.85930000024382
2,4,2,"(487.5, 437.5, 2.3962294749129978)",0.003044441342352112,0.0,-2.6147916929202624,1.471973484173242,123.31040000208304
2,4,3,"(487.5, 437.5, 2.3962294749129978)",0.0223079550218302,547.8794555664062,-0.7505362943654077,1.5493599879358804,88.35130000079516
2,4,4,"(487.5, 412.5, 2.290558742230985)",0.04721542228851697,0.0,-1.3333895256226074,1.1149559398135374,138.8208999997005
2,4,5,"(487.5, 387.5, 2.139763984685619)",0.009622250994037518,0.0,-1.7686342140743039,0.5302312380542894,123.93149999843445
2,4,6,"(487.5, 387.5, 2.139763984685619)",0.07922975502104829,549.7638549804688,-0.4578516225097282,1.050405039500695,85.37589999832562
2,4,7,"(487.5, 362.5, 1.9568116350230005)",0.197933309867546,0.0,-0.905506075302644,0.9294230084601351,139.23699999941164
2,4,8,"(487.5, 337.5, 1.7553492373438715)",0.07085957129793247,0.0,-1.4754444934152566,0.7952847925573938,124.22480000168434
2,4,9,"(487.5, 337.5, 1.7553492373438715)",0.45714472923305005,550.5119018554688,-0.5794364050516152,1.8781974926516334,84.27349999692524
2,4,10,"(487.5, 312.5, 1.5478514032947062)",0.43205677850031937,0.0,-1.1695502457152733,1.922527960619222,139.04470000125002
2,4,11,"(487.5, 287.5, 1.3444703254931378)",0.003688315860900198,0.0,-1.6428906101968033,1.2684761905276394,133.64160000128322
2,4,12,"(487.5, 287.5, 1.3444703254931378)",0.0326027654635178,549.4437866210938,-0.49432899526767915,1.483047665743969,86.85379999951692
2,4,13,"(487.5, 262.5, 1.1525974378684039)",0.000730431768289126,0.0,-0.9549040322875347,1.4792710513214675,137.21609999993234
2,4,14,"(487.5, 287.5, 1.3444703254931378)",0.0005647146220628764,0.0,-1.4530916072141065,1.4718525231061783,125.08940000043367
2,4,15,"(487.5, 287.5, 1.3444703254931378)",0.006667981633696982,549.43798828125,-0.49728554760696914,1.4870833636116585,87.51159999883384
2,4,16,"(487.5, 287.5, 1.3444703254931378)",0.005137004746202012,0.0,-0.9944775495989908,1.4738816966850747,129.7591000002285
2,4,17,"(487.5, 262.5, 1.1525974378684039)",6.475044682569752e-05,0.0,-1.4509540780506793,1.4600444228361296,124.6212000005471
2,4,18,"(487.5, 262.5, 1.1525974378684039)",0.0028501691696629435,549.4392700195312,-0.4577199267305311,1.4943520094687623,87.65800000037416
2,4,19,"(487.5, 287.5, 1.3444703254931378)",0.003922689544766307,0.0,-0.9558906070037664,1.487611353836144,138.46120000016526
2,4,20,"(487.5, 312.5, 1.5478514032947062)",0.0014331924418599653,0.0,-1.506287076422865,1.4406845957187142,126.22969999938505
2,4,21,"(487.5, 312.5, 1.5478514032947062)",0.028502068711216175,549.4413452148438,-0.5491800521844484,1.482377270609187,90.07710000150837
2,4,22,"(462.5, 312.5, 1.9057706001378085)",0.1097435938225544,0.0,-1.1476975224620294,1.4226158020420323,136.82340000013937
2,4,23,"(462.5, 287.5, 1.6387307756259826)",0.0009305878387140624,0.0,-1.6561087643612884,1.1832573176756342,125.8767999970587
2,4,24,"(462.5, 287.5, 1.6387307756259826)",0.018706066818025044,733.1195678710938,-0.5217072339303478,1.4149436943771831,87.21610000065994
2,4,25,"(437.5, 287.5, 1.9802988879790537)",0.013551048966075563,0.0,-1.0805186193060088,1.3751348239094188,138.59389999925043
2,4,26,"(437.5, 312.5, 2.3288409680820936)",0.0038597720364729983,0.0,-1.7291744405247347,1.1046677006227628,124.5184999970661
2,4,27,"(437.5, 312.5, 2.3288409680820936)",0.057325658293067,735.4562377929688,-0.6485791835632204,1.2010294100333694,85.22259999881499
2,4,28,"(412.5, 312.5, 2.8190600723806885)",0.3480385994361283,0.0,-1.3471600284652518,1.0464611574958425,138.34390000192798
2,4,29,"(412.5, 287.5, 2.3680192003946603)",0.001233712226776113,0.0,-1.8855945602143318,0.4657015405605304,122.1741999979713
2,4,30,"(412.5, 287.5, 2.3680192003946603)",0.03132878189358427,736.673095703125,-0.5633408928742818,1.0456465493798077,84.67770000061137
2,4,31,"(437.5, 287.5, 1.9802988879790537)",0.012105933421299462,0.0,-1.1255712189688873,1.184959738136386,139.27630000034696
2,4,32,"(437.5, 312.5, 2.3288409680820936)",0.0033672787249082272,0.0,-1.7724397994389254,0.9355905572181527,120.2475999998569
2,4,33,"(437.5, 312.5, 2.3288409680820936)",0.05691024315340742,735.440673828125,-0.645609491025718,1.1585478245965724,86.35970000250381
2,4,34,"(412.5, 312.5, 2.8190600723806885)",0.31242641363018453,0.0,-1.3458961714844535,1.032387893176571,138.54519999949844
2,4,35,"(412.5, 287.5, 2.3680192003946603)",0.001620506557324883,0.0,-1.8854186119331842,0.4639509302332158,121.84329999945476
2,4,36,"(412.5, 287.5, 2.3680192003946603)",0.02891374992230268,736.6828002929688,-0.5633145287501305,1.0450135681673605,87.71010000054957
2,4,37,"(387.5, 287.5, 2.795360823982221)",0.040534493526697926,0.0,-1.1543065238415537,0.9853942058733248,139.40420000290032
2,4,38,"(387.5, 312.5, 3.371997408476144)",0.004308634748053103,0.0,-1.8763857940785544,0.3816535408174092,122.55189999996219
2,4,39,"(387.5, 312.5, 3.371997408476144)",0.14941784422336005,737.7688598632812,-0.7386568769122708,0.7758791640209607,85.55850000266219
2,4,40,"(387.5, 287.5, 2.795360823982221)",0.055051411794334544,0.0,-1.3082813968404392,0.5239991779136061,140.634700001101
2,4,41,"(387.5, 287.5, 2.795360823982221)",0.0023060791815307526,0.0,-1.8739959772187744,0.2815920646012599,124.47510000129114
2,4,42,"(387.5, 287.5, 2.795360823982221)",0.03603984188265808,737.4832763671875,-0.569575562142934,0.8696146014787761,88.27349999774015
2,4,43,"(387.5, 312.5, 3.371997408476144)",0.10716968093534752,0.0,-1.3107324682111523,0.5621416456867556,139.25270000254386
2,4,44,"(387.5, 287.5, 2.795360823982221)",0.0015981349473239577,0.0,-1.8655542421340425,0.2077100897111832,121.94809999709832
2,4,45,"(387.5, 287.5, 2.795360823982221)",0.04331934361854753,737.4998779296875,-0.5662405365163498,0.794543479027655,85.96849999958067
2,4,46,"(362.5, 287.5, 3.2481324511568093)",0.06108902862909494,0.0,-1.1332822086925838,0.7042472099642074,139.78150000184542
2,4,47,"(362.5, 312.5, 3.972924796908688)",0.0056532224019251835,0.0,-1.8693200454373584,0.14854906455427447,132.7646999998251
2,4,48,"(362.5, 312.5, 3.972924796908688)",0.2956943823424659,738.9725341796875,-0.7443900009583209,1.0034352536898146,113.93889999817475
2,4,49,"(362.5, 287.5, 3.2481324511568093)",0.1547816225343883,0.0,-1.2881805979555594,0.547974222523844,145.88189999994938
2,4,50,"(362.5, 262.5, 2.6317000424023482)",0.0003624768772478267,0.0,-1.7568204449263243,0.19602376211875094,154.26469999874826
2,4,51,"(362.5, 262.5, 2.6317000424023482)",0.019491496005281665,737.9193725585938,-0.45588683531374935,1.0158272501369656,88.26440000120783
2,4,52,"(362.5, 287.5, 3.2481324511568093)",0.06757357067390073,0.0,-1.0320851990492141,0.9620318288650194,135.34409999920172
2,4,53,"(362.5, 312.5, 3.972924796908688)",0.0003643830229312216,0.0,-1.7651652029662381,0.23106381710528706,124.40430000060587
2,4,54,"(362.5, 312.5, 3.972924796908688)",0.11130263643902984,738.7044677734375,-0.756927633082843,0.523491615632616,87.99729999736883
2,4,55,"(362.5, 287.5, 3.2481324511568093)",0.12207193951463602,0.0,-1.2980248316980085,0.4347559961036243,142.6604000007501
2,4,56,"(362.5, 287.5, 3.2481324511568093)",0.0010069227622349552,0.0,-1.8504968065060088,0.11259142446164516,123.70349999764585
2,4,57,"(362.5, 287.5, 3.2481324511568093)",0.07271187564592252,738.337890625,-0.5480177083364081,0.6628933889050942,88.3161999990989
2,4,58,"(362.5, 312.5, 3.972924796908688)",0.2870947389066676,0.0,-1.2966579259017899,0.6070935189391697,141.80080000005546
2,4,59,"(362.5, 287.5, 3.2481324511568093)",0.01450864598147122,0.0,-1.8501422907326492,0.09842916615565048,118.98390000351355
2,4,60,"(362.5, 287.5, 3.2481324511568093)",0.08726726261123952,738.3732299804688,-0.5460472034515822,0.6188346705565413,88.59359999769367
2,4,61,"(362.5, 262.5, 2.6317000424023482)",0.016649037893830692,0.0,-1.0216755302712286,0.8876502219003348,146.09810000183643
2,4,62,"(362.5, 287.5, 3.2481324511568093)",0.007810832932585485,0.0,-1.5968959865777426,0.6446291454193313,122.3734000013792
2,4,63,"(362.5, 287.5, 3.2481324511568093)",0.05574670119802508,738.2135009765625,-0.5602068366369239,0.87664652665264,89.6455000001879
2,4,64,"(362.5, 312.5, 3.972924796908688)",0.15719962264986476,0.0,-1.3050675472317423,0.43526895836278334,138.78949999707402
2,4,65,"(362.5, 287.5, 3.2481324511568093)",0.006682715689129052,0.0,-1.849403442260926,0.08821710398300503,120.8390000028885
2,4,66,"(362.5, 287.5, 3.2481324511568093)",0.09021477073972847,738.4161987304688,-0.5460829371927348,0.6165310235226501,86.28790000148001
2,4,67,"(362.5, 262.5, 2.6317000424023482)",0.016319511357923512,0.0,-1.021798501553363,0.8890966045732447,147.63749999838183
2,4,68,"(362.5, 287.5, 3.2481324511568093)",0.007050675029556848,0.0,-1.5969403560962692,0.6449837194724202,119.56949999876088
2,4,69,"(362.5, 287.5, 3.2481324511568093)",0.05493340276649582,738.2025756835938,-0.5602122529433028,0.8767340184386759,86.21429999766406
2,5,0,"(487.5, 487.5, 2.4370033062802148)",0.08310720885496191,362.0349426269531,-0.993210591523705,2.2795417582331106,85.45669999875827
2,5,1,"(462.5, 487.5, 3.127296379115885)",0.00896090784116989,0.0,-2.326143762565105,1.690926236984722,137.6550999993924
2,5,2,"(437.5, 487.5, 4.012520353342856)",0.0011827896038715188,0.0,-4.261655078258576,1.101753834668028,120.83349999738857
2,5,3,"(437.5, 487.5, 4.012520353342856)",0.01726814233643009,547.9283447265625,-1.934590241395399,0.9751848584891066,88.79370000067865
2,5,4,"(412.5, 487.5, 5.147226552974528)",0.037622628887534856,0.0,-4.83256029686286,0.21535678868633423,128.87319999936153
2,5,5,"(412.5, 487.5, 5.147226552974528)",-2.8312198828260484e-07,0.0,-7.740855600661717,0.02191799491105812,121.2679999989632
2,5,6,"(412.5, 487.5, 5.147226552974528)",0.23974343396380512,549.5025634765625,-2.9129908155265176,0.4990801668612032,89.35899999778485
2,5,7,"(387.5, 487.5, 6.600725374454914)",0.01628497025461377,0.0,-5.29811344239253,0.061792379584244814,148.97219999693334
2,5,8,"(412.5, 487.5, 5.147226552974528)",0.008687372008901163,0.0,-8.539963237285113,0.006375937035971721,123.42369999896619
2,5,9,"(412.5, 487.5, 5.147226552974528)",0.4640989167185444,566.1876831054688,-3.230229042769679,0.6792273363845743,115.8194999989064
2,5,10,"(412.5, 462.5, 5.176557100199439)",0.0019439216325338275,0.0,-5.709527976951537,0.0652335636396533,136.41659999848343
2,5,11,"(387.5, 462.5, 6.644563227708976)",5.314747492472329e-07,0.0,-10.086229735647569,0.000403797791048894,125.9368999999424
2,5,12,"(387.5, 462.5, 6.644563227708976)",0.0023653333791830568,733.7955322265625,-4.377006832725863,0.03510242596619193,86.75249999942025
2,5,13,"(387.5, 437.5, 6.419652941837749)",8.37539076130498e-05,0.0,-8.178865503285817,0.006344803908619464,137.97319999866886
2,5,14,"(387.5, 437.5, 6.419652941837749)",5.066394805908203e-07,0.0,-11.980725109925096,4.555335723417734e-05,121.60579999908805
2,5,15,"(387.5, 437.5, 6.419652941837749)",0.0024482471170564077,736.1527709960938,-3.8018574190027765,0.03860201880987442,87.09199999793782
2,5,16,"(362.5, 437.5, 8.184609533832969)",1.524854659102429e-06,0.0,-9.724820299473073,0.00020116840834439247,121.50150000161375
2,5,17,"(362.5, 462.5, 8.527721324025148)",0.00869286184494879,0.0,-16.72920391593606,0.00998956956486982,126.49790000068606
2,5,18,"(362.5, 462.5, 8.527721324025148)",0.04548178903446191,783.141357421875,-3.0311615173598336,0.0633244471778271,86.5142000002379
2,5,19,"(362.5, 437.5, 8.184609533832969)",0.010992420977480181,0.0,-5.628145802866164,0.00205332694507186,138.67079999909038
2,5,20,"(362.5, 437.5, 8.184609533832969)",-9.809931119282025e-08,0.0,-8.225295895303207,0.00013684401221411989,160.76239999893005
2,5,21,"(362.5, 437.5, 8.184609533832969)",1.1013853519482621,797.8035278320312,-10.473087775535964,1.0310934712427238,122.59220000123605
2,5,22,"(362.5, 412.5, 7.512358105982148)",1.7722142256999533e-06,0.0,-10.37324248063489,0.00020285111774228444,137.50979999895208
2,5,23,"(337.5, 412.5, 9.377700043801939)",5.297673245271047e-07,0.0,-16.900105756674105,1.9523552796497386e-12,123.11760000011418
2,5,24,"(337.5, 412.5, 9.377700043801939)",0.0009169227783127332,740.0572509765625,-6.5268632856022535,0.0009083281627084689,88.42100000038045
2,5,25,"(337.5, 412.5, 9.377700043801939)",2.2746393577036046e-06,0.0,-13.053726571204503,2.814826780163641e-06,128.11560000045574
2,5,26,"(337.5, 412.5, 9.377700043801939)",5.297673245271047e-07,0.0,-19.580589856743902,9.287232598422195e-12,124.56359999850974
2,5,27,"(337.5, 412.5, 9.377700043801939)",0.0006542967668200884,740.0572509765625,-6.526863285602253,0.0009083230775919181,88.13999999983935
2,5,28,"(337.5, 412.5, 9.377700043801939)",2.274639380648e-06,0.0,-13.053726571204505,2.814826780172379e-06,126.95730000268668
2,5,29,"(337.5, 412.5, 9.377700043801939)",5.297673245271047e-07,0.0,-19.580589856743902,9.287232598505766e-12,127.31649999841466
2,5,30,"(337.5, 412.5, 9.377700043801939)",0.00020706493978286516,740.0572509765625,-6.526863285602252,0.0009083238784027724,90.2103000007628
2,5,31,"(362.5, 412.5, 7.512358105982148)",1.772214258896739e-06,0.0,-10.977141951538995,7.534418852221042e-06,139.2280000000028
2,5,32,"(337.5, 412.5, 9.377700043801939)",5.297673245271047e-07,0.0,-17.504005134814285,2.303722001943503e-10,124.54839999918477
2,5,33,"(337.5, 412.5, 9.377700043801939)",0.0009107706577523775,740.0572509765625,-6.526863285602252,0.0009083263461885632,86.51589999863063
2,5,34,"(337.5, 412.5, 9.377700043801939)",2.2746393577036037e-06,0.0,-13.053726571204507,2.8148267801652145e-06,129.89299999753712
2,5,35,"(337.5, 412.5, 9.377700043801939)",5.297673245271047e-07,0.0,-19.580589856743902,9.287232598688027e-12,124.95950000084122
2,5,36,"(337.5, 412.5, 9.377700043801939)",0.0014613737538413504,740.0572509765625,-6.526863285602253,0.000908324211448144,86.6929000003438
2,5,37,"(362.5, 412.5, 7.512358105982148)",1.7722143089868768e-06,0.0,-10.977141951538993,7.5344188523285e-06,138.33340000201133
2,5,38,"(337.5, 412.5, 9.377700043801939)",5.297673245271047e-07,0.0,-17.504005134814285,2.3037220019433722e-10,135.65880000169273
2,5,39,"(337.5, 412.5, 9.377700043801939)",0.0003479099365923958,740.0572509765625,-6.526863285602253,0.0009083229455984199,87.61950000189245
2,5,40,"(312.5, 412.5, 11.543004562335339)",-1.5589771920718995e-07,0.0,-8.443393767062553,0.0005815121971321504,145.26439999826835
2,5,41,"(337.5, 412.5, 9.377700043801939)",1.3447424961487969e-07,0.0,-8.032404704044168,7.624108761015979e-06,130.05320000229403
2,5,42,"(337.5, 412.5, 9.377700043801939)",0.14287684804103662,740.2117309570312,-6.528997638010176,0.20421536987013125,86.25110000139102
2,5,43,"(337.5, 387.5, 8.122025837780313)",1.288927455872282e-06,0.0,-10.566786087380512,3.8333439081098185e-06,139.20339999822318
2,5,44,"(337.5, 412.5, 9.377700043801939)",5.297673245271047e-07,0.0,-17.09364937298313,9.53881372304402e-13,123.7622000007832
2,5,45,"(337.5, 412.5, 9.377700043801939)",0.0019526996255181046,740.0572509765625,-6.5268632856022535,0.000908322415411676,89.34850000150618
2,5,46,"(312.5, 412.5, 11.543004562335339)",-1.5589771797273871e-07,0.0,-8.443393767062554,0.0005815121971319265,146.8438999982027
2,5,47,"(337.5, 412.5, 9.377700043801939)",1.344742499003166e-07,0.0,-8.03240470404417,7.624108761045697e-06,129.196600002615
2,5,48,"(337.5, 412.5, 9.377700043801939)",0.1397207952153689,740.213623046875,-6.5289976380101775,0.20421535131289043,87.97609999965061
2,5,49,"(337.5, 387.5, 8.122025837780313)",1.2889274558722798e-06,0.0,-10.566786087380514,3.833343908109773e-06,140.13129999875673
2,5,50,"(337.5, 412.5, 9.377700043801939)",5.297673245271047e-07,0.0,-17.09364937298313,9.538813721711612e-13,124.18479999905685
2,5,51,"(337.5, 412.5, 9.377700043801939)",2.3320124152852624e-05,740.0572509765625,-6.526863285602252,0.0009083241546192261,85.01710000200546
2,5,52,"(362.5, 412.5, 7.512358105982148)",1.7722142342061444e-06,0.0,-10.977141951538997,7.534418852167614e-06,137.71769999948447
2,5,53,"(337.5, 412.5, 9.377700043801939)",5.297673245271047e-07,0.0,-17.504005134814285,2.303722001943503e-10,127.37280000146711
2,5,54,"(337.5, 412.5, 9.377700043801939)",0.0009116671066889401,740.0572509765625,-6.526863285602253,0.000908320807275539,87.37470000050962
2,5,55,"(337.5, 412.5, 9.377700043801939)",2.2746393591607024e-06,0.0,-13.053726571204507,2.814826780164667e-06,129.27029999991646
2,5,56,"(337.5, 412.5, 9.377700043801939)",5.297673245271047e-07,0.0,-19.580589856743902,9.287232598714572e-12,124.20980000024429
2,5,57,"(337.5, 412.5, 9.377700043801939)",0.0012103745850011102,740.0572509765625,-6.526863285602253,0.0009083251913064878,88.33450000020093
2,5,58,"(337.5, 387.5, 8.122025837780313)",1.2889274558722811e-06,0.0,-10.566786087380432,3.241163302610059e-06,136.96100000015576
2,5,59,"(337.5, 412.5, 9.377700043801939)",5.297673245271047e-07,0.0,-17.09364937298313,9.537833430054618e-13,123.6057999994955
2,5,60,"(337.5, 412.5, 9.377700043801939)",0.0005862866132050043,740.0572509765625,-6.526863285602253,0.0009083275479706397,84.11779999732971
2,5,61,"(337.5, 412.5, 9.377700043801939)",2.274639378534524e-06,0.0,-13.053726571204507,2.8148267801715075e-06,128.1725999979244
2,5,62,"(337.5, 412.5, 9.377700043801939)",5.297673245271047e-07,0.0,-19.580589856743902,9.287232599601934e-12,127.75559999863617
2,5,63,"(337.5, 412.5, 9.377700043801939)",0.0015285386336455894,740.0572509765625,-6.526863285602252,0.0009083350367528806,90.5014999989362
2,5,64,"(312.5, 412.5, 11.543004562335339)",-1.558977582436011e-07,0.0,-8.443393767062554,0.0005815121971315851,145.023900000524
2,5,65,"(337.5, 412.5, 9.377700043801939)",1.3447424996331402e-07,0.0,-8.032404704044172,7.624108761055078e-06,129.29850000000442
2,5,66,"(337.5, 412.5, 9.377700043801939)",0.13770364709017863,740.2154541015625,-6.528997638010176,0.20421538022824448,84.78290000130073
2,5,67,"(337.5, 437.5, 10.400297021568935)",1.0732049227132483e-06,0.0,-9.84424378266231,0.0024499645501499293,145.70800000001327
2,5,68,"(337.5, 412.5, 9.377700043801939)",8.327576021353403e-07,0.0,-9.433013146708156,7.622206407419857e-06,140.4435000004014
2,5,69,"(337.5, 412.5, 9.377700043801939)",1.3435379229148696,674.6610107421875,-3.4202497958444344,0.4916270207301632,86.88139999867417
2,6,0,"(487.5, 487.5, 2.4370033062802148)",0.08768639633950169,362.0412292480469,-0.9932105915237052,2.2795417114475547,85.8847000017704
2,6,1,"(487.5, 487.5, 2.4370033062802148)",0.009955844715988314,0.0,-1.9376049072173818,1.8603962338836406,112.21909999949276
2,6,2,"(487.5, 487.5, 2.4370033062802148)",0.00045844678788163146,0.0,-2.8927630337728845,1.6760673797347398,123.39129999963916
2,6,3,"(487.5, 487.5, 2.4370033062802148)",0.009578031638661971,361.99725341796875,-0.9616086411353619,1.8586286786190374,83.93529999739258
2,6,4,"(462.5, 487.5, 3.127296379115885)",0.00819944331656166,0.0,-2.3187739686435282,1.6164755234746793,138.18049999827053
2,6,5,"(437.5, 487.5, 4.012520353342856)",0.001365577181179931,0.0,-4.253090669160612,1.0054993598266329,120.95619999672635
2,6,6,"(437.5, 487.5, 4.012520353342856)",0.015357036368274275,547.914306640625,-1.9335195194538055,0.9454856337069311,86.63910000177566
2,6,7,"(412.5, 487.5, 5.147226552974528)",0.040152149604715484,0.0,-4.832482415088685,0.2104921116956621,127.33159999697818
2,6,8,"(387.5, 487.5, 6.600725374454914)",-8.44397785863127e-08,0.0,-6.933871872283724,0.26585194559197667,169.08409999814467
2,6,9,"(387.5, 487.5, 6.600725374454914)",0.01826284308128317,568.3621826171875,-2.064657132802044,0.0286094339570451,86.47280000150204
2,6,10,"(387.5, 462.5, 6.644563227708976)",1.328553862055123,0.0,-7.085650852549003,0.9586500516438586,139.27940000212402
2,6,11,"(387.5, 487.5, 6.600725374454914)",-8.443991343180338e-08,0.0,-8.895629638405103,0.03290910628390502,132.44510000004084
2,6,12,"(387.5, 487.5, 6.600725374454914)",0.009100345441450726,568.3601684570312,-2.0646565941608115,0.013167508398690133,87.73320000182139
2,6,13,"(412.5, 487.5, 5.147226552974528)",0.07981979012483102,0.0,-5.302415199914923,0.058512785848027375,113.517599998886
2,6,14,"(412.5, 462.5, 5.176557100199439)",8.096297584355327e-07,0.0,-7.77988741047395,0.021742386634968757,157.4752999986231
2,6,15,"(412.5, 462.5, 5.176557100199439)",0.0027401536736576027,732.9423828125,-2.7972796840059506,0.13073435872051709,86.47349999955622
2,6,16,"(387.5, 462.5, 6.644563227708976)",0.0012921061192472322,0.0,-7.17429474724177,0.011082211157967283,123.24679999801447
2,6,17,"(362.5, 462.5, 8.527721324025148)",0.16399069627150858,0.0,-11.119883436186443,0.3851154790810108,123.60189999890281
2,6,18,"(362.5, 462.5, 8.527721324025148)",0.009093369246720898,783.13330078125,-3.031143192806217,0.013975346839757208,84.67079999900307
2,6,19,"(387.5, 462.5, 6.644563227708976)",0.46182411371618526,0.0,-9.199378545631786,0.3300801183164357,139.35120000314782
2,6,20,"(387.5, 437.5, 6.419652941837749)",5.066394782133082e-07,0.0,-12.493666160689937,0.45365103029269926,172.89870000240626
2,6,21,"(387.5, 437.5, 6.419652941837749)",0.0017327573450040684,736.1527709960938,-3.801856662774126,0.01629114500189684,88.22660000078031
2,6,22,"(362.5, 437.5, 8.184609533832969)",1.5248546591024319e-06,0.0,-9.724820509287476,0.0001568617854774661,122.37019999884069
2,6,23,"(362.5, 462.5, 8.527721324025148)",2.7939693741244785e-07,0.0,-16.72920391592318,0.009989569526639493,124.18759999854956
2,6,24,"(362.5, 462.5, 8.527721324025148)",0.04505564743043493,783.1363525390625,-3.0311615173598336,0.06332444277630728,87.21080000032089
2,6,25,"(362.5, 437.5, 8.184609533832969)",0.015289858871197572,0.0,-5.628145802758185,0.002053326915041242,139.84010000058333
2,6,26,"(387.5, 437.5, 6.419652941837749)",5.069761646969648e-07,0.0,-12.772383714707052,0.01930983398613181,160.31270000166842
2,6,27,"(387.5, 437.5, 6.419652941837749)",0.0009916156999879439,736.1527709960938,-3.8018565806029745,0.013008160054187519,85.34420000069076
2,6,28,"(387.5, 462.5, 6.644563227708976)",0.00011545192776873374,0.0,-8.178863842358226,0.002999345011984408,136.84380000267993
2,6,29,"(387.5, 462.5, 6.644563227708976)",5.314747492472329e-07,0.0,-12.555869485579864,4.915869543479335e-06,125.59350000083214
2,6,30,"(387.5, 462.5, 6.644563227708976)",0.0035259649466535445,733.795654296875,-4.377006184314349,0.016804542609594325,86.18240000214428
2,6,31,"(362.5, 462.5, 8.527721324025148)",2.2518612654006224e-06,0.0,-7.529372047723202,0.18411825458487424,149.92530000017723
2,6,32,"(362.5, 437.5, 8.184609533832969)",-9.809732213458387e-08,0.0,-11.829155505471432,7.790019766461381e-05,122.62510000073235
2,6,33,"(362.5, 437.5, 8.184609533832969)",0.11215113891312864,737.282958984375,-5.923716862166626,0.16305658052790464,86.89189999859082
2,6,34,"(387.5, 437.5, 6.419652941837749)",2.4266546253259917e-06,0.0,-9.724820351205267,0.0005398516072416795,137.29940000121132
2,6,35,"(387.5, 462.5, 6.644563227708976)",5.31474749247233e-07,0.0,-14.10182634467826,1.0357833121381633e-06,126.13520000013523
2,6,36,"(387.5, 462.5, 6.644563227708976)",0.0023237979924059723,733.795654296875,-4.377006093887106,0.012387018369958692,86.28390000012587
2,6,37,"(362.5, 462.5, 8.527721324025148)",0.008709059545027497,0.0,-7.511167091434052,0.16476446168177047,152.7341000000888
2,6,38,"(362.5, 437.5, 8.184609533832969)",-9.809723381610126e-08,0.0,-11.829155537801242,7.792470883575639e-05,123.51039999703062
2,6,39,"(362.5, 437.5, 8.184609533832969)",0.11006522432746003,737.237548828125,-5.923690119046674,0.16149467902530712,86.13289999993867
2,6,40,"(362.5, 412.5, 7.512358105982148)",1.7722142256999533e-06,0.0,-10.37324247188862,8.396553152632867e-05,136.64069999867934
2,6,41,"(337.5, 412.5, 9.377700043801939)",5.297673245271047e-07,0.0,-16.900105756673817,1.3385367040541941e-12,129.29630000144243
2,6,42,"(337.5, 412.5, 9.377700043801939)",0.0006656420287588451,740.0572509765625,-6.526863285602253,0.000908326791198807,89.81359999961569
2,6,43,"(337.5, 387.5, 8.122025837780313)",1.2889274558722815e-06,0.0,-10.566786087380436,3.2411662766697126e-06,138.2701000002271
2,6,44,"(337.5, 412.5, 9.377700043801939)",5.297673245271047e-07,0.0,-17.09364937298313,9.537833438951695e-13,123.92180000097142
2,6,45,"(337.5, 412.5, 9.377700043801939)",0.00023241019111636756,740.0572509765625,-6.526863285602253,0.0009083233655843767,83.99669999926118
2,6,46,"(312.5, 412.5, 11.543004562335339)",0.002916912141651665,0.0,-8.443393767062554,0.0005815121971316996,146.20120000108727
2,6,47,"(312.5, 412.5, 11.543004562335339)",-2.6115837196509044e-08,0.0,-6.8909848732319,3.119468751667849e-06,121.9980999994732
2,6,48,"(312.5, 412.5, 11.543004562335339)",0.0007681813101298326,798.0051879882812,-1.9165216178860658,0.0009082699307150115,86.59999999872525
2,6,49,"(337.5, 412.5, 9.377700043801939)",0.002904573737035459,0.0,-4.974457566337068,0.00047786133228348154,125.35399999978836
2,6,50,"(337.5, 437.5, 10.400297021568935)",1.7213945587476098e-07,0.0,-11.488114971245212,0.2142090696897825,147.82869999908144
2,6,51,"(337.5, 437.5, 10.400297021568935)",0.0017346549962949421,796.9451904296875,-3.3171300609191157,0.0009078299273779114,88.03809999881196
2,6,52,"(337.5, 412.5, 9.377700043801939)",0.003650187168527512,0.0,-6.375066005612927,0.0004606901835460907,112.34390000026906
2,6,53,"(362.5, 412.5, 7.512358105982148)",3.0399681369610327e-07,0.0,-14.270163433980894,8.269065418983209e-05,162.08850000111852
2,6,54,"(362.5, 412.5, 7.512358105982148)",0.0014996667663194042,738.4631958007812,-4.450278665972565,0.002128949373913648,86.29749999818159
2,6,55,"(362.5, 412.5, 7.512358105982148)",1.7722142261567181e-06,0.0,-8.900557352241526,0.00028139743834110524,129.91279999914696
2,6,56,"(337.5, 412.5, 9.377700043801939)",5.297673245271046e-07,0.0,-15.427420617488535,3.284822891274119e-11,126.08609999733744
2,6,57,"(337.5, 412.5, 9.377700043801939)",0.0013288651367006844,740.0572509765625,-6.5268632856022535,0.0009083359432196802,86.30330000232789
2,6,58,"(337.5, 437.5, 10.400297021568935)",0.020064341347965628,0.0,-9.844073067868765,0.01736321014292522,145.05370000188123
2,6,59,"(312.5, 437.5, 13.134116007120344)",-6.585226704676946e-08,0.0,-6.8841287304458,3.119395637637203e-06,130.19400000121095
2,6,60,"(312.5, 437.5, 13.134116007120344)",0.00047951437165807406,780.0640258789062,-0.5090570322140606,0.0009078287101694018,85.11490000091726
2,6,61,"(312.5, 437.5, 13.134116007120344)",2.642171409054556e-07,0.0,-1.0181140644281215,2.8227844339830953e-06,119.30840000059106
2,6,62,"(337.5, 437.5, 10.400297021568935)",1.721394558747609e-07,0.0,-4.33524412534723,4.5463334169877626e-14,125.28169999859529
2,6,63,"(337.5, 437.5, 10.400297021568935)",0.000833207755864607,796.9451904296875,-3.3171300609191166,0.0009078353925838125,86.62050000202726
2,6,64,"(337.5, 412.5, 9.377700043801939)",0.005725898539775205,0.0,-6.375066005577432,0.00046070631098411467,114.09899999853224
2,6,65,"(312.5, 412.5, 11.543004562335339)",-2.611583719650904e-08,0.0,-10.833086020015662,0.0006000481371637854,137.13469999856898
2,6,66,"(312.5, 412.5, 11.543004562335339)",0.0005774490913940303,798.0051879882812,-1.9165216178860658,0.0009082815472756963,87.28479999990668
2,6,67,"(337.5, 412.5, 9.377700043801939)",4.241310025450141e-07,0.0,-4.974457566336556,0.00047785622407859604,122.88970000008703
2,6,68,"(362.5, 412.5, 7.512358105982148)",1.5320351963233945e-06,0.0,-7.661746890219129,0.00047249627985889526,160.01049999977113
2,6,69,"(362.5, 412.5, 7.512358105982148)",0.003981115879131248,738.4631958007812,-4.450278666198878,0.004869809115954512,89.57489999738755
2,7,0,"(487.5, 487.5, 2.4370033062802148)",0.08865750182677809,362.0555419921875,-0.9932105915237052,2.279541736189748,86.18149999892921
2,7,1,"(487.5, 487.5, 2.4370033062802148)",0.010067723118985088,0.0,-1.937604907217382,1.8603962338836408,113.39809999844874
2,7,2,"(462.5, 487.5, 3.127296379115885)",0.00075014923654943,0.0,-3.2890687573056985,1.590672812612016,123.38090000048396
2,7,3,"(462.5, 487.5, 3.127296379115885)",0.010034151055403992,545.6409912109375,-1.3522770179900523,1.6480183617542588,85.39219999875058
2,7,4,"(462.5, 462.5, 3.1411719247664083)",0.0058226878948973325,0.0,-2.6347564242387715,1.5349829411881335,137.5886999994691
2,7,5,"(437.5, 462.5, 4.032539977718922)",0.0008602688709896695,0.0,-4.527650996587251,1.2587232627321436,122.70170000192593
2,7,6,"(437.5, 462.5, 4.032539977718922)",0.011714654299380373,731.558349609375,-1.8807240055889385,1.2587481938536735,86.79610000035609
2,7,7,"(412.5, 462.5, 5.176557100199439)",0.010070182390763004,0.0,-4.660781539029136,0.38428457781155956,127.32809999943129
2,7,8,"(387.5, 462.5, 6.644563227708976)",5.314747492472329e-07,0.0,-9.023337914462909,0.00801783614749069,122.91149999873596
2,7,9,"(387.5, 462.5, 6.644563227708976)",0.004158082875067399,733.7959594726562,-4.37700798266202,0.04561586682943942,86.74860000246554
2,7,10,"(387.5, 487.5, 6.600725374454914)",0.30952599957291077,0.0,-6.462321001578742,0.2387114159279583,147.63350000066566
2,7,11,"(387.5, 462.5, 6.644563227708976)",0.07565623025107823,0.0,-11.325127754154856,0.5647866952963968,122.75070000032429
2,7,12,"(387.5, 462.5, 6.644563227708976)",0.08921184923260744,733.8922119140625,-4.377115804751709,0.13630673207984348,85.79699999972945
2,7,13,"(387.5, 462.5, 6.644563227708976)",2.9630962313464856e-06,0.0,-8.754012863870301,0.003078728125286174,133.9397999981884
2,7,14,"(412.5, 462.5, 5.176557100199439)",8.09629758199056e-07,0.0,-11.55125893462602,8.53405179736277e-05,123.83960000079242
2,7,15,"(412.5, 462.5, 5.176557100199439)",0.0015308039242910648,732.9444580078125,-2.7972476744826458,0.08140443147511416,90.29890000238083
2,7,16,"(387.5, 462.5, 6.644563227708976)",0.0006131189910872472,0.0,-7.174278291667377,0.009670688598863763,123.99659999937285
2,7,17,"(362.5, 462.5, 8.527721324025148)",0.1773083607356857,0.0,-11.182408239381202,0.3983432240983082,123.67109999831882
2,7,18,"(362.5, 462.5, 8.527721324025148)",0.010269018324224673,783.1353149414062,-3.0311432008080277,0.014218215719877572,88.92399999967893
2,7,19,"(362.5, 437.5, 8.184609533832969)",0.00817260675522595,0.0,-5.628145795285858,0.002053323934747062,136.39550000152667
2,7,20,"(362.5, 412.5, 7.512358105982148)",0.0007386348819761294,0.0,-8.65418768116194,0.0004160931219052991,143.67029999993974
2,7,21,"(362.5, 412.5, 7.512358105982148)",0.0033513865324312705,738.4631958007812,-4.450278668685961,0.007696495268520292,86.73239999916404
2,7,22,"(387.5, 412.5, 5.968521653217249)",0.0006544331278814122,0.0,-7.461084186706647,0.009595245813237948,135.83879999714554
2,7,23,"(362.5, 412.5, 7.512358105982148)",2.942979335784912e-07,0.0,-11.911362534565612,8.660709259505919e-06,120.9906999974919
2,7,24,"(362.5, 412.5, 7.512358105982148)",0.001270313887438765,738.4631958007812,-4.450278717291299,0.011428561642524416,85.9922000017832
2,7,25,"(337.5, 412.5, 9.377700043801939)",2.2746393577036046e-06,0.0,-10.977141951628468,3.5353814626448466e-06,121.24629999743775
2,7,26,"(337.5, 412.5, 9.377700043801939)",5.297673245271046e-07,0.0,-17.504005237140586,1.216220429317529e-12,123.86400000104913
2,7,27,"(337.5, 412.5, 9.377700043801939)",0.0006472502092841867,740.0572509765625,-6.526863285602253,0.0009083273588065701,84.23620000030496
2,7,28,"(337.5, 387.5, 8.122025837780313)",1.2889274558722805e-06,0.0,-10.566786087380432,3.2411633026100565e-06,135.87870000264957
2,7,29,"(337.5, 412.5, 9.377700043801939)",5.297673245271047e-07,0.0,-17.09364937298313,9.537833429774661e-13,124.49059999926249
2,7,30,"(337.5, 412.5, 9.377700043801939)",1.4962874144315947e-06,740.0572509765625,-6.526863285602252,0.0009083242369771947,88.38099999775295
2,7,31,"(337.5, 412.5, 9.377700043801939)",2.274639404150486e-06,0.0,-13.053726571204507,2.8148267801820772e-06,127.70490000184509
2,7,32,"(337.5, 412.5, 9.377700043801939)",5.297673245271047e-07,0.0,-19.580589856743902,9.287232598713962e-12,125.81169999975828
2,7,33,"(337.5, 412.5, 9.377700043801939)",0.0009944967497067774,740.0572509765625,-6.526863285602252,0.0009083260302207804,87.57169999807957
2,7,34,"(337.5, 412.5, 9.377700043801939)",2.2746393577036046e-06,0.0,-13.053726571204507,2.814826780163884e-06,129.3349000006856
2,7,35,"(337.5, 412.5, 9.377700043801939)",5.297673245271047e-07,0.0,-19.580589856743902,9.287232598422833e-12,124.2000000020198
2,7,36,"(337.5, 412.5, 9.377700043801939)",0.0006585183594039072,740.0572509765625,-6.526863285602252,0.0009083217662667186,87.20950000133598
2,7,37,"(362.5, 412.5, 7.512358105982148)",1.772214253664401e-06,0.0,-10.977141951538993,7.534418852209733e-06,139.92770000186283
2,7,38,"(337.5, 412.5, 9.377700043801939)",5.297673245271047e-07,0.0,-17.504005134814285,2.303722001943503e-10,127.29979999858188
2,7,39,"(337.5, 412.5, 9.377700043801939)",0.00023822953473181253,740.0572509765625,-6.526863285602252,0.0009083233457647174,86.26160000130767
2,7,40,"(362.5, 412.5, 7.512358105982148)",1.7722142680552111e-06,0.0,-10.977141951538997,7.5344188522409525e-06,148.01660000011907
2,7,41,"(337.5, 412.5, 9.377700043801939)",5.297673245271047e-07,0.0,-17.504005134814285,2.303722001943503e-10,123.15149999994901
2,7,42,"(337.5, 412.5, 9.377700043801939)",0.001460128426563698,740.0572509765625,-6.526863285602254,0.0009083242755756828,85.64079999996466
2,7,43,"(337.5, 387.5, 8.122025837780313)",1.2889274558722811e-06,0.0,-10.566786087380436,3.2411633026100675e-06,140.82369999960065
2,7,44,"(337.5, 412.5, 9.377700043801939)",5.297673245271047e-07,0.0,-17.09364937298313,9.53783342970818e-13,122.57640000098036
2,7,45,"(337.5, 412.5, 9.377700043801939)",0.0011697152550043737,740.0572509765625,-6.526863285602252,0.0009083198422829438,86.55730000100448
2,7,46,"(337.5, 387.5, 8.122025837780313)",1.288927455872282e-06,0.0,-10.566786087380436,3.2411633026100556e-06,138.48940000025323
2,7,47,"(337.5, 412.5, 9.377700043801939)",5.297673245271047e-07,0.0,-17.09364937298313,9.53783342971897e-13,124.20419999762089
2,7,48,"(337.5, 412.5, 9.377700043801939)",0.0010237432171066798,740.0572509765625,-6.526863285602253,0.0009083285864538114,83.96190000348724
2,7,49,"(337.5, 412.5, 9.377700043801939)",2.2746393577036097e-06,0.0,-13.053726571204507,2.8148267801649985e-06,130.29900000037742
2,7,50,"(337.5, 412.5, 9.377700043801939)",5.297673245271047e-07,0.0,-19.580589856743902,9.287232598508252e-12,124.1544000004069
2,7,51,"(337.5, 412.5, 9.377700043801939)",0.0011697268598595877,740.0572509765625,-6.526863285602253,0.0009083308740762952,87.02360000097542
2,7,52,"(362.5, 412.5, 7.512358105982148)",1.772214253249321e-06,0.0,-10.977141951538995,7.5344188522088525e-06,138.50300000194693
2,7,53,"(337.5, 412.5, 9.377700043801939)",5.297673245271047e-07,0.0,-17.504005134814285,2.303722001943503e-10,125.8957999998529
2,7,54,"(337.5, 412.5, 9.377700043801939)",0.0008781777165402354,740.0572509765625,-6.526863285602253,0.000908326470699777,87.55079999900772
2,7,55,"(312.5, 412.5, 11.543004562335339)",0.0029262052393730377,0.0,-8.443393767062556,0.0005815121971315631,147.65650000117603
2,7,56,"(337.5, 412.5, 9.377700043801939)",1.3447425005628145e-07,0.0,-8.032404758853692,7.643818788439523e-06,133.3364000020083
2,7,57,"(337.5, 412.5, 9.377700043801939)",0.15013091471935272,740.2650756835938,-6.5289976380101775,0.20421537399726558,85.07019999888144
2,7,58,"(312.5, 412.5, 11.543004562335339)",-1.5589771922886938e-07,0.0,-8.455464022882017,0.010805859445240934,147.07719999933033
2,7,59,"(337.5, 412.5, 9.377700043801939)",1.344742495148171e-07,0.0,-8.0324047040423,7.624095414142809e-06,141.3286999995762
2,7,60,"(337.5, 412.5, 9.377700043801939)",0.14226511229927696,740.2136840820312,-6.5289976380101775,0.20421539754076273,86.11820000078296
2,7,61,"(362.5, 412.5, 7.512358105982148)",1.772214263840108e-06,0.0,-10.977141951542713,1.181818229725289e-05,137.99089999884018
2,7,62,"(337.5, 412.5, 9.377700043801939)",5.297673245271047e-07,0.0,-17.504005134814285,2.3037249893698445e-10,131.2222999986261
2,7,63,"(337.5, 412.5, 9.377700043801939)",0.001137020791856902,740.0572509765625,-6.526863285602253,0.0009083310259436206,85.85579999999027
2,7,64,"(337.5, 412.5, 9.377700043801939)",2.274639378533375e-06,0.0,-13.053726571204507,2.8148267801725075e-06,131.4094000008481
2,7,65,"(337.5, 412.5, 9.377700043801939)",5.297673245271047e-07,0.0,-19.580589856743902,9.287232599601035e-12,137.6425999987987
2,7,66,"(337.5, 412.5, 9.377700043801939)",0.00029406190485782954,740.0572509765625,-6.526863285602253,0.0009083231144579891,92.78590000030817
2,7,67,"(362.5, 412.5, 7.512358105982148)",1.7722142766038687e-06,0.0,-10.977141951538995,7.534418852259413e-06,138.4987999990699
2,7,68,"(337.5, 412.5, 9.377700043801939)",5.297673245271047e-07,0.0,-17.504005134814285,2.303722001943503e-10,125.88060000052792
2,7,69,"(337.5, 412.5, 9.377700043801939)",0.0003065759606031713,740.0572509765625,-6.526863285602252,0.0009083230671099128,86.96100000088336
2,8,0,"(487.5, 487.5, 2.4370033062802148)",0.09093937751737981,362.0564880371094,-0.9932105915237052,2.2795417474291946,85.56310000130907
2,8,1,"(487.5, 462.5, 2.446737931289699)",0.012693402629338681,0.0,-1.8649921186881082,1.800564543823213,135.6234000013501
2,8,2,"(487.5, 437.5, 2.3962294749129978)",0.0023676504691518335,0.0,-2.614791692920263,1.4719734841732421,123.1962999991083
2,8,3,"(487.5, 437.5, 2.3962294749129978)",0.02214270282562035,547.8721923828125,-0.7505362943654079,1.5493599766330135,87.77280000140308
2,8,4,"(487.5, 412.5, 2.290558742230985)",0.04718936835828967,0.0,-1.3333895256226072,1.1149559398135374,138.27210000090417
2,8,5,"(487.5, 387.5, 2.139763984685619)",0.009297048052132655,0.0,-1.7686342140743037,0.5302312380542894,121.23000000065076
2,8,6,"(487.5, 387.5, 2.139763984685619)",0.07894510092521564,549.7409057617188,-0.45785162250972816,1.050405014565547,86.22089999698801
2,8,7,"(487.5, 362.5, 1.9568116350230005)",0.19926023398441248,0.0,-0.9055060753026439,0.9294230084601351,137.06590000219876
2,8,8,"(487.5, 337.5, 1.7553492373438715)",0.0703625480334068,0.0,-1.4754444934152569,0.7952847925573937,123.41899999955785
2,8,9,"(487.5, 337.5, 1.7553492373438715)",0.45273568561662353,550.5245361328125,-0.5794364050516152,1.8781975152492694,85.42729999680887
2,8,10,"(487.5, 312.5, 1.5478514032947062)",0.4020519219301859,0.0,-1.169550245715273,1.9225279606192214,136.693300002662
2,8,11,"(487.5, 287.5, 1.3444703254931378)",0.00046982402758765734,0.0,-1.642890610196803,1.268476190527639,139.44999999876018
2,8,12,"(487.5, 287.5, 1.3444703254931378)",0.03153295584135404,549.4380493164062,-0.4943289952676791,1.4830476790487195,86.27979999801028
2,8,13,"(487.5, 287.5, 1.3444703254931378)",0.0038596490213616327,0.0,-0.9931759138832403,1.4646976996060102,127.74300000091898
2,8,14,"(487.5, 312.5, 1.5478514032947062)",0.0013746663562959197,0.0,-1.5423181129808758,1.4086895492327804,124.53379999715253
2,8,15,"(487.5, 312.5, 1.5478514032947062)",0.04820839774697137,549.4443359375,-0.5484031843545188,1.5107725094789062,86.55139999973471
2,8,16,"(487.5, 312.5, 1.5478514032947062)",0.111110980562843,0.0,-1.098177250313483,1.5006015558840062,128.38159999955678
2,8,17,"(487.5, 287.5, 1.3444703254931378)",0.0005181436984416421,0.0,-1.5854995086288932,1.3216970368416665,136.19980000294163
2,8,18,"(487.5, 287.5, 1.3444703254931378)",0.02579802590645521,549.4430541992188,-0.4950820915481055,1.488202847482742,98.96990000197547
2,8,19,"(487.5, 262.5, 1.1525974378684039)",0.0007315815692689751,0.0,-0.955147956620053,1.4815822166021826,141.13350000116043
2,8,20,"(487.5, 287.5, 1.3444703254931378)",0.000568370373608994,0.0,-1.4531722851653242,1.4725262427940282,122.57959999988088
2,8,21,"(487.5, 287.5, 1.3444703254931378)",0.005762311814286249,549.4364624023438,-0.49729885682802594,1.487208264886784,90.19220000118366
2,8,22,"(462.5, 287.5, 1.6387307756259826)",0.009444104157096319,0.0,-1.0238302567031676,1.4561075838794582,136.87430000209133
2,8,23,"(462.5, 287.5, 1.6387307756259826)",0.0010296110219011985,0.0,-1.5454503892232676,1.3935025646349333,126.69180000011693
2,8,24,"(462.5, 287.5, 1.6387307756259826)",0.011236982554558508,733.117431640625,-0.5249228878174564,1.447565493909789,84.14930000071763
2,8,25,"(462.5, 312.5, 1.9057706001378085)",0.03133977561597017,0.0,-1.1247613279056359,1.356587401105401,139.7350999977789
2,8,26,"(462.5, 312.5, 1.9057706001378085)",0.004567502687362581,0.0,-1.7074265136870812,1.129532028135775,120.79239999729907
2,8,27,"(462.5, 312.5, 1.9057706001378085)",0.0922847886312271,733.1821899414062,-0.5929451994282919,1.421739936999888,85.42810000290046
2,8,28,"(437.5, 312.5, 2.3288409680820936)",0.2168128647279036,0.0,-1.247536073405846,1.2711810725341428,137.96319999892148
2,8,29,"(437.5, 287.5, 1.9802988879790537)",0.0014299703761933887,0.0,-1.7715109022728346,0.8524337962804363,123.94950000089011
2,8,30,"(437.5, 287.5, 1.9802988879790537)",0.022350504535631255,735.4113159179688,-0.5466271470268037,1.2729859834456072,84.29940000132774
2,8,31,"(412.5, 287.5, 2.3680192003946603)",0.02429817252042393,0.0,-1.1308106856145943,1.2273367660386854,134.84459999745013
2,8,32,"(412.5, 312.5, 2.8190600723806885)",0.004209412882727214,0.0,-1.821326319087017,0.7576366958605948,131.28980000328738
2,8,33,"(412.5, 312.5, 2.8190600723806885)",0.08899374823685556,736.790283203125,-0.6969505339218894,0.9413270429964572,89.1894999986107
2,8,34,"(412.5, 287.5, 2.3680192003946603)",0.026353120277675876,0.0,-1.267860389760904,0.8217740930733387,141.097699997772
2,8,35,"(412.5, 287.5, 2.3680192003946603)",0.0024703098461011292,0.0,-1.8277369161419037,0.6139051591660621,124.212599999737
2,8,36,"(412.5, 287.5, 2.3680192003946603)",0.021187909306376707,736.6619262695312,-0.5678162210970069,1.1223549125029373,88.15010000034817
2,8,37,"(412.5, 312.5, 2.8190600723806885)",0.06021201086037335,0.0,-1.270111266394599,0.843009735658331,137.61710000107996
2,8,38,"(412.5, 312.5, 2.8190600723806885)",0.008983665456390861,0.0,-1.944043677593147,0.3855757476303206,121.84200000046985
2,8,39,"(412.5, 312.5, 2.8190600723806885)",0.23248516791870893,737.0149536132812,-0.692084362233428,1.0952411058886948,90.47310000096331
2,8,40,"(412.5, 287.5, 2.3680192003946603)",0.030471718766413938,0.0,-1.2638439728782385,0.7905200247586179,138.05759999740985
2,8,41,"(387.5, 287.5, 2.795360823982221)",0.0026161028072293267,0.0,-1.8354961847616877,0.531353724325712,124.08230000073672
2,8,42,"(387.5, 287.5, 2.795360823982221)",0.04136445714965144,737.4561767578125,-0.5752006105701053,0.980763141113894,88.45259999725386
2,8,43,"(362.5, 287.5, 3.2481324511568093)",0.0611428233528895,0.0,-1.1387333116679754,0.7554075596232015,144.26620000085677
2,8,44,"(362.5, 312.5, 3.972924796908688)",0.006517410278307506,0.0,-1.869784568518729,0.15191855977942612,125.75049999941257
2,8,45,"(362.5, 312.5, 3.972924796908688)",0.28679267029749145,738.9006958007812,-0.7449564018627131,0.9934666426157669,114.06459999852814
2,8,46,"(362.5, 287.5, 3.2481324511568093)",0.19526270781622296,0.0,-1.2883702218943323,0.546374812400504,143.86540000123205
2,8,47,"(362.5, 262.5, 2.6317000424023482)",0.0004556190688164105,0.0,-1.7568236268085586,0.19607302120815798,144.0292999977828
2,8,48,"(362.5, 262.5, 2.6317000424023482)",0.01881091007724085,737.93017578125,-0.45588769696456377,1.0158873746641826,85.69870000064839
2,8,49,"(362.5, 287.5, 3.2481324511568093)",0.0660460545116028,0.0,-1.0320865174552143,0.9620482302625726,137.98550000137766
2,8,50,"(362.5, 312.5, 3.972924796908688)",0.00108663241069309,0.0,-1.7651653283974729,0.23106567072818252,123.8563000006252
2,8,51,"(362.5, 312.5, 3.972924796908688)",0.10537951675428624,738.7425537109375,-0.7569276361655437,0.5234912008306933,87.97000000049593
2,8,52,"(387.5, 312.5, 3.371997408476144)",0.9034964802179388,0.0,-1.3479075845723374,1.5631624100549397,140.2122999970743
2,8,53,"(387.5, 287.5, 2.795360823982221)",0.004563823652772954,0.0,-1.9669745269828416,0.6412156754116819,159.86689999772352
2,8,54,"(387.5, 287.5, 2.795360823982221)",0.06246477778277217,737.5673828125,-0.5620149869065602,0.6681350458139036,87.32299999974202
2,8,55,"(387.5, 262.5, 2.2927863351327353)",0.009177812076214244,0.0,-1.0600193212370608,1.0513673191990252,147.34110000063083
2,8,56,"(387.5, 287.5, 2.795360823982221)",0.0060172236214018375,0.0,-1.6586955743127614,0.9163937332694434,118.14179999782937
2,8,57,"(387.5, 287.5, 2.795360823982221)",0.03548968518051713,737.40576171875,-0.5830763597118038,1.0907370017736173,90.40090000053169
2,8,58,"(387.5, 312.5, 3.371997408476144)",0.07865509514943786,0.0,-1.3143938763383822,0.5592722990574804,137.63010000184295
2,8,59,"(387.5, 312.5, 3.371997408476144)",0.05162566403540932,0.0,-2.0311382192994967,0.2824357913638435,123.36189999768976
2,8,60,"(387.5, 312.5, 3.371997408476144)",0.5297176421878904,738.3602294921875,-0.7260111308431617,1.4277758851870583,89.83960000114166
2,8,61,"(387.5, 287.5, 2.795360823982221)",0.06575335400353036,0.0,-1.3050515522962205,0.525942596016639,145.00000000043656
2,8,62,"(387.5, 287.5, 2.795360823982221)",0.001264269541338343,0.0,-1.8732708097806565,0.27555124211756216,121.69549999816809
2,8,63,"(387.5, 287.5, 2.795360823982221)",0.037495463359658567,737.4671630859375,-0.5694250478930806,0.8663728590662723,88.07399999932386
2,8,64,"(387.5, 312.5, 3.371997408476144)",0.12354296305202792,0.0,-1.3106771998788904,0.5619754987445902,136.44639999984065
2,8,65,"(387.5, 287.5, 2.795360823982221)",0.0017295035844171918,0.0,-1.8655470114878798,0.20762902394394625,121.39580000075512
2,8,66,"(387.5, 287.5, 2.795360823982221)",0.039157371279748575,737.5165405273438,-0.566238793622018,0.7945007927498177,88.62470000167377
2,8,67,"(362.5, 287.5, 3.2481324511568093)",0.060524277923244864,0.0,-1.1332807926907087,0.7042332097607864,137.20739999916987
2,8,68,"(362.5, 312.5, 3.972924796908688)",0.0010866324107022581,0.0,-1.8693199048189766,0.14854818523835003,123.25269999928423
2,8,69,"(362.5, 312.5, 3.972924796908688)",0.2922625885252102,738.8709106445312,-0.7443897563139761,1.0034388931843603,111.52969999966444
2,9,0,"(487.5, 487.5, 2.4370033062802148)",0.08407403316966468,362.02191162109375,-0.9932105915237052,2.279541701710629,85.7934000014211
2,9,1,"(487.5, 487.5, 2.4370033062802148)",0.009858373113444736,0.0,-1.9376049072173822,1.8603962338836406,115.74690000270493
2,9,2,"(487.5, 487.5, 2.4370033062802148)",0.0004795220455954991,0.0,-2.8927630337728845,1.6760673797347398,122.56600000182516
2,9,3,"(487.5, 487.5, 2.4370033062802148)",0.009221589324623034,361.99365234375,-0.9616086411353622,1.858628676301102,86.12160000120639
2,9,4,"(487.5, 487.5, 2.4370033062802148)",0.006225776740449577,0.0,-1.9251657022844493,1.7531796301162008,116.18189999717288
2,9,5,"(487.5, 462.5, 2.446737931289699)",0.0007855092196712436,0.0,-2.812803865198632,1.5672851904686236,123.7768999999389
2,9,6,"(487.5, 462.5, 2.446737931289699)",0.010032068277238316,545.6384887695312,-0.8872855627988715,1.7428358263099581,87.61580000282265
2,9,7,"(487.5, 437.5, 2.3962294749129978)",0.022923817974890747,0.0,-1.6368966852652664,1.452858957603538,136.894499999471
2,9,8,"(487.5, 412.5, 2.290558742230985)",0.006334577997511471,0.0,-2.203301477297524,0.8883140131644657,122.72989999837591
2,9,9,"(487.5, 412.5, 2.290558742230985)",0.04061970567400233,549.0914916992188,-0.5838952132970691,1.209607605187976,86.98739999817917
2,9,10,"(487.5, 387.5, 2.139763984685619)",0.08810731489863315,0.0,-1.046701200368119,0.8793553759981689,139.12020000134362
2,9,11,"(487.5, 362.5, 1.9568116350230005)",0.021977961063337013,0.0,-1.4656081081775127,0.44062100967712003,122.64930000310414
2,9,12,"(487.5, 362.5, 1.9568116350230005)",0.173599622018031,550.2998046875,-0.4358695998578019,1.1621937801728939,85.6869999988703
2,9,13,"(487.5, 337.5, 1.7553492373438715)",0.5621666052266199,0.0,-1.0455369225131712,1.5789542867790145,147.39089999784483
2,9,14,"(487.5, 312.5, 1.5478514032947062)",0.0916204253831991,0.0,-1.7011720618996058,1.832250082413937,169.41290000249865
2,9,15,"(487.5, 312.5, 1.5478514032947062)",0.2825047802368041,549.7799072265625,-0.5553129104133941,1.8140474359865528,83.85120000093593
2,9,16,"(462.5, 312.5, 1.9057706001378085)",0.19417794052004758,0.0,-1.1506150442177734,1.4913727395537857,133.84420000147657
2,9,17,"(437.5, 312.5, 2.3288409680820936)",0.014827821403766,0.0,-1.7878797662627313,1.0401676808903662,123.92840000029537
2,9,18,"(437.5, 312.5, 2.3288409680820936)",0.2051577702454971,735.6179809570312,-0.6484353119678646,1.4204948154282886,86.04930000001332
2,9,19,"(437.5, 287.5, 1.9802988879790537)",0.01764232581585361,0.0,-1.2009190353063637,1.1259400717035668,138.5057000006782
2,9,20,"(437.5, 312.5, 2.3288409680820936)",0.003160331398247167,0.0,-1.8406075199349676,0.8307960540993038,125.54740000268794
2,9,21,"(437.5, 312.5, 2.3288409680820936)",0.08414568395780714,735.4841918945312,-0.6439487094729037,1.1881574311500975,87.47609999772976
2,9,22,"(437.5, 287.5, 1.9802988879790537)",0.024130105218889274,0.0,-1.2000128474203038,1.1160985185769923,140.18020000003162
2,9,23,"(437.5, 312.5, 2.3288409680820936)",0.0030996141334368047,0.0,-1.8403889409833516,0.8289943387792651,128.03139999959967
2,9,24,"(437.5, 312.5, 2.3288409680820936)",0.08218068306643038,735.4812622070312,-0.6439149559843595,1.1858596733129494,92.79649999734829
2,9,25,"(437.5, 287.5, 1.9802988879790537)",0.017590849758580513,0.0,-1.199998649076259,1.115948270254937,136.72170000063488
2,9,26,"(412.5, 287.5, 2.3680192003946603)",0.0028626673544456215,0.0,-1.7678692056269183,0.9155437393540102,122.94810000094003
2,9,27,"(412.5, 287.5, 2.3680192003946603)",0.024355968645975955,736.6531982421875,-0.5732303673252839,1.2111359448806558,88.66329999727895
2,9,28,"(412.5, 312.5, 2.8190600723806885)",0.0633322850973633,0.0,-1.2724226023782623,0.864453341265091,136.56780000019353
2,9,29,"(387.5, 312.5, 3.371997408476144)",0.014771395673381912,0.0,-1.9857112991946184,0.3173877759602989,120.68949999957113
2,9,30,"(387.5, 312.5, 3.371997408476144)",0.3985501259000555,738.2206420898438,-0.7330326284250246,1.244506312090978,86.97140000003856
2,9,31,"(387.5, 287.5, 2.795360823982221)",0.07344999656878597,0.0,-1.3069272408715944,0.5393059698791642,137.22380000035628
2,9,32,"(387.5, 262.5, 2.2927863351327353)",0.0005188931245353036,0.0,-1.7802555987571178,0.4147475894804595,124.52070000290405
2,9,33,"(387.5, 262.5, 2.2927863351327353)",0.01140221925068864,737.2774047851562,-0.47658880166608963,1.2075288050967337,85.6705999976839
2,9,34,"(387.5, 287.5, 2.795360823982221)",0.043619949112205,0.0,-1.073702105056522,1.169747363412932,139.62150000224938
2,9,35,"(387.5, 312.5, 3.371997408476144)",0.003654016802708375,0.0,-1.7985748493014853,0.5083218364466345,126.74799999876996
2,9,36,"(387.5, 312.5, 3.371997408476144)",0.06267538006980164,737.7335815429688,-0.739610731424716,0.6132438584416611,86.88120000078925
2,9,37,"(362.5, 312.5, 3.972924796908688)",0.7085352852429847,0.0,-1.3457540377012678,1.403551915736689,129.26970000262372
2,9,38,"(362.5, 287.5, 3.2481324511568093)",0.030038359264537236,0.0,-1.977006021188413,0.9611295572440987,160.66140000111773
2,9,39,"(362.5, 287.5, 3.2481324511568093)",0.12708535319870026,738.4595336914062,-0.5458721217474256,0.643552860536029,86.06860000145389
2,9,40,"(362.5, 287.5, 3.2481324511568093)",0.06504048241749533,0.0,-1.1063094297848572,0.5438283783341438,139.422200001718
2,9,41,"(337.5, 287.5, 3.7025046815464644)",0.004618643472591411,0.0,-1.605683486729154,0.22401760769498763,123.17559999792138
2,9,42,"(337.5, 287.5, 3.7025046815464644)",0.11243112435018353,739.3655395507812,-0.5028309558789799,0.7096638943672914,89.20360000047367
2,9,43,"(312.5, 287.5, 4.124508633098295)",0.20179071769104467,0.0,-0.9487465012674948,0.6362078326721947,140.20549999986542
2,9,44,"(337.5, 287.5, 3.7025046815464644)",0.015977142999524754,0.0,-1.4469504180739234,0.1889366652350023,123.340800000733
2,9,45,"(337.5, 287.5, 3.7025046815464644)",0.17625187307493487,739.4844970703125,-0.5021214978975599,0.797509207529863,87.6754000018991
2,9,46,"(337.5, 262.5, 2.964249814698708)",0.029549049726658727,0.0,-0.9458906495930177,0.7983265347409191,147.1010000022943
2,9,47,"(337.5, 287.5, 3.7025046815464644)",0.009267646819353194,0.0,-1.4635436991423258,0.44754767017575564,129.8986000001605
2,9,48,"(337.5, 287.5, 3.7025046815464644)",0.0850914110630767,739.2112426757812,-0.5071342705470361,0.7242641111872458,88.69920000142884
2,9,49,"(337.5, 312.5, 4.592532186196013)",0.24315816603084994,0.0,-1.1920363329136205,0.7146124613725362,138.79440000164323
2,9,50,"(337.5, 287.5, 3.7025046815464644)",0.037447291116027674,0.0,-1.7359646409057612,0.5112278357994998,123.08119999943301
2,9,51,"(337.5, 287.5, 3.7025046815464644)",0.22534495506962746,739.722900390625,-0.5032600014399295,0.7619744246767317,85.07670000108192
2,9,52,"(337.5, 262.5, 2.964249814698708)",0.024919448752025584,0.0,-0.9380967043394088,0.6971800536604824,146.10130000073696
2,9,53,"(337.5, 287.5, 3.7025046815464644)",0.006391762445379408,0.0,-1.460811491959336,0.4261427392189689,122.97620000026654
2,9,54,"(337.5, 287.5, 3.7025046815464644)",0.08515855836243112,739.2452392578125,-0.5068541174694313,0.7187635296770098,85.57569999902626
2,9,55,"(337.5, 312.5, 4.592532186196013)",0.23578431507829348,0.0,-1.1919568417370097,0.7152385899188756,140.07760000095004
2,9,56,"(337.5, 287.5, 3.7025046815464644)",0.04918138186128702,0.0,-1.7359799663138729,0.511496268940747,129.42710000061197
2,9,57,"(337.5, 287.5, 3.7025046815464644)",0.22734564319269332,739.7584838867188,-0.5032616477618795,0.761987087140183,87.96849999998813
2,9,58,"(337.5, 262.5, 2.964249814698708)",0.02617294802965783,0.0,-0.9380950862976751,0.6971555766789439,145.1472000007925
2,9,59,"(337.5, 287.5, 3.7025046815464644)",0.007614690810440807,0.0,-1.4608108591387536,0.4261371434603595,124.89079999795649
2,9,60,"(337.5, 287.5, 3.7025046815464644)",0.08739311194517105,739.1983642578125,-0.5068540415638392,0.7187620039608051,89.99640000183717
2,9,61,"(337.5, 312.5, 4.592532186196013)",0.23688627768390935,0.0,-1.1919568452237261,0.7152387559361693,139.67309999861754
2,9,62,"(337.5, 287.5, 3.7025046815464644)",0.042973677317309424,0.0,-1.7359799653703205,0.5114962639291025,121.30310000065947
2,9,63,"(337.5, 287.5, 3.7025046815464644)",0.23404276880489253,739.7816162109375,-0.5032616477618796,0.7619871381241669,86.04969999942114
2,9,64,"(337.5, 262.5, 2.964249814698708)",0.026175523154211112,0.0,-0.9380950862976754,0.6971555766789439,147.9192000006151
2,9,65,"(337.5, 287.5, 3.7025046815464644)",0.007129667947703049,0.0,-1.4608108591387532,0.42613714346035936,122.14359999779845
2,9,66,"(337.5, 287.5, 3.7025046815464644)",0.0845376921309049,739.2696533203125,-0.5068540415638392,0.7187620170413378,86.59819999957108
2,9,67,"(337.5, 312.5, 4.592532186196013)",0.250918923265419,0.0,-1.1919568452237264,0.7152387559361688,138.83349999741768
2,9,68,"(337.5, 287.5, 3.7025046815464644)",0.040391442676369516,0.0,-1.7359799653703207,0.5114962639291024,122.37399999867193
2,9,69,"(337.5, 287.5, 3.7025046815464644)",0.22592313373778578,739.697021484375,-0.5032616477618795,0.7619871186746076,87.39060000152676
2,0,0,"(262.5, 487.5, 22.1418731987782)",1.1460638184016652,550.9517822265625,-12.986370374087084,3.000772677571997,85.26100000017323
2,0,1,"(287.5, 487.5, 17.635701174636083)",1.7341077189073797,0.0,-25.972740748174168,3.000002455988341,138.59159999992698
2,0,2,"(287.5, 462.5, 17.977012825427398)",0.3192176421483033,0.0,-38.95911112226125,3.0,131.5511000029801
2,0,3,"(287.5, 462.5, 17.977012825427398)",1.3850608931794217,739.021484375,-12.986370374087082,3.000773179237645,89.36199999880046
2,0,4,"(287.5, 437.5, 16.365669713099226)",1.0827510594962311e-06,0.0,-19.975233736074447,5.8414517646461055e-06,112.63250000047265
2,0,5,"(312.5, 437.5, 13.134116007120344)",-6.585226704676948e-08,0.0,-20.48429070334418,1.5852971164204454e-08,135.470000001078
2,0,6,"(312.5, 437.5, 13.134116007120344)",0.0014962064681644568,780.0640258789062,-0.5090570322140606,0.0009078324494698397,87.66370000012103
2,0,7,"(337.5, 437.5, 10.400297021568935)",0.002918052401909195,0.0,-3.826187093133177,2.8227551559992934e-06,139.92510000025504
2,0,8,"(337.5, 437.5, 10.400297021568935)",1.7213945587476093e-07,0.0,-7.1433171372743365,8.163867606680006e-11,130.39019999996526
2,0,9,"(337.5, 437.5, 10.400297021568935)",0.0005849458893503196,796.9451904296875,-3.3171300609191166,0.0009078361654005759,87.32890000101179
2,0,10,"(337.5, 412.5, 9.377700043801939)",0.005267691247024545,0.0,-6.375066005632023,0.0004607031134538357,111.53880000347272
2,0,11,"(312.5, 412.5, 11.543004562335339)",-2.6115837196509048e-08,0.0,-10.83308601086262,0.0006000481350028129,137.38509999893722
2,0,12,"(312.5, 412.5, 11.543004562335339)",0.0016973591802095112,798.0051879882812,-1.9165216178860658,0.0009082719831176537,84.55470000262721
2,0,13,"(337.5, 412.5, 9.377700043801939)",0.002905198114287816,0.0,-4.974457566335934,0.0004778355978025082,124.00200000047334
2,0,14,"(362.5, 412.5, 7.512358105982148)",1.661490833446032e-06,0.0,-7.6617470447778535,0.0004725366886869866,159.70809999998892
2,0,15,"(362.5, 412.5, 7.512358105982148)",0.004850782422625145,738.4631958007812,-4.450278666198874,0.0048701133927967774,86.4302999980282
2,0,16,"(362.5, 437.5, 8.184609533832969)",1.5248546591024291e-06,0.0,-10.373242472749803,3.5772278912108553e-05,139.76040000125067
2,0,17,"(362.5, 462.5, 8.527721324025148)",2.793968163820816e-07,0.0,-17.37762606243764,0.009989569319013415,125.81309999950463
2,0,18,"(362.5, 462.5, 8.527721324025148)",0.037680432756392684,783.1383056640625,-3.0311615173598336,0.06332443538130761,82.92380000057165
2,0,19,"(362.5, 437.5, 8.184609533832969)",0.018497778155256595,0.0,-5.628145802892757,0.0020533270304922257,141.5844000002835
2,0,20,"(362.5, 412.5, 7.512358105982148)",-9.808273940813802e-08,0.0,-8.654187779187879,0.00041572812046229495,144.14949999991222
2,0,21,"(362.5, 412.5, 7.512358105982148)",0.002035651215856271,738.4631958007812,-4.450278668659392,0.007676763888341093,87.62779999960912
2,0,22,"(337.5, 412.5, 9.377700043801939)",2.274639357703604e-06,0.0,-10.977141951574119,3.2574967469168306e-06,122.11139999999432
2,0,23,"(337.5, 412.5, 9.377700043801939)",5.297673245271046e-07,0.0,-17.504005237140575,1.1807098907583122e-12,127.06070000058389
2,0,24,"(337.5, 412.5, 9.377700043801939)",0.0004376380608932683,740.0572509765625,-6.5268632856022535,0.0009083227817773401,86.20739999969373
2,0,25,"(337.5, 387.5, 8.122025837780313)",1.2889274558722815e-06,0.0,-10.566786087380434,3.2411633026100565e-06,135.9809999994468
2,0,26,"(337.5, 412.5, 9.377700043801939)",5.297673245271047e-07,0.0,-17.09364937298313,9.53783342971897e-13,124.44270000196411
2,0,27,"(337.5, 412.5, 9.377700043801939)",0.0006977561310864024,740.0572509765625,-6.5268632856022535,0.0009083215952790762,90.6433999989531
2,0,28,"(337.5, 387.5, 8.122025837780313)",1.2889274558722798e-06,0.0,-10.566786087380434,3.241163302610057e-06,140.03149999916786
2,0,29,"(337.5, 412.5, 9.377700043801939)",5.297673245271047e-07,0.0,-17.09364937298313,9.537833430054618e-13,125.56020000192802
2,0,30,"(337.5, 412.5, 9.377700043801939)",0.001040083664295529,740.0572509765625,-6.5268632856022535,0.0009083312740952301,87.11499999844818
2,0,31,"(337.5, 387.5, 8.122025837780313)",1.2889274558722813e-06,0.0,-10.566786087380436,3.241163302610054e-06,149.1150000001653
2,0,32,"(337.5, 412.5, 9.377700043801939)",5.297673245271047e-07,0.0,-17.09364937298313,9.537833429774661e-13,123.44860000303015
2,0,33,"(337.5, 412.5, 9.377700043801939)",0.0003318844680069315,740.0572509765625,-6.526863285602253,0.0009083229713055778,91.95869999894057
2,0,34,"(362.5, 412.5, 7.512358105982148)",1.7722142882185941e-06,0.0,-10.977141951538995,7.534418852284276e-06,138.27390000005835
2,0,35,"(337.5, 412.5, 9.377700043801939)",5.297673245271047e-07,0.0,-17.504005134814285,2.303722001943503e-10,124.40459999925224
2,0,36,"(337.5, 412.5, 9.377700043801939)",0.0004089573427163658,740.0572509765625,-6.526863285602253,0.0009083227039243004,85.73160000014468
2,0,37,"(362.5, 412.5, 7.512358105982148)",1.7722142728162004e-06,0.0,-10.977141951538995,7.534418852249479e-06,138.23709999996936
2,0,38,"(337.5, 412.5, 9.377700043801939)",5.297673245271047e-07,0.0,-17.504005134814285,2.3037220019433722e-10,127.15840000237222
2,0,39,"(337.5, 412.5, 9.377700043801939)",0.000499513884251988,740.0572509765625,-6.526863285602252,0.0009083223237646067,85.81829999820911
2,0,40,"(312.5, 412.5, 11.543004562335339)",-1.5589725234100154e-07,0.0,-8.443393767062553,0.0005815121971341357,149.4256999976642
2,0,41,"(337.5, 412.5, 9.377700043801939)",1.3447424962689935e-07,0.0,-8.032404704044168,7.624108761016084e-06,138.27559999845107
2,0,42,"(337.5, 412.5, 9.377700043801939)",0.14307968808316046,740.204833984375,-6.528997638010177,0.20421535484294745,91.022199998406
2,0,43,"(362.5, 412.5, 7.512358105982148)",1.772214275474602e-06,0.0,-10.977141951542713,1.1818182297277843e-05,139.51879999876837
2,0,44,"(337.5, 412.5, 9.377700043801939)",5.297673245271047e-07,0.0,-17.504005134814285,2.3037249893698445e-10,126.42039999991539
2,0,45,"(337.5, 412.5, 9.377700043801939)",0.0017889624898027709,740.0572509765625,-6.526863285602253,0.0009083181872014778,89.96660000047996
2,0,46,"(337.5, 387.5, 8.122025837780313)",1.2889274558722807e-06,0.0,-10.566786087380436,3.2411633026100616e-06,140.25910000054864
2,0,47,"(337.5, 412.5, 9.377700043801939)",5.297673245271047e-07,0.0,-17.09364937298313,9.53783342971897e-13,125.88590000086697
2,0,48,"(337.5, 412.5, 9.377700043801939)",0.0009012318091699012,740.0572509765625,-6.526863285602253,0.0009083208480177667,90.43039999960456
2,0,49,"(337.5, 437.5, 10.400297021568935)",0.02079187724296481,0.0,-9.844073067868765,0.01736321013651321,151.9640000005893
2,0,50,"(312.5, 437.5, 13.134116007120344)",-6.585226704676946e-08,0.0,-6.88412863294931,3.084309459345764e-06,126.4264000019466
2,0,51,"(312.5, 437.5, 13.134116007120344)",0.00033948454509822587,780.0640258789062,-0.5090570322140606,0.0009078232835492996,89.90989999801968
2,0,52,"(312.5, 462.5, 14.033224262378283)",3.184866752762672e-06,0.0,-3.445946058371767,2.8466608144995637e-06,137.50720000098227
2,0,53,"(312.5, 437.5, 13.134116007120344)",-6.585226704676947e-08,0.0,-3.955002768023577,4.840068480724809e-10,129.8166000015044
2,0,54,"(312.5, 437.5, 13.134116007120344)",0.0018515827590702546,780.0640258789062,-0.5090570322140605,0.0009078379420230421,86.79750000010245
2,0,55,"(337.5, 437.5, 10.400297021568935)",1.0732062429621673e-06,0.0,-3.826187093133177,2.822778227369097e-06,141.2400000008347
2,0,56,"(337.5, 412.5, 9.377700043801939)",8.327576031564807e-07,0.0,-6.884128541551683,4.502788733219916e-06,145.1228000005358
2,0,57,"(337.5, 412.5, 9.377700043801939)",1.3415980142918604,646.7340087890625,-3.4033459456821475,0.4871203552351477,87.27710000312072
2,0,58,"(362.5, 412.5, 7.512358105982148)",0.0009306347220115849,0.0,-10.966743907924258,0.0003485194342447673,138.70889999816427
2,0,59,"(337.5, 412.5, 9.377700043801939)",1.3667176748512805e-06,0.0,-17.50391344263004,3.4479656695494924e-06,139.00740000099177
2,0,60,"(337.5, 412.5, 9.377700043801939)",0.0006008679993436881,740.0572509765625,-6.526863285602322,0.001074423535420188,85.81469999990077
2,0,61,"(337.5, 387.5, 8.122025837780313)",1.2889274558722815e-06,0.0,-10.566786087380457,3.5145534452124102e-06,139.80679999804124
2,0,62,"(337.5, 412.5, 9.377700043801939)",5.297673245271047e-07,0.0,-17.09364937298313,9.538231422113444e-13,127.61550000141142
2,0,63,"(337.5, 412.5, 9.377700043801939)",0.00036644723595940864,740.0572509765625,-6.526863285602252,0.0009083228587543906,89.00100000028033
2,0,64,"(312.5, 412.5, 11.543004562335339)",-1.5589729497062516e-07,0.0,-8.443393767062553,0.000581512197132592,145.73630000086268
2,0,65,"(337.5, 412.5, 9.377700043801939)",1.3447424991683992e-07,0.0,-8.032404704015386,7.624098408243116e-06,128.62569999924744
2,0,66,"(337.5, 412.5, 9.377700043801939)",0.14248993971730903,740.205322265625,-6.528997638010176,0.20421536568676088,86.11539999765228
2,0,67,"(337.5, 387.5, 8.122025837780313)",1.288927455872282e-06,0.0,-10.566786087380514,3.8333439081097965e-06,138.1768999999622
2,0,68,"(337.5, 412.5, 9.377700043801939)",5.297673245271047e-07,0.0,-17.09364937298313,9.538813723896094e-13,119.57229999825358
2,0,69,"(337.5, 412.5, 9.377700043801939)",0.001169723734108135,740.0572509765625,-6.526863285602252,0.0009083198002566438,86.67300000161049
2,1,0,"(262.5, 487.5, 22.1418731987782)",1.1475360221462767,550.9194946289062,-12.986370374087084,3.00077267833976,88.1206000012753
2,1,1,"(287.5, 487.5, 17.635701174636083)",1.7330996708054816,0.0,-25.97274074817417,3.0000024559883407,140.39989999946556
2,1,2,"(287.5, 462.5, 17.977012825427398)",0.31464024384820466,0.0,-38.95911112226127,3.0000000000000004,128.02020000162884
2,1,3,"(287.5, 462.5, 17.977012825427398)",1.3806262895489343,738.9883422851562,-12.986370374087084,3.0007731985021113,83.70279999871855
2,1,4,"(287.5, 437.5, 16.365669713099226)",1.0827510709629183e-06,0.0,-19.97523373608773,5.841447139387508e-06,115.08360000152607
2,1,5,"(312.5, 437.5, 13.134116007120344)",-6.585226704676947e-08,0.0,-20.484290703344175,1.585297114456859e-08,134.43369999731658
2,1,6,"(312.5, 437.5, 13.134116007120344)",0.00230846936049732,780.0640258789062,-0.5090570322140606,0.0009078460504008538,84.08880000206409
2,1,7,"(312.5, 462.5, 14.033224262378283)",3.1848669101561533e-06,0.0,-3.445946058371767,2.8466608153660047e-06,139.60799999767914
2,1,8,"(312.5, 437.5, 13.134116007120344)",-6.585226704676947e-08,0.0,-3.955002768023577,4.840068480724839e-10,128.36550000065472
2,1,9,"(312.5, 437.5, 13.134116007120344)",0.0022901974624353113,780.0640258789062,-0.5090570322140606,0.0009078349882325567,86.70260000144481
2,1,10,"(337.5, 437.5, 10.400297021568935)",1.0732050360132802e-06,0.0,-3.8261870931331776,2.822778212355208e-06,139.70980000158306
2,1,11,"(337.5, 412.5, 9.377700043801939)",8.327576031766162e-07,0.0,-6.884128541551683,4.502788733222198e-06,137.04130000041914
2,1,12,"(337.5, 412.5, 9.377700043801939)",1.3429965185633286,615.9402465820312,-3.4033467079463224,0.48711925617393464,88.51289999802248
2,1,13,"(362.5, 412.5, 7.512358105982148)",0.0008920987884022054,0.0,-10.966971062781024,0.0003433186386286065,139.47280000138562
2,1,14,"(337.5, 412.5, 9.377700043801939)",1.2616677377721295e-06,0.0,-17.503917448624065,3.3896078246201125e-06,135.00339999882272
2,1,15,"(337.5, 412.5, 9.377700043801939)",0.0006048378031688572,740.0572509765625,-6.526863285602319,0.00107139841196252,88.34740000020247
2,1,16,"(362.5, 412.5, 7.512358105982148)",1.7722143497762115e-06,0.0,-10.977141951540027,9.093955733468616e-06,139.24910000059754
2,1,17,"(337.5, 412.5, 9.377700043801939)",5.297673245271047e-07,0.0,-17.504005134814285,2.3037231992748032e-10,123.15129999842611
2,1,18,"(337.5, 412.5, 9.377700043801939)",0.001170809599862803,740.0572509765625,-6.526863285602253,0.0009083197887339721,88.61630000319565
2,1,19,"(337.5, 437.5, 10.400297021568935)",0.016776700116076765,0.0,-9.844073067868766,0.01736321016788684,146.45320000272477
2,1,20,"(337.5, 462.5, 10.942007264844266)",8.327576021353404e-07,0.0,-6.859686212935637,3.103710079590871e-06,124.36890000026324
2,1,21,"(337.5, 462.5, 10.942007264844266)",0.0011660536694697789,774.6624145507812,-0.48461455830038525,0.0009065101692196675,86.15990000180318
2,1,22,"(337.5, 437.5, 10.400297021568935)",1.0732079515913705e-06,0.0,-3.8017446192195026,2.8227782672414962e-06,138.74159999977564
2,1,23,"(337.5, 412.5, 9.377700043801939)",8.327620132794662e-07,0.0,-6.859686067030993,4.5028047865307836e-06,136.83640000090236
2,1,24,"(337.5, 412.5, 9.377700043801939)",1.3294192322198315,646.5646362304688,-3.403376940475413,0.4875000374038604,88.2631999993464
2,1,25,"(337.5, 387.5, 8.122025837780313)",1.8619693985299335,0.0,-4.630900880098405,0.649061541915151,133.33870000133174
2,1,26,"(337.5, 362.5, 6.836404624384365)",0.17751642146483482,0.0,-6.948311558612645,0.3863706055300091,130.23940000130096
2,1,27,"(337.5, 362.5, 6.836404624384365)",0.01820660065186074,740.8005981445312,-2.280919223975237,0.1332119788315388,87.5887000001967
2,1,28,"(312.5, 362.5, 7.999359988870806)",2.930261692769583e-07,0.0,-4.738619666293207,0.00012489873185368507,123.08599999960279
2,1,29,"(312.5, 337.5, 6.4720487778634865)",2.3543058584133786e-07,0.0,-5.879779221199674,2.4516438028708817e-07,123.29639999734354
2,1,30,"(312.5, 337.5, 6.4720487778634865)",0.0028041876168749657,743.1393432617188,-1.1411597228547865,0.014436263350213013,86.84160000120755
2,1,31,"(312.5, 337.5, 6.4720487778634865)",0.0026361743854069956,0.0,-2.2823319165429505,0.012317403568157761,134.37510000221664
2,1,32,"(287.5, 337.5, 7.198514700667702)",-2.397622059409817e-07,0.0,-3.1098722481829344,2.103070061151233e-06,124.81359999947017
2,1,33,"(287.5, 337.5, 7.198514700667702)",0.0014031013641536917,747.119873046875,-0.8275525931301311,0.0030477604341024,87.39330000025802
2,1,34,"(287.5, 362.5, 9.065091200270214)",0.005292789151487502,0.0,-3.01746477895422,0.003674555445969826,136.3383000025351
2,1,35,"(287.5, 387.5, 11.306348749090457)",-2.2315362002700565e-07,0.0,-3.7599439987111736,0.41315533962658113,146.6763999997056
2,1,36,"(287.5, 387.5, 11.306348749090457)",0.001545545835017966,786.824462890625,-0.6210235733642561,0.001063268741835343,89.17859999928623
2,1,37,"(312.5, 387.5, 9.73254467824523)",2.115182051253595,0.0,-3.571914930398153,0.3481152774722576,138.2272999981069
2,1,38,"(337.5, 387.5, 8.122025837780313)",-7.52433681952495e-09,0.0,-5.117760987624759,0.0013275817974950338,150.54549999695155
2,1,39,"(337.5, 387.5, 8.122025837780313)",0.003213405827254093,740.7197265625,-4.039922801782061,0.0018879739878889805,86.58100000320701
2,1,40,"(362.5, 387.5, 6.644563227708976)",1.9309112770301537e-06,0.0,-7.065316769101495,0.0009802946427047317,138.353599999391
2,1,41,"(362.5, 362.5, 5.709929773131825)",3.9984782536824537e-07,0.0,-8.979815416692125,0.0012451904720080836,127.36669999867445
2,1,42,"(362.5, 362.5, 5.709929773131825)",0.022401390166490575,739.0543212890625,-1.9144985162370893,0.30476428846020315,87.19589999964228
2,1,43,"(362.5, 337.5, 4.801447242030367)",0.16596185817848663,0.0,-2.6689257387141425,1.2370102136616943,126.71489999775076
2,1,44,"(362.5, 312.5, 3.972924796908688)",0.038192669550398996,0.0,-3.0959156125012157,0.41680112701405864,123.23990000004414
2,1,45,"(362.5, 312.5, 3.972924796908688)",0.2624485583743627,742.457275390625,-0.4883444461301875,0.7684836168915091,84.60750000085682
2,1,46,"(362.5, 287.5, 3.2481324511568093)",0.2532117033869832,0.0,-1.2380179773549411,0.7795905978556235,147.68809999804944
2,1,47,"(362.5, 262.5, 2.6317000424023482)",0.0005163363336270198,0.0,-1.7555485881046407,0.17403823114929207,148.5283999973035
2,1,48,"(362.5, 262.5, 2.6317000424023482)",0.018560128260884434,737.9389038085938,-0.45549582619376194,0.9877187578311376,88.01610000227811
2,1,49,"(362.5, 287.5, 3.2481324511568093)",0.06752796956934826,0.0,-1.0314693265137773,0.9543334150978358,138.78110000223387
2,1,50,"(362.5, 312.5, 3.972924796908688)",0.0021535555521657976,0.0,-1.765117619547975,0.2301895254167767,122.74120000074618
2,1,51,"(362.5, 312.5, 3.972924796908688)",0.10583063046453364,738.7152099609375,-0.7569255023559098,0.5234821716402985,87.06739999979618
2,1,52,"(362.5, 287.5, 3.2481324511568093)",0.14052936463493215,0.0,-1.2980208347743947,0.43476757690105494,147.07730000009178
2,1,53,"(362.5, 262.5, 2.6317000424023482)",0.00048613664694067385,0.0,-1.7568880821583401,0.19699317026076238,142.64689999981783
2,1,54,"(362.5, 262.5, 2.6317000424023482)",0.019188947951571847,737.9328002929688,-0.45590476953914455,1.0170709217874119,83.06760000050417
2,1,55,"(362.5, 287.5, 3.2481324511568093)",0.07045289584299022,0.0,-1.0321124219289022,0.9623704961289912,139.95019999856595
2,1,56,"(362.5, 312.5, 3.972924796908688)",0.002153555552162493,0.0,-1.7651672590066827,0.23110219490385733,121.61059999925783
2,1,57,"(362.5, 312.5, 3.972924796908688)",0.10298180248006525,738.7174682617188,-0.7569280228703041,0.5234331220535475,89.5526999993308
2,1,58,"(362.5, 287.5, 3.2481324511568093)",0.14404980195091022,0.0,-1.2980263714625953,0.4347337500121757,143.02300000053947
2,1,59,"(362.5, 262.5, 2.6317000424023482)",0.00039370971110975816,0.0,-1.7568884702983163,0.19699959728908292,139.98060000085388
2,1,60,"(362.5, 262.5, 2.6317000424023482)",0.01865441222293998,737.912109375,-0.455904896737637,1.017078512253298,84.32860000175424
2,1,61,"(362.5, 287.5, 3.2481324511568093)",0.06675677417946418,0.0,-1.0321125857417024,0.9623725103025553,138.45469999796478
2,1,62,"(362.5, 312.5, 3.972924796908688)",0.0028541088104213084,0.0,-1.7651673063624451,0.2311023924364919,121.06969999877037
2,1,63,"(362.5, 312.5, 3.972924796908688)",0.1058590505278167,738.7296752929688,-0.7569280242976207,0.5234331057344329,86.96939999936149
2,1,64,"(362.5, 287.5, 3.2481324511568093)",0.1376074514929314,0.0,-1.2980263775640526,0.4347337957306925,144.47830000062822
2,1,65,"(387.5, 287.5, 2.795360823982221)",0.0010604216561969542,0.0,-1.866208141175852,0.13257923499975202,135.83289999951376
2,1,66,"(387.5, 287.5, 2.795360823982221)",0.04027026082722121,737.5125732421875,-0.5647039639518212,0.7407567368850194,89.19999999852735
2,1,67,"(387.5, 312.5, 3.371997408476144)",0.12767156897701637,0.0,-1.3085659293136298,0.5471445335583209,140.8225000013772
2,1,68,"(387.5, 287.5, 2.795360823982221)",0.0010603421833396659,0.0,-1.8652521317467963,0.20431252746985656,124.56750000274042
2,1,69,"(387.5, 287.5, 2.795360823982221)",0.043486961067438254,737.5073852539062,-0.5661677478123535,0.7925677836176844,88.21450000323239
2,2,0,"(262.5, 487.5, 22.1418731987782)",1.1453575970789607,550.9254150390625,-12.986370374087086,3.000772658418549,86.97920000122394
2,2,1,"(287.5, 487.5, 17.635701174636083)",1.7473027984388962,0.0,-25.97274074817417,3.0000024559883407,138.02710000163643
2,2,2,"(287.5, 462.5, 17.977012825427398)",0.3212857643763378,0.0,-38.959111122261255,3.0,124.90600000091945
2,2,3,"(287.5, 462.5, 17.977012825427398)",1.3819142914006197,738.8863525390625,-12.986370374087086,3.000773161744985,87.11810000022524
2,2,4,"(287.5, 437.5, 16.365669713099226)",1.0827510675321113e-06,0.0,-19.97523373619275,5.8414104247647354e-06,113.01319999984116
2,2,5,"(312.5, 437.5, 13.134116007120344)",-6.585226704676947e-08,0.0,-20.484290703344175,1.585297115042753e-08,133.8687999996182
2,2,6,"(312.5, 437.5, 13.134116007120344)",0.0008842709289908505,780.0640258789062,-0.5090570322140606,0.0009078153014171592,85.17520000168588
2,2,7,"(312.5, 462.5, 14.033224262378283)",3.1848668267398294e-06,0.0,-3.445946058371768,2.8466608150961857e-06,138.151300001482
2,2,8,"(312.5, 437.5, 13.134116007120344)",-6.585226704676947e-08,0.0,-3.955002768023577,4.840068480724844e-10,138.28920000014477
2,2,9,"(312.5, 437.5, 13.134116007120344)",0.0005849305102014593,780.0640258789062,-0.5090570322140606,0.0009078288844560148,93.4147000007215
2,2,10,"(312.5, 462.5, 14.033224262378283)",3.1848667959820853e-06,0.0,-3.445946058371768,2.8466608147688337e-06,139.36569999714266
2,2,11,"(312.5, 437.5, 13.134116007120344)",-6.585226704676947e-08,0.0,-3.955002768023577,4.840068480724839e-10,134.5380999991903
2,2,12,"(312.5, 437.5, 13.134116007120344)",0.0015667311933807151,780.0640258789062,-0.5090570322140606,0.0009078203663298613,89.9840000020049
2,2,13,"(337.5, 437.5, 10.400297021568935)",1.0732054186692713e-06,0.0,-3.826187093133177,2.822778215822477e-06,140.95199999792385
2,2,14,"(337.5, 412.5, 9.377700043801939)",8.327576027995401e-07,0.0,-6.88412854155168,4.502788733183306e-06,142.53610000014305
2,2,15,"(337.5, 412.5, 9.377700043801939)",1.3416335336171998,645.2456665039062,-3.4033820345467736,0.48745938526007676,87.54790000239154
2,2,16,"(337.5, 387.5, 8.122025837780313)",1.8966503779219461,0.0,-4.630798196674954,0.6536353712129513,130.0061999972968
2,2,17,"(337.5, 362.5, 6.836404624384365)",0.1568965539986819,0.0,-6.950573436116065,0.3860766640126215,130.50339999972493
2,2,18,"(337.5, 362.5, 6.836404624384365)",0.017384380953191426,740.8006591796875,-2.2809149712268764,0.1313801292989708,88.46629999970901
2,2,19,"(312.5, 362.5, 7.999359988870806)",2.9302616927695886e-07,0.0,-4.738619660652296,0.00012443509939319753,121.69510000239825
2,2,20,"(312.5, 337.5, 6.4720487778634865)",2.3543058584133786e-07,0.0,-5.879779221152558,2.4489966557984554e-07,121.6037000012875
2,2,21,"(312.5, 337.5, 6.4720487778634865)",0.0026679123181791303,743.1393432617188,-1.141159722820374,0.014432964714261408,87.6853999980085
2,2,22,"(287.5, 337.5, 7.198514700667702)",-7.225359655451505e-07,0.0,-1.9687123015975054,0.0002253817260616036,123.11559999943711
2,2,23,"(262.5, 337.5, 7.706480720276972)",-1.607186277396977e-07,0.0,-2.4247352119176306,6.706312618156113e-08,125.07869999899413
2,2,24,"(262.5, 337.5, 7.706480720276972)",0.009410731858276055,753.4866943359375,-0.4560229992487783,0.02533376253283848,86.52730000176234
2,2,25,"(287.5, 337.5, 7.198514700667702)",-7.225359597931858e-07,0.0,-1.2835759152306367,0.000330225243299406,138.55899999907706
2,2,26,"(262.5, 337.5, 7.706480720276972)",-1.6071862773969772e-07,0.0,-1.7395993677650983,2.7316937788163836e-05,128.72780000179773
2,2,27,"(262.5, 337.5, 7.706480720276972)",0.030244518631241623,753.4092407226562,-0.45602871649203486,0.0905421920884489,89.28350000132923
2,2,28,"(287.5, 337.5, 7.198514700667702)",-7.225359594486606e-07,0.0,-1.2835768581972162,0.000493893872537791,138.7643999987631
2,2,29,"(262.5, 337.5, 7.706480720276972)",-1.6071862773141175e-07,0.0,-1.7395994793450096,3.0058648401139972e-05,123.17320000147447
2,2,30,"(262.5, 337.5, 7.706480720276972)",0.036165704324061555,753.3258056640625,-0.4560291828915477,0.09241509965158295,86.36850000038976
2,2,31,"(262.5, 337.5, 7.706480720276972)",0.18394977967931472,0.0,-0.9172387392634211,0.2835602785436997,142.1066000002611
2,2,32,"(287.5, 337.5, 7.198514700667702)",-2.3976220594098164e-07,0.0,-1.7396979531094259,0.0019149381992938207,129.1473000019323
2,2,33,"(287.5, 337.5, 7.198514700667702)",0.001980501010597823,747.119873046875,-0.8275525932875035,0.003760650639534027,88.113699999667
2,2,34,"(287.5, 337.5, 7.198514700667702)",-7.225359655451504e-07,0.0,-1.6551051860773096,1.815088350353877e-05,133.90720000097645
2,2,35,"(262.5, 337.5, 7.706480720276972)",-1.607186277396977e-07,0.0,-2.111128134766389,2.780296980052398e-07,124.68339999759337
2,2,36,"(262.5, 337.5, 7.706480720276972)",0.011993547190203227,753.4877319335938,-0.4560230949745394,0.03435326213096731,87.52950000052806
2,2,37,"(237.5, 337.5, 7.894671343450355)",0.4359335751442432,0.0,-1.1367063899640855,0.6666083862481985,140.1573000002827
2,2,38,"(212.5, 337.5, 7.7206787211523045)",-2.3976218538162377e-07,0.0,-2.347260685697617,0.45856618881491995,162.04670000297483
2,2,39,"(212.5, 337.5, 7.7206787211523045)",0.02131456401406099,747.119873046875,-1.1563764697629961,0.04280537866928711,85.64699999988079
2,2,40,"(212.5, 312.5, 6.0337808765239185)",-1.8002107264612404e-08,0.0,-1.6746504029058338,0.0006053056520818652,136.52580000052694
2,2,41,"(212.5, 287.5, 4.711065216163657)",-7.874526393910249e-08,0.0,-2.088298784805136,0.0008270482360649123,147.55500000319444
2,2,42,"(212.5, 287.5, 4.711065216163657)",0.072961834765093,743.33203125,-0.41364845837496333,0.2989016197445058,87.04959999886341
2,2,43,"(212.5, 262.5, 3.676099404721225)",0.12426434891454369,0.0,-0.8706042173589582,0.5611571798268208,139.9411999991571
2,2,44,"(187.5, 262.5, 3.519235619237839)",0.004846015324196221,0.0,-1.3070674001340563,0.6773374724115674,146.3884999975562
2,2,45,"(187.5, 262.5, 3.519235619237839)",0.08575635612506427,739.2802124023438,-0.43013322986831815,1.3326391520870402,86.78899999722489
2,2,46,"(187.5, 287.5, 4.484402965683246)",0.13648961838254445,0.0,-0.9348351634323863,0.6604640988943091,139.13659999889205
2,2,47,"(187.5, 312.5, 5.701335627950545)",-8.203399678071341e-08,0.0,-1.7469540215991401,0.12461555908245806,123.71069999790052
2,2,48,"(187.5, 312.5, 5.701335627950545)",0.15091276565893635,739.7017822265625,-0.8309374505436196,0.9632433818610928,84.70939999824623
2,2,49,"(212.5, 312.5, 6.0337808765239185)",0.11079068101904098,0.0,-1.355372336811798,0.3932210864232296,123.4413999991375
2,2,50,"(237.5, 312.5, 6.148385304590252)",-1.0079869146769245e-07,0.0,-1.8028142062151218,0.016426636959838457,123.20660000114003
2,2,51,"(237.5, 312.5, 6.148385304590252)",0.033900182195773225,750.5707397460938,-0.4532476485897952,0.08604495999322205,85.36389999790117
2,2,52,"(262.5, 312.5, 6.024387455566984)",0.622809996881809,0.0,-1.4745398625227677,1.0062233361701276,139.7973000021011
2,2,53,"(287.5, 312.5, 5.684209381380459)",7.855608999387258e-08,0.0,-2.1192641072386813,0.06602048425923489,157.43649999785703
2,2,54,"(287.5, 312.5, 5.684209381380459)",0.046584374383909895,745.4105834960938,-0.44507824041437094,0.16761287001158595,87.20650000032037
2,2,55,"(262.5, 312.5, 6.024387455566984)",0.01917160578733084,0.0,-0.9218479663252542,0.034920799287991716,136.26509999812697
2,2,56,"(262.5, 337.5, 7.706480720276972)",-1.6071862773969767e-07,0.0,-1.3776312537250948,0.00010587628664989917,122.35639999926207
2,2,57,"(262.5, 337.5, 7.706480720276972)",0.048435598186707646,753.3211059570312,-0.4560400306882965,0.1209400606974978,89.2746999998053
2,2,58,"(287.5, 337.5, 7.198514700667702)",-7.22535963996542e-07,0.0,-1.283577260823655,0.0005444916683838745,137.22860000052606
2,2,59,"(262.5, 337.5, 7.706480720276972)",-1.607186277232957e-07,0.0,-1.7395995001228408,3.077284871770749e-05,123.7741000004462
2,2,60,"(262.5, 337.5, 7.706480720276972)",0.0371453767368476,753.437255859375,-0.45602929853405805,0.0928512406092321,89.2124000019976
2,2,61,"(287.5, 337.5, 7.198514700667702)",-7.225359655451496e-07,0.0,-1.2835768819647528,0.0004980650215993445,139.46759999817004
2,2,62,"(262.5, 337.5, 7.706480720276972)",-1.607186277313454e-07,0.0,-1.7395994837905642,3.01126262583074e-05,126.97539999862784
2,2,63,"(262.5, 337.5, 7.706480720276972)",0.03509963981553871,753.4871215820312,-0.45602917198839205,0.09245291970779622,87.09499999895343
2,2,64,"(262.5, 312.5, 6.024387455566984)",0.05047179421960179,0.0,-0.9335864054168236,0.09076806327001118,139.9433999977191
2,2,65,"(287.5, 312.5, 5.684209381380459)",7.85560890411337e-08,0.0,-1.3776307998704083,8.907593966973505e-05,124.24349999855622
2,2,66,"(287.5, 312.5, 5.684209381380459)",0.011839279110309204,745.5542602539062,-0.4450008576431837,0.04378603452201805,86.47100000234786
2,2,67,"(287.5, 337.5, 7.198514700667702)",-7.22535962158067e-07,0.0,-1.272553743154603,0.0005636316981462579,138.53590000144322
2,2,68,"(262.5, 337.5, 7.706480720276972)",-1.607186277396977e-07,0.0,-1.7285758349065834,8.34085001612959e-08,123.15279999893392
2,2,69,"(262.5, 337.5, 7.706480720276972)",0.0103795438657588,753.4866943359375,-0.45602297478481457,0.026458693908450685,84.01629999934812
2,3,0,"(262.5, 487.5, 22.1418731987782)",1.1465586611258836,550.8975219726562,-12.986370374087084,3.0007726761762723,86.54310000201804
2,3,1,"(287.5, 487.5, 17.635701174636083)",1.7269453904990075,0.0,-25.97274074817417,3.0000024559883407,139.31899999806774
2,3,2,"(287.5, 462.5, 17.977012825427398)",0.3165876468022786,0.0,-38.95911112226125,2.9999999999999996,125.82610000026762
2,3,3,"(287.5, 462.5, 17.977012825427398)",1.3846283254393412,739.1524047851562,-12.986370374087086,3.0007731872173244,88.54090000022552
2,3,4,"(287.5, 437.5, 16.365669713099226)",1.0827510791121342e-06,0.0,-19.97523373615695,5.841422965972649e-06,114.98919999939972
2,3,5,"(312.5, 437.5, 13.134116007120344)",-6.585226704676948e-08,0.0,-20.484290703344175,1.5852971130271467e-08,134.28360000034445
2,3,6,"(312.5, 437.5, 13.134116007120344)",0.0011685954662924252,780.0640258789062,-0.5090570322140606,0.0009078272093748025,89.73459999833722
2,3,7,"(312.5, 412.5, 11.543004562335339)",-1.558977192288687e-07,0.0,-2.4255786501001264,2.814826774456761e-06,139.15020000058576
2,3,8,"(337.5, 412.5, 9.377700043801939)",1.3447424958678273e-07,0.0,-5.483520098827426,4.5046509929616945e-06,133.23189999937313
2,3,9,"(337.5, 412.5, 9.377700043801939)",0.1364263628318699,740.1741333007812,-6.528997638010176,0.20421533057169772,87.57929999774205
2,3,10,"(337.5, 387.5, 8.122025837780313)",1.2889274558722805e-06,0.0,-10.56678608738051,3.833343908109769e-06,140.63700000042445
2,3,11,"(337.5, 412.5, 9.377700043801939)",5.297673245271047e-07,0.0,-17.09364937298313,9.538813722694622e-13,122.09989999973914
2,3,12,"(337.5, 412.5, 9.377700043801939)",0.0008780672291654932,740.0572509765625,-6.5268632856022535,0.0009083264711931876,85.2444000011019
2,3,13,"(337.5, 412.5, 9.377700043801939)",2.2746393803098416e-06,0.0,-13.053726571204507,2.8148267801737454e-06,130.24500000028638
2,3,14,"(337.5, 412.5, 9.377700043801939)",5.297673245271047e-07,0.0,-19.580589856743902,9.287232599601746e-12,123.86490000062622
2,3,15,"(337.5, 412.5, 9.377700043801939)",0.0014702754148254334,740.0572509765625,-6.526863285602252,0.000908324143741473,87.33859999847482
2,3,16,"(337.5, 387.5, 8.122025837780313)",1.2889274558722796e-06,0.0,-10.566786087380436,3.2411633026100556e-06,137.16479999857256
2,3,17,"(337.5, 412.5, 9.377700043801939)",5.297673245271047e-07,0.0,-17.09364937298313,9.537833429774661e-13,120.46410000039032
2,3,18,"(337.5, 412.5, 9.377700043801939)",0.000732683017861541,740.0572509765625,-6.526863285602253,0.0009083283048285417,86.00020000085351
2,3,19,"(337.5, 437.5, 10.400297021568935)",0.02064477462460418,0.0,-9.844073067868766,0.017363209932370435,150.6254000014451
2,3,20,"(362.5, 437.5, 8.184609533832969)",1.1154590703539896e-06,0.0,-15.774675640808942,0.00758260202687571,141.30569999906584
2,3,21,"(362.5, 437.5, 8.184609533832969)",0.0005895678855585136,737.1627197265625,-5.9229638051454705,0.0020084506546178453,89.77329999834183
2,3,22,"(362.5, 437.5, 8.184609533832969)",1.5248546591024285e-06,0.0,-11.845927610296231,1.0543905335161384e-05,131.1864000017522
2,3,23,"(362.5, 462.5, 8.527721324025148)",2.7939688829616217e-07,0.0,-18.850311201635265,0.009989569314438855,131.27109999913955
2,3,24,"(362.5, 462.5, 8.527721324025148)",0.04686976053450348,783.1473388671875,-3.0311615173598336,0.0633243605480277,93.52429999853484
2,3,25,"(362.5, 437.5, 8.184609533832969)",0.009539654999841963,0.0,-5.628145802903366,0.002053326848099045,139.92719999805558
2,3,26,"(337.5, 437.5, 10.400297021568935)",1.7213945587476095e-07,0.0,-12.072263283237866,0.004196507052655843,155.97390000039013
2,3,27,"(337.5, 437.5, 10.400297021568935)",0.0011581556152687495,796.9451904296875,-3.317130060919116,0.0009078584182285185,86.39029999903869
2,3,28,"(337.5, 412.5, 9.377700043801939)",0.0029043578416590747,0.0,-6.375066005640663,0.00046068471080450027,112.44950000036624
2,3,29,"(337.5, 387.5, 8.122025837780313)",3.7556365627233906e-06,0.0,-8.774848893420497,4.01878503102923e-05,152.4293000002217
2,3,30,"(337.5, 387.5, 8.122025837780313)",0.004185233541462738,740.7197265625,-4.039922816848781,0.011095381171489995,85.83680000083405
2,3,31,"(337.5, 387.5, 8.122025837780313)",1.288927455872282e-06,0.0,-8.079845603736716,2.0641434289370217e-05,131.21980000141775
2,3,32,"(337.5, 412.5, 9.377700043801939)",5.297673245271047e-07,0.0,-14.606708889159083,1.0984893850226203e-12,131.61480000053416
2,3,33,"(337.5, 412.5, 9.377700043801939)",0.0005882777688668723,740.0572509765625,-6.526863285602252,0.0009083220244698151,87.76600000055623
2,3,34,"(337.5, 387.5, 8.122025837780313)",1.288927455872282e-06,0.0,-10.566786087380434,3.241163302610048e-06,138.90229999742587
2,3,35,"(337.5, 412.5, 9.377700043801939)",5.297673245271047e-07,0.0,-17.09364937298313,9.537833429921367e-13,123.44410000150674
2,3,36,"(337.5, 412.5, 9.377700043801939)",0.0012762162652249574,740.0572509765625,-6.5268632856022535,0.0009083249222251238,84.71409999765456
2,3,37,"(362.5, 412.5, 7.512358105982148)",1.7722142845172406e-06,0.0,-10.977141951538997,7.534418852275642e-06,141.0981000008178
2,3,38,"(337.5, 412.5, 9.377700043801939)",5.297673245271047e-07,0.0,-17.504005134814285,2.303722001943503e-10,126.43580000076327
2,3,39,"(337.5, 412.5, 9.377700043801939)",0.0006943949516611059,740.0572509765625,-6.526863285602253,0.0009083271905142591,88.90330000212998
2,3,40,"(337.5, 412.5, 9.377700043801939)",0.0005880045196251603,0.0,-13.053726571204503,2.8148267801804755e-06,131.32439999753842
2,3,41,"(312.5, 412.5, 11.543004562335339)",0.00869254043681124,0.0,-15.049649741663249,0.043050895271520215,135.79770000069402
2,3,42,"(312.5, 412.5, 11.543004562335339)",0.0008727324351251762,798.0051879882812,-1.916521617886074,0.0009526308092432867,90.18579999974463
2,3,43,"(337.5, 412.5, 9.377700043801939)",4.2413055578144976e-07,0.0,-4.9744575663462465,0.0004778563301596139,123.88569999893662
2,3,44,"(362.5, 412.5, 7.512358105982148)",1.6443976259658923e-06,0.0,-7.661746952372918,0.00047252966271449256,156.13609999854816
2,3,45,"(362.5, 412.5, 7.512358105982148)",0.005050420018845927,738.4631958007812,-4.4502786661988765,0.004870000788288821,86.24520000012126
2,3,46,"(387.5, 412.5, 5.968521653217249)",0.00019026301184937083,0.0,-7.461083452574675,0.007925792368069173,139.85300000058487
2,3,47,"(362.5, 412.5, 7.512358105982148)",2.9429793357849126e-07,0.0,-11.911362238252376,8.18945185074356e-06,126.02319999859901
2,3,48,"(362.5, 412.5, 7.512358105982148)",0.0014076050268882327,738.4631958007812,-4.450278715178048,0.011301709569510208,85.3160000006028
2,3,49,"(337.5, 412.5, 9.377700043801939)",2.274639357703604e-06,0.0,-10.977141951627498,3.532801116498022e-06,120.04650000017136
2,3,50,"(337.5, 412.5, 9.377700043801939)",5.297673245271046e-07,0.0,-17.504005237140586,1.2157729964956228e-12,129.31329999992158
2,3,51,"(337.5, 412.5, 9.377700043801939)",0.0018069228228208458,740.0572509765625,-6.5268632856022535,0.0009083284807072642,89.81049999783863
2,3,52,"(337.5, 437.5, 10.400297021568935)",0.018475507237958322,0.0,-9.844073067868766,0.017363210062506337,146.5174000004481
2,3,53,"(312.5, 437.5, 13.134116007120344)",-6.585226704676946e-08,0.0,-6.884128774353718,3.1351877202224016e-06,125.21320000087144
2,3,54,"(312.5, 437.5, 13.134116007120344)",0.0011687904311468993,780.0640258789062,-0.5090570322140606,0.000907838259742015,86.008899997978
2,3,55,"(337.5, 437.5, 10.400297021568935)",1.073205501759557e-06,0.0,-3.8261870931331776,2.8227782169212488e-06,139.0663999991375
2,3,56,"(337.5, 412.5, 9.377700043801939)",8.327576033479284e-07,0.0,-6.884128541551682,4.5027887332381586e-06,140.79259999925853
2,3,57,"(337.5, 412.5, 9.377700043801939)",1.3397274890006463,614.0048217773438,-3.403380711652214,0.48743733220694513,85.98989999882178
2,3,58,"(337.5, 387.5, 8.122025837780313)",1.8632711473032106,0.0,-4.631380295228839,0.6497133957633939,132.53629999962868
2,3,59,"(337.5, 362.5, 6.836404624384365)",0.17064250263539285,0.0,-6.950652424655001,0.3977817172165824,131.6882999999507
2,3,60,"(337.5, 362.5, 6.836404624384365)",0.016219515941076124,740.7938842773438,-2.2809165048730575,0.13203910575280214,89.28589999777614
2,3,61,"(312.5, 362.5, 7.999359988870806)",2.9302616927695934e-07,0.0,-4.7386196626770785,0.00012460199309503772,122.07130000024335
2,3,62,"(312.5, 337.5, 6.4720487778634865)",2.3543058584133786e-07,0.0,-5.879779221169504,2.4499484096264337e-07,123.58609999864711
2,3,63,"(312.5, 337.5, 6.4720487778634865)",0.0031486132387391996,743.1393432617188,-1.1411597228327377,0.01443419782399266,86.93410000341828
2,3,64,"(287.5, 337.5, 7.198514700667702)",-7.225359655451494e-07,0.0,-1.9687123016091024,0.00022538650124776026,121.68289999681292
2,3,65,"(262.5, 337.5, 7.706480720276972)",-1.607186277396977e-07,0.0,-2.424735211917631,6.706312796620858e-08,123.61379999856581
2,3,66,"(262.5, 337.5, 7.706480720276972)",0.010795874546463942,753.4867553710938,-0.4560229992487783,0.02533375202297229,87.56349999748636
2,3,67,"(262.5, 362.5, 9.841761282285685)",0.6098012558574255,0.0,-1.0494737109633208,0.9293986198766115,122.68279999989318
2,3,68,"(287.5, 362.5, 9.065091200270214)",0.14506196975706703,0.0,-3.488917317741946,0.699900547216082,150.83360000062385
2,3,69,"(287.5, 362.5, 9.065091200270214)",0.9533373522201459,772.9588623046875,-2.2936019613591774,1.4616262471053347,110.1782000005187
2,4,0,"(262.5, 487.5, 22.1418731987782)",1.1466692847991682,550.9561157226562,-12.986370374087082,3.0007727161352107,87.27540000109002
2,4,1,"(287.5, 487.5, 17.635701174636083)",1.737941460422922,0.0,-25.972740748174168,3.0000024559883407,162.06380000221543
2,4,2,"(287.5, 462.5, 17.977012825427398)",0.31406835714980624,0.0,-38.959111122261255,3.0,128.8715000009688
2,4,3,"(287.5, 462.5, 17.977012825427398)",1.3793528851854149,739.021728515625,-12.986370374087084,3.0007731803126103,86.79220000340138
2,4,4,"(287.5, 437.5, 16.365669713099226)",1.0827510806798469e-06,0.0,-19.97523373613754,5.841429757438259e-06,112.90880000160541
2,4,5,"(312.5, 437.5, 13.134116007120344)",-6.585226704676947e-08,0.0,-20.484290703344175,1.585297112753258e-08,138.17180000114604
2,4,6,"(312.5, 437.5, 13.134116007120344)",0.0002929534917393981,780.0640258789062,-0.5090570322140606,0.0009078297454631417,89.68250000179978
2,4,7,"(312.5, 437.5, 13.134116007120344)",2.6421714090545654e-07,0.0,-1.0181140644281212,2.8227844339830953e-06,121.42989999847487
2,4,8,"(337.5, 437.5, 10.400297021568935)",1.721394558747609e-07,0.0,-4.33524412534723,4.5463334183871223e-14,127.42849999995087
2,4,9,"(337.5, 437.5, 10.400297021568935)",0.0008819001080286671,796.9451904296875,-3.317130060919116,0.0009078297229119987,88.6848000009195
2,4,10,"(362.5, 437.5, 8.184609533832969)",0.5098970650090232,0.0,-9.273111069443727,0.3145782083803963,128.78170000112732
2,4,11,"(362.5, 462.5, 8.527721324025148)",4.383424917856853e-07,0.0,-15.079027551022502,0.4893754283530294,152.98660000189557
2,4,12,"(362.5, 462.5, 8.527721324025148)",0.0008779057766652973,783.13330078125,-3.0311430721674197,0.002248105101408511,84.0725999987626
2,4,13,"(362.5, 437.5, 8.184609533832969)",0.01281446686264016,0.0,-5.628145786240372,0.0020533239138607793,140.18209999994724
2,4,14,"(362.5, 437.5, 8.184609533832969)",-9.809931119282082e-08,0.0,-8.225295895303203,0.00013684401221710312,159.58129999853554
2,4,15,"(362.5, 437.5, 8.184609533832969)",1.1213457808031084,798.04345703125,-10.477573074239233,1.027006508960612,120.65240000083577
2,4,16,"(362.5, 412.5, 7.512358105982148)",1.7722142256999533e-06,0.0,-10.373242480680087,0.00020314989494724453,139.6402999998827
2,4,17,"(337.5, 412.5, 9.377700043801939)",5.297673245271047e-07,0.0,-16.900105756674105,1.95379561993603e-12,122.57600000157254
2,4,18,"(337.5, 412.5, 9.377700043801939)",0.0015673785730137702,740.0572509765625,-6.526863285602252,0.0009083205603795671,86.44920000006096
2,4,19,"(337.5, 387.5, 8.122025837780313)",1.2889274556997134e-06,0.0,-10.566786087380432,3.2411713284946695e-06,138.58669999899575
2,4,20,"(337.5, 412.5, 9.377700043801939)",5.297673245271047e-07,0.0,-17.09364937298313,9.537833448009975e-13,122.05799999719602
2,4,21,"(337.5, 412.5, 9.377700043801939)",0.0006650261157396002,740.0572509765625,-6.526863285602252,0.0009083337180387583,89.49139999822364
2,4,22,"(337.5, 387.5, 8.122025837780313)",1.2889274558722834e-06,0.0,-10.566786087380436,3.2411633026100506e-06,136.08410000233562
2,4,23,"(337.5, 412.5, 9.377700043801939)",5.297673245271047e-07,0.0,-17.09364937298313,9.53783342970818e-13,120.79049999738345
2,4,24,"(337.5, 412.5, 9.377700043801939)",0.0008779023298095319,740.0572509765625,-6.526863285602253,0.000908326448735445,88.53820000149426
2,4,25,"(337.5, 387.5, 8.122025837780313)",1.2889274558722807e-06,0.0,-10.566786087380436,3.2411633026100565e-06,138.8001000013901
2,4,26,"(337.5, 412.5, 9.377700043801939)",5.297673245271047e-07,0.0,-17.09364937298313,9.53783342971897e-13,121.61869999908959
2,4,27,"(337.5, 412.5, 9.377700043801939)",0.0003219205675517309,740.0572509765625,-6.5268632856022535,0.0009083230083687898,86.02109999992535
2,4,28,"(337.5, 437.5, 10.400297021568935)",0.030191829971433354,0.0,-9.844073067868766,0.017363210061323995,148.29699999972945
2,4,29,"(337.5, 412.5, 9.377700043801939)",8.327576021353404e-07,0.0,-9.43301318711196,7.636737446326336e-06,166.2121000008483
2,4,30,"(337.5, 412.5, 9.377700043801939)",1.3730118933399476,675.91064453125,-3.43428311323838,0.4949955399943126,86.82929999849875
2,4,31,"(362.5, 412.5, 7.512358105982148)",0.0008166340500107407,0.0,-10.967716708296924,0.0003237171201676786,139.79810000091675
2,4,32,"(337.5, 412.5, 9.377700043801939)",1.269729351677342e-06,0.0,-17.5039220894345,3.2318124972703293e-06,134.90749999982654
2,4,33,"(337.5, 412.5, 9.377700043801939)",0.0011031008179879273,740.0572509765625,-6.526863285602317,0.0010684917245536274,85.56379999936325
2,4,34,"(337.5, 387.5, 8.122025837780313)",1.2889274558722796e-06,0.0,-10.566786087380455,3.5098670103188863e-06,151.4634000013757
2,4,35,"(337.5, 412.5, 9.377700043801939)",5.297673245271047e-07,0.0,-17.09364937298313,9.538222070232577e-13,129.21949999872595
2,4,36,"(337.5, 412.5, 9.377700043801939)",0.0006194319805819436,740.0572509765625,-6.5268632856022535,0.0009083274417106386,91.35669999886886
2,4,37,"(337.5, 412.5, 9.377700043801939)",2.2746393577036037e-06,0.0,-13.053726571204505,2.814826780164159e-06,128.27330000072834
2,4,38,"(337.5, 412.5, 9.377700043801939)",5.297673245271047e-07,0.0,-19.580589856743902,9.287232599455243e-12,133.38180000209832
2,4,39,"(337.5, 412.5, 9.377700043801939)",0.00040655389150343166,740.0572509765625,-6.5268632856022535,0.0009083227127432646,88.18450000035227
2,4,40,"(337.5, 412.5, 9.377700043801939)",2.2746393577036046e-06,0.0,-13.053726571204507,2.8148267801646233e-06,129.72289999743225
2,4,41,"(337.5, 412.5, 9.377700043801939)",5.297673245271047e-07,0.0,-19.580589856743902,9.287232598421594e-12,126.71129999944242
2,4,42,"(337.5, 412.5, 9.377700043801939)",0.0007944217567770224,740.0572509765625,-6.5268632856022535,0.000908323228409693,87.25559999948018
2,4,43,"(337.5, 437.5, 10.400297021568935)",0.028213204080253428,0.0,-9.844073067868765,0.017363210076796105,144.98029999958817
2,4,44,"(312.5, 437.5, 13.134116007120344)",-6.585226704676946e-08,0.0,-6.884128730647799,3.119469903855547e-06,127.7644000001601
2,4,45,"(312.5, 437.5, 13.134116007120344)",0.0010044610641732402,780.0640258789062,-0.5090570322140606,0.0009078294260681251,88.72859999974025
2,4,46,"(312.5, 412.5, 11.543004562335339)",-1.5589771922886888e-07,0.0,-2.4255786501001264,2.814826774456689e-06,138.22589999836055
2,4,47,"(337.5, 412.5, 9.377700043801939)",1.3447424952254984e-07,0.0,-5.483520098827425,4.504650992955223e-06,129.16330000007292
2,4,48,"(337.5, 412.5, 9.377700043801939)",0.14318622221926894,740.1895141601562,-6.5289976380101775,0.20421536358078035,85.23000000059255
2,4,49,"(337.5, 387.5, 8.122025837780313)",1.2889274556997187e-06,0.0,-10.56678608738051,3.833343908109707e-06,137.34800000020186
2,4,50,"(337.5, 412.5, 9.377700043801939)",5.297673245271047e-07,0.0,-17.09364937298313,9.538813722619762e-13,121.99560000226484
2,4,51,"(337.5, 412.5, 9.377700043801939)",0.0012690137467359346,740.0572509765625,-6.526863285602253,0.0009083211403862574,85.84909999990487
2,4,52,"(362.5, 412.5, 7.512358105982148)",1.7722143090670745e-06,0.0,-10.977141951538995,7.534418852329187e-06,138.10530000046128
2,4,53,"(337.5, 412.5, 9.377700043801939)",5.297673245271047e-07,0.0,-17.504005134814285,2.303722001943503e-10,125.60280000252533
2,4,54,"(337.5, 412.5, 9.377700043801939)",0.000592566016047837,740.0572509765625,-6.526863285602253,0.000908327547100478,86.19570000155363
2,4,55,"(362.5, 412.5, 7.512358105982148)",1.7722142761888365e-06,0.0,-10.977141951538997,7.5344188522585e-06,138.7566000012157
2,4,56,"(337.5, 412.5, 9.377700043801939)",5.297673245271047e-07,0.0,-17.504005134814285,2.303722001943503e-10,124.79900000107591
2,4,57,"(337.5, 412.5, 9.377700043801939)",6.617775805761847e-05,740.0572509765625,-6.5268632856022535,0.0009083239872772393,85.46740000019781
2,4,58,"(362.5, 412.5, 7.512358105982148)",1.7722142755880577e-06,0.0,-10.977141951538997,7.534418852257081e-06,138.1087000008847
2,4,59,"(337.5, 412.5, 9.377700043801939)",5.297673245271047e-07,0.0,-17.504005134814285,2.303722001943503e-10,126.5614000003552
2,4,60,"(337.5, 412.5, 9.377700043801939)",0.0008781790569370727,740.0572509765625,-6.526863285602253,0.0009083209190742282,86.76280000145198
2,4,61,"(337.5, 387.5, 8.122025837780313)",1.2889274558722798e-06,0.0,-10.566786087380434,3.241163302610047e-06,138.82290000037756
2,4,62,"(337.5, 412.5, 9.377700043801939)",5.297673245271047e-07,0.0,-17.09364937298313,9.537833430054618e-13,120.7192000001669
2,4,63,"(337.5, 412.5, 9.377700043801939)",0.0007459859887483333,740.0572509765625,-6.5268632856022535,0.0009083280547729643,88.08649999991758
2,4,64,"(362.5, 412.5, 7.512358105982148)",1.772214327813772e-06,0.0,-10.977141951538993,7.5344188523694025e-06,144.15329999974347
2,4,65,"(337.5, 412.5, 9.377700043801939)",5.297673245271047e-07,0.0,-17.504005134814285,2.303722001943503e-10,130.38810000216472
2,4,66,"(337.5, 412.5, 9.377700043801939)",0.0007855187081653248,740.0572509765625,-6.526863285602252,0.0009083267988275274,96.66250000009313
2,4,67,"(337.5, 437.5, 10.400297021568935)",0.022977836878534157,0.0,-9.844073067868766,0.017363210204574972,147.18029999858118
2,4,68,"(337.5, 412.5, 9.377700043801939)",8.327576021353403e-07,0.0,-9.433013146764795,7.622224127616094e-06,160.70760000002338
2,4,69,"(337.5, 412.5, 9.377700043801939)",1.3526204908197625,615.1141357421875,-3.434135240611321,0.4951606639238989,83.11400000093272
2,5,0,"(262.5, 487.5, 22.1418731987782)",1.145164775031789,550.9823608398438,-12.986370374087084,3.00077267354569,87.51630000188015
2,5,1,"(287.5, 487.5, 17.635701174636083)",1.7475430621744539,0.0,-25.972740748174175,3.0000024559883407,138.42119999753777
2,5,2,"(287.5, 462.5, 17.977012825427398)",0.32040695349376924,0.0,-38.959111122261255,2.9999999999999996,127.07510000109323
2,5,3,"(287.5, 462.5, 17.977012825427398)",1.3816286784206069,739.0155639648438,-12.986370374087084,3.000773173223542,84.3949000009161
2,5,4,"(287.5, 437.5, 16.365669713099226)",1.0827510569602922e-06,0.0,-19.975233736069157,5.841453604378319e-06,111.83990000063204
2,5,5,"(312.5, 437.5, 13.134116007120344)",-6.585226704676946e-08,0.0,-20.484290703344175,1.585297116857862e-08,138.22730000174488
2,5,6,"(312.5, 437.5, 13.134116007120344)",0.0017461050544984235,780.0640258789062,-0.5090570322140606,0.0009078309644740688,87.26060000117286
2,5,7,"(337.5, 437.5, 10.400297021568935)",1.0732056164220426e-06,0.0,-3.8261870931331776,2.822778218369233e-06,139.6567000010691
2,5,8,"(337.5, 412.5, 9.377700043801939)",8.327576030613901e-07,0.0,-6.884128541551683,4.502788733211434e-06,138.13849999860395
2,5,9,"(337.5, 412.5, 9.377700043801939)",1.3276314586626394,645.6127319335938,-3.403366996836063,0.487342673899548,87.80000000115251
2,5,10,"(362.5, 412.5, 7.512358105982148)",0.0007775166390032006,0.0,-10.967456311197362,0.00033135682792730646,137.31990000087535
2,5,11,"(337.5, 412.5, 9.377700043801939)",1.289837704582874e-06,0.0,-17.503921271000497,3.3107318716646896e-06,133.5326000007626
2,5,12,"(337.5, 412.5, 9.377700043801939)",0.0007299171544904182,740.0572509765625,-6.526863285602317,0.0010685389607616017,87.79479999793693
2,5,13,"(337.5, 412.5, 9.377700043801939)",2.2746393600568586e-06,0.0,-13.053726571204509,2.8148267820846958e-06,127.93670000246493
2,5,14,"(337.5, 412.5, 9.377700043801939)",5.297673245271047e-07,0.0,-19.580589856743902,9.287232598714651e-12,126.16869999692426
2,5,15,"(337.5, 412.5, 9.377700043801939)",0.0005876375059963335,740.0572509765625,-6.526863285602253,0.0009083220110757202,86.56719999999041
2,5,16,"(362.5, 412.5, 7.512358105982148)",1.7722142905883642e-06,0.0,-10.977141951538995,7.534418852289067e-06,136.42080000136048
2,5,17,"(337.5, 412.5, 9.377700043801939)",5.297673245271047e-07,0.0,-17.504005134814285,2.303722001943503e-10,126.80010000258335
2,5,18,"(337.5, 412.5, 9.377700043801939)",0.00013924661422522116,740.0572509765625,-6.5268632856022535,0.0009083242801664543,87.58889999808162
2,5,19,"(337.5, 437.5, 10.400297021568935)",0.019341843947763636,0.0,-9.844073067868763,0.017363209944586122,147.51080000132788
2,5,20,"(337.5, 437.5, 10.400297021568935)",1.7213945587476095e-07,0.0,-9.692201759123604,3.1193907637674917e-06,133.45739999931538
2,5,21,"(337.5, 437.5, 10.400297021568935)",0.0011604727102779322,796.9451904296875,-3.317130060919116,0.0009078344244813969,86.26680000088527
2,5,22,"(337.5, 412.5, 9.377700043801939)",0.0029037470696521486,0.0,-6.375066005656958,0.00046057175958055287,110.5587000020023
2,5,23,"(337.5, 437.5, 10.400297021568935)",1.7213945587476093e-07,0.0,-9.69219600381541,1.0556761433406716e-13,148.73810000062804
2,5,24,"(337.5, 437.5, 10.400297021568935)",0.0009667287464161175,796.9451904296875,-3.3171300609191166,0.0009078294693681382,88.96159999858355
2,5,25,"(337.5, 412.5, 9.377700043801939)",3.755804799473638e-06,0.0,-6.375066005594214,0.0004606617631351093,112.33459999857587
2,5,26,"(337.5, 387.5, 8.122025837780313)",3.1905997674521975e-06,0.0,-8.77484929922996,4.00387073623482e-05,160.74330000265036
2,5,27,"(337.5, 387.5, 8.122025837780313)",0.0038623800180462445,740.7197265625,-4.0399228168489145,0.011095411012273152,85.36080000340007
2,5,28,"(337.5, 412.5, 9.377700043801939)",2.274639357703607e-06,0.0,-10.566786087382013,2.8938387715856177e-06,139.71289999972214
2,5,29,"(337.5, 412.5, 9.377700043801939)",5.297673245271046e-07,0.0,-17.09364937298313,9.691450873844697e-13,131.9919999987178
2,5,30,"(337.5, 412.5, 9.377700043801939)",0.0009487890941304553,740.0572509765625,-6.526863285602253,0.0009083242132883521,88.03819999957341
2,5,31,"(312.5, 412.5, 11.543004562335339)",-1.5589770385894667e-07,0.0,-8.443393767062553,0.0005815121971318636,147.12890000009793
2,5,32,"(337.5, 412.5, 9.377700043801939)",1.3447424975451603e-07,0.0,-8.03240470404417,7.6241087610304605e-06,130.32960000055027
2,5,33,"(337.5, 412.5, 9.377700043801939)",0.14677079718782962,740.2632446289062,-6.528997638010177,0.2042153860546267,85.81770000091637
2,5,34,"(362.5, 412.5, 7.512358105982148)",1.7722142902498782e-06,0.0,-10.977141951542713,1.1818182297308526e-05,139.44070000070496
2,5,35,"(337.5, 412.5, 9.377700043801939)",5.297673245271047e-07,0.0,-17.504005134814285,2.3037249893697135e-10,123.51800000033109
2,5,36,"(337.5, 412.5, 9.377700043801939)",0.0017525264416786662,740.0572509765625,-6.526863285602252,0.0009083230822959035,88.16819999992731
2,5,37,"(337.5, 437.5, 10.400297021568935)",0.016125139047213227,0.0,-9.844073067868766,0.01736321025801698,148.95569999862346
2,5,38,"(337.5, 462.5, 10.942007264844266)",8.327576021353402e-07,0.0,-6.85968617369104,3.0895828253683876e-06,128.26660000064294
2,5,39,"(337.5, 462.5, 10.942007264844266)",0.0010317767386633814,774.6624145507812,-0.4846145583003852,0.0009065220809081316,87.73840000139899
2,5,40,"(337.5, 437.5, 10.400297021568935)",1.0732087364455564e-06,0.0,-3.8017446192195017,2.8227782831520958e-06,137.8361999995832
2,5,41,"(337.5, 412.5, 9.377700043801939)",8.327628939620026e-07,0.0,-6.859686067030966,4.5028048412201655e-06,134.45299999875715
2,5,42,"(337.5, 412.5, 9.377700043801939)",1.3249366014167139,647.29833984375,-3.4033629336068785,0.4873856567799437,84.3892999982927
2,5,43,"(337.5, 387.5, 8.122025837780313)",1.8591367239339283,0.0,-4.631069533739934,0.653250238483911,129.69209999937448
2,5,44,"(337.5, 362.5, 6.836404624384365)",0.16207618275689015,0.0,-6.949287867478234,0.388847515294691,129.60430000021006
2,5,45,"(337.5, 362.5, 6.836404624384365)",0.018376122741270286,740.8341674804688,-2.2809179872576633,0.13265109254911903,83.65369999955874
2,5,46,"(312.5, 362.5, 7.999359988870806)",2.9302616927696e-07,0.0,-4.738619664568285,0.00012475754445004535,122.35169999985374
2,5,47,"(312.5, 337.5, 6.4720487778634865)",2.3543058584133786e-07,0.0,-5.879779221185333,2.4508382575323313e-07,125.1321999989159
2,5,48,"(312.5, 337.5, 6.4720487778634865)",0.002117373929135584,743.1393432617188,-1.1411597228443067,0.014435266249875355,85.85900000252877
2,5,49,"(312.5, 362.5, 7.999359988870806)",2.930261692769592e-07,0.0,-3.598942609919708,7.050826025760196e-05,136.75710000097752
2,5,50,"(312.5, 337.5, 6.4720487778634865)",2.3543058584133783e-07,0.0,-4.740102287370855,2.2546342782353742e-07,123.82950000028359
2,5,51,"(312.5, 337.5, 6.4720487778634865)",0.002336889359705919,743.1393432617188,-1.1411597202644597,0.014185586392360772,89.3962999980431
2,5,52,"(287.5, 337.5, 7.198514700667702)",-7.225359655451491e-07,0.0,-1.9687122991298782,0.0002241889705196969,122.07829999897513
2,5,53,"(262.5, 337.5, 7.706480720276972)",-1.607186277396977e-07,0.0,-2.4247352119175813,6.706273491608633e-08,125.81729999874369
2,5,54,"(262.5, 337.5, 7.706480720276972)",0.008771969821277606,753.4866943359375,-0.4560229992487783,0.025333754209220363,86.45339999930002
2,5,55,"(262.5, 362.5, 9.841761282285685)",0.6147893531163879,0.0,-1.0494737109633205,0.9293986198766115,118.50190000041039
2,5,56,"(287.5, 362.5, 9.065091200270214)",0.14943623542809845,0.0,-3.488917317741946,0.6999005472160821,153.46839999983786
2,5,57,"(287.5, 362.5, 9.065091200270214)",0.9558170829730392,772.2200927734375,-2.2936019613591774,1.4616262501020032,109.43270000279881
2,5,58,"(287.5, 337.5, 7.198514700667702)",-7.225359655451545e-07,0.0,-3.0174894893720667,0.002377014353109396,139.49789999969653
2,5,59,"(262.5, 337.5, 7.706480720276972)",-1.607186277396977e-07,0.0,-3.4734893735231878,5.079877589959271e-05,131.74679999792716
2,5,60,"(262.5, 337.5, 7.706480720276972)",0.043481351731640756,753.2803955078125,-0.45603229060434697,0.10299198986431277,85.27160000085132
2,5,61,"(262.5, 312.5, 6.024387455566984)",0.05223512926790054,0.0,-0.9336733259256971,0.09385703367710092,139.8946999979671
2,5,62,"(287.5, 312.5, 5.684209381380459)",7.85560890411337e-08,0.0,-1.3776308545795166,9.125557676186633e-05,130.1130000028934
2,5,63,"(287.5, 312.5, 5.684209381380459)",0.009221419672758703,745.5936279296875,-0.44500085764318764,0.04378685591728342,91.04719999959343
2,5,64,"(287.5, 337.5, 7.198514700667702)",-7.225359655451493e-07,0.0,-1.2725537431546032,0.0005636324062922508,140.41119999819784
2,5,65,"(262.5, 337.5, 7.706480720276972)",-1.607186277396977e-07,0.0,-1.7285758349071876,8.341962557608962e-08,125.06969999958528
2,5,66,"(262.5, 337.5, 7.706480720276972)",0.010326696144546484,753.4866943359375,-0.45602297479849574,0.02645946990556168,84.42089999880409
2,5,67,"(237.5, 337.5, 7.894671343450355)",0.4206408755082603,0.0,-1.138550096902957,0.6243750654937452,139.07749999998487
2,5,68,"(212.5, 337.5, 7.7206787211523045)",-2.3976220594098164e-07,0.0,-2.343208929210918,0.46802067592074503,158.7770999976783
2,5,69,"(212.5, 337.5, 7.7206787211523045)",0.021891342410380845,747.121826171875,-1.15637651852288,0.04298289909330616,86.88240000265068
2,6,0,"(262.5, 487.5, 22.1418731987782)",1.145689591884948,550.8847045898438,-12.986370374087087,3.000772704828685,85.5584999990242
2,6,1,"(287.5, 487.5, 17.635701174636083)",1.7442061924142493,0.0,-25.972740748174175,3.0000024559883407,139.18469999771332
2,6,2,"(287.5, 462.5, 17.977012825427398)",0.3231127659479669,0.0,-38.959111122261255,3.0,127.30329999976675
2,6,3,"(287.5, 462.5, 17.977012825427398)",1.3827067066854488,739.06396484375,-12.986370374087086,3.000773159398509,89.28579999701469
2,6,4,"(287.5, 437.5, 16.365669713099226)",1.0827510651795302e-06,0.0,-19.97523373618361,5.841413627421187e-06,113.87789999935194
2,6,5,"(312.5, 437.5, 13.134116007120344)",-6.585226704676948e-08,0.0,-20.484290703344175,1.585297115441956e-08,131.19279999955324
2,6,6,"(312.5, 437.5, 13.134116007120344)",0.001549743653722546,780.0640258789062,-0.5090570322140606,0.0009078371436738577,86.70200000051409
2,6,7,"(312.5, 437.5, 13.134116007120344)",2.6421714090545654e-07,0.0,-1.0181140644281215,2.8227844339830953e-06,121.7653000021528
2,6,8,"(337.5, 437.5, 10.400297021568935)",1.721394558747609e-07,0.0,-4.33524412534723,4.546333417010172e-14,132.64640000124928
2,6,9,"(337.5, 437.5, 10.400297021568935)",0.0003424133239258437,796.9451904296875,-3.3171300609191166,0.0009078313341611275,87.32190000228002
2,6,10,"(337.5, 412.5, 9.377700043801939)",0.0029041763415922216,0.0,-6.375066005706638,0.0004606845825761547,111.35220000141999
2,6,11,"(337.5, 387.5, 8.122025837780313)",2.225071760730701e-06,0.0,-8.774851035332702,3.965263133267116e-05,153.85339999920689
2,6,12,"(337.5, 387.5, 8.122025837780313)",0.003941387419119864,740.7197265625,-4.03992281684881,0.011095392289538028,84.73400000002584
2,6,13,"(337.5, 412.5, 9.377700043801939)",2.2746393577036046e-06,0.0,-10.56678608738201,2.8938387715856173e-06,136.8999000005715
2,6,14,"(337.5, 412.5, 9.377700043801939)",5.297673245271046e-07,0.0,-17.09364937298313,9.69145090067891e-13,127.97610000052373
2,6,15,"(337.5, 412.5, 9.377700043801939)",0.0003991183351398285,740.0572509765625,-6.526863285602253,0.0009083282726334794,88.93990000069607
2,6,16,"(337.5, 412.5, 9.377700043801939)",2.2746393577036046e-06,0.0,-13.053726571204505,2.8148267801642277e-06,128.75999999960186
2,6,17,"(337.5, 412.5, 9.377700043801939)",5.297673245271047e-07,0.0,-19.580589856743902,9.287232598714724e-12,126.29910000032396
2,6,18,"(337.5, 412.5, 9.377700043801939)",0.0004133775466656201,740.0572509765625,-6.5268632856022535,0.0009083226638681728,91.87089999977616
2,6,19,"(337.5, 412.5, 9.377700043801939)",2.2746393577036046e-06,0.0,-13.053726571204503,2.8148267801637796e-06,130.3611000003002
2,6,20,"(337.5, 412.5, 9.377700043801939)",5.297673245271047e-07,0.0,-19.580589856743902,9.287232599602118e-12,124.23390000185464
2,6,21,"(337.5, 412.5, 9.377700043801939)",0.0009718837879812968,740.0572509765625,-6.526863285602253,0.0009083327339688351,85.39240000027348
2,6,22,"(337.5, 412.5, 9.377700043801939)",2.2746393806363576e-06,0.0,-13.05372657120451,2.814826780173447e-06,134.0885999998136
2,6,23,"(337.5, 412.5, 9.377700043801939)",5.297673245271048e-07,0.0,-19.580589856743902,9.287232598951518e-12,130.3425000005518
2,6,24,"(337.5, 412.5, 9.377700043801939)",0.001528757645465201,740.0572509765625,-6.526863285602252,0.0009083406724709508,86.79649999976391
2,6,25,"(337.5, 437.5, 10.400297021568935)",0.011086947928496614,0.0,-9.844073067868765,0.017363210213346456,146.04880000115372
2,6,26,"(337.5, 462.5, 10.942007264844266)",8.327576021353404e-07,0.0,-6.859686213020925,3.103739681105285e-06,128.48920000033104
2,6,27,"(337.5, 462.5, 10.942007264844266)",0.0005869835381864012,774.6624145507812,-0.4846145583003853,0.0009065167045577951,88.54910000081873
2,6,28,"(312.5, 462.5, 14.033224262378283)",3.184866665161684e-06,0.0,-3.4215035844580917,2.8466607881802328e-06,136.86649999726797
2,6,29,"(312.5, 437.5, 13.134116007120344)",-6.585226704676944e-08,0.0,-3.9305606166721523,4.87446036832898e-19,139.87160000033327
2,6,30,"(312.5, 437.5, 13.134116007120344)",0.0001774583559440123,780.0640258789062,-0.5090570322140606,0.0009078334575197141,89.45329999914975
2,6,31,"(337.5, 437.5, 10.400297021568935)",1.0732049826815488e-06,0.0,-3.8261870931331776,2.8227782104945875e-06,137.76160000270465
2,6,32,"(337.5, 412.5, 9.377700043801939)",8.32757603166108e-07,0.0,-6.884128541551683,4.502788733221318e-06,138.58970000001136
2,6,33,"(337.5, 412.5, 9.377700043801939)",1.3381731934072199,645.8975830078125,-3.4033894585872444,0.4875344766153893,84.50019999872893
2,6,34,"(362.5, 412.5, 7.512358105982148)",0.0008403518637119255,0.0,-10.967265502858279,0.0003351759783773197,137.03420000092592
2,6,35,"(337.5, 412.5, 9.377700043801939)",1.2900388096816718e-06,0.0,-17.503918393990823,3.37119692974219e-06,137.1026000015263
2,6,36,"(337.5, 412.5, 9.377700043801939)",0.00072163199498113,740.0572509765625,-6.526863285602318,0.001070726760856074,88.8742999995884
2,6,37,"(337.5, 387.5, 8.122025837780313)",1.2889274558722813e-06,0.0,-10.566786087380454,3.5114779222817587e-06,136.57559999774094
2,6,38,"(337.5, 412.5, 9.377700043801939)",5.297673245271047e-07,0.0,-17.09364937298313,9.538225290591105e-13,122.68709999989369
2,6,39,"(337.5, 412.5, 9.377700043801939)",0.0010604598022167055,740.0572509765625,-6.526863285602253,0.0009083202108686071,83.24429999993299
2,6,40,"(337.5, 437.5, 10.400297021568935)",0.02287759444671699,0.0,-9.844073067868766,0.01736320991501443,146.5356000007887
2,6,41,"(362.5, 437.5, 8.184609533832969)",1.240190994053137e-06,0.0,-15.774675574034582,0.007582622543832688,141.87410000158707
2,6,42,"(362.5, 437.5, 8.184609533832969)",0.0008835761695382673,737.1627197265625,-5.9229638051455,0.002009252899532801,87.80029999979888
2,6,43,"(387.5, 437.5, 6.419652941837749)",2.426654536748762e-06,0.0,-9.724820345559822,0.00048752652488880127,138.81300000139163
2,6,44,"(387.5, 462.5, 6.644563227708976)",5.31474749247233e-07,0.0,-14.101826330998653,1.0103029925434071e-06,131.48260000161827
2,6,45,"(387.5, 462.5, 6.644563227708976)",0.001061046955419277,733.795654296875,-4.37700609305807,0.01232565030838784,89.03680000003078
2,6,46,"(362.5, 462.5, 8.527721324025148)",0.01108426817617727,0.0,-7.511167091360333,0.16476446153141597,146.8806000011682
2,6,47,"(362.5, 462.5, 8.527721324025148)",4.383424917856853e-07,0.0,-12.263140793437401,9.088155274902868e-06,124.13970000125119
2,6,48,"(362.5, 462.5, 8.527721324025148)",0.0008771918995764895,783.13330078125,-3.031143072111813,0.0009068195903429179,88.95080000002054
2,6,49,"(362.5, 437.5, 8.184609533832969)",0.009891161919350471,0.0,-5.628145777638448,0.002053323926456482,137.22540000162553
2,6,50,"(387.5, 437.5, 6.419652941837749)",5.06953650743441e-07,0.0,-12.768442065317695,0.015297127335944282,159.47179999784566
2,6,51,"(387.5, 437.5, 6.419652941837749)",0.001158697508977798,736.1527709960938,-3.8018565855955813,0.013279014657253124,86.47500000006403
2,6,52,"(362.5, 437.5, 8.184609533832969)",1.524854659102429e-06,0.0,-9.724820476421518,0.00014775059430571655,121.60219999714172
2,6,53,"(362.5, 462.5, 8.527721324025148)",2.7939690592972287e-07,0.0,-16.7292039159204,0.009989569518415432,125.04120000085095
2,6,54,"(362.5, 462.5, 8.527721324025148)",0.04531781591352563,783.1373291015625,-3.031161517359834,0.06332438837242788,87.23459999964689
2,6,55,"(362.5, 462.5, 8.527721324025148)",2.251859667507381e-06,0.0,-6.062286144223818,2.9164844486678663e-06,127.77079999796115
2,6,56,"(362.5, 437.5, 8.184609533832969)",-9.809703949221193e-08,0.0,-8.659442253203785,7.700132636865072e-05,123.77990000095451
2,6,57,"(362.5, 437.5, 8.184609533832969)",1.0877454240417932,790.56689453125,-10.460787215545245,0.5877793152635584,87.28520000295248
2,6,58,"(362.5, 462.5, 8.527721324025148)",0.020797618391641882,0.0,-8.957130371915678,0.030417851506349604,149.8329999994894
2,6,59,"(362.5, 487.5, 8.460406646791682)",-9.809931119283043e-08,0.0,-6.298873177548186,7.605585617577549e-05,134.28189999831375
2,6,60,"(362.5, 487.5, 8.460406646791682)",0.0021900322788894274,568.50439453125,-0.6705755725853451,0.0009060694925267604,90.07460000066203
2,6,61,"(362.5, 462.5, 8.527721324025148)",2.2518603544359034e-06,0.0,-3.7017186446971566,2.846656017474775e-06,135.4627000000619
2,6,62,"(362.5, 437.5, 8.184609533832969)",-9.809745533640457e-08,0.0,-6.298874753675066,7.700132633312792e-05,137.40030000190018
2,6,63,"(362.5, 437.5, 8.184609533832969)",1.1001723100113627,790.9744873046875,-10.463797392261808,0.5902844844447366,85.49139999740873
2,6,64,"(362.5, 462.5, 8.527721324025148)",0.03687431706173919,0.0,-8.957119859403624,0.030434121076428962,147.58860000074492
2,6,65,"(362.5, 437.5, 8.184609533832969)",-9.809931119282582e-08,0.0,-8.225460052948748,0.00015594042552754061,165.91730000072857
2,6,66,"(362.5, 437.5, 8.184609533832969)",1.0961332955495766,792.0154418945312,-10.463629694215678,0.5901346654159018,86.5763000001607
2,6,67,"(362.5, 462.5, 8.527721324025148)",0.036254624789163706,0.0,-8.957120520262682,0.030433184184049923,151.2070999997377
2,6,68,"(362.5, 487.5, 8.460406646791682)",-9.809931119283041e-08,0.0,-6.2988734500731836,7.613985216612258e-05,131.9962999987183
2,6,69,"(362.5, 487.5, 8.460406646791682)",0.002339702870456645,568.50439453125,-0.6705755725853448,0.000906085189835454,87.51889999984996
2,7,0,"(262.5, 487.5, 22.1418731987782)",1.1488618702561268,550.8689575195312,-12.986370374087084,3.0007726917531126,86.11000000018976
2,7,1,"(287.5, 487.5, 17.635701174636083)",1.7553292023256013,0.0,-25.972740748174175,3.0000024559883407,139.01090000217664
2,7,2,"(287.5, 462.5, 17.977012825427398)",0.32034472624460303,0.0,-38.959111122261255,3.0,126.57630000103381
2,7,3,"(287.5, 462.5, 17.977012825427398)",1.3832885619159607,739.0137939453125,-12.986370374087086,3.00077319209812,86.4064999987022
2,7,4,"(287.5, 437.5, 16.365669713099226)",1.0827510715128201e-06,0.0,-19.975233736189796,5.841411460975304e-06,111.62650000187568
2,7,5,"(312.5, 437.5, 13.134116007120344)",-6.585226704676947e-08,0.0,-20.484290703344175,1.585297114377902e-08,133.00170000002254
2,7,6,"(312.5, 437.5, 13.134116007120344)",0.0009540026136064366,780.0640258789062,-0.5090570322140606,0.0009078278501955271,90.98639999865554
2,7,7,"(312.5, 437.5, 13.134116007120344)",2.642171409054575e-07,0.0,-1.0181140644281212,2.822784433983095e-06,121.27119999786373
2,7,8,"(337.5, 437.5, 10.400297021568935)",1.721394558747609e-07,0.0,-4.33524412534723,4.546333420032966e-14,131.5431000002718
2,7,9,"(337.5, 437.5, 10.400297021568935)",0.0008833714173887839,796.9451904296875,-3.3171300609191166,0.0009078297419808727,87.28490000066813
2,7,10,"(337.5, 412.5, 9.377700043801939)",0.0029039465746534027,0.0,-6.3750660056277795,0.0004606846472351482,113.26299999927869
2,7,11,"(312.5, 412.5, 11.543004562335339)",-2.6115837196509044e-08,0.0,-10.833086017346155,0.0006000481365336307,139.78150000184542
2,7,12,"(312.5, 412.5, 11.543004562335339)",0.0008811650244130219,798.0051879882812,-1.9165216178860658,0.0009082750456218939,87.83889999904204
2,7,13,"(337.5, 412.5, 9.377700043801939)",4.2413067155901583e-07,0.0,-4.9744575663360004,0.00047785622359807194,125.45099999988452
2,7,14,"(362.5, 412.5, 7.512358105982148)",1.666950485097567e-06,0.0,-7.661746990909136,0.0004725364439830489,159.51579999818932
2,7,15,"(362.5, 412.5, 7.512358105982148)",0.0051285796876647995,738.4631958007812,-4.450278666198876,0.004870059459805879,84.88880000004428
2,7,16,"(387.5, 412.5, 5.968521653217249)",0.0003036849046597809,0.0,-7.461083452574675,0.007925792368069173,140.3463999995438
2,7,17,"(362.5, 412.5, 7.512358105982148)",2.9429793357849126e-07,0.0,-11.911362238252376,8.189451850743563e-06,122.17249999957858
2,7,18,"(362.5, 412.5, 7.512358105982148)",0.001406137059612968,738.4631958007812,-4.450278715178048,0.01130170967519475,85.97499999814318
2,7,19,"(362.5, 412.5, 7.512358105982148)",1.772214226057644e-06,0.0,-8.900557438387535,0.0004893194559380117,130.21239999943646
2,7,20,"(337.5, 412.5, 9.377700043801939)",5.297673245271046e-07,0.0,-15.42742061749465,4.9591151983264804e-11,129.01269999929355
2,7,21,"(337.5, 412.5, 9.377700043801939)",0.0018432554744833782,740.0572509765625,-6.5268632856022535,0.0009083388781708158,88.81239999755053
2,7,22,"(312.5, 412.5, 11.543004562335339)",0.005818858162151199,0.0,-8.443393767062556,0.0005815121971350066,148.82199999919976
2,7,23,"(312.5, 387.5, 9.73254467824523)",-2.1181807774128595e-07,0.0,-11.959150571636078,2.7916291118346425e-05,126.40770000143675
2,7,24,"(312.5, 387.5, 9.73254467824523)",0.8758229274440337,804.2593383789062,-6.609560926926472,1.263997807385205,122.66249999811407
2,7,25,"(337.5, 387.5, 8.122025837780313)",1.2889276024104167e-06,0.0,-9.096692527016511,3.032304117008532e-06,138.16890000089188
2,7,26,"(337.5, 412.5, 9.377700043801939)",5.297673245271047e-07,0.0,-15.623555812265282,1.0504194319168917e-12,129.47089999943273
2,7,27,"(337.5, 412.5, 9.377700043801939)",0.0005664959931601937,740.0572509765625,-6.526863285602252,0.000908327633559109,88.33619999859366
2,7,28,"(337.5, 412.5, 9.377700043801939)",2.274639357703604e-06,0.0,-13.053726571204503,2.8148267801646766e-06,130.24059999952442
2,7,29,"(337.5, 412.5, 9.377700043801939)",5.297673245271047e-07,0.0,-19.580589856743902,9.287232598714973e-12,125.13449999823933
2,7,30,"(337.5, 412.5, 9.377700043801939)",0.0014613664804411146,740.0572509765625,-6.526863285602252,0.0009083187040974565,86.43730000039795
2,7,31,"(337.5, 412.5, 9.377700043801939)",2.2746393577036037e-06,0.0,-13.053726571204505,2.8148267801624485e-06,129.77429999955348
2,7,32,"(337.5, 412.5, 9.377700043801939)",5.297673245271047e-07,0.0,-19.580589856743902,9.28723259871165e-12,122.44490000011865
2,7,33,"(337.5, 412.5, 9.377700043801939)",0.0012470951032799468,740.0572509765625,-6.526863285602253,0.0009083206703782634,86.89330000197515
2,7,34,"(312.5, 412.5, 11.543004562335339)",0.002918537173316708,0.0,-8.443393767062554,0.0005815121971329604,149.97479999874486
2,7,35,"(312.5, 387.5, 9.73254467824523)",-2.0952620758768266e-07,0.0,-11.959150570366532,2.7916669291284688e-05,134.06740000209538
2,7,36,"(312.5, 387.5, 9.73254467824523)",0.8694478429989129,805.1082763671875,-6.609560926926471,1.2639978392202207,125.21909999850322
2,7,37,"(337.5, 387.5, 8.122025837780313)",1.2889278951738943e-06,0.0,-9.096692527016511,3.0323041181454483e-06,137.6985999995668
2,7,38,"(337.5, 412.5, 9.377700043801939)",5.297673245271047e-07,0.0,-15.623555812265282,1.0504194319168917e-12,129.65649999750894
2,7,39,"(337.5, 412.5, 9.377700043801939)",0.001178202639778107,740.0572509765625,-6.5268632856022535,0.0009083197374047472,89.49720000236994
2,7,40,"(337.5, 437.5, 10.400297021568935)",0.02502024676925755,0.0,-9.844073067868765,0.017363210188384787,149.98600000035367
2,7,41,"(312.5, 437.5, 13.134116007120344)",-6.585226704676946e-08,0.0,-6.884128690515695,3.1050289245361124e-06,127.47010000020964
2,7,42,"(312.5, 437.5, 13.134116007120344)",0.0018094247648969494,780.0640258789062,-0.5090570322140606,0.0009078249992906932,86.17299999968964
2,7,43,"(312.5, 412.5, 11.543004562335339)",-1.558977192288689e-07,0.0,-2.425578650100127,2.814826774456683e-06,138.55450000119163
2,7,44,"(337.5, 412.5, 9.377700043801939)",1.3447424947661254e-07,0.0,-5.483520098827424,4.504650992948449e-06,129.2511999999988
2,7,45,"(337.5, 412.5, 9.377700043801939)",0.13569570367550793,740.1920166015625,-6.5289976380101775,0.20421532768689785,86.2148000014713
2,7,46,"(337.5, 437.5, 10.400297021568935)",1.0732050994476547e-06,0.0,-9.84424378266231,0.002449964550152807,146.89060000091558
2,7,47,"(337.5, 412.5, 9.377700043801939)",8.327576021353403e-07,0.0,-9.433013146708156,7.622206407419857e-06,140.7031000017014
2,7,48,"(337.5, 412.5, 9.377700043801939)",1.3660601487331607,619.790283203125,-3.42029012206894,0.4920285397707674,90.7528000025195
2,7,49,"(362.5, 412.5, 7.512358105982148)",0.0008751131021276698,0.0,-10.967372223762805,0.00033203782859730284,140.25679999758722
2,7,50,"(337.5, 412.5, 9.377700043801939)",1.3706351391356802e-06,0.0,-17.50391750585026,3.3688263116120187e-06,141.44610000221292
2,7,51,"(337.5, 412.5, 9.377700043801939)",0.0006184032431437146,740.0572509765625,-6.52686328560232,0.001071433194118141,88.49879999979748
2,7,52,"(337.5, 387.5, 8.122025837780313)",1.2889274558613089e-06,0.0,-10.566786087380454,3.5120911940281662e-06,136.50930000221706
2,7,53,"(337.5, 412.5, 9.377700043801939)",5.297673245271047e-07,0.0,-17.09364937298313,9.538226513371076e-13,122.99960000018473
2,7,54,"(337.5, 412.5, 9.377700043801939)",0.000476126668289453,740.0572509765625,-6.526863285602252,0.0009083224441031153,85.26290000008885
2,7,55,"(312.5, 412.5, 11.543004562335339)",-1.5589771922886867e-07,0.0,-8.443393767062554,0.0005815121971320627,147.63250000032713
2,7,56,"(337.5, 412.5, 9.377700043801939)",1.344742494526455e-07,0.0,-8.032404704044167,7.624108760994906e-06,137.8694999984873
2,7,57,"(337.5, 412.5, 9.377700043801939)",0.14497192124413266,740.2605590820312,-6.5289976380101775,0.20421533280393175,88.15770000001066
2,7,58,"(337.5, 437.5, 10.400297021568935)",0.0029181357452588313,0.0,-9.84424378266231,0.002449964527109399,146.95570000185398
2,7,59,"(337.5, 437.5, 10.400297021568935)",1.7213980159676324e-07,0.0,-9.692201759266561,3.119439036332287e-06,136.2528999998176
2,7,60,"(337.5, 437.5, 10.400297021568935)",0.0014634287103681965,796.9451904296875,-3.3171300609191166,0.0009078390602752956,88.33900000172434
2,7,61,"(337.5, 412.5, 9.377700043801939)",0.002904002116929535,0.0,-6.3750660056672075,0.00046068472865478977,111.62899999908404
2,7,62,"(362.5, 412.5, 7.512358105982148)",3.121279421230421e-07,0.0,-14.270163113546872,8.268926165941055e-05,160.32909999921685
2,7,63,"(362.5, 412.5, 7.512358105982148)",0.0015678057276876942,738.4631958007812,-4.450278665972565,0.0021289606936505177,84.62569999755942
2,7,64,"(362.5, 412.5, 7.512358105982148)",0.00027271800098918836,0.0,-8.900557352241528,0.0002813974383411053,130.19179999901098
2,7,65,"(362.5, 437.5, 8.184609533832969)",2.5456150372823083e-07,0.0,-14.823521138674673,3.1665043077876423e-09,122.20139999772073
2,7,66,"(362.5, 437.5, 8.184609533832969)",0.0006503148397970429,737.1627197265625,-5.922963805139301,0.0014504998940495823,85.40530000027502
2,7,67,"(362.5, 437.5, 8.184609533832969)",1.524854659102428e-06,0.0,-11.845927610298704,1.0771077016135439e-05,128.32949999938137
2,7,68,"(362.5, 462.5, 8.527721324025148)",0.0048092616100508965,0.0,-18.850311201635268,0.009989569314440127,125.54610000006505
2,7,69,"(362.5, 462.5, 8.527721324025148)",0.043059815255444285,783.13330078125,-3.031161517359834,0.06332444282540653,88.26359999875422
2,8,0,"(262.5, 487.5, 22.1418731987782)",1.1491787358311576,550.941650390625,-12.986370374087087,3.0007726742573904,86.13020000120741
2,8,1,"(287.5, 487.5, 17.635701174636083)",1.7554256036351115,0.0,-25.97274074817417,3.0000024559883407,139.1390999997384
2,8,2,"(287.5, 462.5, 17.977012825427398)",0.3161944945653687,0.0,-38.95911112226125,3.0,134.51220000206376
2,8,3,"(287.5, 462.5, 17.977012825427398)",1.3790277442559231,738.9629516601562,-12.986370374087082,3.000773251041273,88.35099999851082
2,8,4,"(287.5, 437.5, 16.365669713099226)",1.0827510773435361e-06,0.0,-19.97523373619342,5.841410189965035e-06,113.80890000145882
2,8,5,"(312.5, 437.5, 13.134116007120344)",-6.585226704676948e-08,0.0,-20.484290703344175,1.585297113365004e-08,142.15729999705218
2,8,6,"(312.5, 437.5, 13.134116007120344)",0.0008776195299020475,780.0640258789062,-0.5090570322140606,0.0009078335698960234,86.41440000064904
2,8,7,"(312.5, 412.5, 11.543004562335339)",-1.5589771922886867e-07,0.0,-2.4255786501001264,2.814826774456809e-06,140.02120000077412
2,8,8,"(337.5, 412.5, 9.377700043801939)",1.3447424959444038e-07,0.0,-5.483520098827426,4.5046509929612904e-06,133.20170000224607
2,8,9,"(337.5, 412.5, 9.377700043801939)",0.14073863570731024,740.1622314453125,-6.528997638010176,0.2042153583014308,84.90330000131507
2,8,10,"(337.5, 412.5, 9.377700043801939)",2.2746393806216476e-06,0.0,-13.053726571204509,2.814826790785866e-06,130.63469999906374
2,8,11,"(337.5, 412.5, 9.377700043801939)",5.297673245271047e-07,0.0,-19.580589856743902,9.287232596642976e-12,125.42109999776585
2,8,12,"(337.5, 412.5, 9.377700043801939)",1.5964238062817573e-06,740.0572509765625,-6.5268632856022535,0.0009083242366923656,88.96630000162986
2,8,13,"(362.5, 412.5, 7.512358105982148)",1.7722142453857478e-06,0.0,-10.977141951538997,7.534418852191787e-06,137.3974999987695
2,8,14,"(337.5, 412.5, 9.377700043801939)",5.297673245271047e-07,0.0,-17.504005134814285,2.303722001943503e-10,125.01490000067861
2,8,15,"(337.5, 412.5, 9.377700043801939)",0.0003115567545089389,740.0572509765625,-6.526863285602252,0.000908323069939577,87.478800000099
2,8,16,"(337.5, 387.5, 8.122025837780313)",1.288927455852485e-06,0.0,-10.566786087380438,3.241163302610054e-06,134.81859999956214
2,8,17,"(337.5, 412.5, 9.377700043801939)",5.297673245271047e-07,0.0,-17.09364937298313,9.537833430044309e-13,123.86199999673408
2,8,18,"(337.5, 412.5, 9.377700043801939)",0.0009314584998233082,740.0572509765625,-6.526863285602253,0.0009083262644502896,87.7269000011438
2,8,19,"(362.5, 412.5, 7.512358105982148)",1.7722142974174579e-06,0.0,-10.977141951538995,7.53441885230429e-06,139.47550000011688
2,8,20,"(337.5, 412.5, 9.377700043801939)",5.297673245271047e-07,0.0,-17.504005134814285,2.303722001943503e-10,125.88179999875138
2,8,21,"(337.5, 412.5, 9.377700043801939)",0.001751788469334751,740.0572509765625,-6.526863285602252,0.000908317585545186,83.77219999965746
2,8,22,"(312.5, 412.5, 11.543004562335339)",-1.5589774179672146e-07,0.0,-8.443393767062553,0.0005815121971331258,146.96009999897797
2,8,23,"(337.5, 412.5, 9.377700043801939)",1.3447424955021822e-07,0.0,-8.032404704015383,7.6240984082011675e-06,131.52790000094683
2,8,24,"(337.5, 412.5, 9.377700043801939)",0.1417856459097511,740.192626953125,-6.528997638010177,0.20421532589524666,83.48100000148406
2,8,25,"(362.5, 412.5, 7.512358105982148)",1.772214258274632e-06,0.0,-10.97714195154271,1.181818229724076e-05,138.30510000116192
2,8,26,"(337.5, 412.5, 9.377700043801939)",5.297673245271047e-07,0.0,-17.504005134814285,2.3037249893698443e-10,129.80479999896488
2,8,27,"(337.5, 412.5, 9.377700043801939)",0.001487585709141085,740.0572509765625,-6.526863285602252,0.0009083296344096038,89.38970000235713
2,8,28,"(312.5, 412.5, 11.543004562335339)",0.005762240371920774,0.0,-8.443393767062554,0.0005815121971308542,150.55779999966035
2,8,29,"(312.5, 412.5, 11.543004562335339)",-2.6115837196509048e-08,0.0,-6.890984819731778,3.1002175815419415e-06,127.07269999737036
2,8,30,"(312.5, 412.5, 11.543004562335339)",0.001759919146972027,798.0051879882812,-1.9165216178860658,0.0009082661798910476,88.53779999844846
2,8,31,"(337.5, 412.5, 9.377700043801939)",4.241309652666845e-07,0.0,-4.9744575663363095,0.00047785622755976256,125.86279999959515
2,8,32,"(362.5, 412.5, 7.512358105982148)",1.5991756942684595e-06,0.0,-7.661747048099002,0.00047252337324461005,161.57509999902686
2,8,33,"(362.5, 412.5, 7.512358105982148)",0.0036006061471509426,738.4631958007812,-4.450278666198873,0.0048700538426953285,86.12200000061421
2,8,34,"(362.5, 387.5, 6.644563227708976)",0.00040986156278511986,0.0,-7.475673374445759,0.00388379247174866,136.65360000231885
2,8,35,"(337.5, 387.5, 8.122025837780313)",1.7213945587476098e-07,0.0,-11.515595434478417,1.5253546392622266e-07,123.0851000000257
2,8,36,"(337.5, 387.5, 8.122025837780313)",0.0008195763532256397,740.7197265625,-4.0399228018487685,0.002370949415605812,88.23730000221985
2,8,37,"(337.5, 412.5, 9.377700043801939)",2.274639357703604e-06,0.0,-10.56678608738104,2.839334603231291e-06,137.4154000004637
2,8,38,"(337.5, 412.5, 9.377700043801939)",5.297673245271046e-07,0.0,-17.09364937298313,9.670135238502262e-13,132.5768999995489
2,8,39,"(337.5, 412.5, 9.377700043801939)",0.0007625520010655666,740.0572509765625,-6.5268632856022535,0.0009083268944769896,86.22330000071088
2,8,40,"(337.5, 387.5, 8.122025837780313)",1.2889274558722815e-06,0.0,-10.566786087380438,3.2411633026100544e-06,138.20929999928921
2,8,41,"(337.5, 412.5, 9.377700043801939)",5.297673245271047e-07,0.0,-17.09364937298313,9.53783342970818e-13,124.8410000007425
2,8,42,"(337.5, 412.5, 9.377700043801939)",0.0011430008714277318,740.0572509765625,-6.5268632856022535,0.0009083249221879131,84.44170000075246
2,8,43,"(337.5, 412.5, 9.377700043801939)",2.2746393577035995e-06,0.0,-13.053726571204507,2.8148267801647723e-06,127.99630000154139
2,8,44,"(337.5, 412.5, 9.377700043801939)",5.297673245271047e-07,0.0,-19.580589856743902,9.287232598420348e-12,122.69100000048638
2,8,45,"(337.5, 412.5, 9.377700043801939)",0.0009284096715156588,740.0572509765625,-6.526863285602252,0.0009083211326771912,86.8555999986711
2,8,46,"(337.5, 387.5, 8.122025837780313)",1.288927455860238e-06,0.0,-10.566786087380438,3.2411633026100607e-06,137.78829999864683
2,8,47,"(337.5, 412.5, 9.377700043801939)",5.297673245271047e-07,0.0,-17.09364937298313,9.537833430054618e-13,121.2268999988737
2,8,48,"(337.5, 412.5, 9.377700043801939)",0.00029415705144318887,740.0572509765625,-6.526863285602252,0.0009083231118678637,86.55089999956544
2,8,49,"(337.5, 437.5, 10.400297021568935)",0.013280522761072819,0.0,-9.844073067868766,0.01736321010366901,147.3084999997809
2,8,50,"(362.5, 437.5, 8.184609533832969)",1.0562033463433014e-06,0.0,-15.77467567660182,0.007582591029227996,140.99980000173673
2,8,51,"(362.5, 437.5, 8.184609533832969)",0.0006202299345782439,737.1627197265625,-5.922963805145455,0.002008076764720789,85.03740000014659
2,8,52,"(362.5, 462.5, 8.527721324025148)",0.4332892586754486,0.0,-9.016765370094186,0.3052350490383419,113.03169999882812
2,8,53,"(362.5, 487.5, 8.460406646791682)",-9.809931119283039e-08,0.0,-13.761664891217674,0.2842748144480842,135.622500001773
2,8,54,"(362.5, 487.5, 8.460406646791682)",0.0008767603821402223,568.50439453125,-0.670575572585345,0.0009060755271616853,87.06829999937327
2,8,55,"(362.5, 487.5, 8.460406646791682)",-1.649258905391101e-07,0.0,-1.3411511451706901,2.8546196093758595e-06,128.10650000028545
2,8,56,"(362.5, 462.5, 8.527721324025148)",4.3834249178568513e-07,0.0,-4.372294217283295,2.478925334789904e-12,127.13559999974677
2,8,57,"(362.5, 462.5, 8.527721324025148)",0.0011760478681075452,783.13330078125,-3.0311430721118118,0.0009066046889781671,95.21969999696012
2,8,58,"(362.5, 437.5, 8.184609533832969)",0.01385885069666969,0.0,-5.628145777613208,0.002053323885041369,136.77979999920353
2,8,59,"(362.5, 437.5, 8.184609533832969)",-9.80991954710764e-08,0.0,-8.225295895304033,0.00013684401222107718,159.91659999781405
2,8,60,"(362.5, 437.5, 8.184609533832969)",1.1056754999339526,798.2667236328125,-10.48028825346094,1.024305355665015,120.29310000070836
2,8,61,"(362.5, 412.5, 7.512358105982148)",1.7722142256999427e-06,0.0,-10.373242480710768,0.00020343807951525477,137.62999999744352
2,8,62,"(337.5, 412.5, 9.377700043801939)",5.297673245271047e-07,0.0,-16.900105756674105,1.9547742014504472e-12,126.25909999769647
2,8,63,"(337.5, 412.5, 9.377700043801939)",0.0009951495095287426,740.0572509765625,-6.5268632856022535,0.0009083226529149049,86.16649999748915
2,8,64,"(312.5, 412.5, 11.543004562335339)",-1.5589725616977498e-07,0.0,-8.443393767062554,0.0005815121971329492,143.06289999876753
2,8,65,"(337.5, 412.5, 9.377700043801939)",1.3447424946275908e-07,0.0,-8.032404704044167,7.624108760996894e-06,130.92259999757516
2,8,66,"(337.5, 412.5, 9.377700043801939)",0.14241430068358316,740.2129516601562,-6.528997638010177,0.20421534546209638,85.97830000144313
2,8,67,"(337.5, 387.5, 8.122025837780313)",1.2889274555275552e-06,0.0,-10.566786087380514,3.833343908109862e-06,137.27450000078534
2,8,68,"(337.5, 412.5, 9.377700043801939)",5.297673245271047e-07,0.0,-17.09364937298313,9.538813722608952e-13,124.73890000183019
2,8,69,"(337.5, 412.5, 9.377700043801939)",0.001262282010352368,740.0572509765625,-6.526863285602252,0.000908325037108862,85.35549999942305
2,9,0,"(262.5, 487.5, 22.1418731987782)",1.1491037335387302,550.9768676757812,-12.986370374087086,3.000772669469744,86.64910000152304
2,9,1,"(287.5, 487.5, 17.635701174636083)",1.7649923034135195,0.0,-25.97274074817417,3.0000024559883407,139.13609999872278
2,9,2,"(287.5, 462.5, 17.977012825427398)",0.31770980358125966,0.0,-38.959111122261255,2.9999999999999996,125.85810000018682
2,9,3,"(287.5, 462.5, 17.977012825427398)",1.3825350385151944,738.9622802734375,-12.98637037408708,3.0007731765619603,86.52019999863114
2,9,4,"(287.5, 437.5, 16.365669713099226)",1.082751070764469e-06,0.0,-19.97523373614303,5.841427840381665e-06,113.02860000068904
2,9,5,"(312.5, 437.5, 13.134116007120344)",-6.585226704676947e-08,0.0,-20.484290703344175,1.585297114485629e-08,136.32130000041798
2,9,6,"(312.5, 437.5, 13.134116007120344)",0.0011664182906358552,780.0640258789062,-0.5090570322140606,0.0009078327415721057,91.10650000002352
2,9,7,"(337.5, 437.5, 10.400297021568935)",1.0732053187709874e-06,0.0,-3.826187093133177,2.82277821474075e-06,148.81989999776124
2,9,8,"(337.5, 412.5, 9.377700043801939)",8.327576031933574e-07,0.0,-6.884128541551683,4.502788733223571e-06,137.96129999900586
2,9,9,"(337.5, 412.5, 9.377700043801939)",1.3090992254587512,705.7232055664062,-3.403354688338056,0.4871809575936549,86.69180000288179
2,9,10,"(362.5, 412.5, 7.512358105982148)",0.0008605691001313775,0.0,-10.967094957766594,0.0003378896305739696,139.40249999723164
2,9,11,"(337.5, 412.5, 9.377700043801939)",1.3729010119696363e-06,0.0,-17.503915686869448,3.4834621974585453e-06,132.82149999940884
2,9,12,"(337.5, 412.5, 9.377700043801939)",0.0011620020292588168,740.0572509765625,-6.52686328560232,0.0010722088640783777,85.84939999855123
2,9,13,"(337.5, 387.5, 8.122025837780313)",1.288927455872281e-06,0.0,-10.566786087380454,3.51235134254656e-06,139.59199999953853
2,9,14,"(337.5, 412.5, 9.377700043801939)",5.297673245271047e-07,0.0,-17.09364937298313,9.538227035146593e-13,123.9902000015718
2,9,15,"(337.5, 412.5, 9.377700043801939)",0.0009365899399728391,740.0572509765625,-6.5268632856022535,0.0009083207212818157,87.48669999840786
2,9,16,"(362.5, 412.5, 7.512358105982148)",1.772214276603842e-06,0.0,-10.977141951538993,7.534418852259398e-06,137.94350000171107
2,9,17,"(337.5, 412.5, 9.377700043801939)",5.297673245271047e-07,0.0,-17.504005134814285,2.303722001943503e-10,126.77479999911156
2,9,18,"(337.5, 412.5, 9.377700043801939)",0.0021736226000934797,740.0572509765625,-6.5268632856022535,0.0009083160479812309,86.9739000008849
2,9,19,"(312.5, 412.5, 11.543004562335339)",-1.558972630979378e-07,0.0,-8.443393767062553,0.0005815121971336458,146.97910000177217
2,9,20,"(337.5, 412.5, 9.377700043801939)",1.3447424983724211e-07,0.0,-8.03240470404417,7.624108761040638e-06,136.3773000011861
2,9,21,"(337.5, 412.5, 9.377700043801939)",0.1392268197096548,740.1992797851562,-6.5289976380101775,0.20421536364382378,88.17479999925126
2,9,22,"(312.5, 412.5, 11.543004562335339)",-1.5589771922886872e-07,0.0,-8.45546402288202,0.010805859445236678,148.01099999749567
2,9,23,"(337.5, 412.5, 9.377700043801939)",1.3447424964655673e-07,0.0,-8.0324047040423,7.62409541415624e-06,134.00210000327206
2,9,24,"(337.5, 412.5, 9.377700043801939)",0.13961383330834906,740.1755981445312,-6.528997638010176,0.20421537485544364,85.10990000286256
2,9,25,"(362.5, 412.5, 7.512358105982148)",1.7722142402657203e-06,0.0,-10.977141951542713,1.181818229720247e-05,137.5317999991239
2,9,26,"(337.5, 412.5, 9.377700043801939)",5.297673245271047e-07,0.0,-17.504005134814285,2.3037249893698443e-10,129.4871999998577
2,9,27,"(337.5, 412.5, 9.377700043801939)",0.00039574935955415797,740.0572509765625,-6.526863285602253,0.0009083302053258366,88.5956999991322
2,9,28,"(362.5, 412.5, 7.512358105982148)",1.77221431838288e-06,0.0,-10.977141951538997,7.5344188523489145e-06,139.00520000242977
2,9,29,"(337.5, 412.5, 9.377700043801939)",5.297673245271047e-07,0.0,-17.504005134814285,2.303722001943503e-10,122.15869999999995
2,9,30,"(337.5, 412.5, 9.377700043801939)",0.0013203281361749018,740.0572509765625,-6.526863285602252,0.0009083247779938083,86.68350000152714
2,9,31,"(362.5, 412.5, 7.512358105982148)",1.7722142285170983e-06,0.0,-10.977141951538993,7.5344188521551896e-06,138.43660000202362
2,9,32,"(337.5, 412.5, 9.377700043801939)",5.297673245271047e-07,0.0,-17.504005134814285,2.303722001943503e-10,123.94900000072084
2,9,33,"(337.5, 412.5, 9.377700043801939)",0.0015628650484617512,740.0572509765625,-6.5268632856022535,0.0009083183024217106,86.18070000011357
2,9,34,"(337.5, 412.5, 9.377700043801939)",2.274639357703605e-06,0.0,-13.053726571204509,2.8148267801671085e-06,129.17770000058226
2,9,35,"(337.5, 412.5, 9.377700043801939)",5.297673245271047e-07,0.0,-19.580589856743902,9.287232599599977e-12,129.08410000090953
2,9,36,"(337.5, 412.5, 9.377700043801939)",0.0017538650640053408,740.0572509765625,-6.526863285602252,0.0009083231007002198,88.20560000094702
2,9,37,"(337.5, 412.5, 9.377700043801939)",2.2746393577036054e-06,0.0,-13.053726571204507,2.8148267801643493e-06,127.83560000025318
2,9,38,"(337.5, 412.5, 9.377700043801939)",5.297673245271047e-07,0.0,-19.580589856743902,9.2872325994518e-12,126.62040000213892
2,9,39,"(337.5, 412.5, 9.377700043801939)",0.0007468828952213156,740.0572509765625,-6.526863285602253,0.0009083213974230276,84.30370000132825
2,9,40,"(337.5, 412.5, 9.377700043801939)",2.2746393577036046e-06,0.0,-13.053726571204509,2.814826780165653e-06,128.61340000017663
2,9,41,"(337.5, 412.5, 9.377700043801939)",5.297673245271047e-07,0.0,-19.580589856743902,9.287232598420521e-12,124.41380000018398
2,9,42,"(337.5, 412.5, 9.377700043801939)",0.001352094727948329,740.0572509765625,-6.5268632856022535,0.0009083246921109094,85.14529999956721
2,9,43,"(312.5, 412.5, 11.543004562335339)",-1.558977424048628e-07,0.0,-8.443393767062554,0.0005815121971321521,145.82770000197343
2,9,44,"(337.5, 412.5, 9.377700043801939)",1.3447424942361467e-07,0.0,-8.032404704015383,7.624098408188094e-06,130.98420000096667
2,9,45,"(337.5, 412.5, 9.377700043801939)",0.14573944902788524,740.2147216796875,-6.528997638010176,0.20421532761799555,85.73909999904572
2,9,46,"(362.5, 412.5, 7.512358105982148)",1.7722142767501886e-06,0.0,-10.977141951542713,1.1818182297280748e-05,143.89700000174344
2,9,47,"(337.5, 412.5, 9.377700043801939)",5.297673245271047e-07,0.0,-17.504005134814285,2.3037249893698445e-10,124.9571999978798
2,9,48,"(337.5, 412.5, 9.377700043801939)",0.0009392790797151888,740.0572509765625,-6.526863285602252,0.0009083261929653046,89.26680000149645
2,9,49,"(312.5, 412.5, 11.543004562335339)",-1.5589726454742325e-07,0.0,-8.443393767062553,0.0005815121971324121,143.68910000121105
2,9,50,"(337.5, 412.5, 9.377700043801939)",1.3447424957171007e-07,0.0,-8.032404704044168,7.624108761010456e-06,133.51279999915278
2,9,51,"(337.5, 412.5, 9.377700043801939)",0.1361206875839549,740.1665649414062,-6.528997638010177,0.20421536255516695,87.17059999980847
2,9,52,"(337.5, 387.5, 8.122025837780313)",1.288927455872282e-06,0.0,-10.566786087380512,3.833343908109887e-06,139.46880000003148
2,9,53,"(337.5, 412.5, 9.377700043801939)",5.297673245271047e-07,0.0,-17.09364937298313,9.53881372419505e-13,123.69699999908335
2,9,54,"(337.5, 412.5, 9.377700043801939)",0.0004204487180817114,740.0572509765625,-6.526863285602253,0.0009083226338326355,86.19660000113072
2,9,55,"(337.5, 437.5, 10.400297021568935)",0.03190500165224998,0.0,-9.844073067868763,0.017363209956524513,147.03100000042468
2,9,56,"(337.5, 412.5, 9.377700043801939)",8.327576021353404e-07,0.0,-9.433013305975416,7.679452736954316e-06,172.11670000324375
2,9,57,"(337.5, 412.5, 9.377700043801939)",1.3460372364535889,616.4693603515625,-3.4347758225843124,0.495077605576494,87.89519999845652
2,9,58,"(362.5, 412.5, 7.512358105982148)",0.0008012273601238956,0.0,-10.967730812005277,0.0003210243961365504,137.9954000003636
2,9,59,"(337.5, 412.5, 9.377700043801939)",1.2962909514582381e-06,0.0,-17.503922244329676,3.2379353590979704e-06,135.14040000154637
2,9,60,"(337.5, 412.5, 9.377700043801939)",0.0008783797125459493,740.0572509765625,-6.5268632856023165,0.0010682284472343419,87.39650000279653
2,9,61,"(337.5, 412.5, 9.377700043801939)",2.2746393577036037e-06,0.0,-13.053726571204505,2.814826782082502e-06,127.43530000079772
2,9,62,"(337.5, 412.5, 9.377700043801939)",5.297673245271047e-07,0.0,-19.580589856743902,9.287232599600934e-12,122.78510000032838
2,9,63,"(337.5, 412.5, 9.377700043801939)",0.000589294821564431,740.0572509765625,-6.5268632856022535,0.0009083275596415932,89.86229999936768
2,9,64,"(312.5, 412.5, 11.543004562335339)",-1.5589771921080797e-07,0.0,-8.443393767062554,0.0005815121971320069,143.44250000067404
2,9,65,"(337.5, 412.5, 9.377700043801939)",1.3447424988630205e-07,0.0,-8.032404704044172,7.6241087610438605e-06,140.28909999979078
2,9,66,"(337.5, 412.5, 9.377700043801939)",0.1397173971045096,740.2574462890625,-6.528997638010176,0.20421534264963814,92.1928999996453
2,9,67,"(337.5, 387.5, 8.122025837780313)",1.2889274558722815e-06,0.0,-10.566786087380514,3.833343908109654e-06,137.4112999983481
2,9,68,"(337.5, 412.5, 9.377700043801939)",5.297673245271047e-07,0.0,-17.09364937298313,9.53881372419505e-13,122.9486000011093
2,9,69,"(337.5, 412.5, 9.377700043801939)",0.0010960920518714948,740.0572509765625,-6.526863285602253,0.0009083200755013829,84.96399999785353
2,0,0,"(462.5, 487.5, 3.127296379115885)",0.08298637473819437,545.6868896484375,-1.385964056549791,2.1011788474381046,87.02940000148374
2,0,1,"(462.5, 462.5, 3.1411719247664083)",0.006426595689692051,0.0,-2.6449837844435935,1.6231846188760422,137.683000000834
2,0,2,"(437.5, 462.5, 4.032539977718922)",0.0008955548206964331,0.0,-4.535616342729396,1.3176203770263568,125.02319999839528
2,0,3,"(437.5, 462.5, 4.032539977718922)",0.0121450046433851,731.5593872070312,-1.8819142640145117,1.2827858599966602,88.57759999955306
2,0,4,"(412.5, 462.5, 5.176557100199439)",0.011156010181483317,0.0,-4.660916515167451,0.3861593463644579,127.65399999989313
2,0,5,"(387.5, 462.5, 6.644563227708976)",5.314747492472331e-07,0.0,-9.023338985931975,0.008035683636508752,124.10090000048513
2,0,6,"(387.5, 462.5, 6.644563227708976)",0.003547804996018173,733.795654296875,-4.377007987227679,0.0456262690778012,86.75829999992857
2,0,7,"(387.5, 487.5, 6.600725374454914)",0.30353441184880964,0.0,-6.462321000444027,0.23871142490693067,148.86000000115018
2,0,8,"(387.5, 462.5, 6.644563227708976)",0.07747886081538817,0.0,-11.325127754165472,0.5647866953160785,120.82809999992605
2,0,9,"(387.5, 462.5, 6.644563227708976)",0.08527044283524171,733.8357543945312,-4.377115804752307,0.13630683752219636,86.84619999985443
2,0,10,"(387.5, 487.5, 6.600725374454914)",0.10959770702888347,0.0,-6.522233605418569,0.211765232123132,146.45979999841074
2,0,11,"(387.5, 487.5, 6.600725374454914)",-8.443991343180338e-08,0.0,-10.324230430680142,0.01573258082813535,150.74250000179745
2,0,12,"(387.5, 487.5, 6.600725374454914)",0.002593977564385997,568.3601684570312,-2.0646565321408463,0.004008219937447012,86.48389999871142
2,0,13,"(412.5, 487.5, 5.147226552974528)",0.07309224597196508,0.0,-5.3024567417174895,0.04212579177752164,113.01480000111042
2,0,14,"(387.5, 487.5, 6.600725374454914)",-8.443991343180339e-08,0.0,-7.367148268329169,1.116015958947101e-05,121.02080000113347
2,0,15,"(387.5, 487.5, 6.600725374454914)",0.004238681823337264,568.3601684570312,-2.0646565336694,0.005468709220297682,88.4723999988637
2,0,16,"(387.5, 462.5, 6.644563227708976)",1.358308872998503,0.0,-7.5609641549565625,0.9803614874033446,125.34609999784152
2,0,17,"(387.5, 462.5, 6.644563227708976)",5.314765919002497e-07,0.0,-10.925813517814618,0.12934522044145744,170.95719999997527
2,0,18,"(387.5, 462.5, 6.644563227708976)",0.02158066470236955,733.7976684570312,-4.377006976693345,0.04382907973253067,84.50820000143722
2,0,19,"(387.5, 437.5, 6.419652941837749)",0.0003055933076809335,0.0,-8.17886381507634,0.004822427489680671,138.65810000061174
2,0,20,"(362.5, 437.5, 8.184609533832969)",2.545615037282308e-07,0.0,-14.101826453899662,1.3863868642538204e-07,130.4307999998855
2,0,21,"(362.5, 437.5, 8.184609533832969)",0.0009144917568435533,737.1627197265625,-5.922963805183014,0.002104718480984958,85.30170000085491
2,0,22,"(362.5, 412.5, 7.512358105982148)",1.7722142256999512e-06,0.0,-10.373242472203456,9.477311471378153e-05,138.33639999938896
2,0,23,"(337.5, 412.5, 9.377700043801939)",5.297673245271047e-07,0.0,-16.90010575667385,1.4061548361031724e-12,122.41820000053849
2,0,24,"(337.5, 412.5, 9.377700043801939)",0.001132748767267885,740.0572509765625,-6.526863285602252,0.0009083206793893166,88.48850000140374
2,0,25,"(337.5, 387.5, 8.122025837780313)",1.2889274558722807e-06,0.0,-10.566786087380438,3.241166276669701e-06,139.17990000118152
2,0,26,"(337.5, 412.5, 9.377700043801939)",5.297673245271047e-07,0.0,-17.09364937298313,9.53783343926653e-13,125.06159999975353
2,0,27,"(337.5, 412.5, 9.377700043801939)",0.001441775395650281,740.0572509765625,-6.526863285602252,0.0009083188233780903,87.8365999997186
2,0,28,"(337.5, 387.5, 8.122025837780313)",1.2889274558722834e-06,0.0,-10.566786087380436,3.241163302610058e-06,140.22399999885238
2,0,29,"(337.5, 412.5, 9.377700043801939)",5.297673245271047e-07,0.0,-17.09364937298313,9.537833429774661e-13,122.013699998206
2,0,30,"(337.5, 412.5, 9.377700043801939)",0.0018252857419232417,740.0572509765625,-6.526863285602253,0.0009083228456764497,85.57950000249548
2,0,31,"(337.5, 437.5, 10.400297021568935)",0.01581486700202435,0.0,-9.844073067868763,0.017363210176425538,146.19740000125603
2,0,32,"(337.5, 412.5, 9.377700043801939)",8.327576021353403e-07,0.0,-9.43301314670745,7.622204174719806e-06,164.25250000247615
2,0,33,"(337.5, 412.5, 9.377700043801939)",1.371967802744725,616.5808715820312,-3.4341349489499495,0.4951227461139964,85.13590000075055
2,0,34,"(362.5, 412.5, 7.512358105982148)",0.0007858333242055901,0.0,-10.967929937110906,0.00031705260320335723,150.31420000013895
2,0,35,"(337.5, 412.5, 9.377700043801939)",1.25552087603959e-06,0.0,-17.503926089728658,3.1009792786367863e-06,138.82160000139265
2,0,36,"(337.5, 412.5, 9.377700043801939)",0.0006551868040904448,740.0572509765625,-6.526863285602314,0.0010656651760348,87.09430000089924
2,0,37,"(362.5, 412.5, 7.512358105982148)",1.772214261428243e-06,0.0,-10.977141951539998,9.057791159571927e-06,136.92340000125114
2,0,38,"(337.5, 412.5, 9.377700043801939)",5.297673245271047e-07,0.0,-17.504005134814285,2.303723171634535e-10,123.50039999728324
2,0,39,"(337.5, 412.5, 9.377700043801939)",0.0014154463903318045,740.0572509765625,-6.526863285602253,0.0009083239137637838,85.72279999862076
2,0,40,"(362.5, 412.5, 7.512358105982148)",1.7722142685819648e-06,0.0,-10.977141951538998,7.534418852241673e-06,140.07629999832716
2,0,41,"(337.5, 412.5, 9.377700043801939)",5.297673245271047e-07,0.0,-17.504005134814285,2.303722001943503e-10,124.60279999868362
2,0,42,"(337.5, 412.5, 9.377700043801939)",0.0009125863412533044,740.0572509765625,-6.526863285602253,0.0009083208918477233,85.44280000205617
2,0,43,"(337.5, 387.5, 8.122025837780313)",1.2889274558722807e-06,0.0,-10.566786087380436,3.241163302610065e-06,136.33520000075805
2,0,44,"(337.5, 412.5, 9.377700043801939)",5.297673245271047e-07,0.0,-17.09364937298313,9.53783342970818e-13,128.19719999970403
2,0,45,"(337.5, 412.5, 9.377700043801939)",0.0009986020902030875,740.0572509765625,-6.526863285602253,0.0009083259918234133,88.69889999914449
2,0,46,"(312.5, 412.5, 11.543004562335339)",-1.5589775751158887e-07,0.0,-8.443393767062553,0.0005815121971320066,148.11770000233082
2,0,47,"(337.5, 412.5, 9.377700043801939)",1.3447424976043888e-07,0.0,-8.03240470404417,7.624108761031577e-06,130.6691999998293
2,0,48,"(337.5, 412.5, 9.377700043801939)",0.13806529267916237,740.2430419921875,-6.528997638010177,0.20421528951029633,87.39820000118925
2,0,49,"(362.5, 412.5, 7.512358105982148)",1.7722142514562728e-06,0.0,-10.97714195154271,1.1818182297225835e-05,140.41029999862076
2,0,50,"(337.5, 412.5, 9.377700043801939)",5.297673245271047e-07,0.0,-17.504005134814285,2.3037249893698443e-10,124.79890000031446
2,0,51,"(337.5, 412.5, 9.377700043801939)",0.0008971081152244795,740.0572509765625,-6.5268632856022535,0.0009083263974383296,87.19980000023497
2,0,52,"(362.5, 412.5, 7.512358105982148)",1.7722142782919164e-06,0.0,-10.977141951538995,7.534418852263082e-06,136.60750000053667
2,0,53,"(337.5, 412.5, 9.377700043801939)",5.297673245271047e-07,0.0,-17.504005134814285,2.303722001943503e-10,125.4439000003913
2,0,54,"(337.5, 412.5, 9.377700043801939)",0.0012592880060263692,740.0572509765625,-6.526863285602253,0.0009083242418392336,88.78750000076252
2,0,55,"(337.5, 387.5, 8.122025837780313)",1.2889274558722807e-06,0.0,-10.566786087380436,3.2411633026100565e-06,138.13049999953364
2,0,56,"(337.5, 412.5, 9.377700043801939)",5.297673245271047e-07,0.0,-17.09364937298313,9.53783342970818e-13,123.92829999953392
2,0,57,"(337.5, 412.5, 9.377700043801939)",0.0009903715239520374,740.0572509765625,-6.526863285602252,0.0009083281584003661,87.32099999906495
2,0,58,"(362.5, 412.5, 7.512358105982148)",1.7722142285170989e-06,0.0,-10.977141951538997,7.5344188521552175e-06,136.36679999763146
2,0,59,"(337.5, 412.5, 9.377700043801939)",5.297673245271047e-07,0.0,-17.504005134814285,2.303722001943503e-10,129.8077999999805
2,0,60,"(337.5, 412.5, 9.377700043801939)",0.0012981356483394756,740.0572509765625,-6.526863285602252,0.0009083248755484248,85.89440000287141
2,0,61,"(337.5, 387.5, 8.122025837780313)",1.288927455699716e-06,0.0,-10.566786087380436,3.241163302610053e-06,139.02339999913238
2,0,62,"(337.5, 412.5, 9.377700043801939)",5.297673245271047e-07,0.0,-17.09364937298313,9.53783342970818e-13,130.4603999997198
2,0,63,"(337.5, 412.5, 9.377700043801939)",0.0005882832661234754,740.0572509765625,-6.526863285602253,0.0009083275631686401,90.88719999999739
2,0,64,"(337.5, 387.5, 8.122025837780313)",1.2889274558722807e-06,0.0,-10.566786087380436,3.2411633026100565e-06,138.8135000015609
2,0,65,"(337.5, 412.5, 9.377700043801939)",5.297673245271047e-07,0.0,-17.09364937298313,9.53783342971897e-13,122.84130000261939
2,0,66,"(337.5, 412.5, 9.377700043801939)",0.0009984471328426696,740.0572509765625,-6.5268632856022535,0.0009083270787668912,84.54490000076476
2,0,67,"(337.5, 412.5, 9.377700043801939)",2.274639360761031e-06,0.0,-13.053726571204507,2.814826780164775e-06,131.11289999869769
2,0,68,"(337.5, 412.5, 9.377700043801939)",5.297673245271047e-07,0.0,-19.580589856743902,9.287232599453812e-12,125.01020000127028
2,0,69,"(337.5, 412.5, 9.377700043801939)",0.0006159408318143451,740.0572509765625,-6.526863285602253,0.0009083219015862575,86.69450000161305
2,1,0,"(462.5, 487.5, 3.127296379115885)",0.07936733899416351,545.680908203125,-1.3859640565497908,2.10117886857683,86.6585000003397
2,1,1,"(462.5, 487.5, 3.127296379115885)",0.008557366271686774,0.0,-2.7081679619779897,1.5332009973670468,125.54879999879631
2,1,2,"(437.5, 487.5, 4.012520353342856)",0.001148378747688404,0.0,-4.633271460102282,0.9416221909633312,123.08689999917988
2,1,3,"(437.5, 487.5, 4.012520353342856)",0.0162847622551319,547.9342041015625,-1.9325364693052596,0.9391147548212271,89.91389999937383
2,1,4,"(412.5, 487.5, 5.147226552974528)",0.03957569695879059,0.0,-4.832418102460997,0.2127298071789383,127.14630000118632
2,1,5,"(412.5, 462.5, 5.176557100199439)",5.60432672500286e-05,0.0,-7.6258085729559975,0.013761635412672883,124.15410000176053
2,1,6,"(412.5, 462.5, 5.176557100199439)",0.006444540289068847,732.9360961914062,-2.7975592081034124,0.22970654310120645,87.77869999903487
2,1,7,"(387.5, 462.5, 6.644563227708976)",0.0008139417239323453,0.0,-7.174327080072841,0.013142383377592486,125.05600000076811
2,1,8,"(387.5, 487.5, 6.600725374454914)",0.018661176164815538,0.0,-11.733248559794376,0.02607987240051547,139.3605999983265
2,1,9,"(387.5, 487.5, 6.600725374454914)",0.185412976830593,568.486083984375,-2.0672848740108174,0.27175630702844383,86.21660000062548
2,1,10,"(362.5, 487.5, 8.460406646791682)",-1.6492589053910812e-07,0.0,-2.7352321041641665,2.854667052559153e-06,137.8221000013582
2,1,11,"(362.5, 462.5, 8.527721324025148)",4.3834249178568524e-07,0.0,-5.766375176265749,2.498424998585475e-12,121.75779999961378
2,1,12,"(362.5, 462.5, 8.527721324025148)",0.0019434541322417057,783.13330078125,-3.0311430721118118,0.0009065984292615762,87.25319999939529
2,1,13,"(362.5, 437.5, 8.184609533832969)",0.01131618657566577,0.0,-5.628145777507459,0.0020533238672450194,140.43159999710042
2,1,14,"(387.5, 437.5, 6.419652941837749)",5.069521500792844e-07,0.0,-12.768419642996122,0.015273519686824878,162.074500000017
2,1,15,"(387.5, 437.5, 6.419652941837749)",0.001424277736377148,736.1527709960938,-3.8018565856293396,0.013280755054393419,87.05729999928735
2,1,16,"(387.5, 462.5, 6.644563227708976)",0.00011545199443287107,0.0,-8.178863942696463,0.003017274445060157,139.8652999996557
2,1,17,"(387.5, 462.5, 6.644563227708976)",5.314747492472329e-07,0.0,-12.55586949046476,4.924511355589687e-06,123.88080000164337
2,1,18,"(387.5, 462.5, 6.644563227708976)",0.0026883057559636365,733.795654296875,-4.377006184480227,0.016809721381284778,89.78800000113552
2,1,19,"(387.5, 487.5, 6.600725374454914)",0.3022977311112972,0.0,-6.460567447812345,0.22919711272846177,145.45609999913722
2,1,20,"(387.5, 487.5, 6.600725374454914)",-8.443991343180338e-08,0.0,-10.315058773214211,0.03444371231538627,160.6973999987531
2,1,21,"(387.5, 487.5, 6.600725374454914)",0.00328193795000093,568.3601684570312,-2.0646565322913597,0.0042317536982288085,85.12120000159484
2,1,22,"(387.5, 487.5, 6.600725374454914)",-1.2143272192704553e-07,0.0,-4.12931306348269,3.616446604409823e-05,120.88690000018687
2,1,23,"(387.5, 462.5, 6.644563227708976)",0.004401849505819441,0.0,-10.326178145429656,0.011327979827323609,130.05209999755607
2,1,24,"(387.5, 462.5, 6.644563227708976)",0.533311669846217,736.5223999023438,-4.447793491979249,0.793379973051151,85.65190000081202
2,1,25,"(387.5, 437.5, 6.419652941837749)",0.00030559325497587293,0.0,-8.178865429322638,0.006073945312396682,137.31109999935143
2,1,26,"(362.5, 437.5, 8.184609533832969)",2.545615037282308e-07,0.0,-14.101826463488171,1.5715459087217646e-07,125.51629999870784
2,1,27,"(362.5, 437.5, 8.184609533832969)",0.0008177915365820868,737.1627197265625,-5.922963805185455,0.002123360232778956,85.82540000134031
2,1,28,"(362.5, 462.5, 8.527721324025148)",0.7594604504883855,0.0,-9.226489197051583,0.5409007041719194,114.764699999796
2,1,29,"(362.5, 437.5, 8.184609533832969)",-9.809908116514334e-08,0.0,-14.249910362246355,0.4939684584036385,147.04949999941164
2,1,30,"(362.5, 437.5, 8.184609533832969)",0.07983761106860567,737.2508544921875,-5.923222962794847,0.12270626762298731,86.15890000146464
2,1,31,"(362.5, 412.5, 7.512358105982148)",1.7722142256999533e-06,0.0,-10.373242471734516,7.767714006694866e-05,135.25429999936023
2,1,32,"(337.5, 412.5, 9.377700043801939)",5.297673245271047e-07,0.0,-16.9001057566738,1.2970511907959743e-12,131.9552000022668
2,1,33,"(337.5, 412.5, 9.377700043801939)",0.0013158857193096409,740.0572509765625,-6.526863285602253,0.0009083195605441733,88.43789999809815
2,1,34,"(337.5, 387.5, 8.122025837780313)",1.288927455872282e-06,0.0,-10.566786087380434,3.241164280383244e-06,137.63209999888204
2,1,35,"(337.5, 412.5, 9.377700043801939)",5.297673245271047e-07,0.0,-17.09364937298313,9.537833430054618e-13,123.37439999828348
2,1,36,"(337.5, 412.5, 9.377700043801939)",0.00019321200644427478,740.0572509765625,-6.526863285602253,0.0009083235131624325,87.1398000017507
2,1,37,"(337.5, 387.5, 8.122025837780313)",1.2889274558722837e-06,0.0,-10.566786087380436,3.241163302610058e-06,146.03799999895273
2,1,38,"(337.5, 412.5, 9.377700043801939)",5.297673245271047e-07,0.0,-17.09364937298313,9.53783342971897e-13,124.75749999794061
2,1,39,"(337.5, 412.5, 9.377700043801939)",0.0005260924043382739,740.0572509765625,-6.526863285602253,0.0009083222432206293,89.45289999974193
2,1,40,"(362.5, 412.5, 7.512358105982148)",1.772214261022856e-06,0.0,-10.977141951538995,7.5344188522257466e-06,137.9711999979918
2,1,41,"(337.5, 412.5, 9.377700043801939)",5.297673245271047e-07,0.0,-17.504005134814285,2.303722001943503e-10,127.44079999902169
2,1,42,"(337.5, 412.5, 9.377700043801939)",0.001256452599020074,740.0572509765625,-6.526863285602252,0.0009083226307470421,87.08979999937583
2,1,43,"(337.5, 412.5, 9.377700043801939)",2.274639425905705e-06,0.0,-13.053726571204505,2.8148267801916267e-06,127.49800000165123
2,1,44,"(337.5, 412.5, 9.377700043801939)",5.297673245271047e-07,0.0,-19.580589856743902,9.287232598420634e-12,125.49260000014328
2,1,45,"(337.5, 412.5, 9.377700043801939)",0.0005903746215798335,740.0572509765625,-6.526863285602252,0.0009083220162100987,86.51989999998477
2,1,46,"(337.5, 387.5, 8.122025837780313)",1.2889274558722817e-06,0.0,-10.566786087380436,3.2411633026100624e-06,138.69479999993928
2,1,47,"(337.5, 412.5, 9.377700043801939)",5.297673245271047e-07,0.0,-17.09364937298313,9.537833429774661e-13,122.49009999868576
2,1,48,"(337.5, 412.5, 9.377700043801939)",0.0011697273149742773,740.0572509765625,-6.526863285602253,0.0009083253256585398,84.79720000104862
2,1,49,"(312.5, 412.5, 11.543004562335339)",-1.558977583147942e-07,0.0,-8.443393767062553,0.0005815121971320061,146.87330000015208
2,1,50,"(337.5, 412.5, 9.377700043801939)",1.344742497332786e-07,0.0,-8.03240470404417,7.624108761027486e-06,132.88810000085505
2,1,51,"(337.5, 412.5, 9.377700043801939)",0.140682568954341,740.220703125,-6.528997638010177,0.20421531800173995,88.47280000190949
2,1,52,"(337.5, 387.5, 8.122025837780313)",1.2889274558722834e-06,0.0,-10.56678608738051,3.833343908109813e-06,138.601300001028
2,1,53,"(337.5, 412.5, 9.377700043801939)",5.297673245271047e-07,0.0,-17.09364937298313,9.538813722660105e-13,124.72619999971357
2,1,54,"(337.5, 412.5, 9.377700043801939)",0.0014122355317947237,740.0572509765625,-6.5268632856022535,0.0009083188565317882,86.92490000248654
2,1,55,"(337.5, 437.5, 10.400297021568935)",0.036245481191416705,0.0,-9.844073067868765,0.01736321017793904,146.87460000277497
2,1,56,"(337.5, 412.5, 9.377700043801939)",8.327576021353403e-07,0.0,-9.433013146822566,7.6222455464347535e-06,164.0308999994886
2,1,57,"(337.5, 412.5, 9.377700043801939)",1.370512521618448,617.6588134765625,-3.4341270362599934,0.49505056858243746,89.21840000039083
2,1,58,"(337.5, 387.5, 8.122025837780313)",1.834503625514167,0.0,-4.631388251092389,0.6499447589283117,133.3377000009932
2,1,59,"(337.5, 362.5, 6.836404624384365)",0.16505656298361737,0.0,-6.950058729220089,0.3878422094429758,129.03660000301898
2,1,60,"(337.5, 362.5, 6.836404624384365)",0.016137014866776222,740.8211669921875,-2.2809161001760914,0.13186084358400996,84.66629999747965
2,1,61,"(312.5, 362.5, 7.999359988870806)",2.930261692769593e-07,0.0,-4.738619662134797,0.00012455750204516634,121.93219999971916
2,1,62,"(312.5, 337.5, 6.4720487778634865)",2.3543058584133786e-07,0.0,-5.879779221165052,2.4496991555619774e-07,139.15320000160136
2,1,63,"(312.5, 337.5, 6.4720487778634865)",0.0017408796882400978,743.1393432617188,-1.1411597228294728,0.014433848298089259,90.36570000171196
2,1,64,"(312.5, 362.5, 7.999359988870806)",2.930261692769584e-07,0.0,-3.5989426099158037,7.05064414799943e-05,140.03440000306
2,1,65,"(312.5, 337.5, 6.4720487778634865)",2.3543058584133783e-07,0.0,-4.740102287370499,2.2546139659127857e-07,126.41210000219871
2,1,66,"(312.5, 337.5, 6.4720487778634865)",0.002421415589970635,743.1393432617188,-1.141159720264166,0.01418555275347976,86.52010000150767
2,1,67,"(312.5, 362.5, 7.999359988870806)",2.9302616927695965e-07,0.0,-3.5989426092296934,7.018753410551295e-05,140.81439999790746
2,1,68,"(312.5, 337.5, 6.4720487778634865)",2.3543058584133783e-07,0.0,-4.740102287317133,2.2515813950715485e-07,133.62839999899734
2,1,69,"(312.5, 337.5, 6.4720487778634865)",0.0030193152468137243,743.1393432617188,-1.1411597202239492,0.014181563156391613,87.61040000172216
2,2,0,"(462.5, 487.5, 3.127296379115885)",0.08030827607177908,545.6968383789062,-1.385964056549791,2.101178963955714,86.84600000196951
2,2,1,"(462.5, 462.5, 3.1411719247664083)",0.007496578393465652,0.0,-2.6449837844435935,1.6231846188599612,137.41799999843352
2,2,2,"(437.5, 462.5, 4.032539977718922)",0.0009629478057221932,0.0,-4.535616342729393,1.3176203770263561,119.39150000034715
2,2,3,"(437.5, 462.5, 4.032539977718922)",0.010600648993693115,731.5588989257812,-1.8819142640145117,1.2827858536206402,87.02350000021397
2,2,4,"(412.5, 462.5, 5.176557100199439)",0.010136413039142974,0.0,-4.660916515167453,0.3861593463620623,126.30279999939376
2,2,5,"(387.5, 462.5, 6.644563227708976)",5.314747492472329e-07,0.0,-9.023338985931973,0.00803568363650875,120.28830000053858
2,2,6,"(387.5, 462.5, 6.644563227708976)",0.003273055039148484,733.7942504882812,-4.377007987227677,0.04562626697863158,86.14879999731784
2,2,7,"(387.5, 437.5, 6.419652941837749)",0.0002270280838330782,0.0,-8.178866553791936,0.006836037678021197,136.85460000124294
2,2,8,"(387.5, 462.5, 6.644563227708976)",5.31474749247233e-07,0.0,-12.55587006475058,1.0169762969531514e-05,124.08660000073723
2,2,9,"(387.5, 462.5, 6.644563227708976)",0.002028351645998428,733.795654296875,-4.3770062890263635,0.019054456685430807,86.67500000228756
2,2,10,"(387.5, 462.5, 6.644563227708976)",0.0030417643448544984,0.0,-8.754012381191789,0.00238382802202991,134.12930000049528
2,2,11,"(412.5, 462.5, 5.176557100199439)",8.09629758199056e-07,0.0,-11.551259263155659,8.789385417593725e-05,131.59710000036284
2,2,12,"(412.5, 462.5, 5.176557100199439)",0.0021393241790333695,732.9442749023438,-2.797247827486311,0.08190361883323578,87.00060000046506
2,2,13,"(412.5, 487.5, 5.147226552974528)",0.002216275661575074,0.0,-5.7095419907953895,0.056877189958017355,137.19880000280682
2,2,14,"(387.5, 487.5, 6.600725374454914)",0.2296011447906433,0.0,-8.910756493069355,0.49646274649635064,132.00830000278074
2,2,15,"(387.5, 487.5, 6.600725374454914)",0.06672761131288167,568.3701782226562,-2.064706067235714,0.09425657070751513,88.19899999798508
2,2,16,"(387.5, 487.5, 6.600725374454914)",0.001460657758859994,0.0,-4.129313069348333,8.67511364759725e-05,122.24380000043311
2,2,17,"(387.5, 487.5, 6.600725374454914)",-8.443991343180338e-08,0.0,-6.193969594828297,4.791787403703724e-10,123.59649999780231
2,2,18,"(387.5, 487.5, 6.600725374454914)",0.0007813429427129551,568.3601684570312,-2.064656531569181,0.00138358251401021,87.30149999973946
2,2,19,"(387.5, 487.5, 6.600725374454914)",-1.214327219270467e-07,0.0,-4.129313063213447,2.311182351873685e-05,121.28319999828818
2,2,20,"(387.5, 462.5, 6.644563227708976)",0.008558938977391711,0.0,-10.326688906229858,0.010075684574544058,124.18009999964852
2,2,21,"(387.5, 462.5, 6.644563227708976)",0.5465643493412562,736.4005126953125,-4.455041570909232,0.8177312348395606,89.04990000155522
2,2,22,"(362.5, 462.5, 8.527721324025148)",0.0029169745402765858,0.0,-9.12315185610588,0.1638870559245451,148.54930000001332
2,2,23,"(362.5, 487.5, 8.460406646791682)",-9.809931119283043e-08,0.0,-9.902575040826846,3.2925676270771453e-07,131.34539999737171
2,2,24,"(362.5, 487.5, 8.460406646791682)",0.0016641368909533277,568.50439453125,-0.6705755725853451,0.0009060855712381049,88.2369999999355
2,2,25,"(362.5, 462.5, 8.527721324025148)",2.2518600021904147e-06,0.0,-3.7017186446971566,2.846656008189682e-06,133.8767999986885
2,2,26,"(362.5, 437.5, 8.184609533832969)",-9.809750301718511e-08,0.0,-6.298874753674969,7.700132633062507e-05,135.01289999840083
2,2,27,"(362.5, 437.5, 8.184609533832969)",1.0988036874493567,791.0170288085938,-10.465541214687748,0.5917441412479774,85.27010000034352
2,2,28,"(362.5, 462.5, 8.527721324025148)",0.036051853641407824,0.0,-8.957113808174165,0.030443689973435786,148.36559999821475
2,2,29,"(387.5, 462.5, 6.644563227708976)",0.11962658166909743,0.0,-13.56061491843844,0.2760922341334537,121.19320000056177
2,2,30,"(387.5, 462.5, 6.644563227708976)",0.10006422474817937,733.8457641601562,-4.377182207090029,0.1475373083452326,85.06979999947362
2,2,31,"(412.5, 462.5, 5.176557100199439)",0.00012988213205542446,0.0,-7.174253074743005,0.01371290875455185,139.73849999820231
2,2,32,"(387.5, 462.5, 6.644563227708976)",5.31474749247233e-07,0.0,-11.55126079138979,4.9652908999007994e-05,123.85010000070906
2,2,33,"(387.5, 462.5, 6.644563227708976)",0.001912481472285799,733.795654296875,-4.377006346011298,0.026159247005395157,85.86540000032983
2,2,34,"(387.5, 462.5, 6.644563227708976)",0.0004194821171967014,0.0,-8.75401295939423,0.002579740066094474,131.3497000010102
2,2,35,"(362.5, 462.5, 8.527721324025148)",4.3834253085378514e-07,0.0,-11.790426254039831,0.007584232174313049,130.20930000129738
2,2,36,"(362.5, 462.5, 8.527721324025148)",0.0033600043090175912,783.13330078125,-3.031143074201033,0.004911858736264839,85.5366999967373
2,2,37,"(362.5, 437.5, 8.184609533832969)",0.004281495903769712,0.0,-5.628145790780154,0.0020533238082220367,139.00030000149854
2,2,38,"(362.5, 412.5, 7.512358105982148)",0.0031632349998722115,0.0,-8.654187369304935,0.00041726341070259364,140.23860000088462
2,2,39,"(362.5, 412.5, 7.512358105982148)",0.0016986464777924257,738.4631958007812,-4.45027866871208,0.007715714471460923,89.43139999973937
2,2,40,"(362.5, 387.5, 6.644563227708976)",0.0005996320888882265,0.0,-7.475673308134766,0.004717807373925451,135.82170000154292
2,2,41,"(337.5, 387.5, 8.122025837780313)",1.7213945587476095e-07,0.0,-11.515595440680784,1.6498786148086052e-07,123.34149999878719
2,2,42,"(337.5, 387.5, 8.122025837780313)",0.0010257279625477485,740.7197265625,-4.039922801851808,0.0023899533409216744,85.35729999857722
2,2,43,"(337.5, 362.5, 6.836404624384365)",1.2454349992222765e-06,0.0,-6.320759459554957,0.0008076585006976264,138.18729999911739
2,2,44,"(337.5, 337.5, 5.641752186721501)",5.52895168463389e-07,0.0,-7.561759516746992,0.0006828092263716958,133.20440000097733
2,2,45,"(337.5, 337.5, 5.641752186721501)",0.031010830257165323,740.4834594726562,-1.2410000137403805,0.26626571934987014,85.85610000227462
2,2,46,"(312.5, 337.5, 6.4720487778634865)",0.027495945370123964,0.0,-2.3829577564413036,0.1288528498851829,121.62339999849792
2,2,47,"(287.5, 337.5, 7.198514700667702)",-2.397622059409817e-07,0.0,-3.2097131695408088,0.0006283980481374913,125.39310000283876
2,2,48,"(287.5, 337.5, 7.198514700667702)",0.0037280501868424162,747.119873046875,-0.8275525935293726,0.0042753092957939776,85.53649999885238
2,2,49,"(287.5, 337.5, 7.198514700667702)",-7.225359655451507e-07,0.0,-1.6551051861466908,2.422656613179218e-05,133.04860000062035
2,2,50,"(262.5, 337.5, 7.706480720276972)",-1.607186277396977e-07,0.0,-2.111128131992122,2.303244319854476e-07,124.52900000062073
2,2,51,"(262.5, 337.5, 7.706480720276972)",0.011499954206564933,753.4866943359375,-0.4560230797015558,0.03299478296484949,84.48800000041956
2,2,52,"(287.5, 337.5, 7.198514700667702)",-7.225359374198859e-07,0.0,-1.2835760194058676,0.0003581420354261752,137.78850000016973
2,2,53,"(262.5, 337.5, 7.706480720276972)",-1.6071862773963186e-07,0.0,-1.739599397026141,2.7826496955383085e-05,128.87299999783863
2,2,54,"(262.5, 337.5, 7.706480720276972)",0.035489232525276915,753.3440551757812,-0.4560288111537261,0.0909256639476966,90.04629999981262
2,2,55,"(287.5, 337.5, 7.198514700667702)",0.0029182187209000755,0.0,-1.283576838351062,0.0004946907449068097,136.64490000155638
2,2,56,"(312.5, 337.5, 6.4720487778634865)",2.3543058584133783e-07,0.0,-2.424735209669428,8.592264567074215e-09,146.52310000019497
2,2,57,"(312.5, 337.5, 6.4720487778634865)",0.001421448011920459,743.1393432617188,-1.1411596848520376,0.007170807071476124,83.37620000020252
2,2,58,"(287.5, 337.5, 7.198514700667702)",0.002570557025017339,0.0,-1.968712352005268,0.0001831400168637079,120.41809999936959
2,2,59,"(262.5, 337.5, 7.706480720276972)",-1.6071862773969767e-07,0.0,-2.4247352119157513,6.70481850569801e-08,127.164300000004
2,2,60,"(262.5, 337.5, 7.706480720276972)",0.009757131322106373,753.4866943359375,-0.45602299924884315,0.025333759258767106,86.53570000024047
2,2,61,"(262.5, 312.5, 6.024387455566984)",0.032700152476947214,0.0,-0.9329771417997929,0.06205319805454267,138.5467999971297
2,2,62,"(287.5, 312.5, 5.684209381380459)",7.855608904113372e-08,0.0,-1.3776299013371414,6.763808525001352e-05,124.10770000133198
2,2,63,"(287.5, 312.5, 5.684209381380459)",0.011534975634909593,745.5568237304688,-0.44500085764682773,0.04377651962129187,86.95169999919017
2,2,64,"(262.5, 312.5, 6.024387455566984)",0.01900922285143035,0.0,-0.9216825656320924,0.023742684099200342,137.0623999973759
2,2,65,"(262.5, 337.5, 7.706480720276972)",-1.6071862773969772e-07,0.0,-1.3776310669958054,0.00010142600682844122,123.75810000230558
2,2,66,"(262.5, 337.5, 7.706480720276972)",0.04693989093723609,753.1823120117188,-0.45603949223946383,0.11992910876589062,86.46750000116299
2,2,67,"(262.5, 337.5, 7.706480720276972)",0.19764551554396856,0.0,-0.9183557770440066,0.3065014491963834,144.12450000236277
2,2,68,"(287.5, 337.5, 7.198514700667702)",-2.397622059409817e-07,0.0,-1.7397042818272763,0.002023095310620369,125.95470000087516
2,2,69,"(287.5, 337.5, 7.198514700667702)",0.001393009132458002,747.119873046875,-0.827552593291591,0.003772826873135137,86.47259999997914
2,3,0,"(462.5, 487.5, 3.127296379115885)",0.0797889668207599,545.7067260742188,-1.3859640565497908,2.101178866835122,87.12009999726433
2,3,1,"(462.5, 462.5, 3.1411719247664083)",0.006218337565395351,0.0,-2.6449837844435935,1.6231846188666046,139.42250000036438
2,3,2,"(437.5, 462.5, 4.032539977718922)",0.0011348476012545794,0.0,-4.535616342729395,1.3176203770263566,122.57680000038818
2,3,3,"(437.5, 462.5, 4.032539977718922)",0.01125237095496425,731.5556030273438,-1.8819142640145117,1.2827858453768806,87.48390000255313
2,3,4,"(412.5, 462.5, 5.176557100199439)",0.009383562360193975,0.0,-4.660916515167452,0.38615934635480037,125.95579999833717
2,3,5,"(387.5, 462.5, 6.644563227708976)",5.314747492472331e-07,0.0,-9.023338985931975,0.008035683636508749,121.87760000233538
2,3,6,"(387.5, 462.5, 6.644563227708976)",0.004120713180891708,733.7944946289062,-4.377007987227677,0.045626259122319865,89.0285000023141
2,3,7,"(362.5, 462.5, 8.527721324025148)",0.016292981043478316,0.0,-7.511167854419727,0.16476513013061267,146.47359999798937
2,3,8,"(362.5, 437.5, 8.184609533832969)",-9.809690849187854e-08,0.0,-11.829155537802626,7.792470877323153e-05,124.73790000149165
2,3,9,"(362.5, 437.5, 8.184609533832969)",0.11264640971987973,737.235107421875,-5.923690120859061,0.16149471519020028,86.73389999967185
2,3,10,"(362.5, 437.5, 8.184609533832969)",1.524854659102429e-06,0.0,-11.845927610305548,1.141985734380136e-05,129.1060000003199
2,3,11,"(362.5, 462.5, 8.527721324025148)",2.7939681576212236e-07,0.0,-18.85031120163527,0.009989569314443204,120.78679999831365
2,3,12,"(362.5, 462.5, 8.527721324025148)",0.04203372863012988,783.1383056640625,-3.031161517359833,0.06332444360732309,86.95820000139065
2,3,13,"(362.5, 437.5, 8.184609533832969)",0.0115810388643897,0.0,-5.628145802986433,0.002053326783349799,141.0730000025069
2,3,14,"(387.5, 437.5, 6.419652941837749)",5.070047631279205e-07,0.0,-12.772417900719551,0.019343910963344004,159.22049999790033
2,3,15,"(387.5, 437.5, 6.419652941837749)",0.0007945860210017036,736.1527709960938,-3.801856580567271,0.013006146842671524,84.90900000106194
2,3,16,"(387.5, 437.5, 6.419652941837749)",0.0004636238350973359,0.0,-7.603718248579469,0.007943464280078161,132.88290000127745
2,3,17,"(362.5, 437.5, 8.184609533832969)",2.5456150372823083e-07,0.0,-13.526677133248638,6.222681152475666e-07,120.70010000024922
2,3,18,"(362.5, 437.5, 8.184609533832969)",0.0008627467478833653,737.1627197265625,-5.922963805215743,0.0023142109534094995,86.24939999936032
2,3,19,"(387.5, 437.5, 6.419652941837749)",2.4266545363737967e-06,0.0,-9.724820363300672,0.0006330752020226067,141.4273000009416
2,3,20,"(387.5, 462.5, 6.644563227708976)",5.31474749247233e-07,0.0,-14.101826366900184,1.077066043310959e-06,129.82089999786695
2,3,21,"(387.5, 462.5, 6.644563227708976)",0.0016298822974029153,733.795654296875,-4.3770060952207634,0.012483931447951683,85.06479999778094
2,3,22,"(387.5, 462.5, 6.644563227708976)",2.963096191658788e-06,0.0,-8.754012308574652,0.0021343894054249306,132.9450999983237
2,3,23,"(412.5, 462.5, 5.176557100199439)",8.09629758199056e-07,0.0,-11.551258976678614,8.4832892636174e-05,123.95779999860679
2,3,24,"(412.5, 462.5, 5.176557100199439)",0.0023484224628972615,732.9442749023438,-2.7972477467193086,0.0812930521372583,88.72089999931632
2,3,25,"(412.5, 462.5, 5.176557100199439)",0.0020606905140982444,0.0,-5.595158932955571,0.08385596892817036,134.91219999923487
2,3,26,"(387.5, 462.5, 6.644563227708976)",5.314747492472331e-07,0.0,-9.971577425888691,0.0007612588268773083,124.05910000234144
2,3,27,"(387.5, 462.5, 6.644563227708976)",0.0034654998314076137,733.795654296875,-4.377006984871168,0.03728282595866976,89.17450000080862
2,3,28,"(387.5, 487.5, 6.600725374454914)",0.313877681354236,0.0,-6.462320784967412,0.23870190136875638,147.41920000233222
2,3,29,"(387.5, 487.5, 6.600725374454914)",-8.443991343180339e-08,0.0,-10.314393338453215,0.03569147951788468,147.6647999988927
2,3,30,"(387.5, 487.5, 6.600725374454914)",0.004258744671700115,568.3601684570312,-2.0646565322992156,0.004242489844739426,87.07400000275811
2,3,31,"(362.5, 487.5, 8.460406646791682)",-1.6492589053910693e-07,0.0,-2.73523210415395,2.854623440565352e-06,139.34940000035567
2,3,32,"(362.5, 462.5, 8.527721324025148)",4.3834249178568524e-07,0.0,-5.766375176265749,2.4984249985854745e-12,122.06479999804287
2,3,33,"(362.5, 462.5, 8.527721324025148)",0.0007374544746390323,783.13330078125,-3.031143072111812,0.0009066132803178728,86.39579999726266
2,3,34,"(362.5, 437.5, 8.184609533832969)",0.015263864213163994,0.0,-5.628145777493316,0.002053323817952525,137.16280000153347
2,3,35,"(362.5, 437.5, 8.184609533832969)",-9.809919547011044e-08,0.0,-8.225295895304034,0.00013684401222344297,160.16920000038226
2,3,36,"(362.5, 437.5, 8.184609533832969)",1.1016328456677664,799.1254272460938,-10.480339283475669,1.02437113595247,119.4149999973888
2,3,37,"(362.5, 412.5, 7.512358105982148)",1.7722142256999533e-06,0.0,-10.373242480711145,0.00020344061042041787,138.16339999902993
2,3,38,"(337.5, 412.5, 9.377700043801939)",5.297673245271047e-07,0.0,-16.900105756674105,1.9547862925412493e-12,129.78369999837014
2,3,39,"(337.5, 412.5, 9.377700043801939)",0.0010191438815981596,740.0572509765625,-6.526863285602252,0.0009083245568722463,87.83469999980298
2,3,40,"(362.5, 412.5, 7.512358105982148)",1.7722142599626776e-06,0.0,-10.977141951538993,7.5344827454603395e-06,138.68860000002314
2,3,41,"(337.5, 412.5, 9.377700043801939)",5.297673245271047e-07,0.0,-17.504005134814285,2.3037220019992085e-10,122.38019999858807
2,3,42,"(337.5, 412.5, 9.377700043801939)",0.0008598050404193884,740.0572509765625,-6.526863285602252,0.0009083260490854264,84.38100000057602
2,3,43,"(362.5, 412.5, 7.512358105982148)",1.7722142791403006e-06,0.0,-10.977141951538997,7.5344188522647635e-06,138.2344000012381
2,3,44,"(337.5, 412.5, 9.377700043801939)",5.297673245271047e-07,0.0,-17.504005134814285,2.303722001943503e-10,124.59879999732948
2,3,45,"(337.5, 412.5, 9.377700043801939)",0.0010662732290330835,740.0572509765625,-6.526863285602252,0.0009083231233489386,86.40790000208654
2,3,46,"(337.5, 412.5, 9.377700043801939)",2.274639380646195e-06,0.0,-13.05372657120451,2.814826780172937e-06,128.12229999690317
2,3,47,"(337.5, 412.5, 9.377700043801939)",5.297673245271047e-07,0.0,-19.580589856743902,9.287232598420471e-12,126.94480000209296
2,3,48,"(337.5, 412.5, 9.377700043801939)",0.0006439756222355412,740.0572509765625,-6.526863285602253,0.0009083217978710136,92.16680000099586
2,3,49,"(337.5, 437.5, 10.400297021568935)",0.019715995075612582,0.0,-9.844073067868765,0.017363210145987948,148.9056000027631
2,3,50,"(312.5, 437.5, 13.134116007120344)",-6.585226704676946e-08,0.0,-6.8841286333472675,3.0844525152252202e-06,127.08909999855678
2,3,51,"(312.5, 437.5, 13.134116007120344)",0.0002917217490079952,780.0640258789062,-0.5090570322140606,0.0009078297724174706,88.84549999856972
2,3,52,"(337.5, 437.5, 10.400297021568935)",1.073205243762033e-06,0.0,-3.8261870931331767,2.8227782155233297e-06,139.38749999942956
2,3,53,"(337.5, 412.5, 9.377700043801939)",8.327576033629708e-07,0.0,-6.884128541551683,4.5027887332408945e-06,138.1768999999622
2,3,54,"(337.5, 412.5, 9.377700043801939)",1.326433361378037,619.4876098632812,-3.403358446217358,0.487253488429372,86.33980000013253
2,3,55,"(362.5, 412.5, 7.512358105982148)",0.0008859940806781608,0.0,-10.96711709846313,0.00033592970121916336,139.6138999989489
2,3,56,"(337.5, 412.5, 9.377700043801939)",1.2851283468531658e-06,0.0,-17.5039191905628,3.30508093484411e-06,134.2877999995835
2,3,57,"(337.5, 412.5, 9.377700043801939)",0.0010657288032061359,740.0572509765625,-6.5268632856023165,0.0010704265303482594,84.6361000003526
2,3,58,"(337.5, 437.5, 10.400297021568935)",0.02450580164978402,0.0,-9.844039767303517,0.013823725970515044,147.49969999684254
2,3,59,"(337.5, 412.5, 9.377700043801939)",8.327576021353403e-07,0.0,-9.43301329515849,7.675564067626976e-06,164.53469999760273
2,3,60,"(337.5, 412.5, 9.377700043801939)",1.346056317643065,647.419677734375,-3.4341413036164425,0.4944884612687758,84.29289999912726
2,3,61,"(362.5, 412.5, 7.512358105982148)",0.000904862543376343,0.0,-10.96746324037692,0.00032755105800981075,140.28770000004442
2,3,62,"(337.5, 412.5, 9.377700043801939)",1.2968342040410457e-06,0.0,-17.50392102537836,3.300356398226076e-06,133.46200000160025
2,3,63,"(337.5, 412.5, 9.377700043801939)",0.0002422482409797401,740.0572509765625,-6.5268632856023165,0.001068641298973118,85.34439999857568
2,3,64,"(312.5, 412.5, 11.543004562335339)",0.0029169306713981834,0.0,-8.443403835675403,0.0004779405152289626,146.33319999848027
2,3,65,"(312.5, 412.5, 11.543004562335339)",-2.6115837196509044e-08,0.0,-6.890984873231569,3.119466423102693e-06,124.46170000112033
2,3,66,"(312.5, 412.5, 11.543004562335339)",0.0011711161761501323,798.0051879882812,-1.916521617886066,0.0009082739563345027,87.13720000014291
2,3,67,"(312.5, 387.5, 9.73254467824523)",0.0028959203321665557,0.0,-8.901213615933965,0.0020393996732002264,136.9044999992184
2,3,68,"(337.5, 387.5, 8.122025837780313)",1.7213945592867503e-07,0.0,-11.013234088936207,9.085907815225479e-05,163.48159999688505
2,3,69,"(337.5, 387.5, 8.122025837780313)",0.0017573733311248272,740.7197265625,-4.039922801778424,0.0011429533301882632,87.77679999911925
2,4,0,"(462.5, 487.5, 3.127296379115885)",0.08290258724289529,545.6851806640625,-1.3859640565497908,2.10117891926516,87.2099000007438
2,4,1,"(462.5, 487.5, 3.127296379115885)",0.008094175224692175,0.0,-2.7081679619779897,1.5332009973737555,131.40170000042417
2,4,2,"(437.5, 487.5, 4.012520353342856)",0.0013272746120060923,0.0,-4.633271460102282,0.9416221909633312,122.59700000140583
2,4,3,"(437.5, 487.5, 4.012520353342856)",0.014748013272986447,547.9262084960938,-1.9325364693052594,0.9391147586670492,86.4661999985401
2,4,4,"(412.5, 487.5, 5.147226552974528)",0.03524435357757312,0.0,-4.832418102460997,0.2127298071789383,129.88700000278186
2,4,5,"(412.5, 487.5, 5.147226552974528)",0.004438741656216297,0.0,-7.740848077317583,0.02182619925317144,121.61860000196612
2,4,6,"(412.5, 487.5, 5.147226552974528)",0.2402627954629015,549.536865234375,-2.9129875462995702,0.4986777913920339,90.04389999972773
2,4,7,"(412.5, 487.5, 5.147226552974528)",0.5088253009835381,0.0,-5.8388321775948295,0.4829050248237537,124.88650000159396
2,4,8,"(412.5, 487.5, 5.147226552974528)",0.05741365855859161,0.0,-8.756113111940937,0.21088597238798032,125.38860000131535
2,4,9,"(412.5, 487.5, 5.147226552974528)",0.4429200617345406,550.2800903320312,-2.919015419893584,0.7459736939004139,87.00840000165044
2,4,10,"(412.5, 487.5, 5.147226552974528)",0.5607813825834064,0.0,-5.846421681325918,0.5660137352354014,121.10500000198954
2,4,11,"(412.5, 487.5, 5.147226552974528)",0.04818697840172264,0.0,-8.757595520381676,0.22357289607078756,126.40559999999823
2,4,12,"(412.5, 487.5, 5.147226552974528)",0.4504616528329415,550.32275390625,-2.9192447707558284,0.7517712057186197,86.02740000060294
2,4,13,"(387.5, 487.5, 6.600725374454914)",0.011567655942651993,0.0,-5.299859093855802,0.04288137852349794,147.98130000053789
2,4,14,"(387.5, 462.5, 6.644563227708976)",0.21411822239578163,0.0,-10.820886940943417,0.4798035679051047,153.71789999699104
2,4,15,"(387.5, 462.5, 6.644563227708976)",0.16571313935647924,733.9895629882812,-4.378135743239018,0.24813860754166936,89.29789999820059
2,4,16,"(387.5, 437.5, 6.419652941837749)",0.0001480851932980198,0.0,-8.178864034135037,0.005145699699329787,138.61660000111442
2,4,17,"(387.5, 437.5, 6.419652941837749)",5.066394805908204e-07,0.0,-11.980724558065676,4.299600496972934e-05,127.8753999977198
2,4,18,"(387.5, 437.5, 6.419652941837749)",0.001891957834827743,736.1527709960938,-3.8018572606260297,0.0381300934173961,90.18680000008317
2,4,19,"(387.5, 462.5, 6.644563227708976)",0.00012356548366648201,0.0,-8.178865918403833,0.0040638994321484335,155.91549999953713
2,4,20,"(387.5, 487.5, 6.600725374454914)",1.5397870334533431e-07,0.0,-12.747351568336708,0.010548372494016868,130.97190000189585
2,4,21,"(387.5, 487.5, 6.600725374454914)",0.23732083177336966,568.469482421875,-2.0704785849652567,0.3377481499611172,90.9060000012687
2,4,22,"(362.5, 487.5, 8.460406646791682)",-1.6492589053910802e-07,0.0,-2.735232104165729,2.8546735091679373e-06,139.6638999976858
2,4,23,"(362.5, 462.5, 8.527721324025148)",4.3834249178568524e-07,0.0,-5.766375176265749,2.4984249985854745e-12,122.88020000050892
2,4,24,"(362.5, 462.5, 8.527721324025148)",0.000845733231296612,783.13330078125,-3.031143072111812,0.0009065959493969175,88.42899999945075
2,4,25,"(362.5, 437.5, 8.184609533832969)",0.0029065081879650887,0.0,-5.628145777682987,0.0020533239263830607,138.7795999980881
2,4,26,"(387.5, 437.5, 6.419652941837749)",5.070023627076242e-07,0.0,-12.768448802765317,0.0153042720592115,159.80130000025383
2,4,27,"(387.5, 437.5, 6.419652941837749)",0.0012419474163376232,736.1527709960938,-3.8018565855856865,0.01327848684722299,86.80359999925713
2,4,28,"(387.5, 462.5, 6.644563227708976)",2.9630961767652114e-06,0.0,-8.178863941845565,0.003017141113657208,139.7417999978643
2,4,29,"(412.5, 462.5, 5.176557100199439)",8.09629758199056e-07,0.0,-10.976115797946104,0.00016444397441539105,124.58809999952791
2,4,30,"(412.5, 462.5, 5.176557100199439)",0.0027382123532192883,732.9436645507812,-2.7972524967840444,0.0935020006768513,84.29679999971995
2,4,31,"(412.5, 462.5, 5.176557100199439)",0.0028780446576151066,0.0,-5.595240665773568,0.08725226588569733,135.8461999989231
2,4,32,"(387.5, 462.5, 6.644563227708976)",5.314747492472332e-07,0.0,-9.971579437116885,0.000779803052149948,124.0784999972675
2,4,33,"(387.5, 462.5, 6.644563227708976)",0.003444671386518668,733.795654296875,-4.377007011911224,0.037366016169145415,87.58490000036545
2,4,34,"(362.5, 462.5, 8.527721324025148)",0.008216307935632938,0.0,-7.511167290294706,0.16476472510739465,147.41830000275513
2,4,35,"(337.5, 462.5, 10.942007264844266)",8.327576021353403e-07,0.0,-9.716613469958718,8.754153751676528e-07,128.13380000079633
2,4,36,"(337.5, 462.5, 10.942007264844266)",0.0012687339693252858,774.6624145507812,-0.4846145583003853,0.0009065101486185732,87.43690000119386
2,4,37,"(337.5, 487.5, 10.834577821017316)",8.143339775040408e-07,0.0,-1.3862080946811797,2.8546196099948216e-06,136.51480000044103
2,4,38,"(337.5, 462.5, 10.942007264844266)",8.327576021353403e-07,0.0,-1.870822652981571,2.1698944830874117e-15,124.58019999758108
2,4,39,"(337.5, 462.5, 10.942007264844266)",0.0014248418482858344,774.6624145507812,-0.4846145583003853,0.0009065331204182676,89.5665000025474
2,4,40,"(337.5, 437.5, 10.400297021568935)",1.0732076313048982e-06,0.0,-3.8017446192195017,2.8227782646674643e-06,139.48209999944083
2,4,41,"(337.5, 412.5, 9.377700043801939)",8.327624240312421e-07,0.0,-6.859686067030976,4.502804818841388e-06,134.5054000012169
2,4,42,"(337.5, 412.5, 9.377700043801939)",1.3308431655724087,646.3873291015625,-3.4034154054722587,0.48788721228667803,85.2868000001763
2,4,43,"(362.5, 412.5, 7.512358105982148)",0.0007911471081855155,0.0,-10.967262761380004,0.00033555764844484133,137.56289999946603
2,4,44,"(337.5, 412.5, 9.377700043801939)",1.3647030793463377e-06,0.0,-17.503919373397014,3.385621396077986e-06,148.62280000306782
2,4,45,"(337.5, 412.5, 9.377700043801939)",0.0010453929627438358,740.0572509765625,-6.526863285602317,0.0010698535994670302,94.09420000156388
2,4,46,"(312.5, 412.5, 11.543004562335339)",-1.5589771797269589e-07,0.0,-8.443403763130531,0.0004776007692110915,145.5948000002536
2,4,47,"(337.5, 412.5, 9.377700043801939)",1.3447424968898713e-07,0.0,-8.032404704043834,7.6241064224223164e-06,145.79630000298494
2,4,48,"(337.5, 412.5, 9.377700043801939)",0.14290289294125744,740.1879272460938,-6.528997638010177,0.2042154130137396,88.10900000025867
2,4,49,"(337.5, 437.5, 10.400297021568935)",0.002919697612665626,0.0,-9.84424378266231,0.0024499645271018338,147.06550000119023
2,4,50,"(362.5, 437.5, 8.184609533832969)",5.450320973534178e-07,0.0,-15.77038757346848,0.0039907750078819505,134.03699999980745
2,4,51,"(362.5, 437.5, 8.184609533832969)",0.0007056418133713024,737.1627197265625,-5.922963805149668,0.002150100723195761,88.08890000000247
2,4,52,"(362.5, 412.5, 7.512358105982148)",1.7722142256999535e-06,0.0,-10.373242471761746,7.88437356657654e-05,136.52670000010403
2,4,53,"(337.5, 412.5, 9.377700043801939)",5.297673245271047e-07,0.0,-16.900105756673803,1.3049338230361542e-12,125.49709999802872
2,4,54,"(337.5, 412.5, 9.377700043801939)",0.000894946445215078,740.0572509765625,-6.526863285602252,0.0009083230213624183,85.19669999805046
2,4,55,"(337.5, 387.5, 8.122025837780313)",1.2889274621718659e-06,0.0,-10.566786087380436,3.2411652988967543e-06,137.32319999689935
2,4,56,"(337.5, 412.5, 9.377700043801939)",5.297673245271047e-07,0.0,-17.09364937298313,9.537833429921367e-13,122.32330000188085
2,4,57,"(337.5, 412.5, 9.377700043801939)",0.0006657289507855889,740.0572509765625,-6.526863285602252,0.00090832168636351,86.09849999993457
2,4,58,"(312.5, 412.5, 11.543004562335339)",-1.5589725581197341e-07,0.0,-8.443393767062553,0.0005815121971324475,145.10530000188737
2,4,59,"(337.5, 412.5, 9.377700043801939)",1.344742500433315e-07,0.0,-8.032404704044172,7.6241087610618515e-06,131.3321999987238
2,4,60,"(337.5, 412.5, 9.377700043801939)",0.14610214154741122,740.223388671875,-6.5289976380101775,0.2042153461551114,86.08389999790234
2,4,61,"(337.5, 387.5, 8.122025837780313)",1.2889274558722815e-06,0.0,-10.566786087380514,3.833343908109765e-06,139.86279999880935
2,4,62,"(337.5, 412.5, 9.377700043801939)",5.297673245271047e-07,0.0,-17.09364937298313,9.538813722357558e-13,123.86889999834239
2,4,63,"(337.5, 412.5, 9.377700043801939)",0.0008727014435345019,740.0572509765625,-6.526863285602253,0.0009083320203427106,91.56020000227727
2,4,64,"(337.5, 412.5, 9.377700043801939)",2.274639357703605e-06,0.0,-13.053726571204507,2.8148267801648655e-06,129.11589999930584
2,4,65,"(337.5, 412.5, 9.377700043801939)",5.297673245271048e-07,0.0,-19.580589856743902,9.287232599602085e-12,122.32260000018869
2,4,66,"(337.5, 412.5, 9.377700043801939)",0.0007036232779432793,740.0572509765625,-6.526863285602253,0.0009083218678945025,85.5437999998685
2,4,67,"(337.5, 387.5, 8.122025837780313)",1.2889274558722807e-06,0.0,-10.566786087380436,3.2411633026100624e-06,138.91270000021905
2,4,68,"(337.5, 412.5, 9.377700043801939)",5.297673245271047e-07,0.0,-17.09364937298313,9.53783342970818e-13,120.75890000051004
2,4,69,"(337.5, 412.5, 9.377700043801939)",0.0008983687796523106,740.0572509765625,-6.526863285602253,0.0009083212279114622,86.65530000143917
2,5,0,"(462.5, 487.5, 3.127296379115885)",0.07729672092611986,545.668701171875,-1.385964056549791,2.1011789760542277,85.50760000071023
2,5,1,"(462.5, 462.5, 3.1411719247664083)",0.007982631390121772,0.0,-2.6449837844435935,1.623184618857632,137.52000000022235
2,5,2,"(437.5, 462.5, 4.032539977718922)",0.0008079757293070738,0.0,-4.535616342729393,1.3176203770263561,123.28300000081072
2,5,3,"(437.5, 462.5, 4.032539977718922)",0.01140337143649438,731.5536499023438,-1.8819142640145117,1.282785850811909,86.0776999979862
2,5,4,"(412.5, 462.5, 5.176557100199439)",0.01031295050356827,0.0,-4.660916515167451,0.38615934634710875,126.08099999852129
2,5,5,"(387.5, 462.5, 6.644563227708976)",5.314747499786387e-07,0.0,-9.023338985931973,0.008035683636508749,125.69780000194442
2,5,6,"(387.5, 462.5, 6.644563227708976)",0.0035915590427442945,733.7957763671875,-4.377007987227679,0.04562626049779788,90.50850000130595
2,5,7,"(387.5, 437.5, 6.419652941837749)",0.0003260453187166698,0.0,-8.178866553791936,0.006836037668301487,139.13859999956912
2,5,8,"(387.5, 437.5, 6.419652941837749)",5.066394805908204e-07,0.0,-11.980725202674108,4.652468524087317e-05,123.79589999909513
2,5,9,"(387.5, 437.5, 6.419652941837749)",0.002072460886714265,736.1511840820312,-3.801857350801738,0.03877138881833628,87.92330000142101
2,5,10,"(362.5, 437.5, 8.184609533832969)",1.5248546591024285e-06,0.0,-9.724820301196859,0.00020139848214883226,122.10140000024694
2,5,11,"(362.5, 462.5, 8.527721324025148)",2.793968379611635e-07,0.0,-16.72920391593613,0.009989569565080795,121.37730000176816
2,5,12,"(362.5, 462.5, 8.527721324025148)",0.04104974742275127,783.1403198242188,-3.0311615173598336,0.0633244851892436,87.8675000021758
2,5,13,"(362.5, 437.5, 8.184609533832969)",0.007989378840297798,0.0,-5.628145803098203,0.002053326911008402,140.73300000018207
2,5,14,"(387.5, 437.5, 6.419652941837749)",5.06989401369337e-07,0.0,-12.772433887755254,0.01935987010591436,159.0855000031297
2,5,15,"(387.5, 437.5, 6.419652941837749)",0.0025115945905194535,736.1527709960938,-3.8018565805506888,0.013005202742095573,85.63679999861051
2,5,16,"(387.5, 412.5, 5.968521653217249)",0.0009550101684803948,0.0,-6.812705292180453,0.031013436077666698,138.6328999979014
2,5,17,"(362.5, 412.5, 7.512358105982148)",2.942979335784912e-07,0.0,-11.262946917453455,5.4370623146715465e-05,126.30379999973229
2,5,18,"(362.5, 412.5, 7.512358105982148)",0.0013733182209413185,738.4631958007812,-4.450278809827069,0.015053941905120586,89.13319999919622
2,5,19,"(337.5, 412.5, 9.377700043801939)",2.274639357703604e-06,0.0,-10.977141951655693,3.601399545587532e-06,121.7566999985138
2,5,20,"(337.5, 412.5, 9.377700043801939)",5.297673245271046e-07,0.0,-17.50400523714059,1.2274177146740279e-12,123.52720000126283
2,5,21,"(337.5, 412.5, 9.377700043801939)",0.0003776935185059741,740.0572509765625,-6.526863285602253,0.0009083241976848549,83.55520000259276
2,5,22,"(337.5, 387.5, 8.122025837780313)",1.2889274556997172e-06,0.0,-10.566786087380434,3.241163302610053e-06,138.19710000097984
2,5,23,"(337.5, 412.5, 9.377700043801939)",5.297673245271047e-07,0.0,-17.09364937298313,9.537833430044309e-13,123.2254999995348
2,5,24,"(337.5, 412.5, 9.377700043801939)",0.0008781787372943001,740.0572509765625,-6.5268632856022535,0.0009083209190441762,87.70910000021104
2,5,25,"(337.5, 387.5, 8.122025837780313)",1.2889274558722807e-06,0.0,-10.566786087380436,3.2411633026100535e-06,139.68749999912689
2,5,26,"(337.5, 412.5, 9.377700043801939)",5.297673245271047e-07,0.0,-17.09364937298313,9.53783342971897e-13,123.26570000004722
2,5,27,"(337.5, 412.5, 9.377700043801939)",0.0005862859073623004,740.0572509765625,-6.5268632856022535,0.0009083331027580109,87.79560000039055
2,5,28,"(337.5, 412.5, 9.377700043801939)",2.2746393577036046e-06,0.0,-13.053726571204509,2.8148267801650942e-06,132.87599999966915
2,5,29,"(337.5, 412.5, 9.377700043801939)",5.297673245271047e-07,0.0,-19.580589856743902,9.28723259960188e-12,124.22800000058487
2,5,30,"(337.5, 412.5, 9.377700043801939)",0.0010359728953583498,740.0572509765625,-6.526863285602253,0.0009083315434975283,87.24470000015572
2,5,31,"(337.5, 387.5, 8.122025837780313)",1.2889274558722811e-06,0.0,-10.566786087380434,3.241163302610049e-06,138.8915999996243
2,5,32,"(337.5, 412.5, 9.377700043801939)",5.297673245271047e-07,0.0,-17.09364937298313,9.53783342941396e-13,123.66140000085579
2,5,33,"(337.5, 412.5, 9.377700043801939)",0.000933033559745279,740.0572509765625,-6.526863285602252,0.0009083265776385007,85.88310000050114
2,5,34,"(312.5, 412.5, 11.543004562335339)",0.0029154991869332625,0.0,-8.443393767062554,0.0005815121971332255,147.43210000233375
2,5,35,"(312.5, 437.5, 13.134116007120344)",-6.585226704676944e-08,0.0,-5.4835202875598945,3.119468751008908e-06,135.8849000025657
2,5,36,"(312.5, 437.5, 13.134116007120344)",0.000885235751989315,780.0640258789062,-0.5090570322140606,0.0009078392139547744,85.78510000006645
2,5,37,"(312.5, 437.5, 13.134116007120344)",2.6421714090545664e-07,0.0,-1.0181140644281212,2.8227844339830953e-06,121.82100000063656
2,5,38,"(337.5, 437.5, 10.400297021568935)",1.721394558747609e-07,0.0,-4.33524412534723,4.5463334200689384e-14,126.93799999760813
2,5,39,"(337.5, 437.5, 10.400297021568935)",0.001767853091993797,796.9451904296875,-3.3171300609191166,0.0009078325854550883,86.74919999975828
2,5,40,"(362.5, 437.5, 8.184609533832969)",0.47348067070647915,0.0,-9.269839494396845,0.31366768521747335,129.29500000245753
2,5,41,"(387.5, 437.5, 6.419652941837749)",0.3005468491606568,0.0,-8.19245816321171,0.2700955300238149,170.79160000139382
2,5,42,"(387.5, 437.5, 6.419652941837749)",0.0008593247676622489,736.1527709960938,-3.8018565209259445,0.0059670484282941735,86.09710000018822
2,5,43,"(387.5, 462.5, 6.644563227708976)",3.6107735080624894e-05,0.0,-8.178863045123371,0.002275401133388904,139.90499999999884
2,5,44,"(412.5, 462.5, 5.176557100199439)",8.09629758199056e-07,0.0,-10.976114799390311,0.0001524169375087626,127.54750000021886
2,5,45,"(412.5, 462.5, 5.176557100199439)",0.0020641867241253642,732.9435424804688,-2.7972518714724575,0.09205371953535446,90.60680000038701
2,5,46,"(412.5, 487.5, 5.147226552974528)",0.0023664425004035804,0.0,-5.709579728194983,0.05879802467989345,138.7390999989293
2,5,47,"(387.5, 487.5, 6.600725374454914)",0.22891871134440556,0.0,-8.910763268562235,0.49646816731081006,128.0999000009615
2,5,48,"(387.5, 487.5, 6.600725374454914)",0.06703787340941961,568.4601440429688,-2.064706067791309,0.09425856548914377,84.84129999851575
2,5,49,"(412.5, 487.5, 5.147226552974528)",0.1305059500346193,0.0,-5.302233730973305,0.09682826146924348,111.95280000174535
2,5,50,"(387.5, 487.5, 6.600725374454914)",-8.443991343180339e-08,0.0,-7.367148715596853,1.648100813277005e-05,129.84260000303038
2,5,51,"(387.5, 487.5, 6.600725374454914)",0.004104900688923461,568.3601684570312,-2.064656534119334,0.005737486334753127,93.75329999966198
2,5,52,"(387.5, 487.5, 6.600725374454914)",-1.2143272192704333e-07,0.0,-4.129313063606828,3.9636997683527764e-05,119.78649999946356
2,5,53,"(387.5, 462.5, 6.644563227708976)",0.004809593171970641,0.0,-10.32606708650619,0.011597779154219974,128.9649999998801
2,5,54,"(387.5, 462.5, 6.644563227708976)",0.5396928828734975,736.5294799804688,-4.4464142815509575,0.7885594510068785,87.36040000076173
2,5,55,"(362.5, 462.5, 8.527721324025148)",2.2518598876436716e-06,0.0,-9.119981110355184,0.16732700745377146,145.83569999740575
2,5,56,"(362.5, 437.5, 8.184609533832969)",-9.809674090902552e-08,0.0,-11.829155776819475,7.733935178283462e-05,123.22370000038063
2,5,57,"(362.5, 437.5, 8.184609533832969)",0.1345427876555095,737.2720336914062,-5.924477653470885,0.196480229736796,87.15350000056787
2,5,58,"(387.5, 437.5, 6.419652941837749)",2.426654535966375e-06,0.0,-9.724820354770046,0.0005696475608909402,140.00810000288766
2,5,59,"(387.5, 462.5, 6.644563227708976)",5.31474749247233e-07,0.0,-14.101826352035566,1.049466422764372e-06,125.58139999964624
2,5,60,"(387.5, 462.5, 6.644563227708976)",0.0021976643462196747,733.795654296875,-4.37700609433047,0.012419478022308935,84.64719999756198
2,5,61,"(362.5, 462.5, 8.527721324025148)",0.002920622889691081,0.0,-7.511167091472957,0.1647644618398378,148.14149999801884
2,5,62,"(387.5, 462.5, 6.644563227708976)",0.0862609346703589,0.0,-15.305154695289554,0.19151763820625065,122.93750000026193
2,5,63,"(387.5, 462.5, 6.644563227708976)",0.25364116129539793,734.3067626953125,-4.382458453791516,0.3729785107937412,88.01519999906304
2,5,64,"(412.5, 462.5, 5.176557100199439)",0.00012011270818781227,0.0,-7.174258674106364,0.01762274414630395,140.84450000154902
2,5,65,"(412.5, 487.5, 5.147226552974528)",-2.8312206268310547e-07,0.0,-10.086272304622089,0.0008542992890636824,122.93890000000829
2,5,66,"(412.5, 487.5, 5.147226552974528)",0.018185020490175615,549.2105102539062,-2.9119559024809605,0.13526727405378894,86.68789999865112
2,5,67,"(412.5, 462.5, 5.176557100199439)",0.0019564981901001926,0.0,-5.70969594912957,0.07409888754540618,133.98169999709353
2,5,68,"(387.5, 462.5, 6.644563227708976)",5.314747492472329e-07,0.0,-10.086233514604183,0.0004346227376185919,125.82540000221343
2,5,69,"(387.5, 462.5, 6.644563227708976)",0.0032752319803367636,733.7955322265625,-4.377006540841221,0.03535876043523511,89.34919999956037
2,6,0,"(462.5, 487.5, 3.127296379115885)",0.08284421631438281,545.6936645507812,-1.385964056549791,2.101178953041107,88.1139000011899
2,6,1,"(462.5, 462.5, 3.1411719247664083)",0.007388819932909977,0.0,-2.6449837844435935,1.6231846188654833,141.26219999889145
2,6,2,"(437.5, 462.5, 4.032539977718922)",0.0008648782968528879,0.0,-4.535616342729394,1.3176203770263564,125.09340000178781
2,6,3,"(437.5, 462.5, 4.032539977718922)",0.011037232330836099,731.5578002929688,-1.8819142640145117,1.282785852237409,86.0744000019622
2,6,4,"(412.5, 462.5, 5.176557100199439)",0.009740200169369531,0.0,-4.660916515167452,0.38615934635684285,135.60039999720175
2,6,5,"(387.5, 462.5, 6.644563227708976)",5.31474749247233e-07,0.0,-9.023338985931977,0.008035683636508752,125.05889999738429
2,6,6,"(387.5, 462.5, 6.644563227708976)",0.0038414586061994546,733.795654296875,-4.377007987227677,0.045626276799819225,88.12910000051488
2,6,7,"(362.5, 462.5, 8.527721324025148)",0.016291111261081577,0.0,-7.511167854419728,0.1647651302242533,147.32269999876735
2,6,8,"(337.5, 462.5, 10.942007264844266)",8.327576021353403e-07,0.0,-9.716613469958718,8.754153751663955e-07,128.19410000156495
2,6,9,"(337.5, 462.5, 10.942007264844266)",0.0016080210988191096,774.6624145507812,-0.4846145583003853,0.0009065218839315292,86.77239999815356
2,6,10,"(337.5, 437.5, 10.400297021568935)",1.0732078229587606e-06,0.0,-3.8017446192195017,2.822778267565454e-06,139.9411999991571
2,6,11,"(337.5, 412.5, 9.377700043801939)",8.327618201811555e-07,0.0,-6.859686067030989,4.5028047856031055e-06,135.24279999910505
2,6,12,"(337.5, 412.5, 9.377700043801939)",1.3350076622121312,620.2175903320312,-3.4033869764781426,0.48762427105438705,87.2239999989688
2,6,13,"(337.5, 387.5, 8.122025837780313)",1.8590534275011505,0.0,-4.631328671972432,0.6584030979110451,131.5076000028057
2,6,14,"(337.5, 362.5, 6.836404624384365)",0.16161056925823694,0.0,-6.950237163597179,0.38623788764602274,127.65150000268477
2,6,15,"(337.5, 362.5, 6.836404624384365)",0.016208735378253784,740.819580078125,-2.2809158083555086,0.13170106186227667,88.71240000007674
2,6,16,"(312.5, 362.5, 7.999359988870806)",2.930261692769582e-07,0.0,-4.738619661641381,0.00012451681443599103,127.09840000024997
2,6,17,"(312.5, 337.5, 6.4720487778634865)",2.3543058584133786e-07,0.0,-5.8797792211609385,2.44946801908188e-07,124.79729999904521
2,6,18,"(312.5, 337.5, 6.4720487778634865)",0.0031365849025997445,743.1393432617188,-1.141159722826517,0.014433524223040829,86.98370000274736
2,6,19,"(287.5, 337.5, 7.198514700667702)",-7.225359655451499e-07,0.0,-1.968712301603062,0.0002253840308733591,122.72379999922123
2,6,20,"(262.5, 337.5, 7.706480720276972)",-1.607186277396977e-07,0.0,-2.424735211917631,6.706312689637871e-08,127.38849999732338
2,6,21,"(262.5, 337.5, 7.706480720276972)",0.009210471287724311,753.46875,-0.4560229992487783,0.025333765432073153,85.45260000028065
2,6,22,"(287.5, 337.5, 7.198514700667702)",-7.225359648705919e-07,0.0,-1.283575915230637,0.000330225243299406,137.22439999764902
2,6,23,"(262.5, 337.5, 7.706480720276972)",-1.607186277313463e-07,0.0,-1.7395993677650983,2.7316937788166916e-05,124.48829999993904
2,6,24,"(262.5, 337.5, 7.706480720276972)",0.035664061719540154,753.4263916015625,-0.45602871649203486,0.0905421732971187,98.05169999890495
2,6,25,"(287.5, 337.5, 7.198514700667702)",-7.225359586872474e-07,0.0,-1.2835768581972165,0.0004938938725377907,139.00479999938398
2,6,26,"(262.5, 337.5, 7.706480720276972)",-1.6071862773969772e-07,0.0,-1.7395994793450096,3.0058648401136923e-05,127.601299998787
2,6,27,"(262.5, 337.5, 7.706480720276972)",0.03765898428042942,753.3894653320312,-0.4560291828915476,0.09241509276032625,87.72420000241254
2,6,28,"(262.5, 337.5, 7.706480720276972)",0.16940960391747498,0.0,-0.9172387392634213,0.28356027854369975,142.76579999932437
2,6,29,"(287.5, 337.5, 7.198514700667702)",-2.397622059409817e-07,0.0,-1.7396979531094263,0.0019149381992938212,129.9165999989782
2,6,30,"(287.5, 337.5, 7.198514700667702)",0.0018373424454181412,747.119873046875,-0.8275525932875035,0.0037606497412808037,86.60080000117887
2,6,31,"(262.5, 337.5, 7.706480720276972)",0.003406504412109394,0.0,-1.283575751395199,0.004831496896698516,123.35090000124183
2,6,32,"(287.5, 337.5, 7.198514700667702)",-2.3976220594098164e-07,0.0,-2.1111281331452925,5.4578067738156344e-08,123.35719999828143
2,6,33,"(287.5, 337.5, 7.198514700667702)",0.0012138351420692755,747.119873046875,-0.8275525930337769,0.00200431343635456,86.83139999993728
2,6,34,"(287.5, 362.5, 9.065091200270214)",0.002897798868748642,0.0,-3.0174648059483333,0.00553588705620335,135.69060000008903
2,6,35,"(287.5, 362.5, 9.065091200270214)",8.10784374251324e-08,0.0,-5.207510448715039,0.004763863452304831,125.28840000231867
2,6,36,"(287.5, 362.5, 9.065091200270214)",0.2119570703162468,748.3945922851562,-2.1903178593763935,0.3421807647873928,89.39580000151182
2,6,37,"(287.5, 337.5, 7.198514700667702)",0.0027186055727646983,0.0,-3.017469419891876,0.0010502982736783901,140.31080000131624
2,6,38,"(287.5, 312.5, 5.684209381380459)",7.855608904113372e-08,0.0,-3.462465021025837,5.740899877375924e-08,147.0115000010992
2,6,39,"(287.5, 312.5, 5.684209381380459)",0.004469656106038467,745.5980224609375,-0.44500033816464307,0.01868163474155354,89.18609999818727
2,6,40,"(287.5, 312.5, 5.684209381380459)",0.023798421902335647,0.0,-0.8903113209765318,0.06903868403468423,138.6785000031523
2,6,41,"(262.5, 312.5, 6.024387455566984)",-8.081890515121137e-08,0.0,-1.3669329587094017,0.002554390163893655,120.55649999820162
2,6,42,"(262.5, 312.5, 6.024387455566984)",0.037958870177751694,750.5170288085938,-0.47661777167007807,0.09867064240364515,87.13469999929657
2,6,43,"(237.5, 312.5, 6.148385304590252)",0.539168518456272,0.0,-1.5298307510606939,0.8742254965185325,139.69960000031278
2,6,44,"(212.5, 312.5, 6.0337808765239185)",7.85560890411337e-08,0.0,-2.2066816184277918,0.21192317982865097,162.75750000204425
2,6,45,"(212.5, 312.5, 6.0337808765239185)",0.0281649165735085,745.4844360351562,-0.5183017247367023,0.11621775581079664,88.44030000182102
2,6,46,"(237.5, 312.5, 6.148385304590252)",0.012682056617711216,0.0,-0.9715813360769798,0.018828100567109263,140.19529999859515
2,6,47,"(237.5, 312.5, 6.148385304590252)",-1.0079869146769246e-07,0.0,-1.4247695499564084,0.0001588014403387948,121.31480000243755
2,6,48,"(237.5, 312.5, 6.148385304590252)",0.03707669646112496,750.5879516601562,-0.4532438449185772,0.10744767423454772,83.37640000172541
2,6,49,"(212.5, 312.5, 6.0337808765239185)",0.010067282795676416,0.0,-0.9715484249677271,0.023562096762237805,140.89579999927082
2,6,50,"(237.5, 312.5, 6.148385304590252)",-1.0079869146769245e-07,0.0,-1.4247766164035842,0.0001636358799271638,130.096599998069
2,6,51,"(237.5, 312.5, 6.148385304590252)",0.030166275364451135,750.60888671875,-0.45323996874499134,0.07780436857782565,90.28630000102567
2,6,52,"(262.5, 312.5, 6.024387455566984)",0.6502611421461059,0.0,-1.3475626370351526,1.0621164533510894,140.06639999934123
2,6,53,"(287.5, 312.5, 5.684209381380459)",7.855608926078776e-08,0.0,-2.12216268853696,0.05456610590578362,153.70869999969727
2,6,54,"(287.5, 312.5, 5.684209381380459)",0.04211683957745379,745.332275390625,-0.44507365712771785,0.16481490512956976,86.93229999698815
2,6,55,"(262.5, 312.5, 6.024387455566984)",0.027657351186736807,0.0,-0.9218445084966987,0.034747693015799046,138.58909999908064
2,6,56,"(237.5, 312.5, 6.148385304590252)",2.170927476148276e-07,0.0,-2.1319384565403534,0.007376301442033401,129.40739999976358
2,6,57,"(237.5, 312.5, 6.148385304590252)",0.45778740961572933,749.215576171875,-1.103161593459679,1.2561179708690233,124.76729999980307
2,6,58,"(212.5, 312.5, 6.0337808765239185)",0.01206315198059689,0.0,-0.9716263918393899,0.0350270588105093,139.44169999740552
2,6,59,"(237.5, 312.5, 6.148385304590252)",-1.0079869146769244e-07,0.0,-1.4247800358476463,0.00018595755000274042,122.88959999932558
2,6,60,"(237.5, 312.5, 6.148385304590252)",0.031374419447153946,750.5865478515625,-0.453240186628455,0.08100107951718742,87.45359999738866
2,6,61,"(237.5, 312.5, 6.148385304590252)",0.0262224138075817,0.0,-0.9066724278694531,0.05398910256099153,136.01180000114255
2,6,62,"(262.5, 312.5, 6.024387455566984)",0.07626128196715345,0.0,-1.9628802448861826,0.45554799685811037,142.32540000011795
2,6,63,"(262.5, 312.5, 6.024387455566984)",0.3378525548708885,746.8336181640625,-0.5191742795401915,0.905352893123008,85.96579999721143
2,6,64,"(287.5, 312.5, 5.684209381380459)",0.022649294284721906,0.0,-0.9217446578323174,0.04853924388635721,137.31819999884465
2,6,65,"(262.5, 312.5, 6.024387455566984)",-8.081890964619002e-08,0.0,-1.3983114243284946,0.0006997077054657549,125.61769999956596
2,6,66,"(262.5, 312.5, 6.024387455566984)",0.03361720741944505,750.6094970703125,-0.4766110022890901,0.09374188279442151,85.99770000000717
2,6,67,"(262.5, 312.5, 6.024387455566984)",0.02055865275872293,0.0,-0.9533024001361508,0.04442965781535259,134.8911000022781
2,6,68,"(287.5, 312.5, 5.684209381380459)",7.855608904113372e-08,0.0,-1.3982804170217742,0.0008648947775171013,130.00059999831137
2,6,69,"(287.5, 312.5, 5.684209381380459)",0.039076750024893865,745.4649047851562,-0.4450553027469556,0.148630657068311,86.8140000020503
2,7,0,"(462.5, 487.5, 3.127296379115885)",0.08235694128314776,545.6856689453125,-1.3859640565497908,2.1011788936137483,88.7120999977924
2,7,1,"(462.5, 462.5, 3.1411719247664083)",0.00709574852477749,0.0,-2.6449837844435935,1.6231846188667631,138.30389999930048
2,7,2,"(437.5, 462.5, 4.032539977718922)",0.0009351323048270799,0.0,-4.535616342729395,1.3176203770263566,121.47259999983362
2,7,3,"(437.5, 462.5, 4.032539977718922)",0.011882482473581937,731.5595703125,-1.8819142640145117,1.2827858421855611,88.46149999953923
2,7,4,"(412.5, 462.5, 5.176557100199439)",0.008402750509755664,0.0,-4.660916515167453,0.386159346353583,131.88099999752012
2,7,5,"(387.5, 462.5, 6.644563227708976)",5.314747492472331e-07,0.0,-9.023338985931977,0.00803568363650875,125.82889999976032
2,7,6,"(387.5, 462.5, 6.644563227708976)",0.005019183826007878,733.795654296875,-4.377007987227678,0.04562625104024217,87.18759999828762
2,7,7,"(387.5, 487.5, 6.600725374454914)",0.3205163294289471,0.0,-6.462321000444027,0.23871142490693065,146.86150000125053
2,7,8,"(362.5, 487.5, 8.460406646791682)",-9.809931119283039e-08,0.0,-8.936038166025869,0.0002187535476596341,131.69090000155848
2,7,9,"(362.5, 487.5, 8.460406646791682)",0.0008767401793519103,568.50439453125,-0.670575572585345,0.0009060810079573444,85.46040000146604
2,7,10,"(337.5, 487.5, 10.834577821017316)",8.143339775069767e-07,0.0,-1.5721691089661392,2.8546196093763465e-06,137.3979000018153
2,7,11,"(337.5, 462.5, 10.942007264844266)",8.327576021353403e-07,0.0,-2.0567836672665245,3.137987826613438e-18,126.57500000204891
2,7,12,"(337.5, 462.5, 10.942007264844266)",0.0008792052897614144,774.6624145507812,-0.48461455830038536,0.000906522126242087,83.86909999899217
2,7,13,"(362.5, 462.5, 8.527721324025148)",2.251859789900808e-06,0.0,-3.5157576304121982,2.846655976410526e-06,138.97169999836478
2,7,14,"(362.5, 437.5, 8.184609533832969)",-9.809753127603367e-08,0.0,-6.112913739389834,7.70013263022688e-05,129.24539999949047
2,7,15,"(362.5, 437.5, 8.184609533832969)",1.1024583426616377,790.8953857421875,-10.463340434751194,0.5899016756263874,86.84119999816176
2,7,16,"(362.5, 462.5, 8.527721324025148)",0.035146817880561926,0.0,-8.95712148240096,0.030431635190892842,148.77590000105556
2,7,17,"(362.5, 487.5, 8.460406646791682)",-9.809931119283043e-08,0.0,-6.298872866312818,7.595991491317436e-05,133.06849999935366
2,7,18,"(362.5, 487.5, 8.460406646791682)",0.0014537077768617772,568.50439453125,-0.6705755725853448,0.0009060792484577269,85.89610000126413
2,7,19,"(362.5, 462.5, 8.527721324025148)",2.251860195265805e-06,0.0,-3.7017186446971566,2.8466560132506436e-06,135.91079999969224
2,7,20,"(362.5, 437.5, 8.184609533832969)",-9.809709497484036e-08,0.0,-6.298874753677,7.700132637214162e-05,138.27040000251145
2,7,21,"(362.5, 437.5, 8.184609533832969)",1.096006890637742,790.0765380859375,-10.464752615492941,0.5910839119987259,85.93520000067656
2,7,22,"(362.5, 462.5, 8.527721324025148)",0.03762193900449298,0.0,-8.957116543871281,0.030439345060062,147.6215000002412
2,7,23,"(362.5, 437.5, 8.184609533832969)",-9.809931119282657e-08,0.0,-8.225458886399881,0.00015544902333491372,166.49729999699048
2,7,24,"(362.5, 437.5, 8.184609533832969)",1.0921512630500037,790.639404296875,-10.464225533187042,0.5906329639303247,86.97179999944638
2,7,25,"(362.5, 462.5, 8.527721324025148)",0.029444705289132796,0.0,-8.957118508242944,0.03043647814218161,148.15599999928963
2,7,26,"(362.5, 487.5, 8.460406646791682)",-9.809931119283041e-08,0.0,-6.298871286676783,7.520548508446706e-05,133.13120000020717
2,7,27,"(362.5, 487.5, 8.460406646791682)",0.0012485364817112726,568.50439453125,-0.670575572585345,0.0009060852568629606,86.73770000314107
2,7,28,"(362.5, 487.5, 8.460406646791682)",-1.6492589053910894e-07,0.0,-1.34115114517069,2.8546196093758578e-06,128.92419999843696
2,7,29,"(362.5, 462.5, 8.527721324025148)",4.3834249178568513e-07,0.0,-4.372294217283295,2.4789253347899034e-12,122.47480000223732
2,7,30,"(362.5, 462.5, 8.527721324025148)",0.0011679642564396413,783.13330078125,-3.031143072111812,0.0009065984462511714,87.80380000098376
2,7,31,"(362.5, 437.5, 8.184609533832969)",0.014368006625609123,0.0,-5.6281457774786405,0.0020533240580513095,138.31170000048587
2,7,32,"(387.5, 437.5, 6.419652941837749)",5.070442201074447e-07,0.0,-12.768414348891374,0.015268054848182562,164.49749999810592
2,7,33,"(387.5, 437.5, 6.419652941837749)",0.0012226850182650757,736.1527709960938,-3.801856585636963,0.013281168495034199,86.93350000248756
2,7,34,"(387.5, 437.5, 6.419652941837749)",0.0001284078426101316,0.0,-7.603718638842666,0.007990567077864677,133.08150000011665
2,7,35,"(387.5, 462.5, 6.644563227708976)",5.31474749247233e-07,0.0,-11.980721812521173,1.9561105561674993e-05,123.45560000176192
2,7,36,"(387.5, 462.5, 6.644563227708976)",0.002537185448022513,733.795654296875,-4.377005910642816,0.021307408984405047,86.35630000208039
2,7,37,"(387.5, 437.5, 6.419652941837749)",3.466492658752236e-05,0.0,-8.17886457453925,0.005503226973792809,140.3489999975136
2,7,38,"(387.5, 412.5, 5.968521653217249)",-9.934107462565102e-09,0.0,-11.189696098854101,0.00039066781389190405,123.23939999987488
2,7,39,"(387.5, 412.5, 5.968521653217249)",0.004711121670423675,737.331787109375,-3.010831598898845,0.11765098287999524,85.94210000228486
2,7,40,"(362.5, 412.5, 7.512358105982148)",1.7722142308826178e-06,0.0,-7.461100849744627,0.005060281201104391,119.45430000196211
2,7,41,"(337.5, 412.5, 9.377700043801939)",5.297673245271047e-07,0.0,-13.98794538599223,5.5384882642472034e-08,128.8492000021506
2,7,42,"(337.5, 412.5, 9.377700043801939)",0.0005124866605869776,740.0572509765625,-6.526863285602252,0.00090841013150722,90.27090000017779
2,7,43,"(312.5, 412.5, 11.543004562335339)",-1.5589770356262437e-07,0.0,-8.443393767062567,0.0005815121971600474,147.91120000154478
2,7,44,"(337.5, 412.5, 9.377700043801939)",1.3447424953385995e-07,0.0,-8.032404704044168,7.6241087610053e-06,130.84420000086538
2,7,45,"(337.5, 412.5, 9.377700043801939)",0.13964512260049103,740.20458984375,-6.528997638010178,0.2042153387232473,84.619000001112
2,7,46,"(362.5, 412.5, 7.512358105982148)",1.7722142789370108e-06,0.0,-10.977141951542713,1.1818182297285405e-05,137.41579999987152
2,7,47,"(337.5, 412.5, 9.377700043801939)",5.297673245271047e-07,0.0,-17.504005134814285,2.3037249893697135e-10,124.62000000232365
2,7,48,"(337.5, 412.5, 9.377700043801939)",0.0005925524341756066,740.0572509765625,-6.5268632856022535,0.000908327689888291,90.78980000049341
2,7,49,"(337.5, 387.5, 8.122025837780313)",1.2889274558722834e-06,0.0,-10.566786087380436,3.2411633026100556e-06,138.62640000297688
2,7,50,"(337.5, 412.5, 9.377700043801939)",5.297673245271047e-07,0.0,-17.09364937298313,9.537833429774661e-13,121.55879999772878
2,7,51,"(337.5, 412.5, 9.377700043801939)",0.0002940630301700123,740.0572509765625,-6.526863285602252,0.0009083231144859578,86.47930000006454
2,7,52,"(337.5, 437.5, 10.400297021568935)",0.01280685011745507,0.0,-9.844073067868766,0.017363209994650037,148.6241999991762
2,7,53,"(337.5, 437.5, 10.400297021568935)",1.7213945587476098e-07,0.0,-9.692201857252943,3.1546692416888552e-06,132.68040000184556
2,7,54,"(337.5, 437.5, 10.400297021568935)",0.0011638933178857388,796.9451904296875,-3.3171300609191166,0.000907828125097271,86.60130000134814
2,7,55,"(337.5, 412.5, 9.377700043801939)",0.005597981997382588,0.0,-6.375066005641626,0.0004605971843298792,114.63780000121915
2,7,56,"(337.5, 387.5, 8.122025837780313)",4.13317122614495e-06,0.0,-8.77484810671888,4.037021159816081e-05,157.18419999757316
2,7,57,"(337.5, 387.5, 8.122025837780313)",0.004279028002589275,740.7197265625,-4.039922816848914,0.011095399317670288,87.45330000238027
2,7,58,"(337.5, 412.5, 9.377700043801939)",2.274639357703604e-06,0.0,-10.566786087382013,2.8938387715856177e-06,156.85999999914202
2,7,59,"(337.5, 412.5, 9.377700043801939)",5.297673245271046e-07,0.0,-17.09364937298313,9.691450860228806e-13,132.81690000076196
2,7,60,"(337.5, 412.5, 9.377700043801939)",0.00029479236819087405,740.0572509765625,-6.526863285602252,0.0009083231645964217,86.11340000061318
2,7,61,"(337.5, 412.5, 9.377700043801939)",2.2746393806391727e-06,0.0,-13.053726571204505,2.8148267801729835e-06,129.62010000046575
2,7,62,"(337.5, 412.5, 9.377700043801939)",5.297673245271048e-07,0.0,-19.580589856743902,9.287232598422036e-12,125.88509999841335
2,7,63,"(337.5, 412.5, 9.377700043801939)",0.0008779765604523147,740.0572509765625,-6.526863285602253,0.0009083264945592355,87.15000000302098
2,7,64,"(337.5, 387.5, 8.122025837780313)",1.2889274558722837e-06,0.0,-10.566786087380436,3.2411633026100607e-06,137.6103000002331
2,7,65,"(337.5, 412.5, 9.377700043801939)",5.297673245271047e-07,0.0,-17.09364937298313,9.53783342941396e-13,125.62780000007479
2,7,66,"(337.5, 412.5, 9.377700043801939)",0.0005861771727320509,740.0572509765625,-6.5268632856022535,0.0009083219931351962,89.16830000089249
2,7,67,"(312.5, 412.5, 11.543004562335339)",-1.5589752037261627e-07,0.0,-8.443393767062553,0.0005815121971318625,149.55130000089412
2,7,68,"(337.5, 412.5, 9.377700043801939)",1.344742496746022e-07,0.0,-8.032404704044168,7.6241087610222985e-06,128.84090000079595
2,7,69,"(337.5, 412.5, 9.377700043801939)",0.1415740421811465,740.200927734375,-6.5289976380101775,0.20421531846986218,87.02769999945303
2,8,0,"(462.5, 487.5, 3.127296379115885)",0.07886252331085401,545.6954956054688,-1.3859640565497908,2.101178895679945,88.5751000023447
2,8,1,"(437.5, 487.5, 4.012520353342856)",0.018844673415645694,0.0,-3.2879407773561917,1.0522874667635282,131.0498999991978
2,8,2,"(412.5, 487.5, 5.147226552974528)",0.00022613505523018198,0.0,-6.162689497546644,0.2563216394727577,123.2272000015655
2,8,3,"(412.5, 487.5, 5.147226552974528)",0.12936446042575858,549.2974243164062,-2.9127366311364664,0.4483787979006421,87.17149999938556
2,8,4,"(412.5, 487.5, 5.147226552974528)",0.42773662092929954,0.0,-5.833520296185076,0.41268348220561235,141.38310000271304
2,8,5,"(437.5, 487.5, 4.012520353342856)",2.2406379381788275e-05,0.0,-7.740882068580799,0.024621139361149718,123.84970000130124
2,8,6,"(437.5, 487.5, 4.012520353342856)",0.029394871894615888,547.9697265625,-1.9160765072950317,0.4038856540511271,82.6305999980832
2,8,7,"(412.5, 487.5, 5.147226552974528)",0.07627508307508234,0.0,-4.829839137744439,0.17867674696190902,125.5858000004082
2,8,8,"(387.5, 487.5, 6.600725374454914)",0.004806434114728728,0.0,-6.9435361166516705,0.30873717498497216,172.13529999935417
2,8,9,"(387.5, 487.5, 6.600725374454914)",0.023839625738736995,568.3601684570312,-2.064657025175183,0.02779238053154838,88.99890000247979
2,8,10,"(387.5, 487.5, 6.600725374454914)",-1.214327219270455e-07,0.0,-4.129313065156695,6.163151436744129e-05,120.06320000000414
2,8,11,"(387.5, 462.5, 6.644563227708976)",0.006223236663687597,0.0,-10.325497868127005,0.012954792486072267,133.67079999807174
2,8,12,"(387.5, 462.5, 6.644563227708976)",0.5215880696529136,736.2279663085938,-4.440258609717827,0.7662339502015941,86.82950000002165
2,8,13,"(387.5, 487.5, 6.600725374454914)",0.06652709509212858,0.0,-6.7769547540692585,0.39779428606814016,147.15219999925466
2,8,14,"(387.5, 487.5, 6.600725374454914)",-8.443991343180339e-08,0.0,-10.326189006374182,0.01117386238167721,147.2098999984155
2,8,15,"(387.5, 487.5, 6.600725374454914)",0.0011727999177742706,568.3601684570312,-2.06465653208648,0.0039172190040551395,88.77779999966151
2,8,16,"(387.5, 462.5, 6.644563227708976)",1.3216725490493464,0.0,-7.661422433504468,0.9526417129481038,116.93150000064634
2,8,17,"(387.5, 462.5, 6.644563227708976)",5.314768954936335e-07,0.0,-10.917065537961768,0.12146044520062997,171.79630000100587
2,8,18,"(387.5, 462.5, 6.644563227708976)",0.022782509176405518,733.7976684570312,-4.377006885997003,0.04409681839912312,86.51360000294517
2,8,19,"(412.5, 462.5, 5.176557100199439)",0.000316157021480683,0.0,-7.174257659944072,0.016999667279684424,138.07340000130353
2,8,20,"(412.5, 487.5, 5.147226552974528)",-2.8312206268310547e-07,0.0,-10.086271630784422,0.0008462811099150169,131.51469999866094
2,8,21,"(412.5, 487.5, 5.147226552974528)",0.017297944156703954,549.20947265625,-2.9119556791734174,0.1349097411484644,89.4494999993185
2,8,22,"(412.5, 487.5, 5.147226552974528)",0.25682955767718174,0.0,-5.826156733726178,0.24309915839200358,139.5301999982621
2,8,23,"(412.5, 487.5, 5.147226552974528)",0.036197950779850205,0.0,-8.750480187237766,0.1602133253644348,124.94590000278549
2,8,24,"(412.5, 487.5, 5.147226552974528)",0.4219259083662573,550.1804809570312,-2.91799956435231,0.7164807659837671,85.6123999983538
2,8,25,"(412.5, 487.5, 5.147226552974528)",0.5774770454394074,0.0,-5.845694367655266,0.5585257056322581,120.55999999938649
2,8,26,"(437.5, 487.5, 4.012520353342856)",3.3453472267060324e-05,0.0,-7.74106100780129,0.02695842932915269,130.9203000018897
2,8,27,"(437.5, 487.5, 4.012520353342856)",0.029340494790323517,547.9728393554688,-1.9160437745658347,0.40027702571768864,89.04310000070836
2,8,28,"(437.5, 462.5, 4.032539977718922)",0.004592420185444232,0.0,-3.7811844502504575,0.5488960748219103,144.15739999822108
2,8,29,"(412.5, 462.5, 5.176557100199439)",0.000490918755530669,0.0,-6.576689616760537,0.13825054685316748,125.6494000008388
2,8,30,"(412.5, 462.5, 5.176557100199439)",0.00934313189914622,732.9300537109375,-2.798831306062699,0.3553395110860305,87.3725999990711
2,8,31,"(387.5, 462.5, 6.644563227708976)",0.0005567855101117728,0.0,-7.174365824565356,0.0150315294898957,125.14120000196272
2,8,32,"(362.5, 462.5, 8.527721324025148)",0.19031854470571885,0.0,-11.182379902716825,0.3983377588888184,121.2411999986216
2,8,33,"(362.5, 462.5, 8.527721324025148)",0.009571863064528268,783.13330078125,-3.031143200804438,0.01421814247839622,88.02680000007967
2,8,34,"(362.5, 462.5, 8.527721324025148)",2.2518597260858678e-06,0.0,-6.0622861442236715,2.8466561428747086e-06,126.02809999953024
2,8,35,"(362.5, 437.5, 8.184609533832969)",-9.809757542174828e-08,0.0,-8.659442253200979,7.700132631141839e-05,123.5153999987233
2,8,36,"(362.5, 437.5, 8.184609533832969)",1.0937804936410305,790.893310546875,-10.464053745485826,0.5905065738778459,89.34640000006766
2,8,37,"(362.5, 462.5, 8.527721324025148)",0.03502855430299445,0.0,-8.95711900850693,0.030435649261752826,147.3091999978351
2,8,38,"(362.5, 437.5, 8.184609533832969)",-9.809931119282665e-08,0.0,-8.225456898065723,0.00015443797802228046,164.69060000235913
2,8,39,"(362.5, 437.5, 8.184609533832969)",1.1000057276120738,791.7659912109375,-10.463766366445897,0.5902489773601327,85.14930000092136
2,8,40,"(362.5, 462.5, 8.527721324025148)",0.029918810759241715,0.0,-8.957120129376081,0.030433932938727672,147.003299996868
2,8,41,"(362.5, 487.5, 8.460406646791682)",-9.809931119283044e-08,0.0,-6.298872441143611,7.569525773884968e-05,132.04330000007758
2,8,42,"(362.5, 487.5, 8.460406646791682)",0.0008613341753905268,568.50439453125,-0.670575572585345,0.0009060851965383801,83.93639999849256
2,8,43,"(362.5, 462.5, 8.527721324025148)",2.2518608647204057e-06,0.0,-3.701718644697157,2.8466560302739315e-06,132.89179999992484
2,8,44,"(362.5, 437.5, 8.184609533832969)",-9.809758224614386e-08,0.0,-6.298874753674532,7.70013263214732e-05,131.86950000090292
2,8,45,"(362.5, 437.5, 8.184609533832969)",1.0998412120401713,790.682373046875,-10.464141578625695,0.5905724051194944,85.37389999764855
2,8,46,"(362.5, 462.5, 8.527721324025148)",0.03648180275552443,0.0,-8.95711855238453,0.030436049142547203,144.62660000208416
2,8,47,"(387.5, 462.5, 6.644563227708976)",0.12230871121037161,0.0,-13.560643060773748,0.27611420208376286,121.4823999980581
2,8,48,"(387.5, 462.5, 6.644563227708976)",0.09825891725199705,733.91162109375,-4.377182274239469,0.14754183786950031,87.48479999849224
2,8,49,"(387.5, 487.5, 6.600725374454914)",0.12179891875641663,0.0,-6.531602309604485,0.22053800449237326,145.58430000033695
2,8,50,"(362.5, 487.5, 8.460406646791682)",-9.80993111928304e-08,0.0,-8.936065561630665,9.99637880274676e-05,123.24439999792958
2,8,51,"(362.5, 487.5, 8.460406646791682)",0.00029229725650874346,568.50439453125,-0.670575572585345,0.0009060811830979675,85.76009999887901
2,8,52,"(387.5, 487.5, 6.600725374454914)",-1.2143272192704542e-07,0.0,-2.735232104153146,3.201962819163725e-06,135.30439999885857
2,8,53,"(387.5, 462.5, 6.644563227708976)",4.5201636919080614e-07,0.0,-8.93601428994171,0.00032571703929749755,123.71100000018487
2,8,54,"(387.5, 462.5, 6.644563227708976)",1.0366195701194303,755.8887939453125,-5.184024427069406,1.5289150169437977,87.78850000089733
2,8,55,"(387.5, 437.5, 6.419652941837749)",0.000736626379015375,0.0,-8.178868177682514,0.0075847634262235855,138.0142000016349
2,8,56,"(362.5, 437.5, 8.184609533832969)",2.545615037282307e-07,0.0,-14.10182647432628,1.7806954122769708e-07,120.64269999973476
2,8,57,"(362.5, 437.5, 8.184609533832969)",0.0003562555204508523,737.1627197265625,-5.922963805187936,0.0021416916767450526,86.0259999972186
2,8,58,"(362.5, 462.5, 8.527721324025148)",0.7206519876675594,0.0,-9.226489132113723,0.5409007067268714,102.49170000315644
2,8,59,"(362.5, 462.5, 8.527721324025148)",4.383424917856852e-07,0.0,-12.333510042087838,0.18868616205721594,183.90850000287173
2,8,60,"(362.5, 462.5, 8.527721324025148)",0.0005857081748603948,783.13330078125,-3.0311430721118375,0.000997127885646242,88.16640000077314
2,8,61,"(362.5, 437.5, 8.184609533832969)",0.002906324270513486,0.0,-5.6281457801479,0.002053323909706785,139.37520000035875
2,8,62,"(337.5, 437.5, 10.400297021568935)",1.7213945587476095e-07,0.0,-12.071659630512476,0.0041739577561036734,155.48480000143172
2,8,63,"(337.5, 437.5, 10.400297021568935)",0.0019139375405461741,796.9451904296875,-3.317130060919116,0.0009078593876395998,88.6212000004889
2,8,64,"(337.5, 412.5, 9.377700043801939)",3.755804985607012e-06,0.0,-6.375066005553559,0.0004606616695894995,111.73859999689739
2,8,65,"(337.5, 387.5, 8.122025837780313)",3.6177353646357093e-06,0.0,-8.774848648882344,4.017941806363969e-05,152.41339999920456
2,8,66,"(337.5, 387.5, 8.122025837780313)",0.005695365201553959,740.7197265625,-4.039922816848915,0.011095392629674551,83.43590000004042
2,8,67,"(337.5, 387.5, 8.122025837780313)",1.2889274558722807e-06,0.0,-8.079845603736718,2.0641434289370095e-05,129.65900000199326
2,8,68,"(337.5, 412.5, 9.377700043801939)",5.297673245271047e-07,0.0,-14.606708889159083,1.0984893853414994e-12,126.56169999900158
2,8,69,"(337.5, 412.5, 9.377700043801939)",0.0011697254547950388,740.0572509765625,-6.526863285602252,0.0009083198002639683,88.0180999993172
2,9,0,"(462.5, 487.5, 3.127296379115885)",0.0818661647421419,545.6741333007812,-1.3859640565497908,2.101178953505923,87.67850000003818
2,9,1,"(437.5, 487.5, 4.012520353342856)",0.018930938967044543,0.0,-3.287940777356193,1.0522874667694049,134.60589999885997
2,9,2,"(412.5, 487.5, 5.147226552974528)",0.00022613505522511764,0.0,-6.162689497546645,0.2563216394727577,121.83050000021467
2,9,3,"(412.5, 487.5, 5.147226552974528)",0.13459994599427702,549.31591796875,-2.9127366311364664,0.448378849042933,87.5067000015406
2,9,4,"(387.5, 487.5, 6.600725374454914)",0.008210970585438068,0.0,-5.294717634931535,0.09352505607139093,140.49420000083046
2,9,5,"(387.5, 487.5, 6.600725374454914)",-8.44399134318034e-08,0.0,-7.367146598142535,1.1746825303438185e-05,122.7240999978676
2,9,6,"(387.5, 487.5, 6.600725374454914)",0.0017473017713794403,568.3601684570312,-2.064656531647854,0.0026197852584638496,91.14240000053542
2,9,7,"(362.5, 487.5, 8.460406646791682)",-1.6492589053910802e-07,0.0,-2.7352321041537,2.854622294375028e-06,139.62890000038897
2,9,8,"(362.5, 462.5, 8.527721324025148)",4.3834249178568524e-07,0.0,-5.766375176265749,2.4984249985854745e-12,124.45300000035786
2,9,9,"(362.5, 462.5, 8.527721324025148)",0.0014762462693556058,783.13330078125,-3.0311430721118118,0.0009066037942242874,87.66199999809032
2,9,10,"(362.5, 437.5, 8.184609533832969)",0.009564858194865387,0.0,-5.628145777695382,0.0020533237546778984,138.15769999928307
2,9,11,"(387.5, 437.5, 6.419652941837749)",5.06992341968444e-07,0.0,-12.768451149114131,0.015306730708298771,159.04970000337926
2,9,12,"(387.5, 437.5, 6.419652941837749)",0.002005775228294823,736.1527709960938,-3.8018565855819735,0.013278238532865578,85.08200000142097
2,9,13,"(362.5, 437.5, 8.184609533832969)",1.5248546591024291e-06,0.0,-9.72482047641365,0.0001477485161709492,120.49050000132411
2,9,14,"(362.5, 462.5, 8.527721324025148)",0.008692861845173375,0.0,-16.729203915920397,0.009989569518413587,122.40490000112914
2,9,15,"(362.5, 462.5, 8.527721324025148)",0.0418607252292863,783.1368408203125,-3.031161517359833,0.06332446043122072,86.0969000023033
2,9,16,"(362.5, 437.5, 8.184609533832969)",0.020948241895803986,0.0,-5.628145802685161,0.002053326980204942,138.28450000073644
2,9,17,"(387.5, 437.5, 6.419652941837749)",5.070032144638066e-07,0.0,-12.772372899793107,0.019299364262644614,158.05539999928442
2,9,18,"(387.5, 437.5, 6.419652941837749)",0.0019424085149698997,736.1527709960938,-3.801856580614156,0.0130087622255808,83.61199999853852
2,9,19,"(362.5, 437.5, 8.184609533832969)",1.5248546651802693e-06,0.0,-9.724820473440284,0.00014685689853737068,122.42169999808539
2,9,20,"(362.5, 462.5, 8.527721324025148)",2.793968402148231e-07,0.0,-16.729203915920124,0.009989569517602175,124.2826999987301
2,9,21,"(362.5, 462.5, 8.527721324025148)",0.0455576800245179,783.19091796875,-3.0311615173598336,0.06332442983241653,89.18189999894821
2,9,22,"(337.5, 462.5, 10.942007264844266)",3.755781410096579e-06,0.0,-3.5157576304123013,2.846659781030199e-06,121.057500000461
2,9,23,"(337.5, 437.5, 10.400297021568935)",1.7213945587476095e-07,0.0,-6.832887691331313,3.6059505728038215e-14,121.18689999988419
2,9,24,"(337.5, 437.5, 10.400297021568935)",0.0014929081287334712,796.9451904296875,-3.317130060919117,0.000907821647154159,87.98149999711313
2,9,25,"(337.5, 412.5, 9.377700043801939)",3.755805192186186e-06,0.0,-6.375066005703152,0.00046066200496779357,114.08730000039213
2,9,26,"(337.5, 387.5, 8.122025837780313)",3.2380881185465326e-06,0.0,-8.774849209269828,4.003853330464625e-05,151.4169000001857
2,9,27,"(337.5, 387.5, 8.122025837780313)",0.003918052478163003,740.7197265625,-4.039922816848886,0.01109540334821316,83.61470000090776
2,9,28,"(337.5, 412.5, 9.377700043801939)",2.2746393577036046e-06,0.0,-10.566786087382013,2.8938387715856185e-06,138.07269999961136
2,9,29,"(337.5, 412.5, 9.377700043801939)",5.297673245271046e-07,0.0,-17.09364937298313,9.691450881460785e-13,130.6174999990617
2,9,30,"(337.5, 412.5, 9.377700043801939)",0.0011782044874158247,740.0572509765625,-6.5268632856022535,0.000908325286263279,85.2006999994046
2,9,31,"(337.5, 437.5, 10.400297021568935)",0.03360212386243851,0.0,-9.844073067868765,0.017363210119714163,146.94299999973737
2,9,32,"(337.5, 437.5, 10.400297021568935)",1.7213945587476095e-07,0.0,-9.692201759381234,3.119479112815726e-06,135.6396000010136
2,9,33,"(337.5, 437.5, 10.400297021568935)",0.0014730737238282327,796.9451904296875,-3.3171300609191166,0.000907839146465176,84.28529999946477
2,9,34,"(337.5, 412.5, 9.377700043801939)",0.0029040099605991193,0.0,-6.375066005710275,0.0004606848303712171,110.58910000065225
2,9,35,"(362.5, 412.5, 7.512358105982148)",3.0492765834719017e-07,0.0,-14.27016349306503,8.269147858488965e-05,165.45050000058836
2,9,36,"(362.5, 412.5, 7.512358105982148)",0.001527667861883329,738.4631958007812,-4.450278665972565,0.0021289507236603527,85.68190000005416
2,9,37,"(337.5, 412.5, 9.377700043801939)",2.274639357703605e-06,0.0,-10.977141951552152,3.1115829483497445e-06,121.01160000020172
2,9,38,"(337.5, 412.5, 9.377700043801939)",5.297673245271046e-07,0.0,-17.504005237140568,1.1496561197282812e-12,121.43529999957536
2,9,39,"(337.5, 412.5, 9.377700043801939)",0.0009408367706359534,740.0572509765625,-6.5268632856022535,0.0009083317793444329,84.5329000003403
2,9,40,"(337.5, 412.5, 9.377700043801939)",2.2746393823353134e-06,0.0,-13.053726571204507,2.8148267801743616e-06,126.53189999764436
2,9,41,"(337.5, 412.5, 9.377700043801939)",5.297673245271047e-07,0.0,-19.580589856743902,9.28723259960188e-12,123.26059999759309
2,9,42,"(337.5, 412.5, 9.377700043801939)",0.001091847467271276,740.0572509765625,-6.5268632856022535,0.0009083256473814638,88.84290000059991
2,9,43,"(337.5, 387.5, 8.122025837780313)",1.2889274558602363e-06,0.0,-10.566786087380436,3.2411633026100565e-06,138.38190000024042
2,9,44,"(337.5, 412.5, 9.377700043801939)",5.297673245271047e-07,0.0,-17.09364937298313,9.53783342970818e-13,123.763700001291
2,9,45,"(337.5, 412.5, 9.377700043801939)",0.0019340376575231555,740.0572509765625,-6.526863285602252,0.000908322894799473,87.89850000175647
2,9,46,"(337.5, 437.5, 10.400297021568935)",0.015385283317556434,0.0,-9.844073067868765,0.017363209974539766,144.5714000001317
2,9,47,"(362.5, 437.5, 8.184609533832969)",1.006612937922864e-06,0.0,-15.77467570528373,0.007582582216480643,142.34899999792106
2,9,48,"(362.5, 437.5, 8.184609533832969)",0.0012577831460032698,737.1627197265625,-5.922963805145443,0.002007678038558453,85.92330000101356
2,9,49,"(362.5, 462.5, 8.527721324025148)",0.4122944082426332,0.0,-9.016783234060412,0.3052695850213587,114.15059999853838
2,9,50,"(362.5, 437.5, 8.184609533832969)",0.0012127399356065861,0.0,-14.88113914498432,0.44001222169699683,166.57610000038403
2,9,51,"(362.5, 437.5, 8.184609533832969)",0.03425883669669327,737.1647338867188,-5.922980762204776,0.059049850640553285,84.5405000000028
2,9,52,"(362.5, 462.5, 8.527721324025148)",0.13638249833978616,0.0,-8.958051108398955,0.10382803916884369,148.6471000025631
2,9,53,"(362.5, 487.5, 8.460406646791682)",-9.80993111928304e-08,0.0,-6.2989019816382825,7.528446649352853e-05,134.34609999967506
2,9,54,"(362.5, 487.5, 8.460406646791682)",0.000584900681909858,568.50439453125,-0.670575572585345,0.0009060787264590784,85.77010000226437
2,9,55,"(362.5, 462.5, 8.527721324025148)",2.2518604920109833e-06,0.0,-3.7017186446971566,2.846656019880783e-06,134.65070000165724
2,9,56,"(362.5, 437.5, 8.184609533832969)",-9.8097421754629e-08,0.0,-6.298874753675518,7.700132634145769e-05,133.02759999714908
2,9,57,"(362.5, 437.5, 8.184609533832969)",1.0895635636246936,791.984619140625,-10.463751988845893,0.5902464612632745,88.02840000134893
2,9,58,"(362.5, 462.5, 8.527721324025148)",0.0270003452299995,0.0,-8.957120116195025,0.03043388270734589,148.11469999767723
2,9,59,"(387.5, 462.5, 6.644563227708976)",0.11126166582118943,0.0,-13.560650999148516,0.2761200721144392,121.46510000093258
2,9,60,"(387.5, 462.5, 6.644563227708976)",0.09806864728685225,733.8397827148438,-4.377181927702635,0.14754316779437476,92.22389999922598
2,9,61,"(412.5, 462.5, 5.176557100199439)",0.0004980462581597152,0.0,-7.174253075563598,0.013713031327522973,143.05199999944307
2,9,62,"(387.5, 462.5, 6.644563227708976)",5.31474749247233e-07,0.0,-11.551260791495867,4.96530879871764e-05,124.77030000081868
2,9,63,"(387.5, 462.5, 6.644563227708976)",0.002141703967244436,733.795654296875,-4.377006346012842,0.026159255097846713,85.13229999880423
2,9,64,"(387.5, 487.5, 6.600725374454914)",0.32908003947847453,0.0,-6.462320879269637,0.23868581913058123,144.38190000146278
2,9,65,"(362.5, 487.5, 8.460406646791682)",-9.80993111928304e-08,0.0,-8.936038166343856,0.00021875374906438737,131.7192000024079
2,9,66,"(362.5, 487.5, 8.460406646791682)",0.0010148390201149627,568.50439453125,-0.670575572585345,0.0009060874037432547,88.08069999940926
2,9,67,"(337.5, 487.5, 10.834577821017316)",8.143339775070084e-07,0.0,-1.5721691089661392,2.8546196093763465e-06,138.75570000163862
2,9,68,"(337.5, 462.5, 10.942007264844266)",8.327576021353403e-07,0.0,-2.0567836672665245,3.1379878266134158e-18,129.39539999933913
2,9,69,"(337.5, 462.5, 10.942007264844266)",0.0005715781121545666,774.6624145507812,-0.48461455830038536,0.0009065274343404985,87.15609999853768
2,0,0,"(187.5, 387.5, 11.364582883745452)",0.007362477771789356,818.6099853515625,-3.9505502834414328,0.009753689416613687,87.49969999917084
2,0,1,"(162.5, 387.5, 9.797797492156253)",0.018611725235965514,0.0,-7.330537476800716,0.005637510961704655,139.26880000144592
2,0,2,"(137.5, 387.5, 8.184609533832969)",0.0020308784172818613,0.0,-9.93063202722962,0.0017044273258537213,149.96480000263546
2,0,3,"(137.5, 387.5, 8.184609533832969)",0.012223322713836297,739.0115356445312,-5.522822737074386,0.00851582424638456,85.58869999978924
2,0,4,"(137.5, 362.5, 6.88289330546234)",0.004562581359087648,0.0,-8.880424226035963,0.07135911085826276,139.95199999772012
2,0,5,"(137.5, 337.5, 5.675677129206918)",0.026047361393773248,0.0,-10.358787671337398,0.5890978525883984,127.45300000096904
2,0,6,"(137.5, 337.5, 5.675677129206918)",0.10362143702085115,739.8201904296875,-1.2092748422359443,0.6804810629045049,87.81499999895459
2,0,7,"(137.5, 312.5, 4.617102976724376)",0.059856649348898054,0.0,-1.605543284343411,0.11416299467049525,133.94790000165813
2,0,8,"(137.5, 287.5, 3.720264207629609)",0.09183444579466771,0.0,-2.7676240540645596,0.2921660781558424,120.97870000070543
2,0,9,"(137.5, 287.5, 3.720264207629609)",0.8152397045211848,740.76220703125,-0.887311290650071,1.5194733694917877,89.67180000036024
2,0,10,"(137.5, 262.5, 2.9770964423387296)",0.00981067909745338,0.0,-1.2626554771522847,0.5249717440555182,149.50650000173482
2,0,11,"(137.5, 287.5, 3.720264207629609)",0.003833110444245658,0.0,-2.009903266611285,0.31545774564626616,121.74690000028932
2,0,12,"(137.5, 287.5, 3.720264207629609)",0.050610178963574996,738.3414306640625,-0.7322476364147048,0.6484915461979608,87.78700000038953
2,0,13,"(137.5, 312.5, 4.617102976724376)",0.6899550364373775,0.0,-1.4575579892287704,1.1275034305043212,121.70450000121491
2,0,14,"(137.5, 287.5, 3.720264207629609)",0.18680864572514289,0.0,-2.343547729632777,1.2851881820684115,122.41240000003017
2,0,15,"(137.5, 287.5, 3.720264207629609)",0.49321085459761416,739.4456787109375,-0.7566683930892996,1.1133004072716313,88.31320000172127
2,0,16,"(137.5, 262.5, 2.9770964423387296)",0.012635083232681817,0.0,-1.2690564466346332,0.6299315308110562,157.61189999830094
2,0,17,"(137.5, 287.5, 3.720264207629609)",0.002790505997839348,0.0,-2.0126651755789893,0.3374363160651629,122.55489999733982
2,0,18,"(137.5, 287.5, 3.720264207629609)",0.051139913479015635,738.3176879882812,-0.7325357703833072,0.6550431992433163,86.20460000020103
2,0,19,"(137.5, 312.5, 4.617102976724376)",0.688576367841536,0.0,-1.45842551785835,1.1276623639762164,122.5170999969123
2,0,20,"(137.5, 287.5, 3.720264207629609)",0.17519050836565603,0.0,-2.3434025512519385,1.2851187453085366,121.56900000263704
2,0,21,"(137.5, 287.5, 3.720264207629609)",0.4879120493677507,739.3786010742188,-0.7566537940081728,1.1132131225305026,86.03559999755817
2,0,22,"(137.5, 262.5, 2.9770964423387296)",0.011488965853332637,0.0,-1.2690585762457305,0.6299613635337535,149.41120000003139
2,0,23,"(137.5, 287.5, 3.720264207629609)",0.004087264649568614,0.0,-2.012665911250287,0.3374422454794921,123.11400000180583
2,0,24,"(137.5, 287.5, 3.720264207629609)",0.049885691819571455,738.2978515625,-0.7325358188253525,0.655045027159321,86.23109999825829
2,0,25,"(137.5, 312.5, 4.617102976724376)",0.6930757681218656,0.0,-1.458425814607664,1.1276623908688563,122.27799999891431
2,0,26,"(137.5, 287.5, 3.720264207629609)",0.17329825957623182,0.0,-2.343402460970437,1.2851187571125307,124.73809999937657
2,0,27,"(137.5, 287.5, 3.720264207629609)",0.4942675934581002,739.2666015625,-0.7566537884480806,1.1132131349014844,88.83440000136034
2,0,28,"(137.5, 262.5, 2.9770964423387296)",0.01248038833390769,0.0,-1.2690585873627567,0.629961391554628,148.74019999842858
2,0,29,"(137.5, 287.5, 3.720264207629609)",0.00265738895784615,0.0,-2.012665911250287,0.33744224547949203,119.92180000015651
2,0,30,"(137.5, 287.5, 3.720264207629609)",0.05158357783516268,738.3197631835938,-0.7325358188253523,0.655045033901387,87.29010000024573
2,0,31,"(137.5, 312.5, 4.617102976724376)",0.6873076206066218,0.0,-1.458425814607664,1.1276623908688566,131.64289999986067
2,0,32,"(137.5, 287.5, 3.720264207629609)",0.17472551266353512,0.0,-2.343402460970437,1.2851187571125304,124.15809999947669
2,0,33,"(137.5, 287.5, 3.720264207629609)",0.49326787261606814,739.3851928710938,-0.7566537884480805,1.1132131625274346,84.25809999971534
2,0,34,"(137.5, 287.5, 3.720264207629609)",0.25602865085422477,0.0,-1.4687388244474777,0.5709645617475517,139.4185999997717
2,0,35,"(137.5, 287.5, 3.720264207629609)",0.00740175942579798,0.0,-2.18890078723203,0.14623614550095543,123.41269999888027
2,0,36,"(137.5, 287.5, 3.720264207629609)",0.19351691842569432,738.5979614257812,-0.729334142040971,0.7739351670068015,84.19819999835454
2,0,37,"(137.5, 262.5, 2.9770964423387296)",0.013311213257890251,0.0,-1.2755865597168783,0.7133251670928462,145.0035999987449
2,0,38,"(137.5, 287.5, 3.720264207629609)",0.0031863603120086724,0.0,-2.0146883364170773,0.3531176379650583,122.84920000092825
2,0,39,"(137.5, 287.5, 3.720264207629609)",0.05091395659969876,738.2950439453125,-0.732735257570439,0.6592596728626541,85.54910000020755
2,0,40,"(137.5, 312.5, 4.617102976724376)",0.6939899709937642,0.0,-1.4597817216777051,1.1277019016067538,125.2572000012151
2,0,41,"(137.5, 287.5, 3.720264207629609)",0.1776849230130331,0.0,-2.3431739652723893,1.2850013011476595,121.27279999913299
2,0,42,"(137.5, 287.5, 3.720264207629609)",0.4879095917180134,739.388916015625,-0.7566304072573871,1.1130415950183694,85.52510000299662
2,0,43,"(137.5, 262.5, 2.9770964423387296)",0.012500753207359579,0.0,-1.269059990842785,0.6299815050044144,147.52109999972163
2,0,44,"(137.5, 287.5, 3.720264207629609)",0.0021177680852578944,0.0,-2.012666391184661,0.33744624683503543,125.01120000160881
2,0,45,"(137.5, 287.5, 3.720264207629609)",0.049215833358845766,738.304443359375,-0.7325358743031436,0.655046126963742,89.72049999647425
2,0,46,"(137.5, 312.5, 4.617102976724376)",0.6920335658884644,0.0,-1.4584260502458846,1.127662445881696,123.43500000133645
2,0,47,"(137.5, 287.5, 3.720264207629609)",0.18301365772874562,0.0,-2.3434024843479477,1.2851187136934914,122.59129999802099
2,0,48,"(137.5, 287.5, 3.720264207629609)",0.48090242024282226,739.2556762695312,-0.7566537757361402,1.113213112184383,87.54640000188374
2,0,49,"(137.5, 262.5, 2.9770964423387296)",0.012443014938068068,0.0,-1.2690585762457303,0.6299613635337534,146.16559999922174
2,0,50,"(137.5, 287.5, 3.720264207629609)",0.0029233051464042682,0.0,-2.0126659112502874,0.33744224547949203,121.0785000002943
2,0,51,"(137.5, 287.5, 3.720264207629609)",0.05000594069447526,738.3003540039062,-0.7325358188253523,0.6550450581306427,85.46729999943636
2,0,52,"(137.5, 312.5, 4.617102976724376)",0.6921366396337792,0.0,-1.458425814607664,1.1276623908688563,122.21010000212118
2,0,53,"(137.5, 287.5, 3.720264207629609)",0.18035187323884805,0.0,-2.3434024609704367,1.2851187571125307,122.037499997532
2,0,54,"(137.5, 287.5, 3.720264207629609)",0.4867624610571107,739.3239135742188,-0.7566537884480808,1.1132131777633472,85.98239999992074
2,0,55,"(137.5, 262.5, 2.9770964423387296)",0.012657552003068487,0.0,-1.2690585873627567,0.6299613915546283,149.92849999907776
2,0,56,"(137.5, 287.5, 3.720264207629609)",0.003960505438344559,0.0,-2.012665911250287,0.337442245479492,125.03120000110357
2,0,57,"(137.5, 287.5, 3.720264207629609)",0.05072753725856299,738.3064575195312,-0.7325358188253523,0.6550450292303573,86.3690999976825
2,0,58,"(137.5, 312.5, 4.617102976724376)",0.690925369127938,0.0,-1.4584258146076639,1.1276623908688566,120.79799999992247
2,0,59,"(137.5, 287.5, 3.720264207629609)",0.17231923341755354,0.0,-2.343402460970437,1.2851187571125307,124.9593000029563
2,0,60,"(137.5, 287.5, 3.720264207629609)",0.4929313165123004,739.4962158203125,-0.7566537884480806,1.1132131645049292,88.13670000017737
2,0,61,"(137.5, 262.5, 2.9770964423387296)",0.012592161412444505,0.0,-1.2690585873627567,0.629961391554628,145.118000000366
2,0,62,"(137.5, 287.5, 3.720264207629609)",0.003960505438345719,0.0,-2.0126659112502874,0.33744224547949203,123.71189999976195
2,0,63,"(137.5, 287.5, 3.720264207629609)",0.04930902736604733,738.3008422851562,-0.7325358188253523,0.6550450358394699,87.18379999845638
2,0,64,"(162.5, 287.5, 4.140142738102741)",0.2298953079591099,0.0,-1.3726096905950294,0.5130148872747737,135.08070000170846
2,0,65,"(162.5, 262.5, 3.2775456166337156)",0.0006732887122784709,0.0,-1.8381149724812471,0.17566572299231867,122.41550000180723
2,0,66,"(162.5, 262.5, 3.2775456166337156)",0.03451553609277599,738.7283935546875,-0.4755309586415828,0.9216475299307115,89.18419999827165
2,0,67,"(162.5, 287.5, 4.140142738102741)",0.07596809960220073,0.0,-1.1248847315981587,0.5732101287309838,136.35319999957574
2,0,68,"(162.5, 312.5, 5.206150757863988)",0.007511370504890192,0.0,-2.1570488451804364,0.12396326310984314,119.11359999794513
2,0,69,"(162.5, 312.5, 5.206150757863988)",0.34743060499661854,738.80908203125,-0.8294840694298445,1.5237652323139785,124.15189999956056
2,1,0,"(187.5, 387.5, 11.364582883745452)",0.005038241035359453,818.6099853515625,-3.9505502834414328,0.009753679773060115,84.24050000030547
2,1,1,"(162.5, 387.5, 9.797797492156253)",0.019749262070396168,0.0,-7.330586308289823,0.005614890796424263,138.34549999955925
2,1,2,"(187.5, 387.5, 11.364582883745452)",-2.2479798644781113e-07,0.0,-11.291433325587704,2.4526156611354853e-11,138.84319999851868
2,1,3,"(187.5, 387.5, 11.364582883745452)",-7.768541700385689e-07,818.6099853515625,-3.950550245714299,0.0009082596514695175,85.75200000268524
2,1,4,"(162.5, 387.5, 9.797797492156253)",0.008066019342655044,0.0,-7.336077478399146,0.0016806702381783024,137.5941000005696
2,1,5,"(162.5, 412.5, 11.634380720059667)",5.174941958606243e-08,0.0,-14.094804650091298,0.00085938330777523,153.11279999878025
2,1,6,"(162.5, 412.5, 11.634380720059667)",0.001090577878739364,819.2732543945312,-6.751253981766682,0.000908324696065554,85.53609999944456
2,1,7,"(162.5, 387.5, 9.797797492156253)",1.8352778511947816,0.0,-9.135193640793572,0.3909233296452802,121.77640000300016
2,1,8,"(162.5, 387.5, 9.797797492156253)",0.11628515385940376,0.0,-8.150975945856647,0.6021183872730362,165.3654000001552
2,1,9,"(162.5, 387.5, 9.797797492156253)",1.6805632906528172,558.7433471679688,-2.289294359330184,0.7618794762725379,87.28699999846867
2,1,10,"(162.5, 362.5, 8.044975170611863)",2.0160578303354297,0.0,-4.718235869381801,0.7585092095817898,139.2158999988169
2,1,11,"(162.5, 337.5, 6.503826249283008)",0.18715058682648186,0.0,-7.031139189191357,0.33358302532791045,127.32659999892348
2,1,12,"(162.5, 337.5, 6.503826249283008)",0.05666410245109728,740.1573486328125,-2.027157648243248,0.47146397982098526,90.57340000072145
2,1,13,"(187.5, 337.5, 7.2238068944948735)",0.017441853419023587,0.0,-3.8039957133120863,0.0801265796247175,120.99250000028405
2,1,14,"(212.5, 337.5, 7.7206787211523045)",-2.397622059409817e-07,0.0,-4.960109792473553,9.610816265099968e-05,128.62280000263127
2,1,15,"(212.5, 337.5, 7.7206787211523045)",0.0010023340978740536,747.119873046875,-1.1563744852300313,0.0030742532737665466,85.1793000001635
2,1,16,"(237.5, 337.5, 7.894671343450355)",0.00864232865127824,0.0,-1.6510594968461538,0.02107414845042639,123.97339999733958
2,1,17,"(237.5, 337.5, 7.894671343450355)",0.002458550656851077,0.0,-2.146613676415335,0.02043575363113349,123.73830000069574
2,1,18,"(237.5, 337.5, 7.894671343450355)",0.18848248533040612,750.861083984375,-0.4961461217471721,0.4655725957196717,86.76810000179103
2,1,19,"(212.5, 337.5, 7.7206787211523045)",0.013347231521538234,0.0,-1.6511996491409753,0.016611030958267717,139.3355000000156
2,1,20,"(187.5, 337.5, 7.2238068944948735)",2.3543058584133778e-07,0.0,-3.4276325155448775,2.074142030463234e-08,140.26530000046478
2,1,21,"(187.5, 337.5, 7.2238068944948735)",0.002218581940074242,743.1393432617188,-1.7765776469989238,0.004335230923740009,87.80499999920721
2,1,22,"(212.5, 337.5, 7.7206787211523045)",-7.345237781144788e-07,0.0,-2.9329521363026974,3.3388596886431326e-05,121.25240000023041
2,1,23,"(187.5, 337.5, 7.2238068944948735)",2.3543058584133786e-07,0.0,-4.709529785109505,3.2577113719622934e-08,123.93339999835007
2,1,24,"(187.5, 337.5, 7.2238068944948735)",0.001200832693266079,743.1393432617188,-1.776577649753225,0.006742465091397175,86.83569999993779
2,1,25,"(162.5, 337.5, 6.503826249283008)",0.010416848978022083,0.0,-3.803756469333327,0.0861674143275393,137.9207000027236
2,1,26,"(187.5, 337.5, 7.2238068944948735)",2.3543058603207808e-07,0.0,-5.580577488548577,0.0018945124446133103,121.66639999850304
2,1,27,"(187.5, 337.5, 7.2238068944948735)",0.01456239808474217,743.1370849609375,-1.7765838942616494,0.06298078751978647,88.02920000016456
2,1,28,"(212.5, 337.5, 7.7206787211523045)",-7.34523769881064e-07,0.0,-2.932952193024483,6.933413747128372e-05,123.60800000169547
2,1,29,"(187.5, 337.5, 7.2238068944948735)",2.3543058584133786e-07,0.0,-4.709529786863563,4.023647422024352e-08,122.67289999726927
2,1,30,"(187.5, 337.5, 7.2238068944948735)",0.001993637743069778,743.1393432617188,-1.7765776503439124,0.007030977884986887,88.19140000196057
2,1,31,"(187.5, 362.5, 9.103110310900643)",2.908841330966047e-07,0.0,-5.767903576069197,7.453449753801567e-06,139.03790000040317
2,1,32,"(187.5, 337.5, 7.2238068944948735)",2.354305858413378e-07,0.0,-7.544481222201457,3.2538575370283474e-09,125.01530000008643
2,1,33,"(187.5, 337.5, 7.2238068944948735)",0.001343154293388801,743.1393432617188,-1.7765776469989232,0.004335234450987301,86.24580000105198
2,1,34,"(187.5, 312.5, 5.701335627950545)",0.01196244416834423,0.0,-2.6075281087233124,0.07606474036355808,137.19819999823812
2,1,35,"(187.5, 337.5, 7.2238068944948735)",2.354305858413378e-07,0.0,-4.384343898500625,0.0017966740779526327,121.96970000150031
2,1,36,"(187.5, 337.5, 7.2238068944948735)",0.012988525674447075,743.1122436523438,-1.7765836958675618,0.06248657763411315,85.9796999975515
2,1,37,"(212.5, 337.5, 7.7206787211523045)",-7.345237781144792e-07,0.0,-2.9329521925692883,6.91960280206155e-05,123.15220000164118
2,1,38,"(187.5, 337.5, 7.2238068944948735)",2.3543058584133786e-07,0.0,-4.70952978685795,4.0212121200958896e-08,120.61659999744734
2,1,39,"(187.5, 337.5, 7.2238068944948735)",0.0010821495427789007,743.1393432617188,-1.7765776503420772,0.007030167273317756,85.80600000277627
2,1,40,"(212.5, 337.5, 7.7206787211523045)",-7.345237781144788e-07,0.0,-2.9329521393151547,3.8256937684999364e-05,121.10490000122809
2,1,41,"(187.5, 337.5, 7.2238068944948735)",2.3543058584133786e-07,0.0,-4.709529785419188,3.3936519020332063e-08,124.38929999916581
2,1,42,"(187.5, 337.5, 7.2238068944948735)",0.0010365600588592178,743.1393432617188,-1.7765776498601953,0.006797293248278912,86.75679999942076
2,1,43,"(212.5, 337.5, 7.7206787211523045)",-7.345237781144803e-07,0.0,-2.932952139061693,3.792993718102241e-05,121.93069999921136
2,1,44,"(187.5, 337.5, 7.2238068944948735)",2.3543058584133786e-07,0.0,-4.709529785397916,3.384323689859805e-08,121.01310000070953
2,1,45,"(187.5, 337.5, 7.2238068944948735)",0.0007709237995244272,743.1393432617188,-1.7765776498528867,0.006793611020933815,93.43209999860846
2,1,46,"(187.5, 362.5, 9.103110310900643)",2.908841331426405e-07,0.0,-5.767903576037483,7.406153131933727e-06,132.87519999721553
2,1,47,"(187.5, 337.5, 7.2238068944948735)",2.354305858413378e-07,0.0,-7.544481222201455,3.253842084392682e-09,124.68660000013188
2,1,48,"(187.5, 337.5, 7.2238068944948735)",0.0020237294395094706,743.1393432617188,-1.7765776469989234,0.004335237962348274,88.524700000562
2,1,49,"(212.5, 337.5, 7.7206787211523045)",-7.345237781144799e-07,0.0,-2.932952136302698,3.338859688643128e-05,120.62850000074832
2,1,50,"(187.5, 337.5, 7.2238068944948735)",2.3543058584133786e-07,0.0,-4.709529785109505,3.2577113719622934e-08,122.06869999863557
2,1,51,"(187.5, 337.5, 7.2238068944948735)",0.0014928068032333836,743.1393432617188,-1.776577649753225,0.006742467995135041,87.16370000183815
2,1,52,"(162.5, 337.5, 6.503826249283008)",0.008754386598384924,0.0,-3.803756469333327,0.08616741432753931,138.6283000028925
2,1,53,"(162.5, 312.5, 5.206150757863988)",0.04455470542113197,0.0,-4.670065442170222,0.5311660744810491,141.10170000276412
2,1,54,"(162.5, 312.5, 5.206150757863988)",0.2590269591432084,740.4599609375,-0.5877379942667705,1.1178068635193512,85.06010000201059
2,1,55,"(162.5, 287.5, 4.140142738102741)",0.8392113605344005,0.0,-1.3308345945960887,1.1514664256455618,138.5069999996631
2,1,56,"(162.5, 262.5, 3.2775456166337156)",3.3691149535354646e-05,0.0,-2.0826962274438037,0.35151832784075154,173.58039999817265
2,1,57,"(162.5, 262.5, 3.2775456166337156)",0.0235792410614581,738.9126586914062,-0.4711205652637018,0.5685531943000836,85.89799999754177
2,1,58,"(162.5, 287.5, 4.140142738102741)",0.065184329913016,0.0,-1.1197311874953038,0.4893985400190738,138.32849999744212
2,1,59,"(162.5, 312.5, 5.206150757863988)",0.0059273174653445004,0.0,-2.156417606424321,0.12429961337862808,123.35770000208868
2,1,60,"(162.5, 312.5, 5.206150757863988)",0.34903276956481666,738.8643798828125,-0.8259320723690374,1.525300331799455,120.18360000001849
2,1,61,"(162.5, 287.5, 4.140142738102741)",0.9031495342718414,0.0,-1.3467537540776884,1.294524657370898,137.39410000198404
2,1,62,"(162.5, 262.5, 3.2775456166337156)",0.00010020993067913558,0.0,-2.0927657301258633,0.33384457253068994,169.64699999880395
2,1,63,"(162.5, 262.5, 3.2775456166337156)",0.025121203385701084,738.9100952148438,-0.47132290541873484,0.5968787953811515,82.79179999954067
2,1,64,"(162.5, 287.5, 4.140142738102741)",0.06395414612723407,0.0,-1.120184417597483,0.49736685513678836,138.1787999998778
2,1,65,"(162.5, 312.5, 5.206150757863988)",0.0062482288728266415,0.0,-2.1564367071071926,0.12446284993273786,122.33810000179801
2,1,66,"(162.5, 312.5, 5.206150757863988)",0.34866718381882345,738.9308471679688,-0.8260080398189739,1.5252890039322031,123.00459999823943
2,1,67,"(162.5, 287.5, 4.140142738102741)",0.9019123323601579,0.0,-1.3467593704867915,1.294561339810036,139.10129999931087
2,1,68,"(162.5, 262.5, 3.2775456166337156)",3.361167667534018e-05,0.0,-2.0927682363115867,0.33384024686883956,165.27549999955227
2,1,69,"(162.5, 262.5, 3.2775456166337156)",0.024947375130788003,738.9134521484375,-0.4713229761262666,0.5968863734674033,84.05750000019907
2,2,0,"(187.5, 387.5, 11.364582883745452)",0.008615393404811805,818.6099853515625,-3.9505502834414323,0.00975368980779963,86.93309999944177
2,2,1,"(162.5, 387.5, 9.797797492156253)",0.018285277205486852,0.0,-7.330609067163506,0.005604418151083302,139.62900000115042
2,2,2,"(137.5, 387.5, 8.184609533832969)",0.0005711036855674287,0.0,-9.930551669073562,0.0017006250659333641,148.54810000178986
2,2,3,"(137.5, 387.5, 8.184609533832969)",0.01243180716903181,739.0115356445312,-5.522822737112309,0.008523965512523043,85.98839999831398
2,2,4,"(137.5, 387.5, 8.184609533832969)",0.0004528813989371731,0.0,-11.045646314039178,0.003682175173635987,129.15580000117188
2,2,5,"(137.5, 412.5, 9.458994007438445)",2.6806568106015516e-07,0.0,-19.43134453417215,3.8439338885256897e-07,123.5839999972086
2,2,6,"(137.5, 412.5, 9.458994007438445)",0.0015407166470382668,738.463134765625,-8.38569881927453,0.0027019255412735746,85.40279999942868
2,2,7,"(162.5, 412.5, 11.634380720059667)",1.5230009220879666,0.0,-8.924271303499745,0.497047942896796,139.13010000032955
2,2,8,"(187.5, 412.5, 13.941569591049829)",0.0013490574538792194,0.0,-6.714809833835766,0.007467408317521335,159.49990000081016
2,2,9,"(187.5, 412.5, 13.941569591049829)",0.0013815325921324266,798.0051879882812,-0.46306284740759124,0.0015420709254321016,82.53650000187918
2,2,10,"(187.5, 387.5, 11.364582883745452)",-1.1911754758824158e-06,0.0,-4.413613093112369,2.8148270882070925e-06,136.34280000042054
2,2,11,"(162.5, 387.5, 9.797797492156253)",-2.2315361684252898e-07,0.0,-7.8039482708418975,4.853139684480461e-06,135.2623000020685
2,2,12,"(162.5, 387.5, 9.797797492156253)",0.15101188542385932,740.8836059570312,-7.203927476280105,0.21835750954653416,87.8523999999743
2,2,13,"(162.5, 387.5, 9.797797492156253)",1.2560520792412162e-06,0.0,-14.402602264468124,3.0918050452126965e-06,129.97039999754634
2,2,14,"(162.5, 412.5, 11.634380720059667)",0.07543236017225394,0.0,-11.6677853975399,0.2780921488010506,130.00840000313474
2,2,15,"(162.5, 412.5, 11.634380720059667)",0.7095402413774516,740.1466674804688,-2.216267365558633,0.276897939634159,85.97829999780515
2,2,16,"(162.5, 387.5, 9.797797492156253)",1.6822001665805735,0.0,-4.870025176985858,0.38381927727731496,121.50370000017574
2,2,17,"(162.5, 362.5, 8.044975170611863)",1.5490998824437463e-07,0.0,-11.398216819901064,0.07323387588108733,137.89010000255075
2,2,18,"(162.5, 362.5, 8.044975170611863)",0.0020205159417488357,740.8639526367188,-3.918199927183492,0.0036827324181838237,86.70809999966878
2,2,19,"(162.5, 337.5, 6.503826249283008)",0.006511743299945992,0.0,-5.94536529513506,0.06368438994876195,136.79039999988163
2,2,20,"(162.5, 362.5, 8.044975170611863)",0.00024365975210954353,0.0,-9.863692911540396,0.0009452374504411005,120.9482999984175
2,2,21,"(162.5, 362.5, 8.044975170611863)",0.004944589935411782,740.8639526367188,-3.9182021733943113,0.04794259130557393,88.0213000018557
2,2,22,"(162.5, 362.5, 8.044975170611863)",0.0013426410639291709,0.0,-7.836401964141449,0.003670615923187575,129.821800001082
2,2,23,"(187.5, 362.5, 9.103110310900643)",-3.880510727564493e-11,0.0,-11.827725784929294,7.668827457816393e-09,126.56730000162497
2,2,24,"(187.5, 362.5, 9.103110310900643)",0.0005757570276670612,743.5701904296875,-3.9913259286765657,0.0009442254121371452,88.45750000182306
2,2,25,"(162.5, 362.5, 8.044975170611863)",1.2125593680761972e-06,0.0,-7.909525855447054,3.376686342310965e-05,137.46119999996154
2,2,26,"(162.5, 337.5, 6.503826249283008)",5.493250985940298e-07,0.0,-9.936683588478171,2.4278453332295477e-05,130.36499999725493
2,2,27,"(162.5, 337.5, 6.503826249283008)",0.014093970148577625,740.6187744140625,-2.0271576713131223,0.12880960449554027,83.50819999759551
2,2,28,"(162.5, 312.5, 5.206150757863988)",0.29441254430279684,0.0,-2.649553143972148,1.2361684583722885,131.39130000126897
2,2,29,"(162.5, 287.5, 4.140142738102741)",0.12924671173092983,0.0,-3.3397030086880313,0.8523369437551765,130.905599999096
2,2,30,"(162.5, 287.5, 4.140142738102741)",0.7181807332283747,741.6177368164062,-0.7241973729154652,1.535320477822405,87.60640000036801
2,2,31,"(162.5, 262.5, 3.2775456166337156)",0.017996659069650624,0.0,-1.10938014643429,0.3548730006901326,145.8216999999422
2,2,32,"(162.5, 287.5, 4.140142738102741)",0.0038364678621288684,0.0,-1.7590292757321229,0.15942265573615888,123.694499998237
2,2,33,"(162.5, 287.5, 4.140142738102741)",0.0989233632220036,739.4725341796875,-0.6390568944448287,0.5818203358916022,85.57750000181841
2,2,34,"(162.5, 312.5, 5.206150757863988)",0.32657767378784114,0.0,-1.325507284305374,1.2417659128744356,133.07690000146977
2,2,35,"(162.5, 287.5, 4.140142738102741)",0.1449063618977832,0.0,-2.0879354233546676,1.1013701620550684,133.75549999909708
2,2,36,"(162.5, 287.5, 4.140142738102741)",0.7159842754142606,741.360595703125,-0.714126500068627,1.5815338531850327,86.0279000007722
2,2,37,"(162.5, 262.5, 3.2775456166337156)",0.021615430232519977,0.0,-1.113430058370648,0.45558102452971194,146.22440000312054
2,2,38,"(162.5, 287.5, 4.140142738102741)",0.0025021185477625664,0.0,-1.7611960494789738,0.17646192883510192,122.87049999940791
2,2,39,"(162.5, 287.5, 4.140142738102741)",0.0988958822207013,739.40185546875,-0.6392438630746684,0.5883587856983675,87.19550000023446
2,2,40,"(187.5, 287.5, 4.484402965683246)",0.3581790836334579,0.0,-1.149034768264587,0.9421223735163052,144.7379000019282
2,2,41,"(187.5, 262.5, 3.519235619237839)",0.0011452025889089601,0.0,-1.5592269890915451,0.20240478683975013,125.78989999747137
2,2,42,"(187.5, 262.5, 3.519235619237839)",0.06873288680050746,739.7618408203125,-0.42073330985625507,0.9110698763586171,91.69530000144732
2,2,43,"(187.5, 287.5, 4.484402965683246)",0.1393084244071492,0.0,-0.9300422969245201,0.5853864628993953,139.30120000077295
2,2,44,"(187.5, 312.5, 5.701335627950545)",-8.203399519415341e-08,0.0,-1.7469446257763361,0.12707900046600196,125.38750000021537
2,2,45,"(187.5, 312.5, 5.701335627950545)",0.1495976647709788,739.6949462890625,-0.8309374571271011,0.9713053455197632,87.93280000099912
2,2,46,"(187.5, 287.5, 4.484402965683246)",0.4978128401425298,0.0,-1.3367196033146382,1.4380029280019333,142.15299999705167
2,2,47,"(187.5, 262.5, 3.519235619237839)",6.286168354567538e-05,0.0,-1.7479595090784958,0.21908837523390506,144.68910000141477
2,2,48,"(187.5, 262.5, 3.519235619237839)",0.05066720109227184,740.1425170898438,-0.41799666615054987,0.5424785981756335,85.45359999698121
2,2,49,"(187.5, 287.5, 4.484402965683246)",0.12834085286355892,0.0,-0.9257698850978786,0.5001090117491392,135.63500000236672
2,2,50,"(187.5, 312.5, 5.701335627950545)",-8.20339967807134e-08,0.0,-1.7469240803944994,0.12641009001381895,125.20990000120946
2,2,51,"(187.5, 312.5, 5.701335627950545)",0.1515383749667617,739.6513671875,-0.8309374630199321,0.9725574338157293,88.20410000043921
2,2,52,"(212.5, 312.5, 6.0337808765239185)",0.09063723299397292,0.0,-1.355409214842061,0.3947346577623492,123.6486000016157
2,2,53,"(237.5, 312.5, 6.148385304590252)",-1.0079869146769245e-07,0.0,-1.8028145469711743,0.016456248674996923,122.06119999973453
2,2,54,"(237.5, 312.5, 6.148385304590252)",0.033687813783972446,750.5697021484375,-0.4532476553617959,0.0860545756539479,86.50910000142176
2,2,55,"(237.5, 312.5, 6.148385304590252)",0.035052581863272834,0.0,-0.9065677869719873,0.04303405598260804,136.2690999994811
2,2,56,"(212.5, 312.5, 6.0337808765239185)",7.855608904113369e-08,0.0,-1.4247744778216087,0.000236424570451624,122.56749999869498
2,2,57,"(212.5, 312.5, 6.0337808765239185)",0.02318019247523738,745.5955200195312,-0.5182866413063378,0.08925541551696631,85.47049999833689
2,2,58,"(237.5, 312.5, 6.148385304590252)",0.008794296138113288,0.0,-0.9715687676163919,0.017355714426911112,139.10309999846504
2,2,59,"(237.5, 337.5, 7.894671343450355)",-1.806984058616731e-07,0.0,-1.4662109161881778,0.0006067598576565568,120.90510000052745
2,2,60,"(237.5, 337.5, 7.894671343450355)",0.08854347537458522,752.6537475585938,-0.494756585819561,0.20547133460610836,89.52460000000428
2,2,61,"(212.5, 337.5, 7.7206787211523045)",0.016652607224538568,0.0,-1.6511245022496495,0.012234284531880584,139.00460000149906
2,2,62,"(212.5, 337.5, 7.7206787211523045)",-2.397622059409817e-07,0.0,-2.8074302426088034,1.856390964918645e-05,131.20580000031623
2,2,63,"(212.5, 337.5, 7.7206787211523045)",0.005854029359810194,747.119873046875,-1.1563744988896378,0.009921383160257364,86.65390000169282
2,2,64,"(212.5, 337.5, 7.7206787211523045)",-7.34523778114479e-07,0.0,-2.312749028500535,0.0005432074187378097,130.13199999841163
2,2,65,"(187.5, 337.5, 7.2238068944948735)",2.3543058584133786e-07,0.0,-4.0893266174719525,3.2595301359273403e-09,124.75429999904009
2,2,66,"(187.5, 337.5, 7.2238068944948735)",0.0013976296253237173,743.1393432617188,-1.7765776469989232,0.004335230376508205,85.29180000186898
2,2,67,"(187.5, 362.5, 9.103110310900643)",2.9088413314264086e-07,0.0,-5.767903575699517,6.72629477165024e-06,134.624199999962
2,2,68,"(187.5, 337.5, 7.2238068944948735)",2.354305858413378e-07,0.0,-7.544481222201425,3.2536406953256828e-09,121.19350000284612
2,2,69,"(187.5, 337.5, 7.2238068944948735)",0.0010051918622950389,743.1393432617188,-1.7765776469989234,0.0043352363804002,86.20389999850886
2,3,0,"(187.5, 387.5, 11.364582883745452)",0.005709358788650793,818.6099853515625,-3.9505502834414328,0.009753675979890065,85.16419999796199
2,3,1,"(162.5, 387.5, 9.797797492156253)",0.020895768435981427,0.0,-7.330656727831201,0.005581293875580534,137.7199999988079
2,3,2,"(162.5, 412.5, 11.634380720059667)",5.316131285217749e-08,0.0,-14.0948046929493,0.0008593842241902816,149.3028000004415
2,3,3,"(162.5, 412.5, 11.634380720059667)",0.0012259607153183786,819.2732543945312,-6.751253981766682,0.0009083214264743475,90.29949999967357
2,3,4,"(162.5, 387.5, 9.797797492156253)",1.8235721663050173,0.0,-9.108074845777374,0.3933423550064658,121.51290000110748
2,3,5,"(137.5, 387.5, 8.184609533832969)",0.21296065719660123,0.0,-10.576542661564957,0.6200688455504673,158.10360000250512
2,3,6,"(137.5, 387.5, 8.184609533832969)",0.2854078983391492,739.9303588867188,-5.555730035430868,0.6902682823593214,85.35869999832357
2,3,7,"(162.5, 387.5, 9.797797492156253)",1.2560517159804165e-06,0.0,-12.724124070934051,4.7926403088919293e-05,119.16489999930491
2,3,8,"(162.5, 412.5, 11.634380720059667)",8.108328759930101e-07,0.0,-10.37844294920618,0.09923942259835179,124.85709999964456
2,3,9,"(162.5, 412.5, 11.634380720059667)",0.9997734295867915,765.8367919921875,-10.298563572090517,1.441435492959229,121.34820000210311
2,3,10,"(137.5, 412.5, 9.458994007438445)",0.648626385093434,0.0,-8.98722769224208,0.123433797915857,146.39230000102543
2,3,11,"(162.5, 412.5, 11.634380720059667)",2.0085735407985575e-05,0.0,-12.056095707935484,0.40011553698844715,135.46080000014626
2,3,12,"(162.5, 412.5, 11.634380720059667)",0.0005336335498031798,819.2732543945312,-6.751253981766683,0.000927694569556791,88.12050000051386
2,3,13,"(162.5, 387.5, 9.797797492156253)",1.853773442276312,0.0,-9.14784578693128,0.38918792031612753,118.9260999999533
2,3,14,"(162.5, 362.5, 8.044975170611863)",0.004811187483912336,0.0,-8.262460433821097,0.4741570652460911,166.67339999912656
2,3,15,"(162.5, 362.5, 8.044975170611863)",0.13446964597330185,739.78173828125,-3.97515055777894,0.7949838923290978,84.08359999884851
2,3,16,"(187.5, 362.5, 9.103110310900643)",2.9088413314264054e-07,0.0,-7.9095259382477785,1.8974796132581218e-05,120.99769999986165
2,3,17,"(187.5, 337.5, 7.2238068944948735)",2.354305858413378e-07,0.0,-9.686103502470079,3.2550762246843168e-09,120.92289999782224
2,3,18,"(187.5, 337.5, 7.2238068944948735)",0.0016093456994325365,743.1393432617188,-1.7765776469989234,0.00433523673876931,84.48449999923469
2,3,19,"(187.5, 337.5, 7.2238068944948735)",0.0013194188574414685,0.0,-3.5531557399724227,0.002793005391147754,131.36649999796646
2,3,20,"(212.5, 337.5, 7.7206787211523045)",-2.3976220594098174e-07,0.0,-4.709529788467511,4.431083219408902e-08,123.52629999804776
2,3,21,"(212.5, 337.5, 7.7206787211523045)",0.001065749923509846,747.119873046875,-1.1563744852231208,0.002654604952018189,86.9291000017256
2,3,22,"(187.5, 337.5, 7.2238068944948735)",9.840449205265916e-07,0.0,-2.9329521330322743,0.00017704235772361769,136.45890000043437
2,3,23,"(162.5, 337.5, 6.503826249283008)",5.493250985940298e-07,0.0,-4.960109704421635,0.00013456794203101346,128.63690000085626
2,3,24,"(162.5, 337.5, 6.503826249283008)",0.023065892664119448,740.5689697265625,-2.0271575767598957,0.1860173411920748,85.48470000096131
2,3,25,"(187.5, 337.5, 7.2238068944948735)",0.011525624600174065,0.0,-3.803881146405599,0.054986189772950625,118.56909999914933
2,3,26,"(212.5, 337.5, 7.7206787211523045)",-2.397622059409817e-07,0.0,-4.960109867925751,7.856269331616824e-05,123.57770000016899
2,3,27,"(212.5, 337.5, 7.7206787211523045)",0.0019772273886355563,747.119873046875,-1.1563744852296116,0.0030596350269067804,85.73800000158371
2,3,28,"(187.5, 337.5, 7.2238068944948735)",9.840449205265916e-07,0.0,-2.9329521336327216,0.00020714562714025221,137.67419999931008
2,3,29,"(162.5, 337.5, 6.503826249283008)",5.493250985940298e-07,0.0,-4.960109855256471,0.00014009671597415326,131.87879999895813
2,3,30,"(162.5, 337.5, 6.503826249283008)",0.02213878094196521,740.5855712890625,-2.0271576897530634,0.18767019742510302,88.37119999952847
2,3,31,"(162.5, 312.5, 5.206150757863988)",0.2661551995678393,0.0,-2.630591552068406,1.2233901815410884,129.48269999833428
2,3,32,"(162.5, 287.5, 4.140142738102741)",0.12972728411357837,0.0,-3.339288512520652,0.8277408767880158,120.27479999960633
2,3,33,"(162.5, 287.5, 4.140142738102741)",0.7184845435433308,741.7000732421875,-0.7252434698024939,1.5355068580678295,86.0236000007717
2,3,34,"(162.5, 262.5, 3.2775456166337156)",0.01687752785447814,0.0,-1.109380395871869,0.3548845707656634,148.50049999949988
2,3,35,"(162.5, 287.5, 4.140142738102741)",0.0040987282991355335,0.0,-1.7590292834707355,0.15942274832027098,129.30830000186688
2,3,36,"(162.5, 287.5, 4.140142738102741)",0.09489783448343234,739.403564453125,-0.6390568717303484,0.5818336046740923,88.66000000125496
2,3,37,"(187.5, 287.5, 4.484402965683246)",0.3437457871714911,0.0,-1.148993087853546,0.9416736358494409,147.8452000010293
2,3,38,"(187.5, 262.5, 3.519235619237839)",0.0010293311594675237,0.0,-1.5592202774002777,0.2022864803068245,131.02579999758746
2,3,39,"(187.5, 262.5, 3.519235619237839)",0.06970039657838166,739.737060546875,-0.4207306551408516,0.9108488502366376,87.7645999971719
2,3,40,"(187.5, 287.5, 4.484402965683246)",0.1418981133133071,0.0,-0.9300399745582142,0.5853428372372431,140.46610000150395
2,3,41,"(187.5, 312.5, 5.701335627950545)",-8.20339967807134e-08,0.0,-1.7469446190605997,0.12707848228137975,126.9045000008191
2,3,42,"(187.5, 312.5, 5.701335627950545)",0.15256816552534247,739.5825805664062,-0.8309374146421447,0.9713055415977392,88.72649999830173
2,3,43,"(187.5, 287.5, 4.484402965683246)",0.5005189213815534,0.0,-1.3367196417774303,1.438002987368167,142.5515999981144
2,3,44,"(187.5, 262.5, 3.519235619237839)",6.28616835529499e-05,0.0,-1.747959514850294,0.21908837014066943,145.98150000165333
2,3,45,"(187.5, 262.5, 3.519235619237839)",0.05459130461609594,740.1248779296875,-0.41799666386499196,0.5424785179908452,86.50469999702182
2,3,46,"(187.5, 287.5, 4.484402965683246)",0.11770969104982389,0.0,-0.9257698850978784,0.5001090117491391,140.25630000105593
2,3,47,"(162.5, 287.5, 4.140142738102741)",0.01311556001507859,0.0,-1.5615466954066821,0.16484087125034552,122.37480000112555
2,3,48,"(162.5, 287.5, 4.140142738102741)",0.2884071385801174,739.7660522460938,-0.6412219709558565,0.9255024416716922,89.50470000127098
2,3,49,"(162.5, 262.5, 3.2775456166337156)",0.02335650820988383,0.0,-1.1200697605674494,0.5638374370252148,148.44859999720939
2,3,50,"(162.5, 287.5, 4.140142738102741)",0.0033074170351064898,0.0,-1.7632503878431505,0.1921103890142185,122.14250000033644
2,3,51,"(162.5, 287.5, 4.140142738102741)",0.09625630204603933,739.4284057617188,-0.6394045527400963,0.5919697076232336,87.4002999989898
2,3,52,"(162.5, 312.5, 5.206150757863988)",0.32772757658348806,0.0,-1.326134040267117,1.2414876634128438,133.93510000241804
2,3,53,"(162.5, 287.5, 4.140142738102741)",0.14550550778704902,0.0,-2.0878530014036705,1.1023628167787851,132.08509999822127
2,3,54,"(162.5, 287.5, 4.140142738102741)",0.7167172271805791,741.3099365234375,-0.7140845759135969,1.5815118024857924,87.0727999972587
2,3,55,"(162.5, 262.5, 3.2775456166337156)",0.019416728067862064,0.0,-1.1134326916117832,0.4556344974065648,147.84480000162148
2,3,56,"(162.5, 287.5, 4.140142738102741)",0.003307337562244164,0.0,-1.76119711853952,0.17647034772347503,124.32029999763472
2,3,57,"(162.5, 287.5, 4.140142738102741)",0.10026542098516002,739.4610595703125,-0.6392439284371949,0.5883613678264391,85.89729999948759
2,3,58,"(162.5, 312.5, 5.206150757863988)",0.3167473418942042,0.0,-1.3255478031529249,1.241810477793883,132.30079999993904
2,3,59,"(162.5, 287.5, 4.140142738102741)",0.14365728696186364,0.0,-2.08793043541403,1.1014310725473058,130.58770000134245
2,3,60,"(162.5, 287.5, 4.140142738102741)",0.7182257953132125,741.30810546875,-0.7141239531093696,1.581551916112109,86.9516000020667
2,3,61,"(162.5, 262.5, 3.2775456166337156)",0.020667391009333964,0.0,-1.1134314869026345,0.4556105492170628,146.7841000012413
2,3,62,"(162.5, 287.5, 4.140142738102741)",0.002502277493476856,0.0,-1.761196637646042,0.17646653760296233,124.4516000006115
2,3,63,"(162.5, 287.5, 4.140142738102741)",0.09775231197806115,739.4417114257812,-0.6392438966610355,0.5883603846946074,87.24679999795626
2,3,64,"(187.5, 287.5, 4.484402965683246)",0.368037277408784,0.0,-1.1490348070064518,0.9421223893030481,145.6170999990718
2,3,65,"(187.5, 262.5, 3.519235619237839)",0.0004943198291689094,0.0,-1.5592269933236682,0.2024047938727624,126.59179999900516
2,3,66,"(187.5, 262.5, 3.519235619237839)",0.07047141245061239,739.746337890625,-0.42073330985625507,0.9110698706608741,87.55069999824627
2,3,67,"(187.5, 287.5, 4.484402965683246)",0.14190000605672595,0.0,-0.9300422969245202,0.5853864628993957,142.53590000225813
2,3,68,"(212.5, 287.5, 4.711065216163657)",0.004725774750110048,0.0,-1.3374769688717716,0.22720721718988646,122.1568999972078
2,3,69,"(212.5, 287.5, 4.711065216163657)",0.2347713633743312,740.0463256835938,-0.41563524482879105,1.23209962583575,88.34579999893322
2,4,0,"(187.5, 387.5, 11.364582883745452)",0.0063816153181500855,818.6099853515625,-3.9505502834414328,0.009753698388504794,85.93580000160728
2,4,1,"(162.5, 387.5, 9.797797492156253)",0.022234127522794956,0.0,-7.330670224948247,0.005575923663525616,140.2763000005507
2,4,2,"(137.5, 387.5, 8.184609533832969)",0.0004940330954585087,0.0,-9.930725024982646,0.0016947624554793216,160.94100000191247
2,4,3,"(137.5, 387.5, 8.184609533832969)",0.015584878762396528,739.0115356445312,-5.522822737107261,0.008518691386548738,87.53690000230563
2,4,4,"(137.5, 412.5, 9.458994007438445)",1.6199429497339595e-06,0.0,-13.908521586612816,0.0001138918645481958,139.88240000253427
2,4,5,"(162.5, 412.5, 11.634380720059667)",0.00364459376334473,0.0,-10.01196435681365,0.006891577242029262,144.25169999958598
2,4,6,"(162.5, 412.5, 11.634380720059667)",1.8214325501935218,760.24365234375,-2.9310395370489903,0.6794915165279364,87.82050000081654
2,4,7,"(137.5, 412.5, 9.458994007438445)",1.0783278447595532,0.0,-4.527766523061268,0.335127899793042,120.44070000047213
2,4,8,"(112.5, 412.5, 7.580708003809701)",0.05588257227693644,0.0,-10.103439882453685,0.13600561134196695,152.98690000054194
2,4,9,"(112.5, 412.5, 7.580708003809701)",0.0008502272804449173,737.3414306640625,-5.639474565366603,0.009056471730533667,86.26839999851654
2,4,10,"(137.5, 412.5, 9.458994007438445)",1.6199429745537556e-06,0.0,-14.025173541757628,0.00029681003070376315,121.10799999936717
2,4,11,"(162.5, 412.5, 11.634380720059667)",0.001163896736553235,0.0,-10.078566721416488,0.0029735420673294185,134.624199999962
2,4,12,"(162.5, 412.5, 11.634380720059667)",1.3945784216298471,617.644775390625,-2.455454703982423,0.5143960999955755,88.19109999967623
2,4,13,"(137.5, 412.5, 9.458994007438445)",1.0288379143184898,0.0,-4.52533839321155,0.3152967203479913,121.01769999935641
2,4,14,"(137.5, 387.5, 8.184609533832969)",0.03251605164951599,0.0,-10.035005866915007,0.14756440400670398,140.3680000003078
2,4,15,"(137.5, 387.5, 8.184609533832969)",0.001271411078310185,739.0115356445312,-5.522822731817525,0.004944317580089337,88.71250000083819
2,4,16,"(137.5, 412.5, 9.458994007438445)",1.6199429547274396e-06,0.0,-13.908521646195357,0.00015202879184354144,138.73139999850537
2,4,17,"(162.5, 412.5, 11.634380720059667)",0.006411257514641424,0.0,-10.011211125835239,0.0068087225368152204,141.9153999995615
2,4,18,"(162.5, 412.5, 11.634380720059667)",1.8289751991974799,731.1153564453125,-2.932494155617323,0.6771325535376583,88.67879999888828
2,4,19,"(137.5, 412.5, 9.458994007438445)",1.055491122257938,0.0,-4.5288425026767865,0.33681593324737014,119.5201000009547
2,4,20,"(137.5, 387.5, 8.184609533832969)",0.04034906696135956,0.0,-10.046310196892806,0.15065099603033622,137.8086999975494
2,4,21,"(137.5, 387.5, 8.184609533832969)",0.0019323781301221674,739.0115356445312,-5.522822731824113,0.004948102982390867,85.25270000245655
2,4,22,"(112.5, 387.5, 6.700045574866817)",0.00291778451662122,0.0,-9.532773245984842,0.09263854549474863,138.19779999903403
2,4,23,"(137.5, 387.5, 8.184609533832969)",3.872749706109364e-07,0.0,-15.056105654019907,0.003941718264486033,121.99390000023413
2,4,24,"(137.5, 387.5, 8.184609533832969)",0.00579469954318399,739.0119018554688,-5.522841032707467,0.08665867680707919,84.62330000111251
2,4,25,"(162.5, 387.5, 9.797797492156253)",1.2560517159804165e-06,0.0,-12.724123967031616,3.247257422281336e-05,120.48959999810904
2,4,26,"(162.5, 412.5, 11.634380720059667)",8.111697704838402e-07,0.0,-10.378427755234247,0.09923701030979071,125.12100000094506
2,4,27,"(162.5, 412.5, 11.634380720059667)",1.000827626781153,766.7796630859375,-10.30424823151612,1.4406430290189498,122.49630000223988
2,4,28,"(137.5, 412.5, 9.458994007438445)",0.6191450866400352,0.0,-8.987186129226219,0.12309906807951611,148.2347999990452
2,4,29,"(112.5, 412.5, 7.580708003809701)",0.10777635072268527,0.0,-10.856263196725397,0.1846431059538718,155.74089999790885
2,4,30,"(112.5, 412.5, 7.580708003809701)",0.01669369317863006,737.3414306640625,-5.6394745563474205,0.014119653788571416,91.23360000012326
2,4,31,"(112.5, 412.5, 7.580708003809701)",0.00030762749935120377,0.0,-11.27897007187138,0.0191397662028591,130.36129999818513
2,4,32,"(112.5, 437.5, 8.264048786739911)",4.662821690241497e-07,0.0,-18.51664404603424,0.00010177276500661578,125.05570000212174
2,4,33,"(112.5, 437.5, 8.264048786739911)",0.0014880171998263017,736.1527709960938,-7.237680812831782,0.024208110175448657,85.95269999932498
2,4,34,"(112.5, 462.5, 8.613227892873539)",2.041947655526844e-06,0.0,-10.156687092982569,0.006653831239703402,150.86340000198106
2,4,35,"(112.5, 437.5, 8.264048786739911)",-1.247945848481723e-07,0.0,-8.030657135015122,0.00024083703386515632,126.84689999878174
2,4,36,"(112.5, 437.5, 8.264048786739911)",0.7371726802442264,797.4515991210938,-10.421015419852633,0.29498274363115184,85.2545999987342
2,4,37,"(112.5, 412.5, 7.580708003809701)",1.5851499035907715,0.0,-4.698289180133031,0.6259120127152854,120.18629999874975
2,4,38,"(112.5, 387.5, 6.700045574866817)",0.1036267425097857,0.0,-6.853241148503826,0.10843888472261996,153.58090000154334
2,4,39,"(112.5, 387.5, 6.700045574866817)",0.0036147167707376573,737.827392578125,-4.009925847607515,0.04764956745147561,86.98379999987083
2,4,40,"(112.5, 412.5, 7.580708003809701)",0.03242598916820246,0.0,-9.714898283660451,0.986691088276741,138.02779999969061
2,4,41,"(137.5, 412.5, 9.458994007438445)",2.6806568106015527e-07,0.0,-18.035103961888083,0.005568064166579431,133.26379999853089
2,4,42,"(137.5, 412.5, 9.458994007438445)",0.0013612379068720227,738.463134765625,-8.385698824972163,0.005675152475663228,87.85160000115866
2,4,43,"(112.5, 412.5, 7.580708003809701)",8.409894944878489e-08,0.0,-14.025173637531552,0.002363878536966989,138.1385999993654
2,4,44,"(112.5, 437.5, 8.264048786739911)",4.662821690241496e-07,0.0,-21.26285450647217,3.34487540870032e-06,127.33529999968596
2,4,45,"(112.5, 437.5, 8.264048786739911)",0.0020929433052356036,736.1527709960938,-7.23768062074177,0.013033204943095303,85.91169999999693
2,4,46,"(137.5, 437.5, 10.499382396270086)",-1.572740011159441e-07,0.0,-12.691629052109512,0.016977067463072454,137.68209999761893
2,4,47,"(137.5, 412.5, 9.458994007438445)",4.3656394387242366e-07,0.0,-19.663006800922023,0.00023778814728210354,125.67380000109551
2,4,48,"(137.5, 412.5, 9.458994007438445)",1.9498795587055773,585.4205932617188,-3.8998633718252615,0.7421502962673248,85.88120000058552
2,4,49,"(137.5, 387.5, 8.184609533832969)",2.8016242142314183,0.0,-4.768916502012149,0.9312203135203619,130.57389999812585
2,4,50,"(137.5, 362.5, 6.88289330546234)",0.23220860932905535,0.0,-7.072694970824553,0.5537365466248162,147.29809999698773
2,4,51,"(137.5, 362.5, 6.88289330546234)",0.007088416056144873,739.152587890625,-3.3575921923345757,0.10651170952074664,89.48690000033821
2,4,52,"(137.5, 337.5, 5.675677129206918)",0.02476652517507931,0.0,-4.548828648667962,0.17728485750136047,129.07129999803146
2,4,53,"(137.5, 312.5, 4.617102976724376)",0.0013096070227804368,0.0,-4.962873561908415,0.03339980149297658,124.52319999647443
2,4,54,"(137.5, 312.5, 4.617102976724376)",0.06569528898508527,743.3171997070312,-0.4140998966085908,0.2215520342323582,89.64129999731085
2,4,55,"(137.5, 287.5, 3.720264207629609)",1.1192381204072688,0.0,-1.4733356341224328,1.087360832853767,140.39879999836558
2,4,56,"(137.5, 262.5, 2.9770964423387296)",8.524932006131246e-05,0.0,-2.368682683403149,0.19499830299180235,173.8041999997222
2,4,57,"(137.5, 262.5, 2.9770964423387296)",0.014523167923414808,738.0135498046875,-0.5312192931667752,0.7541014547252598,85.15179999812972
2,4,58,"(137.5, 287.5, 3.720264207629609)",0.04594673420335403,0.0,-1.2773793834724507,0.6780340910030603,137.9521000017121
2,4,59,"(137.5, 312.5, 4.617102976724376)",0.002958509760584556,0.0,-2.39897278423261,0.10170422329469013,119.87729999964358
2,4,60,"(137.5, 312.5, 4.617102976724376)",0.5077674822776935,739.0908813476562,-0.9521640435874538,1.4567753803522137,123.53099999745609
2,4,61,"(137.5, 287.5, 3.720264207629609)",1.0435440820000736,0.0,-1.4183821208329328,1.3259084308871494,143.72609999918495
2,4,62,"(137.5, 262.5, 2.9770964423387296)",0.00018538513298469914,0.0,-2.381746230838938,0.16404729390847916,168.4529999984079
2,4,63,"(137.5, 262.5, 2.9770964423387296)",0.01638010368618908,737.9949951171875,-0.531576881255029,0.7831184957490311,88.82489999814425
2,4,64,"(137.5, 287.5, 3.720264207629609)",0.04762629521639882,0.0,-1.2779502318496698,0.6861035425936963,139.98230000288459
2,4,65,"(137.5, 312.5, 4.617102976724376)",0.003684891698263633,0.0,-2.3990032246688346,0.10212884117795207,122.26659999942058
2,4,66,"(137.5, 312.5, 4.617102976724376)",0.5019722023738588,739.1688842773438,-0.9524832212318128,1.4563148682909581,121.57759999900009
2,4,67,"(137.5, 287.5, 3.720264207629609)",1.0361140627386192,0.0,-1.418408519495273,1.3259452550036417,144.5289999974193
2,4,68,"(112.5, 287.5, 3.266470567666104)",0.028833602865491463,0.0,-2.262272118657222,0.688364268888362,164.12130000026082
2,4,69,"(112.5, 287.5, 3.266470567666104)",0.15817508541488,737.7129516601562,-0.7506291912413005,0.7022470584398846,83.96740000171121
2,5,0,"(187.5, 387.5, 11.364582883745452)",0.006551585505406529,818.6099853515625,-3.9505502834414328,0.009753688461626553,87.45989999806625
2,5,1,"(162.5, 387.5, 9.797797492156253)",0.018483675031081347,0.0,-7.330537498839761,0.005637895412274863,138.83069999792497
2,5,2,"(137.5, 387.5, 8.184609533832969)",0.0005796568093065408,0.0,-9.930432208675926,0.0016926506493025646,150.51880000100937
2,5,3,"(137.5, 387.5, 8.184609533832969)",0.013006876491794108,739.0115356445312,-5.522822737105715,0.00852367171719106,84.91390000199317
2,5,4,"(112.5, 387.5, 6.700045574866817)",0.0017906875021917086,0.0,-9.532757765717575,0.07135967061867352,139.13999999931548
2,5,5,"(137.5, 387.5, 8.184609533832969)",3.872749706109365e-07,0.0,-15.056053174151492,0.0035304606563348355,125.57009999727597
2,5,6,"(137.5, 387.5, 8.184609533832969)",0.006735328975159455,739.0116577148438,-5.522839678743086,0.08525140649628803,85.95190000050934
2,5,7,"(162.5, 387.5, 9.797797492156253)",1.256051715980414e-06,0.0,-12.724123965407617,3.233831327337961e-05,122.38490000163438
2,5,8,"(162.5, 412.5, 11.634380720059667)",0.0018617518046610828,0.0,-10.378431164670626,0.0992376036431321,127.42909999724361
2,5,9,"(162.5, 412.5, 11.634380720059667)",1.0031387816894446,766.9058227539062,-10.303256318143559,1.4407816335485857,124.38299999848823
2,5,10,"(162.5, 387.5, 9.797797492156253)",1.256051583155284e-06,0.0,-13.96351678104211,0.011633062088134154,149.20949999941513
2,5,11,"(162.5, 362.5, 8.044975170611863)",1.5490998824437463e-07,0.0,-23.203343323244987,0.0029544890027844604,134.23390000025393
2,5,12,"(162.5, 362.5, 8.044975170611863)",0.001452991635235101,740.8639526367188,-3.918199928091711,0.004736925045488136,89.2634999981965
2,5,13,"(162.5, 337.5, 6.503826249283008)",0.005845026864712069,0.0,-5.9453675438492155,0.06866675476310898,152.132299997902
2,5,14,"(187.5, 337.5, 7.2238068944948735)",2.354305858413378e-07,0.0,-7.722136544276234,0.0014019246544089117,130.93619999926887
2,5,15,"(187.5, 337.5, 7.2238068944948735)",0.012528812137819366,743.1387329101562,-1.7765827900296172,0.06016064047412604,87.39369999966584
2,5,16,"(212.5, 337.5, 7.7206787211523045)",-7.345237781144792e-07,0.0,-2.9329521904246802,6.844945675140889e-05,121.82310000207508
2,5,17,"(187.5, 337.5, 7.2238068944948735)",2.3543058584133786e-07,0.0,-4.7095297868308,4.0094247760624196e-08,125.13760000001639
2,5,18,"(187.5, 337.5, 7.2238068944948735)",0.002020027338350921,743.1393432617188,-1.7765776503331947,0.007026074983011457,85.83209999778774
2,5,19,"(212.5, 337.5, 7.7206787211523045)",-7.345237781144799e-07,0.0,-2.932952139310702,3.825126634292358e-05,122.18450000000303
2,5,20,"(187.5, 337.5, 7.2238068944948735)",2.3543058584133786e-07,0.0,-4.709529785418824,3.393491129040291e-08,130.02530000085244
2,5,21,"(187.5, 337.5, 7.2238068944948735)",0.000918417352663721,743.1393432617188,-1.776577649860072,0.006797240352334619,88.52200000183075
2,5,22,"(187.5, 312.5, 5.701335627950545)",0.017133604489285956,0.0,-2.6075360335449895,0.08636737666526423,139.4841000001179
2,5,23,"(187.5, 287.5, 4.484402965683246)",0.014729578047993403,0.0,-3.106926622241016,0.15643939508836358,153.20989999963786
2,5,24,"(187.5, 287.5, 4.484402965683246)",0.30793259604170375,740.3966674804688,-0.5000524474869245,1.028066092905761,85.4354000002786
2,5,25,"(187.5, 262.5, 3.519235619237839)",0.041400163975503126,0.0,-0.9173055427982884,0.3196889939473706,142.31719999952475
2,5,26,"(187.5, 287.5, 4.484402965683246)",0.003355740569540199,0.0,-1.4268000750639567,0.12590845728463695,121.28619999930379
2,5,27,"(187.5, 287.5, 4.484402965683246)",0.18500366640138385,740.6880493164062,-0.5004821068705345,0.8037938297652722,84.17910000207485
2,5,28,"(187.5, 262.5, 3.519235619237839)",0.05715227630922777,0.0,-0.9279240736408165,0.5753609080143194,145.86710000003222
2,5,29,"(187.5, 287.5, 4.484402965683246)",0.005387305592490081,0.0,-1.4316063345481442,0.1627606064246419,123.76339999900665
2,5,30,"(187.5, 287.5, 4.484402965683246)",0.1822199876937614,740.6759033203125,-0.5008176896273201,0.8127892801651657,88.92370000103256
2,5,31,"(187.5, 262.5, 3.519235619237839)",0.06013758305618972,0.0,-0.9283454401995419,0.5814646947010724,142.45110000047134
2,5,32,"(187.5, 287.5, 4.484402965683246)",0.004160562219725069,0.0,-1.4317005218549397,0.16345466598478633,122.76289999863366
2,5,33,"(187.5, 287.5, 4.484402965683246)",0.1846095509423603,740.5971069335938,-0.5008234581693651,0.8129396086088796,85.3897999986657
2,5,34,"(187.5, 262.5, 3.519235619237839)",0.052517199932861525,0.0,-0.9283523037810555,0.5815628694488935,142.75650000126916
2,5,35,"(187.5, 287.5, 4.484402965683246)",0.005157628717522245,0.0,-1.4317020057379648,0.16346587535553644,131.93479999972624
2,5,36,"(187.5, 287.5, 4.484402965683246)",0.17934896757004531,740.6152954101562,-0.5008235689770791,0.8129420612005896,91.20650000113528
2,5,37,"(162.5, 287.5, 4.140142738102741)",0.6399099716567546,0.0,-1.1644650442716113,1.1407467372671594,150.71959999841056
2,5,38,"(162.5, 262.5, 3.2775456166337156)",0.0004241412971195833,0.0,-1.6085800177717233,0.14968824106348957,136.5339000003587
2,5,39,"(162.5, 262.5, 3.2775456166337156)",0.03272072744966404,738.7760009765625,-0.47427324651262487,0.8513855075091342,84.55129999856581
2,5,40,"(162.5, 287.5, 4.140142738102741)",0.06375927540423057,0.0,-1.123913350701879,0.5586675831369556,139.3157999991672
2,5,41,"(162.5, 312.5, 5.206150757863988)",0.004708998836580774,0.0,-2.1567643058333923,0.12483311544029776,123.94769999809796
2,5,42,"(162.5, 312.5, 5.206150757863988)",0.3476069389038938,738.8544921875,-0.8277448620007507,1.5246198229283774,121.75659999775235
2,5,43,"(162.5, 287.5, 4.140142738102741)",0.8919633829495144,0.0,-1.3468899132661796,1.2953430596737496,142.5097999999707
2,5,44,"(162.5, 262.5, 3.2775456166337156)",0.00019867681354830336,0.0,-2.0928248090648607,0.33371694482469116,172.2661000021617
2,5,45,"(162.5, 262.5, 3.2775456166337156)",0.02555742317736656,738.8916015625,-0.47132338136225377,0.5969408229917603,87.67169999919133
2,5,46,"(162.5, 287.5, 4.140142738102741)",0.0691528258563105,0.0,-1.1201853933789967,0.4973839185626341,138.8001000013901
2,5,47,"(162.5, 312.5, 5.206150757863988)",0.00711948983370376,0.0,-2.1564368516255157,0.12446290096861372,121.19870000242372
2,5,48,"(162.5, 312.5, 5.206150757863988)",0.34831469319028274,738.9065551757812,-0.8260085723485739,1.525288828205177,124.49149999883957
2,5,49,"(162.5, 287.5, 4.140142738102741)",0.8991820048786165,0.0,-1.3467594314218285,1.2945615532477721,138.9811999979429
2,5,50,"(162.5, 262.5, 3.2775456166337156)",0.0001986768135483006,0.0,-2.0927682334062014,0.33384012097466476,169.98059999968973
2,5,51,"(162.5, 262.5, 3.2775456166337156)",0.02536670924375498,738.9006958007812,-0.47132297612626667,0.5968863748170122,86.7577999997593
2,5,52,"(162.5, 287.5, 4.140142738102741)",0.065592470113156,0.0,-1.1201845045696897,0.4973690369921506,138.9391999982763
2,5,53,"(162.5, 312.5, 5.206150757863988)",0.007847779120000297,0.0,-2.156436700599926,0.12446289139465022,121.53490000127931
2,5,54,"(162.5, 312.5, 5.206150757863988)",0.3486839185136488,738.8668823242188,-0.8260080398189737,1.5252890061940756,124.15770000006887
2,5,55,"(162.5, 287.5, 4.140142738102741)",0.9021414076342118,0.0,-1.346759370486792,1.2945613398100362,138.508299998648
2,5,56,"(162.5, 262.5, 3.2775456166337156)",0.0001331116945949229,0.0,-2.0927682363115876,0.3338402468688396,185.59630000163452
2,5,57,"(162.5, 262.5, 3.2775456166337156)",0.02633607518302547,738.910888671875,-0.47132297612626667,0.5968863653375884,88.23660000052769
2,5,58,"(162.5, 287.5, 4.140142738102741)",0.06320913600567189,0.0,-1.1201845045696897,0.4973690369921505,138.1193000015628
2,5,59,"(162.5, 312.5, 5.206150757863988)",0.007900390153113971,0.0,-2.156436700599925,0.12446289139465018,127.17549999797484
2,5,60,"(162.5, 312.5, 5.206150757863988)",0.3467811711567433,738.8189697265625,-0.8260080398189739,1.5252890092131333,123.29010000030394
2,5,61,"(162.5, 287.5, 4.140142738102741)",0.8973741674380502,0.0,-1.3467593704867917,1.2945613398100362,137.38409999859869
2,5,62,"(162.5, 262.5, 3.2775456166337156)",6.699027532435387e-05,0.0,-2.092768236311587,0.3338402468688397,172.28439999962575
2,5,63,"(162.5, 262.5, 3.2775456166337156)",0.024641891704205415,738.9103393554688,-0.47132297612626667,0.5968863842370247,85.98459999848274
2,5,64,"(162.5, 287.5, 4.140142738102741)",0.06545518084640672,0.0,-1.1201845045696897,0.4973690369921505,136.6273000021465
2,5,65,"(162.5, 312.5, 5.206150757863988)",0.004297011531902572,0.0,-2.1564367005999254,0.12446289139465018,129.2420999998285
2,5,66,"(162.5, 312.5, 5.206150757863988)",0.34842324362869026,738.8677368164062,-0.8260080398189737,1.525289005696824,124.53509999977541
2,5,67,"(162.5, 287.5, 4.140142738102741)",0.9049541121871556,0.0,-1.3467593704867917,1.2945613398100362,136.52509999883478
2,5,68,"(162.5, 262.5, 3.2775456166337156)",0.00010013045781883596,0.0,-2.0927682363115876,0.3338402468688396,170.91869999785558
2,5,69,"(162.5, 262.5, 3.2775456166337156)",0.024944148032148665,738.919677734375,-0.47132297612626667,0.5968863853160233,84.36129999972763
2,6,0,"(187.5, 387.5, 11.364582883745452)",0.005860066469944488,818.6099853515625,-3.9505502834414323,0.009753685616046502,88.63299999939045
2,6,1,"(162.5, 387.5, 9.797797492156253)",0.024897521973179643,0.0,-7.330605661014232,0.005605994188422844,139.9983000010252
2,6,2,"(162.5, 387.5, 9.797797492156253)",0.00012164729964919567,0.0,-9.551744414818184,0.0002676184168865153,148.40199999889592
2,6,3,"(162.5, 387.5, 9.797797492156253)",0.03765755116212035,740.7217407226562,-7.201307278324096,0.04641450400531897,86.24520000012126
2,6,4,"(162.5, 387.5, 9.797797492156253)",1.2560520230289478e-06,0.0,-14.402602264467939,2.9330843740403867e-06,131.55639999968116
2,6,5,"(162.5, 412.5, 11.634380720059667)",0.1048281192779176,0.0,-11.667768608525996,0.2780470995667243,129.0088999994623
2,6,6,"(162.5, 412.5, 11.634380720059667)",0.6876676986952965,709.7156982421875,-2.2162664558590017,0.2767822856959421,91.3364999978512
2,6,7,"(162.5, 387.5, 9.797797492156253)",1.7307520215731655,0.0,-4.870285798594698,0.38390490898663904,121.49210000279709
2,6,8,"(162.5, 362.5, 8.044975170611863)",1.5490998824437455e-07,0.0,-11.39504994341442,0.0734158284896447,138.96670000031008
2,6,9,"(162.5, 362.5, 8.044975170611863)",0.001366516415493055,740.8639526367188,-3.9181999271834917,0.0036827343158139176,84.43389999956707
2,6,10,"(162.5, 337.5, 6.503826249283008)",0.007849916565606846,0.0,-5.945365295135058,0.06368438994876192,141.65389999834588
2,6,11,"(137.5, 337.5, 5.675677129206918)",0.027879369755587243,0.0,-7.495204024628415,0.5593995025435299,139.28190000297036
2,6,12,"(137.5, 337.5, 5.675677129206918)",0.10779115481347253,739.8369140625,-1.2156601071074045,0.7423207494212078,86.69100000042818
2,6,13,"(137.5, 312.5, 4.617102976724376)",0.053705508151176515,0.0,-1.6056956724738962,0.1169064528905593,132.10190000245348
2,6,14,"(137.5, 287.5, 3.720264207629609)",0.1091317137081463,0.0,-2.767280227951628,0.29329562801165326,123.11849999969127
2,6,15,"(137.5, 287.5, 3.720264207629609)",0.8108543136169912,740.659912109375,-0.8867940241845155,1.5186397525527513,86.29129999826546
2,6,16,"(137.5, 262.5, 2.9770964423387296)",0.010857546675363587,0.0,-1.2626551869068625,0.5249671677462111,144.62600000115344
2,6,17,"(137.5, 287.5, 3.720264207629609)",0.0025233975611673597,0.0,-2.0099031869381085,0.3154567246604947,120.80780000178493
2,6,18,"(137.5, 287.5, 3.720264207629609)",0.053762110159328705,738.3223876953125,-0.7322475999246625,0.6484905604173461,83.7418000010075
2,6,19,"(137.5, 312.5, 4.617102976724376)",0.6866685277409904,0.0,-1.4575599596894655,1.1275032273735386,121.71040000248468
2,6,20,"(137.5, 287.5, 3.720264207629609)",0.17655275265377754,0.0,-2.3435474156114267,1.2851879955376293,120.9339999986696
2,6,21,"(137.5, 287.5, 3.720264207629609)",0.5000855284673027,739.3167724609375,-0.7566683648848531,1.1133000867048013,86.75620000212803
2,6,22,"(137.5, 262.5, 2.9770964423387296)",0.01220460178371034,0.0,-1.2690564466354455,0.6299315308110562,144.1205999981321
2,6,23,"(137.5, 287.5, 3.720264207629609)",0.0025235565068897317,0.0,-2.012665175578989,0.337436316065163,122.71580000015092
2,6,24,"(137.5, 287.5, 3.720264207629609)",0.052366790127065375,738.2962646484375,-0.7325357703833073,0.6550432070436962,88.49319999717409
2,6,25,"(137.5, 312.5, 4.617102976724376)",0.6939341178927739,0.0,-1.4584255178583505,1.1276623639762167,123.26810000013211
2,6,26,"(137.5, 287.5, 3.720264207629609)",0.17995085318877335,0.0,-2.343402551251939,1.2851187453085366,127.27799999993294
2,6,27,"(137.5, 287.5, 3.720264207629609)",0.49423954142236765,739.3128051757812,-0.7566537940081728,1.1132130502288273,86.94560000003548
2,6,28,"(137.5, 287.5, 3.720264207629609)",0.238729764186501,0.0,-1.4687388191668902,0.5709645474163858,139.0279000006558
2,6,29,"(162.5, 287.5, 4.140142738102741)",0.02260326842469954,0.0,-2.1006830189466568,0.19253364422177227,123.49790000007488
2,6,30,"(162.5, 287.5, 4.140142738102741)",0.3279090559903515,739.7736206054688,-0.6432299305834254,1.0070705703413758,86.33360000021639
2,6,31,"(162.5, 262.5, 3.2775456166337156)",0.024788702864915545,0.0,-1.1200541268938942,0.5637152465559797,146.81089999794494
2,6,32,"(162.5, 287.5, 4.140142738102741)",0.005132749676694237,0.0,-1.7632461473754628,0.1920801680245768,123.71379999967758
2,6,33,"(162.5, 287.5, 4.140142738102741)",0.09866194236076298,739.4053955078125,-0.6394044067017027,0.5922100028152933,85.8449000006658
2,6,34,"(162.5, 262.5, 3.2775456166337156)",0.02619360661072894,0.0,-1.1225599923425316,0.5958035116059461,142.3056000021461
2,6,35,"(162.5, 287.5, 4.140142738102741)",0.0016827533642550007,0.0,-1.763821364726716,0.19636627634630466,126.1819999999716
2,6,36,"(162.5, 287.5, 4.140142738102741)",0.09197114482483909,739.4482421875,-0.6394452431412091,0.5906957475563173,89.73369999876013
2,6,37,"(162.5, 312.5, 5.206150757863988)",0.32598079316435913,0.0,-1.326963321850411,1.2409537949216127,135.2532999990217
2,6,38,"(162.5, 287.5, 4.140142738102741)",0.14199988047281698,0.0,-2.0877448006300674,1.1036619402368582,137.60779999938677
2,6,39,"(162.5, 287.5, 4.140142738102741)",0.715623113080908,741.2769775390625,-0.7140295705280217,1.581434907758705,87.56279999943217
2,6,40,"(162.5, 262.5, 3.2775456166337156)",0.02132590310183362,0.0,-1.1134330141276658,0.4556402033685155,146.42530000128318
2,6,41,"(162.5, 287.5, 4.140142738102741)",0.0027721673250234607,0.0,-1.7611972611301823,0.1764713321583431,120.5469999986235
2,6,42,"(162.5, 287.5, 4.140142738102741)",0.09937279019064142,739.4395141601562,-0.6392439521783111,0.5883610667646303,88.34500000011758
2,6,43,"(162.5, 262.5, 3.2775456166337156)",0.022282857804982712,0.0,-1.1223931670428486,0.5937121522320001,145.69099999789614
2,6,44,"(162.5, 287.5, 4.140142738102741)",0.004359478751814149,0.0,-1.7637853572488735,0.19609855383402444,123.53250000160187
2,6,45,"(162.5, 287.5, 4.140142738102741)",0.09701214999902458,739.43798828125,-0.6394425914571432,0.59063225158176,87.28120000159834
2,6,46,"(187.5, 287.5, 4.484402965683246)",0.36616589824004725,0.0,-1.148785670294704,0.9351250773826586,146.8380000005709
2,6,47,"(187.5, 262.5, 3.519235619237839)",0.0011452025889133516,0.0,-1.5592040359913626,0.20203289746386974,125.564599999052
2,6,48,"(187.5, 262.5, 3.519235619237839)",0.0687524644890705,739.75048828125,-0.4207360164208847,0.9112766536872123,85.86439999999129
2,6,49,"(187.5, 287.5, 4.484402965683246)",0.1297659836931015,0.0,-0.9300446606021106,0.5854195344642795,135.79480000043986
2,6,50,"(187.5, 312.5, 5.701335627950545)",-8.20339967807134e-08,0.0,-1.7469446142092422,0.1270754902156822,121.89580000267597
2,6,51,"(187.5, 312.5, 5.701335627950545)",0.15460108907827763,739.6577758789062,-0.8309374107257078,0.9712961218500435,86.45919999980833
2,6,52,"(187.5, 287.5, 4.484402965683246)",0.4997695379717989,0.0,-1.33671962412244,1.438001352819988,148.09089999835123
2,6,53,"(187.5, 262.5, 3.519235619237839)",6.286168354835283e-05,0.0,-1.7479594997189507,0.2190881035981675,148.10550000038347
2,6,54,"(187.5, 262.5, 3.519235619237839)",0.05236925093803588,740.1085815429688,-0.4179966676680546,0.5424786090626331,89.72949999952107
2,6,55,"(187.5, 287.5, 4.484402965683246)",0.11729854931937708,0.0,-0.925769885082214,0.5001090117491392,138.24010000098497
2,6,56,"(187.5, 312.5, 5.701335627950545)",-8.203399678071341e-08,0.0,-1.7469240803944996,0.12641009001381895,127.65850000141654
2,6,57,"(187.5, 312.5, 5.701335627950545)",0.14924579423078763,739.7940063476562,-0.8309374630199321,0.9725574439182932,86.572399999568
2,6,58,"(187.5, 287.5, 4.484402965683246)",0.5004548559317008,0.0,-1.3367237983811218,1.4382204943526384,141.4656000015384
2,6,59,"(187.5, 262.5, 3.519235619237839)",6.302062927947384e-05,0.0,-1.7479595590299064,0.21912463530484766,142.12480000060168
2,6,60,"(187.5, 262.5, 3.519235619237839)",0.05335201517377224,740.1083374023438,-0.4179964023191405,0.5424106870579003,85.79670000108308
2,6,61,"(187.5, 287.5, 4.484402965683246)",0.12428551025715463,0.0,-0.9257689460303561,0.5000893707432242,136.79599999886705
2,6,62,"(187.5, 312.5, 5.701335627950545)",-8.203399678071338e-08,0.0,-1.7469240768650829,0.12640994134793634,128.43459999930928
2,6,63,"(187.5, 312.5, 5.701335627950545)",0.15328568593383904,739.641845703125,-0.830937396940677,0.9725579789559896,85.7376000021759
2,6,64,"(187.5, 287.5, 4.484402965683246)",0.4983585076370774,0.0,-1.3367237834956505,1.4382205652522841,140.63119999991613
2,6,65,"(187.5, 262.5, 3.519235619237839)",0.003026722619919957,0.0,-1.7479595590299066,0.2191246353048477,143.90020000064396
2,6,66,"(187.5, 262.5, 3.519235619237839)",0.05053558792371201,740.1312866210938,-0.4179964023191405,0.5424106883564151,85.46550000028219
2,6,67,"(187.5, 287.5, 4.484402965683246)",0.12472712849653897,0.0,-0.9257689460303561,0.5000893707432242,140.05619999807095
2,6,68,"(187.5, 312.5, 5.701335627950545)",-8.203399678071338e-08,0.0,-1.7469240768650829,0.12640994134793632,125.84419999984675
2,6,69,"(187.5, 312.5, 5.701335627950545)",0.14918927527284417,739.70654296875,-0.8309373969406769,0.972557972792864,85.46930000011344
2,7,0,"(187.5, 387.5, 11.364582883745452)",0.004576600925775043,818.6099853515625,-3.950550283441433,0.009753699562092821,86.14529999977094
2,7,1,"(162.5, 387.5, 9.797797492156253)",0.026854548914180237,0.0,-7.330613278670533,0.00560274740106778,139.87169999745674
2,7,2,"(162.5, 387.5, 9.797797492156253)",0.00016480984592674386,0.0,-9.551672688432014,0.0002763788333024701,150.0534000006155
2,7,3,"(162.5, 387.5, 9.797797492156253)",0.03928328864501943,740.7217407226562,-7.201307278846378,0.04637085177624805,82.84519999870099
2,7,4,"(162.5, 412.5, 11.634380720059667)",0.03649508479726183,0.0,-13.952609605083937,0.01466254782277941,138.8018999969063
2,7,5,"(162.5, 387.5, 9.797797492156253)",0.25935889417252783,0.0,-14.87003868236329,0.34644920688128705,150.17140000054496
2,7,6,"(162.5, 387.5, 9.797797492156253)",0.09989527016077306,740.7798461914062,-7.201912908543321,0.14699438960476208,87.40279999983613
2,7,7,"(137.5, 387.5, 8.184609533832969)",1.778640546637697e-06,0.0,-12.724123864878603,0.00017611892349434814,141.61609999791835
2,7,8,"(137.5, 387.5, 8.184609533832969)",3.8727497061093647e-07,0.0,-18.24694640380303,8.998130080205004e-07,130.44559999980265
2,7,9,"(137.5, 387.5, 8.184609533832969)",0.001597095993899622,739.0115356445312,-5.522822893855752,0.015337263392759651,86.78359999976237
2,7,10,"(162.5, 387.5, 9.797797492156253)",1.2560517159804165e-06,0.0,-12.724123882538303,2.0599069267022975e-05,121.87220000123489
2,7,11,"(162.5, 412.5, 11.634380720059667)",8.112692276988178e-07,0.0,-10.378426254408751,0.09923677341148131,128.14520000029006
2,7,12,"(162.5, 412.5, 11.634380720059667)",1.003395661497964,767.0021362304688,-10.29350047336686,1.4421369601816965,124.77489999946556
2,7,13,"(137.5, 412.5, 9.458994007438445)",0.6340950225570393,0.0,-8.987268211987548,0.12360922303545864,158.3795000005921
2,7,14,"(162.5, 412.5, 11.634380720059667)",2.037471281751243e-05,0.0,-12.057935685624926,0.3995548426882762,138.06950000071083
2,7,15,"(162.5, 412.5, 11.634380720059667)",0.0010627091196284712,819.2732543945312,-6.751253981766684,0.0009277951581996483,90.12010000151349
2,7,16,"(162.5, 387.5, 9.797797492156253)",1.8526434801777136,0.0,-9.116441571796596,0.3934605608052262,123.99469999945723
2,7,17,"(162.5, 362.5, 8.044975170611863)",2.3973525103380475e-06,0.0,-8.263278196372319,0.47051578748153045,169.3187000018952
2,7,18,"(162.5, 362.5, 8.044975170611863)",0.13221469482032064,739.7227172851562,-3.979997781117263,0.8147575824659805,86.2593999991077
2,7,19,"(187.5, 362.5, 9.103110310900643)",2.9088413314264054e-07,0.0,-7.909525940064717,1.9079582694881452e-05,118.98800000199117
2,7,20,"(187.5, 337.5, 7.2238068944948735)",2.354305858413378e-07,0.0,-9.686103502470429,3.255097577665556e-09,123.13859999994747
2,7,21,"(187.5, 337.5, 7.2238068944948735)",0.001792307807075583,743.1393432617188,-1.7765776469989234,0.004335231101094241,87.03670000249986
2,7,22,"(212.5, 337.5, 7.7206787211523045)",-7.345237781144798e-07,0.0,-2.9329521363026974,3.3388596886431346e-05,120.50759999692673
2,7,23,"(187.5, 337.5, 7.2238068944948735)",2.3543058584133786e-07,0.0,-4.709529785109505,3.2577113719622934e-08,123.6073000000033
2,7,24,"(187.5, 337.5, 7.2238068944948735)",0.0014580159842189175,743.1393432617188,-1.7765776497532249,0.00674246969502554,87.87460000166902
2,7,25,"(212.5, 337.5, 7.7206787211523045)",-7.345237781144791e-07,0.0,-2.9329521390018325,3.785160990034894e-05,122.57289999979548
2,7,26,"(187.5, 337.5, 7.2238068944948735)",2.3543058584133786e-07,0.0,-4.709529785392797,3.382081807808004e-08,131.1585000003106
2,7,27,"(187.5, 337.5, 7.2238068944948735)",0.0019492231188238311,743.1393432617188,-1.776577649851128,0.00679267727919178,90.24070000305073
2,7,28,"(187.5, 337.5, 7.2238068944948735)",0.0033483252610875826,0.0,-3.5531561470010744,0.003206759282747508,128.72820000120555
2,7,29,"(212.5, 337.5, 7.7206787211523045)",-2.397622059409817e-07,0.0,-4.709529789519093,4.868064384345594e-08,127.6015000003099
2,7,30,"(212.5, 337.5, 7.7206787211523045)",0.004013218171492161,747.119873046875,-1.15637448522315,0.0026588958119422947,86.76289999857545
2,7,31,"(212.5, 362.5, 9.863883753989105)",1.3126057143295637,0.0,-3.637857226563421,0.9935219008163091,102.18130000066594
2,7,32,"(212.5, 362.5, 9.863883753989105)",-2.3681301778803266e-07,0.0,-4.730942926676063,0.4236498038936153,171.02069999964442
2,7,33,"(212.5, 362.5, 9.863883753989105)",0.02052211002577466,786.9686279296875,-1.5348978198161891,0.04130062813299164,88.55839999887394
2,7,34,"(187.5, 362.5, 9.103110310900643)",0.30882953249716594,0.0,-3.8077262013275353,0.0910921277786144,137.55830000081914
2,7,35,"(187.5, 337.5, 7.2238068944948735)",2.3543058584134048e-07,0.0,-8.960199981469243,0.00010804557475221101,141.3191999999981
2,7,36,"(187.5, 337.5, 7.2238068944948735)",0.0012767129074611474,743.1393432617188,-1.7765776469989236,0.004335244356292231,84.93580000140355
2,7,37,"(212.5, 337.5, 7.7206787211523045)",-7.345237781144789e-07,0.0,-2.9329521363026982,3.3388596886431204e-05,118.14199999935227
2,7,38,"(187.5, 337.5, 7.2238068944948735)",2.3543058584133786e-07,0.0,-4.709529785109505,3.2577113719622934e-08,120.57030000141822
2,7,39,"(187.5, 337.5, 7.2238068944948735)",0.0027830604576319193,743.1393432617188,-1.7765776497532249,0.006742477255460743,88.00070000143023
2,7,40,"(162.5, 337.5, 6.503826249283008)",0.009777429757459348,0.0,-3.8037564693333272,0.08616741432753931,137.20699999976205
2,7,41,"(187.5, 337.5, 7.2238068944948735)",2.3543058584133783e-07,0.0,-5.580577488548576,0.0018945124446133103,120.83110000094166
2,7,42,"(187.5, 337.5, 7.2238068944948735)",0.010646015533854853,743.11279296875,-1.7765838942616492,0.0629807920420025,85.33089999764343
2,7,43,"(212.5, 337.5, 7.7206787211523045)",-7.345237781144792e-07,0.0,-2.932952193024483,6.933413747128303e-05,122.19199999890407
2,7,44,"(187.5, 337.5, 7.2238068944948735)",2.3543058584133786e-07,0.0,-4.709529786863563,4.023647422024352e-08,121.07990000004065
2,7,45,"(187.5, 337.5, 7.2238068944948735)",0.001306264191073363,743.1393432617188,-1.7765776503439121,0.007030976039256582,86.15389999977197
2,7,46,"(162.5, 337.5, 6.503826249283008)",0.00943894474899484,0.0,-3.803757474155983,0.0871547348053031,135.44679999904474
2,7,47,"(187.5, 337.5, 7.2238068944948735)",2.3543058584133783e-07,0.0,-5.580578791463907,0.001903744318163778,121.92370000047958
2,7,48,"(187.5, 337.5, 7.2238068944948735)",0.01247339386171748,743.11279296875,-1.7765839313565337,0.06302609657783331,85.49649999986286
2,7,49,"(212.5, 337.5, 7.7206787211523045)",-7.345237781212431e-07,0.0,-2.932952193066302,6.934673841029807e-05,122.70809999972698
2,7,50,"(187.5, 337.5, 7.2238068944948735)",2.3543058584133786e-07,0.0,-4.709529786864099,4.0238820520211786e-08,122.189999998227
2,7,51,"(187.5, 337.5, 7.2238068944948735)",0.0020855841488870795,743.1393432617188,-1.7765776503440902,0.00703112894425136,92.20749999803957
2,7,52,"(187.5, 312.5, 5.701335627950545)",0.015628857796580065,0.0,-2.607536838660346,0.08716474314539656,135.9327000027406
2,7,53,"(212.5, 312.5, 6.0337808765239185)",7.855609197154007e-08,0.0,-3.127466242104693,0.013356121330566371,129.22750000143424
2,7,54,"(212.5, 312.5, 6.0337808765239185)",0.05705209267132461,745.24853515625,-0.5185579544537676,0.20429354713235331,86.28690000114148
2,7,55,"(237.5, 312.5, 6.148385304590252)",0.020195807594782258,0.0,-0.9716325340585549,0.021243774947715607,138.6614999973972
2,7,56,"(262.5, 312.5, 6.024387455566984)",0.0018006151852368096,0.0,-2.273508900774096,0.025419897811520435,135.35849999971106
2,7,57,"(262.5, 312.5, 6.024387455566984)",0.5838156369082843,745.175537109375,-0.9604025048398179,1.59149969474677,123.66330000077141
2,7,58,"(287.5, 312.5, 5.684209381380459)",0.014723080173130187,0.0,-0.9218513392024995,0.05916990060711293,137.6799999998184
2,7,59,"(287.5, 312.5, 5.684209381380459)",0.0007164468988726176,0.0,-1.3672062138091623,0.005774128391641956,129.8391000018455
2,7,60,"(287.5, 312.5, 5.684209381380459)",0.0628284379555192,745.189697265625,-0.4452600922511301,0.22005346883966084,89.67619999748422
2,7,61,"(262.5, 312.5, 6.024387455566984)",0.025072727689280035,0.0,-0.9219272432134429,0.03793093031894367,138.83010000063223
2,7,62,"(262.5, 312.5, 6.024387455566984)",-8.081891185914478e-08,0.0,-1.3982555437034718,0.00040118616047192247,130.94959999943967
2,7,63,"(262.5, 312.5, 6.024387455566984)",0.04159084621975108,750.5161743164062,-0.4766084693741951,0.10653951893482248,88.01449999737088
2,7,64,"(237.5, 312.5, 6.148385304590252)",0.6310128238070672,0.0,-1.3923969534200524,1.034889540390331,138.9357000007294
2,7,65,"(212.5, 312.5, 6.0337808765239185)",7.855608904113372e-08,0.0,-2.225910638488752,0.169703297884356,158.69150000071386
2,7,66,"(212.5, 312.5, 6.0337808765239185)",0.031901652113445596,745.5903930664062,-0.5182998156293389,0.11377081251445745,86.63729999898351
2,7,67,"(237.5, 312.5, 6.148385304590252)",0.018407285180990465,0.0,-0.9715801175416829,0.018713493952016314,138.2296999981918
2,7,68,"(262.5, 312.5, 6.024387455566984)",0.004398344705475026,0.0,-2.272408687822539,0.03023192521490484,134.51160000113305
2,7,69,"(262.5, 312.5, 6.024387455566984)",0.5874120837822311,745.0132446289062,-0.9275405471492348,1.6013311501154757,123.40449999828706
2,8,0,"(187.5, 387.5, 11.364582883745452)",0.0057120973987075255,818.6099853515625,-3.9505502834414337,0.009753686860011015,85.98949999941397
2,8,1,"(162.5, 387.5, 9.797797492156253)",0.018266030267993016,0.0,-7.330611482039082,0.005602212409661337,139.3554000023869
2,8,2,"(137.5, 387.5, 8.184609533832969)",0.000533558970558753,0.0,-9.93063971034156,0.0016990579886326975,150.4581999979564
2,8,3,"(137.5, 387.5, 8.184609533832969)",0.012486356655907326,739.0115356445312,-5.5228227371115715,0.008521911100009627,86.07109999866225
2,8,4,"(112.5, 387.5, 6.700045574866817)",0.002287411362101339,0.0,-9.532757753902878,0.07135949713728083,153.24319999854197
2,8,5,"(112.5, 362.5, 5.753213768936505)",0.014439081152279893,0.0,-11.80088861591353,0.5930184156072575,138.2331000022532
2,8,6,"(112.5, 362.5, 5.753213768936505)",0.06294298920011773,738.4183959960938,-1.986892665028707,0.7751937877796266,89.03889999783132
2,8,7,"(112.5, 337.5, 4.834376816244601)",0.021231813569143797,0.0,-2.6537113486251824,0.0667278869498847,124.86359999820706
2,8,8,"(112.5, 312.5, 3.997603125569143)",-2.6736713095942444e-08,0.0,-3.1261004691088408,0.0035925741015303985,125.70549999873037
2,8,9,"(112.5, 312.5, 3.997603125569143)",0.06572237293565103,743.336181640625,-0.47334644196039277,0.18947737278650592,87.84670000022743
2,8,10,"(87.5, 312.5, 3.3952550877786836)",0.19202131783148838,0.0,-1.0787079860209257,0.2178779658424801,138.0293999973219
2,8,11,"(87.5, 287.5, 2.8131085484191836)",0.1123752395311174,0.0,-1.970258741542814,0.5955934397967794,153.6761999996088
2,8,12,"(87.5, 287.5, 2.8131085484191836)",0.18301780177331314,736.9196166992188,-0.7282112798542419,0.8849352569455978,87.9893000019365
2,8,13,"(87.5, 262.5, 2.3062152958190487)",0.004621825595674346,0.0,-1.322731497552017,1.070646758310745,149.94400000068708
2,8,14,"(87.5, 287.5, 2.8131085484191836)",0.0028842901810991013,0.0,-2.0833544859533615,0.9331867512190304,123.69659999967553
2,8,15,"(87.5, 287.5, 2.8131085484191836)",0.019763816546676905,736.6758422851562,-0.7468568321931158,1.1110179705453251,85.39200000086566
2,8,16,"(87.5, 312.5, 3.3952550877786836)",0.24355286587266736,0.0,-1.7332737081929266,0.801408658193034,136.3670999999158
2,8,17,"(87.5, 287.5, 2.8131085484191836)",0.0050197259212688755,0.0,-2.45421398948191,0.310327947946601,124.90030000117258
2,8,18,"(87.5, 287.5, 2.8131085484191836)",0.08738106593980156,736.7531127929688,-0.7314019368659772,0.9237153604846918,88.49250000275788
2,8,19,"(87.5, 262.5, 2.3062152958190487)",0.004799289683736566,0.0,-1.3284761755416201,1.1311557971796435,148.08439999978873
2,8,20,"(87.5, 287.5, 2.8131085484191836)",0.0027059530839320324,0.0,-2.085346686273774,0.9494667231733974,127.35820000307285
2,8,21,"(87.5, 287.5, 2.8131085484191836)",0.02076337596968134,736.6702270507812,-0.7471390334007902,1.1147199540297579,86.52539999820874
2,8,22,"(112.5, 287.5, 3.266470567666104)",0.040407699362891535,0.0,-1.5102657015040646,0.8049051091893147,137.4982999986969
2,8,23,"(112.5, 312.5, 3.997603125569143)",0.049537395437521045,0.0,-2.54844114077054,0.3172076213405902,122.5029999986873
2,8,24,"(112.5, 312.5, 3.997603125569143)",0.6770397810982837,740.023193359375,-0.7018467290959266,1.611688958992686,86.24950000012177
2,8,25,"(112.5, 287.5, 3.266470567666104)",0.5847963987945376,0.0,-1.5205651569717724,1.1678653919988722,146.3140999985626
2,8,26,"(112.5, 262.5, 2.645266895480795)",0.0002656522556205926,0.0,-2.4147189205565502,0.2222458558856383,168.55230000146548
2,8,27,"(112.5, 262.5, 2.645266895480795)",0.01013414150334478,737.3157958984375,-0.5675062664354898,1.017755895475517,85.69530000022496
2,8,28,"(112.5, 287.5, 3.266470567666104)",0.033982804262504045,0.0,-1.3472365892892468,0.9450014704231534,140.32530000258703
2,8,29,"(112.5, 312.5, 3.997603125569143)",0.0012591412911902434,0.0,-2.424637383126534,0.25308214543780605,124.07170000005863
2,8,30,"(112.5, 312.5, 3.997603125569143)",0.30345116266329325,738.1263427734375,-1.082235019899321,0.9488212236156506,122.66979999913019
2,8,31,"(112.5, 287.5, 3.266470567666104)",0.4326891120145332,0.0,-1.6586692898219224,1.051278758508312,149.02520000032382
2,8,32,"(137.5, 287.5, 3.720264207629609)",0.015234366059313229,0.0,-2.5072867483673806,0.4306958818302085,159.18890000102692
2,8,33,"(137.5, 287.5, 3.720264207629609)",0.22485656266163673,738.5921020507812,-0.7301580569369398,0.8152511915708958,85.10519999981625
2,8,34,"(137.5, 262.5, 2.9770964423387296)",0.014616997884229118,0.0,-1.275250389058324,0.7094221363131901,146.03330000318238
2,8,35,"(137.5, 287.5, 3.720264207629609)",0.0035764131074163233,0.0,-2.0145962105455846,0.35241105468420236,121.55259999781265
2,8,36,"(137.5, 287.5, 3.720264207629609)",0.05107743562117439,738.3326416015625,-0.7327264067626941,0.6591252349347345,86.72389999992447
2,8,37,"(137.5, 312.5, 4.617102976724376)",0.692772217790826,0.0,-1.4595500763458,1.1277152570695343,122.7428999991389
2,8,38,"(137.5, 287.5, 3.720264207629609)",0.17537019650140412,0.0,-2.3432131383167727,1.285022224497284,123.00070000128471
2,8,39,"(137.5, 287.5, 3.720264207629609)",0.49230231470806524,739.418701171875,-0.7566344558484165,1.1130742541985248,89.46360000118148
2,8,40,"(112.5, 287.5, 3.266470567666104)",0.15799895170169337,0.0,-1.487006644795502,0.5077182604287668,139.12530000015977
2,8,41,"(112.5, 287.5, 3.266470567666104)",0.0019245690976587662,0.0,-2.238492509582486,0.2055844834559386,129.85370000023977
2,8,42,"(112.5, 287.5, 3.266470567666104)",0.07939813253420283,737.539306640625,-0.754906016745129,0.7789281955977462,88.9649000018835
2,8,43,"(137.5, 287.5, 3.720264207629609)",0.13072080360120078,0.0,-1.4918926397591674,0.5530304519267781,133.35990000268794
2,8,44,"(137.5, 312.5, 4.617102976724376)",0.104088594516141,0.0,-2.3344731325050097,0.5532351682667926,121.21489999844925
2,8,45,"(137.5, 312.5, 4.617102976724376)",0.30864300905769726,742.19775390625,-0.4557248050925387,0.9206333463524462,86.37029999954393
2,8,46,"(137.5, 287.5, 3.720264207629609)",1.136370872286786,0.0,-1.4123289596739146,1.2547303011806104,139.14860000295448
2,8,47,"(137.5, 262.5, 2.9770964423387296)",0.000135635113111112,0.0,-2.3769462656959774,0.18052542369512947,166.4225999993505
2,8,48,"(137.5, 262.5, 2.9770964423387296)",0.01580784810708401,737.98974609375,-0.5315669759815007,0.782358408586043,84.02200000273297
2,8,49,"(137.5, 287.5, 3.720264207629609)",0.05103363165714099,0.0,-1.2779351134249994,0.685895559566549,137.42229999843403
2,8,50,"(137.5, 312.5, 4.617102976724376)",0.0016811426418548618,0.0,-2.3989988918522367,0.10213689149042822,130.79930000094464
2,8,51,"(137.5, 312.5, 4.617102976724376)",0.5111873872222099,739.0097045898438,-0.9523419813967791,1.4565402480732215,122.44079999800306
2,8,52,"(137.5, 287.5, 3.720264207629609)",1.0248427260804633,0.0,-1.4183968434691416,1.325932943114224,147.54069999980857
2,8,53,"(137.5, 262.5, 2.9770964423387296)",0.00013563511311129114,0.0,-2.381747704226798,0.1640453209691639,169.67669999939972
2,8,54,"(137.5, 262.5, 2.9770964423387296)",0.014857756047319017,738.011962890625,-0.531576963145009,0.7831257387944146,86.33159999953932
2,8,55,"(137.5, 287.5, 3.720264207629609)",0.04854934994101841,0.0,-1.2779503481480725,0.6861055646964931,139.76860000184388
2,8,56,"(137.5, 312.5, 4.617102976724376)",0.006621096283162025,0.0,-2.399003248626955,0.10212893427780753,123.16370000189636
2,8,57,"(137.5, 312.5, 4.617102976724376)",0.5048668735063088,739.0414428710938,-0.952483221287782,1.4563148391788334,122.06960000185063
2,8,58,"(137.5, 287.5, 3.720264207629609)",1.0477779240681717,0.0,-1.418408519495273,1.3259452550036415,143.72830000138492
2,8,59,"(137.5, 262.5, 2.9770964423387296)",0.00011894581257392172,0.0,-2.38174878091379,0.16404154740624521,169.67420000219136
2,8,60,"(137.5, 262.5, 2.9770964423387296)",0.015526595965594261,738.001953125,-0.5315769671488859,0.783125873699337,87.72940000199014
2,8,61,"(137.5, 287.5, 3.720264207629609)",0.044553778960371854,0.0,-1.277950350741936,0.6861056079424876,140.3909999971802
2,8,62,"(137.5, 312.5, 4.617102976724376)",0.002958430287740076,0.0,-2.399003247427473,0.1021289220252319,122.15610000203014
2,8,63,"(137.5, 312.5, 4.617102976724376)",0.5093630237691805,739.1110229492188,-0.9524833207439821,1.4563146832089904,126.32859999939683
2,8,64,"(137.5, 287.5, 3.720264207629609)",1.0240415938345424,0.0,-1.4184085561868258,1.3259452373230156,142.70029999897815
2,8,65,"(137.5, 262.5, 2.9770964423387296)",0.00013555564025143275,0.0,-2.38174877928474,0.16404153521247972,169.10569999890868
2,8,66,"(137.5, 262.5, 2.9770964423387296)",0.015745151627541736,738.0072631835938,-0.5315769671488858,0.783125873286856,86.92330000121729
2,8,67,"(137.5, 287.5, 3.720264207629609)",0.04559991166213291,0.0,-1.277950350741936,0.6861056079424875,138.92010000199662
2,8,68,"(137.5, 312.5, 4.617102976724376)",0.004204723673548381,0.0,-2.399003247427473,0.1021289220252319,127.36069999664323
2,8,69,"(137.5, 312.5, 4.617102976724376)",0.5088090283369142,739.0702514648438,-0.9524833207439822,1.4563146874656006,125.10630000178935
2,9,0,"(187.5, 387.5, 11.364582883745452)",0.0059815048898285835,818.6099853515625,-3.9505502834414328,0.009753691279640505,85.98100000017439
2,9,1,"(162.5, 387.5, 9.797797492156253)",0.019004218956395123,0.0,-7.330662268945392,0.005578574615294727,139.4834999991872
2,9,2,"(187.5, 387.5, 11.364582883745452)",-2.2479798644781113e-07,0.0,-11.291433325587704,2.4526156611354853e-11,137.46499999979278
2,9,3,"(187.5, 387.5, 11.364582883745452)",0.00083609192139857,818.6099853515625,-3.950550245714298,0.0009082561040693093,84.65330000035465
2,9,4,"(162.5, 387.5, 9.797797492156253)",0.004848452456550429,0.0,-7.336162349297354,0.0016583875393542619,137.778199998138
2,9,5,"(137.5, 387.5, 8.184609533832969)",0.0020976035886568103,0.0,-9.930672539765864,0.0013754650482298066,159.76560000126483
2,9,6,"(137.5, 387.5, 8.184609533832969)",0.016873167039951762,739.0115356445312,-5.5228227400858625,0.011992496190292906,86.40049999667099
2,9,7,"(112.5, 387.5, 6.700045574866817)",0.002021173477425626,0.0,-9.532766688229872,0.08527808406741766,139.201599999069
2,9,8,"(137.5, 387.5, 8.184609533832969)",3.872749706109365e-07,0.0,-15.05608817672236,0.00380495399336487,120.75630000254023
2,9,9,"(137.5, 387.5, 8.184609533832969)",0.005269181197687376,739.0003051757812,-5.52284041671404,0.08620876906817446,87.08130000013625
2,9,10,"(162.5, 387.5, 9.797797492156253)",1.2560517159804125e-06,0.0,-12.724123966512241,3.2429780782996576e-05,121.18779999946128
2,9,11,"(162.5, 412.5, 11.634380720059667)",1.6144302632710437e-06,0.0,-10.378427436743479,0.09923715271935436,125.73070000144071
2,9,12,"(162.5, 412.5, 11.634380720059667)",1.0011557926451833,766.5448608398438,-10.32600282461605,1.4375616064188668,123.7394999989192
2,9,13,"(162.5, 387.5, 9.797797492156253)",1.256051714112968e-06,0.0,-13.96356936146104,0.011676049964244924,145.28149999750894
2,9,14,"(162.5, 412.5, 11.634380720059667)",4.9360096454773436e-08,0.0,-19.540493288545296,1.7944924659670415e-05,131.29189999744995
2,9,15,"(162.5, 412.5, 11.634380720059667)",0.0010981050785474561,819.2732543945312,-6.751253981766685,0.0009214889017023589,88.398199997755
2,9,16,"(162.5, 387.5, 9.797797492156253)",1.822752632511242,0.0,-9.123161721635002,0.3923018904331718,118.20879999868339
2,9,17,"(162.5, 362.5, 8.044975170611863)",0.004811936187831717,0.0,-8.23445846068495,0.4706834289100159,166.13670000151615
2,9,18,"(162.5, 362.5, 8.044975170611863)",0.13720705670372202,739.703369140625,-3.990572463154134,0.8545637905570892,86.14590000070166
2,9,19,"(187.5, 362.5, 9.103110310900643)",2.908841331426415e-07,0.0,-7.909525943712274,1.928553142184058e-05,121.9926999983727
2,9,20,"(187.5, 337.5, 7.2238068944948735)",2.354305858413378e-07,0.0,-9.686103502471111,3.2551394449414223e-09,123.13869999707094
2,9,21,"(187.5, 337.5, 7.2238068944948735)",0.0022763220613014304,743.1393432617188,-1.7765776469989232,0.004335228905994595,89.15459999843733
2,9,22,"(162.5, 337.5, 6.503826249283008)",0.007476264127907164,0.0,-3.803748674862609,0.07605494410945218,139.94170000296435
2,9,23,"(187.5, 337.5, 7.2238068944948735)",2.3543058584133783e-07,0.0,-5.580564469231207,0.001796673197496627,124.18669999897247
2,9,24,"(187.5, 337.5, 7.2238068944948735)",0.012397621273820271,743.1381225585938,-1.776583695867562,0.062486585948843223,84.41969999694265
2,9,25,"(212.5, 337.5, 7.7206787211523045)",-7.345237781916568e-07,0.0,-2.9329521925692883,6.919602802061535e-05,122.43260000104783
2,9,26,"(187.5, 337.5, 7.2238068944948735)",2.3543058584133786e-07,0.0,-4.70952978685795,4.0212121200958896e-08,125.03250000008848
2,9,27,"(187.5, 337.5, 7.2238068944948735)",0.0015718285689553585,743.1393432617188,-1.7765776503420774,0.0070301664286280055,87.03769999920041
2,9,28,"(212.5, 337.5, 7.7206787211523045)",-7.345237781144803e-07,0.0,-2.9329521393151547,3.825693768499957e-05,121.26169999828562
2,9,29,"(187.5, 337.5, 7.2238068944948735)",2.3543058584133786e-07,0.0,-4.709529785419188,3.3936519020332063e-08,123.5270999968634
2,9,30,"(187.5, 337.5, 7.2238068944948735)",0.0017020256318441393,743.1393432617188,-1.7765776498601953,0.006797292816479174,89.23629999844707
2,9,31,"(187.5, 362.5, 9.103110310900643)",2.9088413314264033e-07,0.0,-5.76790357603798,7.406909970801364e-06,137.0087000032072
2,9,32,"(187.5, 337.5, 7.2238068944948735)",2.354305858413378e-07,0.0,-7.544481222201455,3.253842329772653e-09,123.31579999954556
2,9,33,"(187.5, 337.5, 7.2238068944948735)",0.0007002197682838137,743.1393432617188,-1.7765776469989236,0.004335229350710411,90.75099999972736
2,9,34,"(212.5, 337.5, 7.7206787211523045)",-7.345237781144788e-07,0.0,-2.932952136302698,3.338859688643141e-05,126.51800000094227
2,9,35,"(187.5, 337.5, 7.2238068944948735)",2.3543058584133786e-07,0.0,-4.709529785109505,3.2577113719622934e-08,123.3457999987877
2,9,36,"(187.5, 337.5, 7.2238068944948735)",0.0016073342136417145,743.1393432617188,-1.7765776497532253,0.0067424695770401215,87.17909999904805
2,9,37,"(212.5, 337.5, 7.7206787211523045)",-7.345237781144793e-07,0.0,-2.9329521390018334,3.785160990034895e-05,120.67739999838523
2,9,38,"(187.5, 337.5, 7.2238068944948735)",2.3543058584133786e-07,0.0,-4.709529785392797,3.382081807808004e-08,121.06659999699332
2,9,39,"(187.5, 337.5, 7.2238068944948735)",0.0008004097020022173,743.1393432617188,-1.776577649851128,0.006792674145248289,88.42949999962002
2,9,40,"(212.5, 337.5, 7.7206787211523045)",-7.345237781144799e-07,0.0,-2.932952139056669,3.792338797722637e-05,121.61190000188071
2,9,41,"(187.5, 337.5, 7.2238068944948735)",2.3543058584133786e-07,0.0,-4.70952978539749,3.384138808751661e-08,123.28720000004978
2,9,42,"(187.5, 337.5, 7.2238068944948735)",0.0017607727892224383,743.1393432617188,-1.7765776498527441,0.006793542418140435,86.51069999905303
2,9,43,"(187.5, 362.5, 9.103110310900643)",2.9088413314264086e-07,0.0,-5.767903576037473,7.406137633352024e-06,135.2307999986806
2,9,44,"(187.5, 337.5, 7.2238068944948735)",2.354305858413378e-07,0.0,-7.544481222201455,3.253842074012677e-09,121.13780000072438
2,9,45,"(187.5, 337.5, 7.2238068944948735)",0.0009134511588746903,743.1393432617188,-1.7765776469989234,0.004335228543488899,89.2377000018314
2,9,46,"(162.5, 337.5, 6.503826249283008)",0.006888887277290776,0.0,-3.803748674862608,0.07605494410945217,137.5733000022592
2,9,47,"(187.5, 337.5, 7.2238068944948735)",2.3543058584133783e-07,0.0,-5.580564469231206,0.001796673197496627,123.27819999700296
2,9,48,"(187.5, 337.5, 7.2238068944948735)",0.010119383908243863,743.1122436523438,-1.7765836958675623,0.06248659240997165,89.9706000018341
2,9,49,"(212.5, 337.5, 7.7206787211523045)",-7.345237781144801e-07,0.0,-2.9329521925692887,6.919602802061523e-05,121.5355999993335
2,9,50,"(187.5, 337.5, 7.2238068944948735)",2.3543058584133786e-07,0.0,-4.70952978685795,4.0212121200958896e-08,123.40010000116308
2,9,51,"(187.5, 337.5, 7.2238068944948735)",0.002560436753046904,743.1393432617188,-1.776577650342077,0.007030160159902643,87.10170000267681
2,9,52,"(187.5, 337.5, 7.2238068944948735)",0.002105607366162731,0.0,-3.5531562025351064,0.0032395913006351717,127.75780000083614
2,9,53,"(212.5, 337.5, 7.7206787211523045)",-2.397622059409817e-07,0.0,-4.709529789601345,4.902157287282773e-08,126.3321000005817
2,9,54,"(212.5, 337.5, 7.7206787211523045)",0.0016815038794329752,747.119873046875,-1.156374485223152,0.002659260528037011,86.57849999872269
2,9,55,"(212.5, 362.5, 9.863883753989105)",1.320715056338608,0.0,-3.637857226563421,0.9935219008163089,104.9499000000651
2,9,56,"(187.5, 362.5, 9.103110310900643)",-3.880510727564493e-11,0.0,-8.339784883526361,0.0020072688001562967,131.90450000183773
2,9,57,"(187.5, 362.5, 9.103110310900643)",0.001676840768185786,743.5701904296875,-3.991325928676768,0.001107729505416614,85.39149999705842
2,9,58,"(187.5, 387.5, 11.364582883745452)",0.08846049522450704,0.0,-7.9434879921044255,0.06861846973959602,144.01060000091093
2,9,59,"(162.5, 387.5, 9.797797492156253)",-2.231536102485826e-07,0.0,-12.608342205180566,0.43444171562841594,178.92200000278535
2,9,60,"(162.5, 387.5, 9.797797492156253)",0.031050762221965886,740.7197265625,-7.201305108182249,0.03962144157267491,86.61340000253404
2,9,61,"(162.5, 362.5, 8.044975170611863)",1.2125591062609214e-06,0.0,-11.119501059194295,6.392471964638611e-05,139.48170000003302
2,9,62,"(162.5, 337.5, 6.503826249283008)",5.493250985940297e-07,0.0,-13.146658702159918,4.546977997188118e-05,133.90550000258372
2,9,63,"(162.5, 337.5, 6.503826249283008)",0.01913340563023591,740.6358642578125,-2.0271576178519775,0.14726430054839101,86.66900000025635
2,9,64,"(162.5, 312.5, 5.206150757863988)",0.27918524141280415,0.0,-2.642455642802947,1.2334922678247695,130.9499999988475
2,9,65,"(162.5, 287.5, 4.140142738102741)",0.12417443593353646,0.0,-3.3395472262378734,0.8435325050877095,120.70719999974244
2,9,66,"(162.5, 287.5, 4.140142738102741)",0.71930143162811,741.6180419921875,-0.7245697890819892,1.5354038132101477,86.05600000009872
2,9,67,"(162.5, 262.5, 3.2775456166337156)",0.014510331580112081,0.0,-1.1093802301832985,0.35487713404901267,146.10990000073798
2,9,68,"(162.5, 287.5, 4.140142738102741)",0.002230480313301202,0.0,-1.7590292924081241,0.15942273503490573,129.8970999996527
2,9,69,"(162.5, 287.5, 4.140142738102741)",0.09862314556748297,739.4435424804688,-0.6390569142765515,0.5818251720686273,90.13969999796245
2,0,0,"(212.5, 487.5, 22.32743679833657)",1.3082033995964735,552.0140991210938,-12.986370374087086,3.0007727235034722,87.0777000018279
2,1,0,"(212.5, 487.5, 22.32743679833657)",1.3044327591477631,551.9578247070312,-12.986370374087086,3.000772694254248,85.82550000210176
2,2,0,"(212.5, 487.5, 22.32743679833657)",1.3037092810703905,552.041259765625,-12.986370374087082,3.0007726714735825,88.21410000018659
2,3,0,"(212.5, 487.5, 22.32743679833657)",1.302017093480357,552.0850219726562,-12.986370374087084,3.0007726956818788,87.97799999956624
2,4,0,"(212.5, 487.5, 22.32743679833657)",1.3079382160088242,552.0692138671875,-12.986370374087084,3.0007727141756058,87.24250000159373
2,5,0,"(212.5, 487.5, 22.32743679833657)",1.3047364558112677,551.9945068359375,-12.986370374087087,3.0007726869953664,87.51029999984894
2,6,0,"(212.5, 487.5, 22.32743679833657)",1.3018251885655598,551.9562377929688,-12.986370374087084,3.000772666586923,87.68079999936162
2,7,0,"(212.5, 487.5, 22.32743679833657)",1.3056639181969827,552.0498046875,-12.986370374087084,3.000772719732881,88.21549999993294
2,8,0,"(212.5, 487.5, 22.32743679833657)",1.306703661030585,551.962646484375,-12.986370374087084,3.000772746413004,89.31550000124844
2,9,0,"(212.5, 487.5, 22.32743679833657)",1.3026090704205477,551.9566650390625,-12.986370374087084,3.0007726912326302,87.15429999938351
