resolution,trial,step,observation,info_gain,pred_divergence,expected_accuracy,expected_Qs_entropy,inference_time_ms
10,0,0,"(437.5, 412.5, 3.7158125367455015)",0.64414106413794,736.185791015625,-0.2387420088730421,2.270099027697813,248.5296000013477
10,0,3,"(387.5, 412.5, 5.968521653217249)",0.4354010377514926,740.5372314453125,-0.2141221712184647,1.4189461490539024,249.15700000201468
10,0,6,"(337.5, 412.5, 9.377700043801939)",0.4608800873484749,751.8319702148438,-0.2041021610048035,0.9224142251868952,245.93219999951543
10,0,9,"(312.5, 387.5, 9.73254467824523)",0.759092893969713,745.3323364257812,-0.2189563678518419,1.1784622332941537,246.28859999938868
10,0,12,"(287.5, 412.5, 13.851283065501828)",0.8097980968218078,759.2901611328125,-0.2414388712581119,0.6297303999450288,249.78420000115875
10,0,15,"(262.5, 437.5, 19.691492564685472)",0.2861124027644913,787.9526977539062,-0.2079677021888395,0.1761636968493083,250.15929999790387
10,1,0,"(437.5, 412.5, 3.7158125367455015)",0.6444283504593362,736.1653442382812,-0.2387420088730421,2.270098992482797,252.93990000136543
10,1,3,"(387.5, 412.5, 5.968521653217249)",0.4368878911946762,740.7621459960938,-0.2141221712184647,1.4189461426399137,247.87020000076157
10,1,6,"(337.5, 412.5, 9.377700043801939)",0.4579989061080399,751.78173828125,-0.2041021610048035,0.9224141640026822,247.7768999997352
10,1,9,"(312.5, 387.5, 9.73254467824523)",0.761165245133519,745.3761596679688,-0.2189563678518419,1.1784622658464927,249.0489000010712
10,1,12,"(287.5, 412.5, 13.851283065501828)",0.8087742937746039,759.912841796875,-0.2414388712581119,0.6297303791664517,251.30989999888695
10,1,15,"(262.5, 437.5, 19.691492564685472)",0.2952213115038457,785.6497192382812,-0.2079677021888395,0.1761637011793072,249.13220000235012
10,2,0,"(437.5, 412.5, 3.7158125367455015)",0.6457971250418699,736.2371826171875,-0.2387420088730421,2.2700989845251938,249.12289999701895
10,2,3,"(437.5, 362.5, 3.0693002026442198)",0.363991324579149,736.5577392578125,-0.2088097352169915,2.010114570775288,250.6470000007539
10,2,6,"(437.5, 312.5, 2.3288409680820936)",0.3139577125575566,735.917724609375,-0.2090707649040385,2.275014721098486,250.0813000006019
10,2,9,"(387.5, 312.5, 3.371997408476144)",0.3729508693799534,737.9493408203125,-0.2099534971126724,2.1167020445061886,249.0477999999712
10,2,12,"(337.5, 312.5, 4.592532186196013)",0.4791789881773011,738.5699462890625,-0.2113190959934056,1.9775694528357937,247.11050000041723
10,2,15,"(312.5, 337.5, 6.4720487778634865)",0.6340431780650442,740.1700439453125,-0.2180449113308459,1.7293911976560057,248.66409999958705
10,2,18,"(312.5, 387.5, 9.73254467824523)",0.6598961544634736,748.8155517578125,-0.2145009716430057,0.9776466888224624,244.90619999778573
10,2,21,"(287.5, 412.5, 13.851283065501828)",0.7954847187539078,759.5424194335938,-0.2369389123318326,0.6288869493585216,247.3003000013705
10,2,24,"(262.5, 437.5, 19.691492564685472)",0.2731369760499427,796.8417358398438,-0.2084319756215288,0.163441212872003,250.52080000023125
10,3,0,"(437.5, 412.5, 3.7158125367455015)",0.6464928796137923,736.1736450195312,-0.2387420088730421,2.2700990372411134,246.15479999920356
10,3,3,"(437.5, 362.5, 3.0693002026442198)",0.3708166457394438,736.575927734375,-0.2088097352169916,2.010114585854809,247.79259999922945
10,3,6,"(412.5, 337.5, 3.3073470145874904)",0.3760692699416351,737.578125,-0.2098281021146999,2.078568911567248,246.373300000414
10,3,9,"(362.5, 337.5, 4.801447242030367)",0.4424325289417985,739.2631225585938,-0.2110344492767123,1.7907348741423648,250.33409999741707
10,3,12,"(362.5, 287.5, 3.2481324511568093)",0.3857260315081166,737.7380981445312,-0.2100187335977507,2.0115240638144534,249.3359000000055
10,3,15,"(362.5, 237.5, 2.1176379791076854)",0.2800284167315229,737.239013671875,-0.2072647299439338,2.329771613762941,247.1205000001646
10,3,18,"(337.5, 212.5, 1.8733097780882446)",0.2286628191014463,737.2259521484375,-0.2044721125532795,2.3759432950939976,249.38679999831947
10,3,21,"(337.5, 262.5, 2.964249814698708)",0.351747224780582,737.5018920898438,-0.2125261052631917,2.317382522841148,247.31210000027204
10,3,24,"(337.5, 312.5, 4.592532186196013)",0.5378693135726605,738.7905883789062,-0.2186443066487685,1.910470227437844,248.06080000053043
10,3,27,"(337.5, 362.5, 6.836404624384365)",0.6235605990793555,741.3807983398438,-0.2142494767556336,1.417067007864101,247.1192999983032
10,3,30,"(387.5, 362.5, 4.6920389042223976)",0.4077185351886687,739.6900634765625,-0.2072730715284563,1.549371589581221,249.29619999966235
10,3,33,"(387.5, 312.5, 3.371997408476144)",0.3683755021279826,738.32421875,-0.2073885670448302,1.8881390460193133,246.9559000019217
10,3,36,"(387.5, 262.5, 2.2927863351327353)",0.3126509668631885,737.2734375,-0.2089193657715916,2.307406082990405,249.1485000027751
10,3,39,"(387.5, 212.5, 1.5068207512166414)",0.208788132962379,736.9265747070312,-0.2056080422683516,2.418178915568899,247.9316999997536
10,3,42,"(362.5, 237.5, 2.1176379791076854)",0.2722498041396048,737.2205200195312,-0.2100351027186745,2.392491543596652,249.57530000028785
10,3,45,"(362.5, 287.5, 3.2481324511568093)",0.421657227890566,737.6452026367188,-0.2187942968467237,2.2177971800582577,247.24309999874092
10,3,48,"(362.5, 337.5, 4.801447242030367)",0.478037408569416,739.021240234375,-0.2128195798201181,1.6800049300720457,249.77399999988847
10,3,51,"(362.5, 387.5, 6.644563227708976)",0.6238718302591457,740.8778686523438,-0.216598698743472,1.2058286117213712,251.5042999984871
10,3,54,"(312.5, 387.5, 9.73254467824523)",0.6434717994509251,748.974853515625,-0.213645860356523,0.9708628441089762,248.83670000053823
10,3,57,"(287.5, 412.5, 13.851283065501828)",0.8077202470810347,758.6724243164062,-0.241300359742177,0.6294318382339331,249.38320000001116
10,3,60,"(312.5, 437.5, 13.134116007120344)",0.2044264961068385,775.3018798828125,-0.2262884893231042,0.2770438797264258,249.95940000007977
10,3,63,"(287.5, 412.5, 13.851283065501828)",0.8722173081064286,759.8388671875,-0.2407047504912137,0.715701232438331,249.4360000018787
10,3,66,"(262.5, 437.5, 19.691492564685472)",0.2861970835142601,791.37646484375,-0.2084959247996291,0.1664475920512981,250.8162000012817
10,4,0,"(437.5, 412.5, 3.7158125367455015)",0.6382953665288795,736.1738891601562,-0.2387420088730421,2.270099010373144,249.9753999982204
10,4,3,"(387.5, 412.5, 5.968521653217249)",0.4365467220908592,740.5653076171875,-0.2141221712184647,1.418946151420916,250.04070000068168
10,4,6,"(337.5, 412.5, 9.377700043801939)",0.453620635072908,751.5945434570312,-0.2041021610048035,0.9224141815077548,247.6066000017454
10,4,9,"(312.5, 387.5, 9.73254467824523)",0.7626791924915293,745.474853515625,-0.2189563678518419,1.1784622377723706,249.5178000026499
10,4,12,"(287.5, 412.5, 13.851283065501828)",0.8051036966367004,760.7389526367188,-0.241438871258112,0.6297304047102648,249.3925999988278
10,4,15,"(287.5, 462.5, 17.977012825427398)",1.0169093075621147,765.1082763671875,-0.4567645672836114,0.5107585032005265,316.4242999991984
10,4,18,"(287.5, 462.5, 17.977012825427398)",0.2660844794353413,786.3052978515625,-0.4394473935156215,0.169421601375952,248.69949999992969
10,5,0,"(437.5, 412.5, 3.7158125367455015)",0.6522209910278051,736.258056640625,-0.2387420088730422,2.270099031846136,249.4319999968866
10,5,3,"(387.5, 412.5, 5.968521653217249)",0.4313447705035935,740.4299926757812,-0.2141221712184647,1.4189461752395596,250.43690000165952
10,5,6,"(362.5, 387.5, 6.644563227708976)",0.5385392850653292,742.360107421875,-0.2176888625728082,1.2990795006998257,246.57480000314536
10,5,9,"(312.5, 387.5, 9.73254467824523)",0.6430874767171539,748.8294067382812,-0.2132736096608652,0.971104058102237,248.18930000037653
10,5,12,"(287.5, 412.5, 13.851283065501828)",0.803210107983834,759.8997192382812,-0.241276464502894,0.6293101151916258,247.22820000170032
10,5,15,"(262.5, 437.5, 19.691492564685472)",0.2959631322739355,785.7791137695312,-0.2079677362571277,0.1761716519413602,251.096799998777
10,6,0,"(437.5, 412.5, 3.7158125367455015)",0.6481809328853272,736.1455078125,-0.2387420088730421,2.2700989790459367,247.7486999996472
10,6,3,"(387.5, 412.5, 5.968521653217249)",0.4327016809801671,740.62353515625,-0.2141221712184647,1.4189461760940352,250.73300000076412
10,6,6,"(387.5, 362.5, 4.6920389042223976)",0.462456840623128,739.6748046875,-0.2194192288793552,1.4549537179128182,248.4494999989693
10,6,9,"(387.5, 312.5, 3.371997408476144)",0.367077037706035,738.2518920898438,-0.2075050216779666,1.88830104162876,247.31450000035693
10,6,12,"(387.5, 262.5, 2.2927863351327353)",0.3129479983192664,737.23583984375,-0.2089178736708173,2.3074112855368853,246.77110000266111
10,6,15,"(387.5, 212.5, 1.5068207512166414)",0.2047432099380965,736.9708251953125,-0.2056080574298232,2.418179158289984,251.6037999994296
10,6,18,"(337.5, 212.5, 1.8733097780882446)",0.2281611821027237,737.1697387695312,-0.2049394103629381,2.3811350636096806,250.4248000004736
10,6,21,"(287.5, 212.5, 2.154010388857775)",0.2525604391797043,737.2296142578125,-0.204584714101467,2.358845568730297,246.37429999711455
10,6,24,"(237.5, 212.5, 2.261871450534782)",0.2838070410735994,737.1180419921875,-0.2070900899217528,2.3858934166142234,246.59459999747924
10,6,27,"(187.5, 212.5, 2.1581048160551872)",0.265075941855122,737.1653442382812,-0.2072380207706897,2.371088300317896,248.8297000018065
10,6,30,"(187.5, 262.5, 3.519235619237839)",0.3761080557172991,737.7294921875,-0.2133249981557159,2.256399895661385,247.09870000151568
10,6,33,"(187.5, 312.5, 5.701335627950545)",0.4824990301662474,740.1568603515625,-0.2091596418088429,1.78704076254761,247.39750000298957
10,6,36,"(162.5, 337.5, 6.503826249283008)",0.6463087217823886,740.0094604492188,-0.2179447237219221,1.7678737891061378,245.9529000007024
10,6,39,"(162.5, 387.5, 9.797797492156253)",0.6549395264242656,749.4329833984375,-0.2138417022611086,0.9662229361985958,246.19370000073104
10,6,42,"(137.5, 412.5, 9.458994007438445)",0.5499982417670777,751.4869384765625,-0.2266789577077515,0.607838759864474,251.6801999991003
10,6,45,"(162.5, 437.5, 13.254586740016286)",0.7134386562804704,760.5526123046875,-0.2508926755687246,0.5000675662868983,245.5800999996427
10,6,48,"(187.5, 462.5, 18.15511649450833)",0.2400536422800628,797.85546875,-0.2083145307936709,0.1424138683966379,247.33049999849757
10,7,0,"(437.5, 412.5, 3.7158125367455015)",0.6451586537845967,736.2543334960938,-0.2387420088730421,2.270099031813755,247.54980000216165
10,7,3,"(387.5, 412.5, 5.968521653217249)",0.4305632090321145,740.5929565429688,-0.2141221712184647,1.418946160599462,246.22359999921173
10,7,6,"(362.5, 387.5, 6.644563227708976)",0.5347847004889678,742.285888671875,-0.2176888625728082,1.2990795350125603,244.8318999995536
10,7,9,"(312.5, 387.5, 9.73254467824523)",0.639965544522225,748.91259765625,-0.2132736096608652,0.9711040335255544,250.89619999926072
10,7,12,"(287.5, 412.5, 13.851283065501828)",0.8039631020762138,760.0148315429688,-0.2412764645028941,0.6293101303156671,247.20429999797489
10,7,15,"(262.5, 437.5, 19.691492564685472)",0.2891957457503821,787.1803588867188,-0.2079677362571278,0.1761715836475894,249.44229999891832
10,8,0,"(437.5, 412.5, 3.7158125367455015)",0.6396712445095161,736.3541259765625,-0.2387420088730421,2.2700990446407774,248.00630000027013
10,8,3,"(437.5, 362.5, 3.0693002026442198)",0.3631256002560132,736.5357055664062,-0.2088097352169915,2.010114568777744,245.1370999988285
10,8,6,"(387.5, 362.5, 4.6920389042223976)",0.4440214110574155,739.0409545898438,-0.2118806056986539,1.7573401124103107,247.68179999955464
10,8,9,"(337.5, 362.5, 6.836404624384365)",0.557356967958611,742.3137817382812,-0.2103883817156053,1.3850031911131404,247.32180000137305
10,8,12,"(362.5, 337.5, 4.801447242030367)",0.4387920310491731,739.3368530273438,-0.2076309453511237,1.6803984232405786,244.8016999987885
10,8,15,"(362.5, 287.5, 3.2481324511568093)",0.3821701566486433,737.895751953125,-0.2098208824734049,1.996733347061587,247.4356999991869
10,8,18,"(362.5, 237.5, 2.1176379791076854)",0.2814985281650761,737.3218994140625,-0.2072592124286377,2.3296653603285407,249.03420000191545
10,8,21,"(362.5, 187.5, 1.3509857344576865)",0.1602505178535071,737.03125,-0.2023990310045461,2.3993557801747345,248.19330000173068
10,8,24,"(312.5, 187.5, 1.5958170587390115)",0.1835381848928339,737.1489868164062,-0.2029619591941847,2.3517223180831643,249.9595000008412
10,8,27,"(262.5, 187.5, 1.7415094379554124)",0.2241541808319858,737.1500854492188,-0.2055640370866286,2.308622384810716,247.42919999698643
10,8,30,"(212.5, 187.5, 1.743039893786265)",0.2119793578186655,737.1404418945312,-0.2039768575147026,2.315312168036576,246.51599999924656
10,8,33,"(212.5, 237.5, 2.8673241576271007)",0.3222720824095314,737.312255859375,-0.2114405220501588,2.373131300176176,248.21000000156343
10,8,36,"(212.5, 287.5, 4.711065216163657)",0.4360706788990796,738.6405029296875,-0.2118051205902954,2.0568975453110783,246.75679999927524
10,8,39,"(212.5, 337.5, 7.7206787211523045)",0.512178261054819,743.7493286132812,-0.2086256267909487,1.37420787235041,250.0641999977233
10,8,42,"(162.5, 337.5, 6.503826249283008)",0.6003797702740304,740.5702514648438,-0.2131271721471331,1.5904261956822494,245.60279999786871
10,8,45,"(162.5, 387.5, 9.797797492156253)",0.6496328387603882,749.5326538085938,-0.213527972217417,0.9623437097313888,248.18669999876877
10,8,48,"(137.5, 412.5, 9.458994007438445)",0.5540593588941436,751.4346923828125,-0.2266787198193934,0.6077790257605022,251.6933999977482
10,8,51,"(162.5, 437.5, 13.254586740016286)",0.713146559221793,760.1914672851562,-0.2508926833645747,0.5000674321203271,248.1901999999536
10,8,54,"(187.5, 462.5, 18.15511649450833)",0.2358184919530487,797.81005859375,-0.2083145307936709,0.1424138520012517,249.6428999984346
10,9,0,"(437.5, 412.5, 3.7158125367455015)",0.6410005471899765,736.1910400390625,-0.2387420088730421,2.2700990501159724,248.31930000073044
10,9,3,"(387.5, 412.5, 5.968521653217249)",0.4349598681339483,740.4859008789062,-0.2141221712184647,1.4189461553756464,247.25780000153463
10,9,6,"(337.5, 412.5, 9.377700043801939)",0.4561012751509641,751.2921142578125,-0.2041021610048035,0.9224141974309472,248.69269999908283
10,9,9,"(312.5, 387.5, 9.73254467824523)",0.7582003668162891,745.4739379882812,-0.2189563678518419,1.178462308591418,255.6248000000778
10,9,12,"(287.5, 412.5, 13.851283065501828)",0.8074819876844059,759.5352783203125,-0.241438871258112,0.6297303858981825,251.45160000101896
10,9,15,"(287.5, 462.5, 17.977012825427398)",1.0227717993743843,764.7003173828125,-0.4567645672836115,0.5107584173141465,325.1172999989649
10,9,18,"(312.5, 487.5, 13.851283065501828)",0.4571687742078564,576.4215698242188,-0.3047121151824988,0.3291834094471452,352.6259000027494
10,9,21,"(337.5, 462.5, 10.942007264844266)",0.3360752430242586,757.9102783203125,-0.2817157798230626,0.3625216684791278,248.1603999985964
10,9,24,"(362.5, 437.5, 8.184609533832969)",0.4101184418917515,747.79736328125,-0.2267216760829988,0.8084712343638496,246.5668999975605
10,9,27,"(387.5, 412.5, 5.968521653217249)",0.3658543786398248,743.0438842773438,-0.2038676152755934,1.1146234296589377,248.57360000169135
10,9,30,"(387.5, 362.5, 4.6920389042223976)",0.4605341468474878,739.8690795898438,-0.2193267756616945,1.435100200048301,246.89199999920675
10,9,33,"(387.5, 312.5, 3.371997408476144)",0.3663513795787758,738.3032836914062,-0.20750772986876,1.888318208675608,252.7937999984715
10,9,36,"(387.5, 262.5, 2.2927863351327353)",0.3092415660734348,737.2427368164062,-0.2089178511756391,2.3074120665233027,250.79809999806457
10,9,39,"(387.5, 212.5, 1.5068207512166414)",0.2090081549595272,736.95458984375,-0.2056080472658716,2.418179227608538,249.11470000006372
10,9,42,"(362.5, 237.5, 2.1176379791076854)",0.2759281259590369,737.271240234375,-0.2100351143237908,2.392491431114232,247.9226999967068
10,9,45,"(362.5, 287.5, 3.2481324511568093)",0.4184676006777165,737.7390747070312,-0.2187942949679393,2.21779718409537,255.1887000008719
10,9,48,"(362.5, 337.5, 4.801447242030367)",0.4757376909501384,738.9019775390625,-0.2128195850061015,1.6800049399489745,247.00129999837367
10,9,51,"(362.5, 387.5, 6.644563227708976)",0.6298631784302255,740.964111328125,-0.216598698743472,1.205828671208986,251.6890999977477
10,9,54,"(312.5, 387.5, 9.73254467824523)",0.6463513395925728,749.0364379882812,-0.213645860356523,0.9708628647418264,251.0699000013119
10,9,57,"(287.5, 412.5, 13.851283065501828)",0.8066763821851184,760.4494018554688,-0.2413003597421769,0.6294318666268546,247.6614000006521
10,9,60,"(287.5, 462.5, 17.977012825427398)",1.0284156938756912,763.2387084960938,-0.4567653970811651,0.5107510162820526,324.83769999817014
10,9,63,"(312.5, 487.5, 13.851283065501828)",0.4523968121178734,577.2207641601562,-0.3047121030435286,0.3291836470420097,358.52520000116783
10,9,66,"(337.5, 462.5, 10.942007264844266)",0.3392698245649573,757.3814697265625,-0.2817157798230626,0.3625217030308453,253.7324000004446
10,9,69,"(362.5, 437.5, 8.184609533832969)",0.4148004496904351,747.6978759765625,-0.2267216760829988,0.8084712698324762,249.27580000075977
10,0,0,"(37.5, 437.5, 3.968016468858607)",0.6564150175345453,733.4397583007812,-0.2367631155358007,2.1382784344458687,250.66879999940284
10,0,3,"(62.5, 412.5, 4.762387255147607)",0.41356848297326,737.7543334960938,-0.2087630305217269,1.6074550656513866,250.30079999851296
10,0,6,"(112.5, 412.5, 7.580708003809701)",0.544712206939625,742.8495483398438,-0.2133496513648693,1.147527269572191,255.11400000323192
10,0,9,"(137.5, 437.5, 10.499382396270086)",0.7388338480583158,748.591552734375,-0.2418660313107229,0.8047339261196725,249.7541000011552
10,0,12,"(162.5, 462.5, 14.173358874352427)",0.6528566468068708,764.3702392578125,-0.2578624852570866,0.5703285192378033,252.05099999948288
10,1,0,"(37.5, 437.5, 3.968016468858607)",0.6572724202288961,733.2476806640625,-0.2367631155358008,2.1382784149194305,249.70329999996463
10,1,3,"(87.5, 437.5, 6.482612700641647)",0.5319583822429201,740.8333740234375,-0.2181469455888326,1.341521332804765,249.086100000568
10,1,6,"(137.5, 437.5, 10.499382396270086)",0.6035411012627493,751.2721557617188,-0.2119078124837148,0.7397220440745865,249.94259999948557
10,1,9,"(162.5, 462.5, 14.173358874352427)",0.6456028671290215,764.4345703125,-0.2555576117126658,0.5670145827090144,258.59199999831617
10,2,0,"(37.5, 437.5, 3.968016468858607)",0.6602651773678581,733.4959106445312,-0.2367631155358008,2.138278399893449,254.10980000015115
10,2,3,"(37.5, 387.5, 3.4504418791542615)",0.4011289089229709,734.629638671875,-0.2127167280188014,1.880566645233158,255.9737999981735
10,2,6,"(87.5, 387.5, 5.413067831237064)",0.47103679310794,739.2001953125,-0.2138797464986818,1.5494766135422124,253.5654000021168
10,2,9,"(87.5, 337.5, 4.042605949689198)",0.3400021234655949,739.2448120117188,-0.2046299322250716,1.5614026546318682,249.2457000007562
10,2,12,"(87.5, 287.5, 2.8131085484191836)",0.3371023668829216,737.3268432617188,-0.2062189055446928,2.0738152071401363,250.67609999678095
10,2,15,"(87.5, 237.5, 1.8749993990357805)",0.2837895144361678,736.7423095703125,-0.2092389142831914,2.3833724497179114,251.92629999946803
10,2,18,"(112.5, 212.5, 1.7023465120987893)",0.2311206925265206,736.9775390625,-0.2066048174450469,2.43888875387936,251.45189999966533
10,2,21,"(162.5, 212.5, 2.0359929489759456)",0.247292973368623,737.2467041015625,-0.2056020708453054,2.382924837260596,251.08110000292072
10,2,24,"(212.5, 212.5, 2.2358312589572185)",0.2638179142871737,737.2254638671875,-0.2056989176588315,2.3733726449733443,252.88060000093537
10,2,27,"(262.5, 212.5, 2.2336800277132602)",0.2810532018092737,737.1085815429688,-0.2067969762047446,2.3864618307379466,249.92739999652255
10,2,30,"(312.5, 212.5, 2.0303276744152)",0.2413452610685346,737.1748657226562,-0.2054612323893869,2.357196157318059,255.05310000153256
10,2,33,"(312.5, 262.5, 3.266470567666104)",0.3525762266762267,737.5989990234375,-0.2115695693081915,2.2912065154689776,251.75190000300063
10,2,36,"(312.5, 312.5, 5.183930710700896)",0.4961436952894438,739.3762817382812,-0.2107342476069819,1.890874896119746,252.2698000029777
10,2,39,"(312.5, 362.5, 7.999359988870806)",0.66861882638572,744.0827026367188,-0.2116624391421123,1.3317125637779474,253.53619999805235
10,2,42,"(362.5, 362.5, 5.709929773131825)",0.5223573785004554,741.2811279296875,-0.2106508756824046,1.3908547004391525,249.7127999995428
10,2,45,"(362.5, 312.5, 3.972924796908688)",0.3740793550513762,738.328857421875,-0.2049636512012525,1.7046727253612317,257.5636000001396
10,2,48,"(362.5, 262.5, 2.6317000424023482)",0.3169620273023116,737.4088134765625,-0.2052395614191087,2.21440415477388,250.31089999902176
10,2,51,"(362.5, 212.5, 1.6949517469263145)",0.221411997337468,737.1700439453125,-0.2051600038575933,2.375953063509699,247.9867000001832
10,2,54,"(337.5, 237.5, 2.3610390308062064)",0.2765411680140344,737.2646484375,-0.2078532319779388,2.36507496767578,249.26209999830465
10,2,57,"(337.5, 287.5, 3.7025046815464644)",0.4277099852371749,738.135498046875,-0.2124485262775079,2.14191029792599,254.6985000008135
10,2,60,"(337.5, 337.5, 5.641752186721501)",0.55263773724637,739.8525390625,-0.2085913015796815,1.645947160406771,251.1911000001419
10,2,63,"(362.5, 362.5, 5.709929773131825)",0.6341098299326904,738.9219970703125,-0.2270530501861442,1.6555910596064167,247.6812000022619
10,2,66,"(362.5, 312.5, 3.972924796908688)",0.3762058687247239,738.3543090820312,-0.2049009160799791,1.7052841625743245,252.4995999992825
10,2,69,"(362.5, 262.5, 2.6317000424023482)",0.3143863107961919,737.4690551757812,-0.2052379435740041,2.2143664649963584,249.39749999975905
10,3,0,"(37.5, 437.5, 3.968016468858607)",0.658499699621852,733.4479370117188,-0.2367631155358007,2.138278445001013,248.99269999878013
10,3,3,"(87.5, 437.5, 6.482612700641647)",0.5320718239934414,740.59814453125,-0.2181469455888326,1.341521356180618,249.79110000276705
10,3,6,"(137.5, 437.5, 10.499382396270086)",0.5950826889855769,751.3901977539062,-0.2119078124837149,0.7397221044654096,249.44479999976463
10,3,9,"(162.5, 462.5, 14.173358874352427)",0.6403641884845515,765.472900390625,-0.2555576117126658,0.5670146524324242,249.81040000056964
10,4,0,"(37.5, 437.5, 3.968016468858607)",0.6525271600814221,733.4286499023438,-0.2367631155358007,2.138278422383707,255.67799999771523
10,4,3,"(37.5, 387.5, 3.4504418791542615)",0.4026510163046718,734.6773071289062,-0.2127167280188014,1.8805666181470533,249.28749999889988
10,4,6,"(87.5, 387.5, 5.413067831237064)",0.4684971536989009,739.2559814453125,-0.2138797464986819,1.5494766303901495,250.0350000009348
10,4,9,"(87.5, 337.5, 4.042605949689198)",0.3352359684258065,739.282958984375,-0.2046299322250717,1.5614026516312194,248.5817999986466
10,4,12,"(87.5, 287.5, 2.8131085484191836)",0.3309335319476151,737.3220825195312,-0.2062189055446928,2.0738151953488746,250.38950000089244
10,4,15,"(87.5, 237.5, 1.8749993990357805)",0.2832286174869174,736.7537841796875,-0.2092389142831913,2.3833724385776422,250.07520000144723
10,4,18,"(112.5, 212.5, 1.7023465120987893)",0.2299302610023705,736.950927734375,-0.2066048174450469,2.438888782824236,265.87649999783025
10,4,21,"(162.5, 212.5, 2.0359929489759456)",0.250806669935439,737.3112182617188,-0.2056020708453054,2.38292481434154,248.1885999986844
10,4,24,"(212.5, 212.5, 2.2358312589572185)",0.268354576297899,737.2472534179688,-0.2056989176588314,2.37337264040364,248.8943000025756
10,4,27,"(262.5, 212.5, 2.2336800277132602)",0.2866996881463127,737.1620483398438,-0.2067969762047446,2.386461838440255,249.77039999794212
10,4,30,"(312.5, 212.5, 2.0303276744152)",0.2419363820931988,737.1435546875,-0.2054612323893869,2.357196168422981,247.23399999857065
10,4,33,"(312.5, 262.5, 3.266470567666104)",0.3572642127408145,737.6298828125,-0.2115695693081915,2.291206494443258,251.15399999776852
10,4,36,"(312.5, 312.5, 5.183930710700896)",0.4983342166592628,739.4447021484375,-0.2107342476069819,1.890874940298372,247.99269999857643
10,4,39,"(312.5, 362.5, 7.999359988870806)",0.6596237913356161,744.055419921875,-0.2116624391421123,1.33171258546661,248.0489999979909
10,4,42,"(362.5, 362.5, 5.709929773131825)",0.5210465748456156,741.1942138671875,-0.2106508756824045,1.3908546533704935,248.8584999991872
10,4,45,"(362.5, 312.5, 3.972924796908688)",0.3776075725196231,738.4077758789062,-0.2049636512012524,1.7046726983805744,248.62999999822927
10,4,48,"(362.5, 262.5, 2.6317000424023482)",0.3171987118608259,737.4148559570312,-0.2052395614191087,2.214404172900657,249.12079999921843
10,4,51,"(362.5, 212.5, 1.6949517469263145)",0.2172085908805666,737.1665649414062,-0.2051600038575933,2.375953078357229,250.3093000013905
10,4,54,"(312.5, 212.5, 2.0303276744152)",0.2398556308421146,737.2499389648438,-0.2051730231212579,2.3666151059227736,249.34769999890705
10,4,57,"(262.5, 212.5, 2.2336800277132602)",0.264552380468086,737.1580200195312,-0.2047697771183385,2.360903023895302,254.01609999971697
10,4,60,"(212.5, 212.5, 2.2358312589572185)",0.2755401140230953,737.12109375,-0.2061645546495959,2.372570574092116,250.36769999860556
10,4,63,"(187.5, 237.5, 2.7574493337721258)",0.3071466638365516,737.2843627929688,-0.2088549880096072,2.3684809579614114,252.7939999999944
10,4,66,"(187.5, 287.5, 4.484402965683246)",0.4270849201352246,738.6947631835938,-0.207132432618446,2.0287377840278853,250.2731999993557
10,4,69,"(187.5, 337.5, 7.2238068944948735)",0.5299946875885425,743.3621826171875,-0.204072079019694,1.4658881793890648,249.4025000014517
10,5,0,"(37.5, 437.5, 3.968016468858607)",0.658246804915389,733.3650512695312,-0.2367631155358007,2.13827839980178,247.1356999994896
10,5,3,"(37.5, 387.5, 3.4504418791542615)",0.4017444247296707,734.4804077148438,-0.2127167280188014,1.8805666735951128,252.85620000067863
10,5,6,"(87.5, 387.5, 5.413067831237064)",0.4726870210003589,739.3073120117188,-0.2138797464986818,1.5494766169297496,252.211900002294
10,5,9,"(112.5, 412.5, 7.580708003809701)",0.5833771630668833,745.7678833007812,-0.2203579981722214,0.963119610939492,271.04099999996834
10,5,12,"(137.5, 437.5, 10.499382396270086)",0.6105562620893188,752.489013671875,-0.2128724613330968,0.682411518752134,256.7094999976689
10,5,15,"(162.5, 462.5, 14.173358874352427)",0.6483914534163293,765.491943359375,-0.2560613134786045,0.5675155855605487,257.1596000016143
10,6,0,"(37.5, 437.5, 3.968016468858607)",0.6535933786438247,733.3001708984375,-0.2367631155358007,2.138278391730469,249.87399999736223
10,6,3,"(87.5, 437.5, 6.482612700641647)",0.5344837729455966,740.6876831054688,-0.2181469455888326,1.3415213511487405,253.2926999992924
10,6,6,"(137.5, 437.5, 10.499382396270086)",0.6058735341185354,751.3114013671875,-0.2119078124837149,0.7397221286567746,250.15409999832627
10,6,9,"(162.5, 462.5, 14.173358874352427)",0.6447029666071118,764.9002685546875,-0.2555576117126658,0.5670145889205074,254.01160000183157
10,7,0,"(37.5, 437.5, 3.968016468858607)",0.6571474165769216,733.2288208007812,-0.2367631155358007,2.138278445129186,251.1157999979332
10,7,3,"(87.5, 437.5, 6.482612700641647)",0.5316308054366824,740.6544189453125,-0.2181469455888326,1.3415213800534624,248.268300001655
10,7,6,"(137.5, 437.5, 10.499382396270086)",0.5857211496884095,751.4326782226562,-0.2119078124837149,0.739722113356038,251.4393000019481
10,7,9,"(162.5, 462.5, 14.173358874352427)",0.6510115675850452,763.216064453125,-0.2555576117126658,0.5670146180573981,249.40699999933716
10,8,0,"(37.5, 437.5, 3.968016468858607)",0.6542498659240514,733.35546875,-0.2367631155358008,2.138278427832621,249.4834999997693
10,8,3,"(87.5, 437.5, 6.482612700641647)",0.535836537465161,740.6326293945312,-0.2181469455888326,1.3415213685916143,251.53259999933653
10,8,6,"(137.5, 437.5, 10.499382396270086)",0.6050438131801874,751.2592163085938,-0.2119078124837148,0.7397220668635721,249.95900000067195
10,8,9,"(162.5, 462.5, 14.173358874352427)",0.6501780203045896,765.5506591796875,-0.2555576117126658,0.5670145982766912,250.63550000049872
10,9,0,"(37.5, 437.5, 3.968016468858607)",0.6564598159311461,733.3048706054688,-0.2367631155358007,2.1382783500609888,252.94099999882744
10,9,3,"(87.5, 437.5, 6.482612700641647)",0.5329981153913733,740.8240966796875,-0.2181469455888326,1.341521358573355,253.49980000100916
10,9,6,"(137.5, 437.5, 10.499382396270086)",0.5957804004247211,751.4800415039062,-0.2119078124837149,0.7397220820807391,253.47730000066804
10,9,9,"(162.5, 462.5, 14.173358874352427)",0.6583529832054784,764.1661376953125,-0.2555576117126658,0.5670145902539858,248.3449999999721
10,0,0,"(12.5, 437.5, 3.099809189999389)",0.6024671903716703,548.7828369140625,-0.2417082373924757,2.415841331583838,250.75000000288128
10,0,3,"(62.5, 437.5, 5.075028620853257)",0.4781793663128432,737.3164672851562,-0.2173242355206294,1.5518790042612651,248.11069999850588
10,0,6,"(112.5, 437.5, 8.264048786739911)",0.4405818657386977,747.5445556640625,-0.2014929360254013,0.907537870676748,246.1406000002171
10,0,9,"(162.5, 437.5, 13.254586740016286)",0.5685066550356686,763.584716796875,-0.2400286320066456,0.4055460198759845,250.39919999835547
10,0,12,"(187.5, 462.5, 18.15511649450833)",0.2327377784775172,797.780029296875,-0.2082716843711315,0.1412274351317954,252.59290000030887
10,1,0,"(12.5, 437.5, 3.099809189999389)",0.5999372618927629,548.806396484375,-0.2417082373924756,2.4158412977629133,249.41089999992985
10,1,3,"(62.5, 437.5, 5.075028620853257)",0.4833144057681969,737.28564453125,-0.2173242355206294,1.5518789903292929,244.07849999988684
10,1,6,"(112.5, 437.5, 8.264048786739911)",0.4410410109161429,747.4694213867188,-0.2014929360254013,0.9075378480502102,245.32410000028904
10,1,9,"(162.5, 437.5, 13.254586740016286)",0.5702327633952545,763.6096801757812,-0.2400286320066456,0.4055459131013542,247.80509999982317
10,1,12,"(187.5, 462.5, 18.15511649450833)",0.2360987650598327,798.5340576171875,-0.2082716843711315,0.1412274220377592,245.7797000024584
10,2,0,"(12.5, 437.5, 3.099809189999389)",0.6021408859675128,548.835693359375,-0.2417082373924757,2.415841330440354,247.43040000248584
10,2,3,"(62.5, 437.5, 5.075028620853257)",0.4814689176881475,737.221435546875,-0.2173242355206295,1.5518789924948642,245.6060000004072
10,2,6,"(112.5, 437.5, 8.264048786739911)",0.4380248372157511,747.5577392578125,-0.2014929360254013,0.9075378697554524,246.31570000201464
10,2,9,"(162.5, 437.5, 13.254586740016286)",0.5744971805153605,763.7100830078125,-0.2400286320066456,0.4055459558396364,248.2463000014832
10,2,12,"(187.5, 462.5, 18.15511649450833)",0.2392380037314125,797.0137939453125,-0.2082716843711315,0.1412274922464356,246.56019999747517
10,3,0,"(12.5, 437.5, 3.099809189999389)",0.6031988853444968,548.8029174804688,-0.2417082373924756,2.415841306002911,250.45010000030743
10,3,3,"(62.5, 437.5, 5.075028620853257)",0.4777518007312256,737.3194580078125,-0.2173242355206294,1.551878968666757,249.06539999938104
10,3,6,"(112.5, 437.5, 8.264048786739911)",0.4402814123783289,747.5361328125,-0.2014929360254012,0.9075378842349316,244.144200001756
10,3,9,"(162.5, 437.5, 13.254586740016286)",0.5747392585551712,764.0701904296875,-0.2400286320066456,0.4055459098948183,249.35790000017727
10,3,12,"(187.5, 462.5, 18.15511649450833)",0.2364044208882383,797.5018310546875,-0.2082716843711316,0.1412274434170898,248.67579999772715
10,4,0,"(12.5, 437.5, 3.099809189999389)",0.6036433889125288,548.8877563476562,-0.2417082373924756,2.4158412878448763,247.8674999983923
10,4,3,"(62.5, 437.5, 5.075028620853257)",0.4835396836634802,737.2249755859375,-0.2173242355206294,1.551878969553824,250.32890000147745
10,4,6,"(112.5, 437.5, 8.264048786739911)",0.4454969543696928,747.5740966796875,-0.2014929360254013,0.907537847169294,248.69339999713705
10,4,9,"(162.5, 437.5, 13.254586740016286)",0.5789639669784103,764.0011596679688,-0.2400286320066456,0.4055459550287523,248.7079999991693
10,4,12,"(187.5, 462.5, 18.15511649450833)",0.24063324028916,797.2681884765625,-0.2082716843711315,0.1412273893444413,250.8873999977368
10,5,0,"(12.5, 437.5, 3.099809189999389)",0.6069417803724215,548.7920532226562,-0.2417082373924757,2.4158413195849806,246.2247000003117
10,5,3,"(62.5, 437.5, 5.075028620853257)",0.4789700189528985,737.3982543945312,-0.2173242355206295,1.5518789863077047,249.12419999964183
10,5,6,"(112.5, 437.5, 8.264048786739911)",0.4370986052529464,747.3856201171875,-0.2014929360254013,0.9075378735994576,248.4449000003224
10,5,9,"(162.5, 437.5, 13.254586740016286)",0.5687287717540945,763.984130859375,-0.2400286320066456,0.4055459934177625,247.08010000176728
10,5,12,"(187.5, 462.5, 18.15511649450833)",0.2405489492573537,797.49658203125,-0.2082716843711315,0.1412274190485637,245.33560000054425
10,6,0,"(12.5, 437.5, 3.099809189999389)",0.6005079991636878,548.8643798828125,-0.2417082373924756,2.4158413359192146,248.02249999993364
10,6,3,"(62.5, 437.5, 5.075028620853257)",0.4773990409540432,737.2716064453125,-0.2173242355206294,1.5518789738836756,247.95710000034887
10,6,6,"(112.5, 437.5, 8.264048786739911)",0.435604762343507,747.5476684570312,-0.2014929360254012,0.907537862004459,246.64320000010773
10,6,9,"(162.5, 437.5, 13.254586740016286)",0.5766868075023837,763.8980102539062,-0.2400286320066456,0.4055459560800603,248.3385000014096
10,6,12,"(187.5, 462.5, 18.15511649450833)",0.2339850054742366,797.3819580078125,-0.2082716843711315,0.1412274741437583,248.0241000012029
10,7,0,"(12.5, 437.5, 3.099809189999389)",0.6004995207426043,548.8478393554688,-0.2417082373924757,2.415841314887603,250.16379999942728
10,7,3,"(37.5, 412.5, 3.751648026446586)",0.4308607882181579,734.4239501953125,-0.2163421341427817,1.8668156380424328,247.59890000132145
10,7,6,"(87.5, 412.5, 6.024387455566984)",0.5098002886255993,741.2946166992188,-0.209570469947554,1.2982889890999014,249.7745000000577
10,7,9,"(137.5, 412.5, 9.458994007438445)",0.6820746122592333,748.9736328125,-0.2271684262298746,0.7582671592468911,252.0041999996465
10,7,12,"(162.5, 437.5, 13.254586740016286)",0.7040617874082327,761.2596435546875,-0.2493643677445958,0.4940608914074266,249.91059999956636
10,7,15,"(187.5, 462.5, 18.15511649450833)",0.2298200892244595,797.8285522460938,-0.2083108930117498,0.1423138528891336,247.0610000018496
10,8,0,"(12.5, 437.5, 3.099809189999389)",0.6094606867127608,548.8858642578125,-0.2417082373924757,2.4158412913308607,246.4652999988175
10,8,3,"(62.5, 437.5, 5.075028620853257)",0.4785658867278662,737.2598266601562,-0.2173242355206294,1.5518790012884809,245.35370000012333
10,8,6,"(112.5, 437.5, 8.264048786739911)",0.4447800788939273,747.576904296875,-0.2014929360254013,0.9075378377695686,244.77489999844693
10,8,9,"(162.5, 437.5, 13.254586740016286)",0.5692095785906808,763.7312622070312,-0.2400286320066456,0.4055459330995751,254.03860000005807
10,8,12,"(187.5, 462.5, 18.15511649450833)",0.2374866967552243,797.19873046875,-0.2082716843711315,0.1412274899832892,244.16249999922
10,9,0,"(12.5, 437.5, 3.099809189999389)",0.6024770538732264,548.8411254882812,-0.2417082373924756,2.415841325664123,247.7930000022752
10,9,3,"(62.5, 437.5, 5.075028620853257)",0.4833720283570381,737.408935546875,-0.2173242355206295,1.55187894273504,247.62449999980163
10,9,6,"(112.5, 437.5, 8.264048786739911)",0.4370584820618958,747.10693359375,-0.2014929360254013,0.9075378602738317,246.76239999826063
10,9,9,"(162.5, 437.5, 13.254586740016286)",0.5760528688693646,763.9299926757812,-0.2400286320066456,0.4055459565847174,254.8028999990493
10,9,12,"(187.5, 462.5, 18.15511649450833)",0.2400201128213547,797.2752685546875,-0.2082716843711315,0.1412274095186593,250.6734000016877
10,0,0,"(112.5, 212.5, 1.7023465120987893)",0.3723464112228402,737.0092163085938,-0.2203770306516053,2.5985255839695367,244.0385999980208
10,0,3,"(112.5, 262.5, 2.645266895480795)",0.348766173637666,737.3051147460938,-0.2142923793122652,2.359431678552071,246.95019999853685
10,0,6,"(112.5, 312.5, 3.997603125569143)",0.4627294392114761,738.5245361328125,-0.2163289193293321,1.909605688317991,246.8531999984407
10,0,9,"(112.5, 362.5, 5.753213768936505)",0.4406946716322634,742.2600708007812,-0.2057930803628662,1.3339458655928706,250.2301999993506
10,0,12,"(112.5, 412.5, 7.580708003809701)",0.5264107260205632,750.3703002929688,-0.2261812034281855,0.7145855447452343,245.7274000007601
10,0,15,"(137.5, 437.5, 10.499382396270086)",0.7464392902821021,748.4443359375,-0.2435031576420163,0.8038981611383186,245.88799999764888
10,0,18,"(162.5, 462.5, 14.173358874352427)",0.6521103534149228,764.0331420898438,-0.2578916166276686,0.5703662776152986,249.01520000275923
10,1,0,"(112.5, 212.5, 1.7023465120987893)",0.3730758452413473,737.0047607421875,-0.2203770306516053,2.598525565635838,251.04799999826355
10,1,3,"(112.5, 262.5, 2.645266895480795)",0.3509137826757241,737.2613525390625,-0.2142923793122652,2.359431694138995,249.0857999982836
10,1,6,"(112.5, 312.5, 3.997603125569143)",0.4603779863261694,738.58154296875,-0.2163289193293322,1.90960568081993,245.54589999752352
10,1,9,"(112.5, 362.5, 5.753213768936505)",0.4267535605063515,742.1644897460938,-0.2057930803628661,1.3339458171730565,248.30939999810653
10,1,12,"(112.5, 412.5, 7.580708003809701)",0.525017279319074,750.3294067382812,-0.2261812034281855,0.714585580212776,246.9525999986217
10,1,15,"(137.5, 437.5, 10.499382396270086)",0.6162889258213373,752.0263671875,-0.2135033413844536,0.6891306948574154,243.4075999990455
10,1,18,"(162.5, 462.5, 14.173358874352427)",0.6536074625874566,764.6168212890625,-0.2560661013955956,0.5675088169917573,248.36769999819808
10,2,0,"(112.5, 212.5, 1.7023465120987893)",0.3724170310957807,736.9769287109375,-0.2203770306516053,2.598525581541777,250.8309000004374
10,2,3,"(112.5, 262.5, 2.645266895480795)",0.3445964483427369,737.263916015625,-0.2142923793122652,2.3594316973309324,245.40110000089044
10,2,6,"(112.5, 312.5, 3.997603125569143)",0.4683828375454709,738.5540161132812,-0.2163289193293321,1.9096056839355031,248.80499999926545
10,2,9,"(112.5, 362.5, 5.753213768936505)",0.4353437843789914,742.2453002929688,-0.2057930803628662,1.3339458588911135,250.66220000007888
10,2,12,"(112.5, 412.5, 7.580708003809701)",0.5295577854409331,750.1218872070312,-0.2261812034281855,0.7145855388615794,247.11170000227867
10,2,15,"(137.5, 437.5, 10.499382396270086)",0.6141579972350795,751.6839599609375,-0.2135033413844536,0.6891307042596131,248.45730000015465
10,2,18,"(162.5, 462.5, 14.173358874352427)",0.6559631400341294,763.50732421875,-0.2560661013955956,0.5675088073326674,248.2515000010608
10,3,0,"(112.5, 212.5, 1.7023465120987893)",0.3721293688073513,736.9976806640625,-0.2203770306516053,2.598525579408328,247.0575999977882
10,3,3,"(137.5, 237.5, 2.3703523149193924)",0.2999954471230926,737.3156127929688,-0.2092222633214552,2.387775023651622,245.25079999875743
10,3,6,"(137.5, 287.5, 3.720264207629609)",0.4556677342158486,738.163818359375,-0.2173855340968907,2.1243424021135997,245.53910000031465
10,3,9,"(137.5, 337.5, 5.675677129206918)",0.5828461973361985,740.422607421875,-0.2157191949754714,1.522231544978083,249.34110000322107
10,3,12,"(137.5, 387.5, 8.184609533832969)",0.6957612797748368,742.9964599609375,-0.2243938482406356,1.1629078126291954,246.00769999960903
10,3,15,"(112.5, 412.5, 7.580708003809701)",0.6251582396989778,743.343017578125,-0.2237617767853811,1.092318504319657,250.6773000022804
10,3,18,"(137.5, 437.5, 10.499382396270086)",0.7524116449025781,748.5011596679688,-0.2436164465597297,0.8038822728183158,246.9956999993883
10,3,21,"(162.5, 462.5, 14.173358874352427)",0.6481884454504665,763.9628295898438,-0.2579037371247953,0.570384974811397,245.27089999901364
10,4,0,"(112.5, 212.5, 1.7023465120987893)",0.3747608792296665,736.9461059570312,-0.2203770306516053,2.5985255819713653,247.46500000037489
10,4,3,"(112.5, 262.5, 2.645266895480795)",0.3495966109873706,737.2667846679688,-0.2142923793122652,2.35943167314528,245.48760000106995
10,4,6,"(112.5, 312.5, 3.997603125569143)",0.4629421657633525,738.4918823242188,-0.2163289193293321,1.909605726860236,246.85409999801777
10,4,9,"(112.5, 362.5, 5.753213768936505)",0.4212533404224747,742.2533569335938,-0.2057930803628662,1.3339458336682608,246.62399999942863
10,4,12,"(112.5, 412.5, 7.580708003809701)",0.5323750252387899,750.1444091796875,-0.2261812034281854,0.7145855446111791,247.98399999781395
10,4,15,"(112.5, 462.5, 8.613227892873539)",0.6356988230183636,743.704345703125,-0.2470599863014967,0.9043633608076196,247.50300000232528
10,4,18,"(162.5, 462.5, 14.173358874352427)",0.3530443387659548,778.1416015625,-0.2010797375565037,0.2938271598742658,250.5317999966792
10,5,0,"(112.5, 212.5, 1.7023465120987893)",0.3703832579226432,736.9365234375,-0.2203770306516053,2.5985255679645567,247.399799998675
10,5,3,"(137.5, 237.5, 2.3703523149193924)",0.2959430991388068,737.3140258789062,-0.2092222633214552,2.387775059030516,245.48710000090068
10,5,6,"(137.5, 287.5, 3.720264207629609)",0.457565780990843,738.066162109375,-0.2173855340968907,2.1243424095766743,248.06299999909243
10,5,9,"(137.5, 337.5, 5.675677129206918)",0.5831921347005672,740.489501953125,-0.2157191949754714,1.522231530880265,248.72749999849475
10,5,12,"(137.5, 387.5, 8.184609533832969)",0.693678520605115,742.8416748046875,-0.2243938482406356,1.1629078770491896,247.75539999973265
10,5,15,"(112.5, 412.5, 7.580708003809701)",0.6262118515527257,743.6173706054688,-0.2237617767853811,1.09231848954371,246.51649999941583
10,5,18,"(137.5, 437.5, 10.499382396270086)",0.7442760096384854,748.9572143554688,-0.2436164465597297,0.8038822845876565,245.95849999968777
10,5,21,"(162.5, 462.5, 14.173358874352427)",0.6579937917663741,764.7709350585938,-0.2579037371247952,0.5703849766170844,247.5123000003805
10,6,0,"(112.5, 212.5, 1.7023465120987893)",0.3693077282734237,736.9921875,-0.2203770306516053,2.5985255644522858,246.52529999730177
10,6,3,"(162.5, 212.5, 2.0359929489759456)",0.2607520448532527,737.2341918945312,-0.2064537228772003,2.401508213657989,252.61150000005728
10,6,6,"(187.5, 187.5, 1.6876002167496233)",0.2043492517644402,737.1981811523438,-0.2036826058985918,2.363830690866084,249.9537999974564
10,6,9,"(237.5, 187.5, 1.761548008038559)",0.2284963611650097,737.1585083007812,-0.2057655088590152,2.3175536192217323,245.13070000102744
10,6,12,"(287.5, 187.5, 1.6846716355053617)",0.2028355670594011,737.1392822265625,-0.2035058538181087,2.306913841571577,245.57460000141876
10,6,15,"(312.5, 212.5, 2.0303276744152)",0.2247895905243391,737.2002563476562,-0.2056186440899117,2.349219679930341,250.129799998831
10,6,18,"(312.5, 262.5, 3.266470567666104)",0.3581845319742707,737.5828247070312,-0.2114803210103683,2.2873981256441533,248.83609999960757
10,6,21,"(312.5, 312.5, 5.183930710700896)",0.4983682746898064,739.4066162109375,-0.2107356213251219,1.890857008166792,246.36480000117444
10,6,24,"(312.5, 362.5, 7.999359988870806)",0.665280286057344,744.0059204101562,-0.2116624466916201,1.331712876916221,248.5850000011851
10,6,27,"(312.5, 412.5, 11.543004562335339)",0.8112919651273988,754.1567993164062,-0.2434882068471059,0.7407916855105054,245.61570000150823
10,6,30,"(262.5, 412.5, 15.847883528411389)",0.9335380844542496,760.5589599609375,-0.2768320208090242,0.7319642087989238,247.2778999981529
10,7,0,"(112.5, 212.5, 1.7023465120987893)",0.3707546969971968,737.0017700195312,-0.2203770306516053,2.5985255653147363,246.10949999987497
10,7,3,"(112.5, 262.5, 2.645266895480795)",0.3499114627827818,737.2753295898438,-0.2142923793122652,2.359431668223747,246.67179999960356
10,7,6,"(112.5, 312.5, 3.997603125569143)",0.4599370794061557,738.5158081054688,-0.2163289193293322,1.909605739715735,243.11179999858723
10,7,9,"(112.5, 362.5, 5.753213768936505)",0.4279833482670939,742.2550659179688,-0.2057930803628662,1.3339458615137392,251.58830000145824
10,7,12,"(112.5, 412.5, 7.580708003809701)",0.5312401685616378,750.138427734375,-0.2261812034281854,0.7145855563301732,250.68299999838928
10,7,15,"(137.5, 437.5, 10.499382396270086)",0.6124324355193215,752.4327392578125,-0.2135033413844537,0.6891307631837076,249.26930000219727
10,7,18,"(162.5, 462.5, 14.173358874352427)",0.6510318602633471,765.5906982421875,-0.2560661013955956,0.5675088372774407,248.90180000147663
10,7,21,"(187.5, 487.5, 17.803971808826255)",0.5802806160208799,609.8814697265625,-0.5125694478912388,0.3328976470157405,247.09810000058496
10,8,0,"(112.5, 212.5, 1.7023465120987893)",0.3751750299058366,736.8992309570312,-0.2203770306516054,2.5985255268344885,244.37119999856804
10,8,3,"(162.5, 212.5, 2.0359929489759456)",0.257332181267063,737.2598266601562,-0.2064537228772003,2.401508191543157,248.5962999999174
10,8,6,"(212.5, 212.5, 2.2358312589572185)",0.2662893514969646,737.2858276367188,-0.2056956180312254,2.373734747045174,247.19159999949625
10,8,9,"(262.5, 212.5, 2.2336800277132602)",0.2858639954047918,737.1597290039062,-0.2067966168828473,2.386459243109865,247.92360000355984
10,8,12,"(312.5, 212.5, 2.0303276744152)",0.2400341026816963,737.17529296875,-0.2054612309177869,2.357196118029392,249.0933999979461
10,8,15,"(312.5, 262.5, 3.266470567666104)",0.3577022586630291,737.6183471679688,-0.2115695723287309,2.2912065996372624,247.53050000072108
10,8,18,"(312.5, 312.5, 5.183930710700896)",0.4979043013095641,739.3475341796875,-0.2107342476069819,1.890874918781679,245.10879999797908
10,8,21,"(312.5, 362.5, 7.999359988870806)",0.6660177557564643,743.9417724609375,-0.2116624391421122,1.3317125568899295,244.943500001682
10,8,24,"(312.5, 412.5, 11.543004562335339)",0.8055400480819512,753.81396484375,-0.2434882068471059,0.7407917337189914,249.69480000072508
10,8,27,"(262.5, 412.5, 15.847883528411389)",0.9387391468711336,760.1950073242188,-0.2768320208090242,0.7319641911928754,246.48009999873463
10,9,0,"(112.5, 212.5, 1.7023465120987893)",0.373290367613832,737.038818359375,-0.2203770306516053,2.5985255424899774,249.4799000014609
10,9,3,"(112.5, 262.5, 2.645266895480795)",0.3493870753856417,737.2664184570312,-0.2142923793122652,2.3594316942312363,247.8124000008393
10,9,6,"(112.5, 312.5, 3.997603125569143)",0.4595444745037781,738.5284423828125,-0.2163289193293321,1.9096057503666777,247.7517000006628
10,9,9,"(112.5, 362.5, 5.753213768936505)",0.4299521472612541,742.2491455078125,-0.2057930803628662,1.3339458519825529,248.63330000152928
10,9,12,"(112.5, 412.5, 7.580708003809701)",0.5280157674810498,750.2445678710938,-0.2261812034281855,0.7145855821618037,247.2005999989051
10,9,15,"(137.5, 437.5, 10.499382396270086)",0.746609597055229,748.2642211914062,-0.2435031576420163,0.8038981137776992,247.181399998226
10,9,18,"(162.5, 462.5, 14.173358874352427)",0.6534594715779646,764.8016357421875,-0.2578916166276685,0.5703662699272224,245.79239999729907
10,0,0,"(12.5, 12.5, 0.18196833376614466)",0.1158362791225402,362.0548095703125,-0.203576613454967,2.8091497884061143,247.77019999964975
10,0,3,"(37.5, 37.5, 0.2538960140809293)",0.0596973530223266,729.2124633789062,-0.1989165731240483,2.6952663194794773,250.17579999985173
10,0,6,"(62.5, 62.5, 0.35313588701570037)",0.0681446770495359,733.5733642578125,-0.1991078963586144,2.632295119921789,250.74229999881936
10,0,9,"(62.5, 112.5, 0.556583440432868)",0.0822752393240133,735.0287475585938,-0.1992986133729476,2.583680709762433,250.19659999816213
10,0,12,"(87.5, 137.5, 0.7760333427861217)",0.1095667397734516,736.2525634765625,-0.2006667247579223,2.5376811100712917,251.7251999997825
10,0,15,"(137.5, 137.5, 0.9239767104626037)",0.1214944429142579,736.8512573242188,-0.2011649999283397,2.458591879310832,250.3465999980108
10,0,18,"(187.5, 137.5, 1.0301064259405408)",0.1371112320595427,736.992431640625,-0.2023149908138186,2.372502139340588,251.2678000020969
10,0,21,"(237.5, 137.5, 1.0684335817122816)",0.1519119018273923,737.0613403320312,-0.2019823114549632,2.27897046923867,251.3083999983792
10,0,24,"(287.5, 137.5, 1.0285802416027139)",0.129344374899668,737.0098876953125,-0.2007481798379308,2.2709864758824683,250.0903000000108
10,0,27,"(287.5, 187.5, 1.6846716355053617)",0.1953555443723359,737.19677734375,-0.2033096038291764,2.308764398548964,250.69020000228195
10,0,30,"(287.5, 237.5, 2.751681670936008)",0.3075447924213202,737.3311767578125,-0.2099928248719064,2.3663956783136704,253.7938000023132
10,0,33,"(287.5, 287.5, 4.472629217733303)",0.4264260136948934,738.4078979492188,-0.2104740842825681,2.108317463477182,250.8839000001899
10,0,36,"(287.5, 337.5, 7.198514700667702)",0.5313744634336838,743.0734252929688,-0.2044869935797613,1.4737576983953191,251.1785000024247
10,0,39,"(312.5, 362.5, 7.999359988870806)",0.722938196250378,742.2197265625,-0.2165106414993683,1.4762844093184042,252.13020000228423
10,0,42,"(312.5, 412.5, 11.543004562335339)",0.8162439778283576,753.7660522460938,-0.2435545313558594,0.7411097935139461,250.800400001026
10,0,45,"(262.5, 412.5, 15.847883528411389)",0.932770449250041,759.6991577148438,-0.2768307656197535,0.731962570714775,248.4891999993124
10,1,0,"(12.5, 12.5, 0.18196833376614466)",0.1154771772950902,362.0515747070313,-0.203576613454967,2.8091497482607606,249.8137000002316
10,1,3,"(37.5, 37.5, 0.2538960140809293)",0.0598677410324553,729.197998046875,-0.1988675631303984,2.69453429832125,250.14899999951007
10,1,6,"(37.5, 87.5, 0.39785095890575445)",0.0692127634816988,732.4332275390625,-0.1986996824374626,2.639652863284184,253.20320000173524
10,1,9,"(87.5, 87.5, 0.48924148841142295)",0.082215928348542,735.6917724609375,-0.1996948875068719,2.5735066444870567,252.18339999992168
10,1,12,"(137.5, 87.5, 0.5707647585841463)",0.0921191138314485,736.2596435546875,-0.2006693665906638,2.498056082721261,248.6404000010225
10,1,15,"(187.5, 87.5, 0.6277479464004823)",0.1042891856208533,736.3538818359375,-0.2011483486395912,2.416226238674521,250.2252000012959
10,1,18,"(212.5, 112.5, 0.8251710721949009)",0.1243199490717133,736.8275756835938,-0.2011527360502897,2.3427083028160243,249.3192000001727
10,1,21,"(212.5, 162.5, 1.3586399298398657)",0.1685379875033031,737.1288452148438,-0.2031754151762987,2.3117426015189606,247.8482000005897
10,1,24,"(262.5, 162.5, 1.3575429670008718)",0.1800793114139533,737.125,-0.2032837576732245,2.2592926650667007,251.44499999805703
10,1,27,"(262.5, 212.5, 2.2336800277132602)",0.2514916828198159,737.2427368164062,-0.2054004421371593,2.3475748382474064,251.00279999969644
10,1,30,"(287.5, 237.5, 2.751681670936008)",0.3285209710190782,737.1708984375,-0.208687340544542,2.4311220033772605,250.55730000167387
10,1,33,"(312.5, 212.5, 2.0303276744152)",0.2551678573851672,737.2085571289062,-0.2049878887133955,2.369547044756348,252.5433000009798
10,1,36,"(287.5, 187.5, 1.6846716355053617)",0.2015084867873565,737.192138671875,-0.2031760384479927,2.3249883218325267,250.68110000211163
10,1,39,"(237.5, 187.5, 1.761548008038559)",0.2316380020168708,737.1728515625,-0.2052690247924025,2.303682494979168,250.55319999955827
10,1,42,"(187.5, 187.5, 1.6876002167496233)",0.1848864784569756,737.1250610351562,-0.2029149584843472,2.332160025631845,254.10829999964332
10,1,45,"(187.5, 237.5, 2.7574493337721258)",0.2997796939891184,737.422119140625,-0.2091969516338085,2.334762019092563,251.8262000012328
10,1,48,"(187.5, 287.5, 4.484402965683246)",0.4212658007608117,738.804931640625,-0.2070932592277238,2.027897053056303,254.61690000156523
10,1,51,"(162.5, 312.5, 5.206150757863988)",0.5518784336141884,738.7150268554688,-0.2121162864586827,1.9324964172940864,254.476899997826
10,1,54,"(162.5, 362.5, 8.044975170611863)",0.6601130680535767,744.0245971679688,-0.2110865551555046,1.323970571856265,251.53389999832143
10,1,57,"(162.5, 412.5, 11.634380720059667)",0.7361067076178305,756.452392578125,-0.2326533000424498,0.683558831286767,252.4889000014809
10,1,60,"(137.5, 437.5, 10.499382396270086)",0.7473729005078481,749.7415161132812,-0.2530411610115528,0.8275723636938556,254.14509999973237
10,1,63,"(162.5, 462.5, 14.173358874352427)",0.6609892924206185,763.7174682617188,-0.2599394609909024,0.5751218375812113,254.1344000019308
10,2,0,"(12.5, 12.5, 0.18196833376614466)",0.1147123037813409,362.0665283203125,-0.203576613454967,2.80914975216686,256.239899998036
10,2,3,"(37.5, 37.5, 0.2538960140809293)",0.0623229601634795,729.2115478515625,-0.1989165731240483,2.6952663353228417,247.84740000177408
10,2,6,"(87.5, 37.5, 0.305944805296555)",0.0652270930655967,732.4364013671875,-0.1994228233871183,2.626670976679657,254.7598999990441
10,2,9,"(112.5, 62.5, 0.419239905687106)",0.0760234374165072,735.0355834960938,-0.1998919235379869,2.5624021880202856,253.31200000073292
10,2,12,"(137.5, 87.5, 0.5707647585841463)",0.0925729278054277,736.24560546875,-0.2006070056813479,2.498156521366887,251.26920000184327
10,2,15,"(187.5, 87.5, 0.6277479464004823)",0.1048546216684901,736.3635864257812,-0.2011496054867284,2.416286223934551,265.6652000005124
10,2,18,"(237.5, 87.5, 0.6480380418535714)",0.1008365163828028,736.364013671875,-0.1997162799866986,2.3412476666015136,253.8459999996121
10,2,21,"(237.5, 137.5, 1.0684335817122816)",0.1505955826517361,737.0429077148438,-0.2016935785424267,2.28032321358246,252.57760000022245
10,2,24,"(237.5, 187.5, 1.761548008038559)",0.2195608597009835,737.2211303710938,-0.2048428078925893,2.300966325246393,251.62809999892488
10,2,27,"(212.5, 212.5, 2.2358312589572185)",0.2566922888790038,737.1802368164062,-0.2054060725050981,2.365932199860545,250.75769999966724
10,2,30,"(212.5, 262.5, 3.676099404721225)",0.3839524034957178,737.743896484375,-0.2113232887112807,2.291661405867627,249.67710000055376
10,2,33,"(212.5, 312.5, 6.0337808765239185)",0.4847871328458628,740.4361572265625,-0.2109700118366263,1.7369908600552144,253.39619999795104
10,2,36,"(187.5, 337.5, 7.2238068944948735)",0.5905531475632946,742.5257568359375,-0.2055185285688317,1.4755194772995694,252.63690000065253
10,2,39,"(187.5, 387.5, 11.364582883745452)",0.6562988558452914,754.1593627929688,-0.2094532155298359,0.9211158863877223,251.73550000181424
10,2,42,"(237.5, 387.5, 13.016039592385813)",0.5698117056447016,760.2529907226562,-0.2202097398268559,0.4595812240645263,251.4826999977231
10,2,45,"(262.5, 362.5, 9.841761282285685)",0.3787794058520518,755.3892822265625,-0.2078210872323451,0.7836529989737094,252.08710000151768
10,2,48,"(212.5, 362.5, 9.863883753989105)",0.6451538424942905,749.7254028320312,-0.2037632549735729,0.9186564089903329,249.59540000054403
10,2,51,"(212.5, 412.5, 15.910281935579775)",0.4693394814534975,766.4566650390625,-0.1971271428123251,0.4070062086228818,251.345599997876
10,3,0,"(12.5, 12.5, 0.18196833376614466)",0.1172676812404671,362.0499877929688,-0.203576613454967,2.809149796760085,251.30640000134008
10,3,3,"(37.5, 37.5, 0.2538960140809293)",0.0590185571803362,729.2020263671875,-0.1988675631303984,2.6945342694400463,249.2485000002489
10,3,6,"(62.5, 62.5, 0.35313588701570037)",0.0668017215030713,733.5603637695312,-0.1991069928760325,2.632283500348143,252.9015000000072
10,3,9,"(112.5, 62.5, 0.419239905687106)",0.0749715375370408,735.02197265625,-0.2000043808959397,2.563074015458821,252.83549999949173
10,3,12,"(162.5, 62.5, 0.47180880263826486)",0.086843065500618,735.25634765625,-0.2006588612928989,2.488928952027325,248.2741999992868
10,3,15,"(162.5, 112.5, 0.7707480035341532)",0.1096107811526588,736.752685546875,-0.2009758976560251,2.427720671225554,250.32649999775455
10,3,18,"(212.5, 112.5, 0.8251710721949009)",0.1243097105684608,736.839111328125,-0.2014993505179141,2.343850249139559,251.68789999952423
10,3,21,"(262.5, 112.5, 0.8245972333394317)",0.1121552926978119,736.7782592773438,-0.1998608605814232,2.283318155942436,249.49370000103957
10,3,24,"(262.5, 162.5, 1.3575429670008718)",0.1768308151692485,737.1475219726562,-0.2032864854388427,2.2692761422236765,249.0724000017508
10,3,27,"(262.5, 212.5, 2.2336800277132602)",0.2496595092635735,737.2271728515625,-0.205403836953176,2.347025643452798,250.70119999872983
10,3,30,"(262.5, 262.5, 3.67172557574007)",0.3795267456184571,737.6552124023438,-0.2133211186944825,2.3358785456014988,252.25529999806892
10,3,33,"(262.5, 312.5, 6.024387455566984)",0.4860068385102014,740.5419921875,-0.2108707073739882,1.7402298802469467,252.70620000083
10,3,36,"(312.5, 312.5, 5.183930710700896)",0.5350582890187462,738.6627807617188,-0.2145415552312282,1.950321223751884,250.33339999936288
10,3,39,"(312.5, 362.5, 7.999359988870806)",0.6680103128837387,744.1931762695312,-0.2118164225261752,1.331970760607001,249.2966999998316
10,3,42,"(312.5, 412.5, 11.543004562335339)",0.8140835474369409,753.822021484375,-0.2434914803372987,0.7408073425128238,253.24239999827117
10,3,45,"(262.5, 412.5, 15.847883528411389)",0.9339368975508152,760.7244873046875,-0.2768319298617163,0.7319640317289098,251.2440999998944
10,4,0,"(12.5, 12.5, 0.18196833376614466)",0.1173466030134858,362.0561828613281,-0.203576613454967,2.8091497642427465,251.05819999953383
10,4,3,"(37.5, 37.5, 0.2538960140809293)",0.057793911849773,729.2078857421875,-0.1988675631303984,2.694534264494542,250.9117999979935
10,4,6,"(87.5, 37.5, 0.305944805296555)",0.0637892951785612,732.42822265625,-0.1994228187835401,2.6266810257638715,249.1380000028585
10,4,9,"(137.5, 37.5, 0.35115528165535553)",0.0749059499071111,733.0185546875,-0.2001584394747726,2.559951443444226,251.55110000196143
10,4,12,"(162.5, 62.5, 0.47180880263826486)",0.0852630647228529,735.2527465820312,-0.2006375870492486,2.489940958450109,249.7900999987905
10,4,15,"(187.5, 87.5, 0.6277479464004823)",0.103684905179614,736.3502807617188,-0.200935913004132,2.4162970696678028,251.26109999837357
10,4,18,"(187.5, 137.5, 1.0301064259405408)",0.1331304667396159,736.9468383789062,-0.2018022825172598,2.3641608132663325,250.2371999980824
10,4,21,"(212.5, 162.5, 1.3586399298398657)",0.1760876599620696,737.0910034179688,-0.2036000585410916,2.32390886317886,250.1431999990018
10,4,24,"(262.5, 162.5, 1.3575429670008718)",0.1801612624156313,737.1561279296875,-0.2032864507981875,2.2587415888744764,253.38689999989583
10,4,27,"(287.5, 187.5, 1.6846716355053617)",0.1901412332335502,737.2062377929688,-0.2032133966548416,2.307649289863495,248.37010000192092
10,4,30,"(287.5, 237.5, 2.751681670936008)",0.3039735978424046,737.325927734375,-0.2099881938486364,2.366628712417953,252.15570000000295
10,4,33,"(287.5, 287.5, 4.472629217733303)",0.4256505947786511,738.4821166992188,-0.2104736833458327,2.1083184304469875,248.742100000527
10,4,36,"(287.5, 337.5, 7.198514700667702)",0.5294432805478987,743.3701171875,-0.2044869815245957,1.4737576607248537,250.94589999935124
10,4,39,"(287.5, 387.5, 11.306348749090457)",0.671419303366203,754.0086059570312,-0.2114854079634277,0.9339469406297122,250.75659999856725
10,4,42,"(312.5, 412.5, 11.543004562335339)",0.931336975984961,746.0782470703125,-0.2568967655873214,0.8573475226681971,249.5106000023952
10,4,45,"(262.5, 412.5, 15.847883528411389)",0.9381583622427266,760.4916381835938,-0.2766723094121918,0.7318016458145497,250.98110000180893
10,5,0,"(12.5, 12.5, 0.18196833376614466)",0.1140528436140933,362.0514221191406,-0.203576613454967,2.8091497442756417,250.0655999974697
10,5,3,"(37.5, 37.5, 0.2538960140809293)",0.0612620604391202,729.2160034179688,-0.1989165731240483,2.695266365199949,250.4907000002277
10,5,6,"(62.5, 62.5, 0.35313588701570037)",0.0691811377119036,733.5712890625,-0.1991078963586144,2.632295129941568,247.32979999680535
10,5,9,"(112.5, 62.5, 0.419239905687106)",0.0763828875965596,735.0316162109375,-0.2000043908591391,2.56307393766171,255.0454999982321
10,5,12,"(112.5, 112.5, 0.6744671801974309)",0.0941530727069669,736.5252685546875,-0.1999652733274619,2.5080889158192265,247.60959999912305
10,5,15,"(112.5, 162.5, 1.0772911766684767)",0.1320284358926783,736.774169921875,-0.2020350650251131,2.4780040714241767,252.04590000066676
10,5,18,"(112.5, 212.5, 1.7023465120987893)",0.218592687985635,736.9349365234375,-0.2087273123302093,2.4442468219216784,248.28770000021905
10,5,21,"(112.5, 262.5, 2.645266895480795)",0.3432988083504059,737.3901977539062,-0.2145811780619227,2.325760065187527,249.648500001058
10,5,24,"(112.5, 312.5, 3.997603125569143)",0.4597656115120496,738.4749755859375,-0.2162603804375581,1.908164429918586,252.6227000016661
10,5,27,"(112.5, 362.5, 5.753213768936505)",0.4313667820104575,742.2160034179688,-0.2057923536106914,1.3339238330699676,252.38009999884525
10,5,30,"(112.5, 412.5, 7.580708003809701)",0.5256378724977329,750.1788330078125,-0.2261811968221697,0.714585520566918,249.99080000270624
10,5,33,"(137.5, 437.5, 10.499382396270086)",0.7466988907270834,748.5520629882812,-0.2435031585243146,0.8038980932028037,251.23760000133188
10,5,36,"(162.5, 462.5, 14.173358874352427)",0.6576660412426658,764.3405151367188,-0.2578916166276686,0.5703662430733162,253.44879999829573
10,6,0,"(12.5, 12.5, 0.18196833376614466)",0.1140545341477389,362.0526428222656,-0.203576613454967,2.8091498090772458,247.4354000005405
10,6,3,"(37.5, 37.5, 0.2538960140809293)",0.0595924894132326,729.208251953125,-0.1988675631303984,2.694534286176221,250.73990000237245
10,6,6,"(37.5, 87.5, 0.39785095890575445)",0.0693650551954325,732.4443359375,-0.1986996824374626,2.6396528523078264,250.29829999766665
10,6,9,"(62.5, 112.5, 0.556583440432868)",0.0848441583821203,735.0496826171875,-0.1995555284202337,2.5893826913977103,252.96010000238311
10,6,12,"(62.5, 162.5, 0.8666422036722684)",0.1186327869395464,735.2581176757812,-0.2016914923302262,2.556361078645384,251.49669999882465
10,6,15,"(112.5, 162.5, 1.0772911766684767)",0.1450720420404627,736.796630859375,-0.2024698435646316,2.4906563525437564,249.71809999988184
10,6,18,"(162.5, 162.5, 1.2554782219517804)",0.1537807771219742,737.0565795898438,-0.2023170562937405,2.408062912267462,250.7332999994105
10,6,21,"(212.5, 162.5, 1.3586399298398657)",0.1766623767553395,737.0938720703125,-0.2038488991262783,2.3232217420339407,247.65730000217445
10,6,24,"(262.5, 162.5, 1.3575429670008718)",0.1806276842902355,737.1185913085938,-0.2032861104847406,2.2584727489639085,251.06800000139629
10,6,27,"(287.5, 187.5, 1.6846716355053617)",0.1912436234588715,737.1658935546875,-0.2032136228472331,2.307650045476577,251.56669999705628
10,6,30,"(287.5, 237.5, 2.751681670936008)",0.3040425557193311,737.296630859375,-0.2099881975922882,2.36662873479813,251.18550000115647
10,6,33,"(287.5, 287.5, 4.472629217733303)",0.4232443356834103,738.5,-0.2104736836932985,2.1083184493723075,248.1907000001229
10,6,36,"(287.5, 337.5, 7.198514700667702)",0.5331313511461652,743.3817138671875,-0.2044869815245957,1.4737576393980196,250.91919999977108
10,6,39,"(312.5, 362.5, 7.999359988870806)",0.7241875261460907,742.2217407226562,-0.2165106452193293,1.4762844367719594,254.13800000023912
10,6,42,"(312.5, 412.5, 11.543004562335339)",0.810274403736726,753.938232421875,-0.2435545290885675,0.7411097826974982,248.3663999992132
10,6,45,"(262.5, 412.5, 15.847883528411389)",0.9322183876697728,760.7584228515625,-0.2768307594012343,0.7319625127299504,249.8190999976941
10,7,0,"(12.5, 12.5, 0.18196833376614466)",0.1121793995669075,362.04345703125,-0.203576613454967,2.80914971934844,248.57380000321427
10,7,3,"(12.5, 62.5, 0.28363914902845005)",0.0660930943357955,547.7855224609375,-0.1985617010512775,2.700637576672919,252.7730999972846
10,7,6,"(37.5, 87.5, 0.39785095890575445)",0.0686300813404907,732.4422607421875,-0.1987514529201434,2.6410297706438293,250.68459999965853
10,7,9,"(87.5, 87.5, 0.48924148841142295)",0.0799894896371617,735.6881103515625,-0.1996955396913982,2.5735118006314157,253.39320000057344
10,7,12,"(87.5, 137.5, 0.7760333427861217)",0.106994820910608,736.280029296875,-0.2003481814571382,2.5296712271939805,248.51359999956912
10,7,15,"(87.5, 187.5, 1.2167243398877836)",0.1596324915623909,736.3883056640625,-0.2050105329788388,2.5080144417438244,251.00369999927352
10,7,18,"(87.5, 237.5, 1.8749993990357805)",0.2655196890152044,736.5963134765625,-0.2134729088994571,2.448886344038976,251.14340000072843
10,7,21,"(87.5, 287.5, 2.8131085484191836)",0.3373341517428382,737.0523071289062,-0.2151922387176538,2.251117396688884,251.5676000002713
10,7,24,"(87.5, 337.5, 4.042605949689198)",0.4063409758989043,738.5416870117188,-0.2130380725786125,1.8146886469298196,249.91120000049705
10,7,27,"(137.5, 337.5, 5.675677129206918)",0.530152868240536,739.8629150390625,-0.2085339145463704,1.6706014234094697,253.3220999976038
10,7,30,"(137.5, 387.5, 8.184609533832969)",0.6845584714530908,743.0827026367188,-0.2242029011152747,1.159656821821601,247.511300000042
10,7,33,"(112.5, 412.5, 7.580708003809701)",0.6250799773615433,743.5093994140625,-0.2237631009134456,1.0923331863130394,252.31050000002145
10,7,36,"(137.5, 437.5, 10.499382396270086)",0.7522543865901368,748.599853515625,-0.2436164468128812,0.8038819293842365,255.09629999942263
10,7,39,"(162.5, 462.5, 14.173358874352427)",0.6438584102057652,764.1693725585938,-0.2579037371247952,0.5703851546578593,251.18279999878723
10,8,0,"(12.5, 12.5, 0.18196833376614466)",0.1162345959927655,362.0498046875,-0.203576613454967,2.8091497271653973,247.90950000169687
10,8,3,"(37.5, 37.5, 0.2538960140809293)",0.0595019961109033,729.2139282226562,-0.1988675631303984,2.69453426038104,251.05100000291716
10,8,6,"(62.5, 62.5, 0.35313588701570037)",0.0666579554811653,733.5733642578125,-0.1991069928760325,2.632283496544762,251.62909999926345
10,8,9,"(112.5, 62.5, 0.419239905687106)",0.0764583287760585,735.0362548828125,-0.2000043808959397,2.563074018063894,253.7497999983316
10,8,12,"(137.5, 87.5, 0.5707647585841463)",0.0913678263218822,736.2738037109375,-0.2006092969127484,2.498168024928792,255.4521999991266
10,8,15,"(187.5, 87.5, 0.6277479464004823)",0.1037387365338684,736.3596801757812,-0.2011495806396491,2.41628457780667,250.0849999996717
10,8,18,"(237.5, 87.5, 0.6480380418535714)",0.097460404218789,736.3555908203125,-0.19971627983395,2.341247655323802,251.92260000039823
10,8,21,"(237.5, 137.5, 1.0684335817122816)",0.1483513617964882,737.055419921875,-0.2016935777723666,2.2803231857577795,248.85720000020228
10,8,24,"(262.5, 162.5, 1.3575429670008718)",0.1806505582716436,737.1660766601562,-0.2031532518266092,2.26537111880968,252.6557999990473
10,8,27,"(287.5, 187.5, 1.6846716355053617)",0.1931649487150659,737.1810302734375,-0.2032124094880505,2.3079082874193766,253.0215000006137
10,8,30,"(287.5, 237.5, 2.751681670936008)",0.3060870763661855,737.2946166992188,-0.2099885892410083,2.36662806560238,252.5628000003053
10,8,33,"(287.5, 287.5, 4.472629217733303)",0.4252138987937914,738.4615478515625,-0.2104736924176949,2.108318450781127,253.635299999587
10,8,36,"(287.5, 337.5, 7.198514700667702)",0.5318312995112393,743.4175415039062,-0.204486982307735,1.4737576314403544,249.37839999984132
10,8,39,"(312.5, 362.5, 7.999359988870806)",0.7241086371907701,742.2513427734375,-0.2165106452193293,1.4762844298823343,252.70330000057584
10,8,42,"(312.5, 412.5, 11.543004562335339)",0.8091292526019305,753.4314575195312,-0.2435545290885674,0.7411098435734941,259.99510000110604
10,8,45,"(262.5, 412.5, 15.847883528411389)",0.931602808660598,761.1537475585938,-0.2768307594012344,0.7319625058548788,250.52159999904688
10,9,0,"(12.5, 12.5, 0.18196833376614466)",0.1141030761633527,362.0421142578125,-0.203576613454967,2.8091497813917883,254.78300000031595
10,9,3,"(12.5, 62.5, 0.28363914902845005)",0.0659857681562913,547.7899169921875,-0.1985617010512775,2.700637583460152,253.2700000010664
10,9,6,"(62.5, 62.5, 0.35313588701570037)",0.0686093531731332,733.560546875,-0.1991461722733294,2.632627804628447,249.1641000015079
10,9,9,"(87.5, 87.5, 0.48924148841142295)",0.0792690992632852,735.69091796875,-0.1994929718644241,2.5706603155088783,253.6997000024712
10,9,12,"(137.5, 87.5, 0.5707647585841463)",0.0920069471903271,736.2587280273438,-0.2006693159319636,2.498103082389561,250.57459999879936
10,9,15,"(187.5, 87.5, 0.6277479464004823)",0.1034546941625968,736.357666015625,-0.2011484353100995,2.4162290710373098,255.36739999733985
10,9,18,"(237.5, 87.5, 0.6480380418535714)",0.0985078192251929,736.3426513671875,-0.199716202603683,2.341245242351308,253.870000000461
10,9,21,"(237.5, 137.5, 1.0684335817122816)",0.1468606326269483,737.0301513671875,-0.2016935737994413,2.2803231375787485,249.1522000018449
10,9,24,"(237.5, 187.5, 1.761548008038559)",0.218339437578887,737.2560424804688,-0.2048428028388787,2.3009663541664587,252.3354000004474
10,9,27,"(287.5, 187.5, 1.6846716355053617)",0.2025379502576189,737.1544799804688,-0.2034801878504692,2.3078656163424363,254.18530000024475
10,9,30,"(312.5, 212.5, 2.0303276744152)",0.2233516801498018,737.1461791992188,-0.2056179009499192,2.349204532321541,248.83129999943776
10,9,33,"(312.5, 262.5, 3.266470567666104)",0.3553600382402472,737.6481323242188,-0.2114803180370064,2.287397844512528,251.2105000023439
10,9,36,"(312.5, 312.5, 5.183930710700896)",0.4997278915320885,739.3110961914062,-0.2107356196522927,1.8908569180366,250.00770000042397
10,9,39,"(312.5, 362.5, 7.999359988870806)",0.6709760931410148,744.0629272460938,-0.2116624456671705,1.3317129587582777,253.67809999806923
10,9,42,"(312.5, 412.5, 11.543004562335339)",0.8132119909631392,753.9466552734375,-0.2434882068471059,0.740791688355863,263.8265000023239
10,9,45,"(262.5, 412.5, 15.847883528411389)",0.9351384526741728,760.8272705078125,-0.2768320208090242,0.7319641808770394,251.88530000014
10,0,0,"(137.5, 362.5, 6.88289330546234)",0.7743934446965135,739.8368530273438,-0.2220526173651347,1.8996657699695776,252.9757000011159
10,0,3,"(112.5, 337.5, 4.834376816244601)",0.4277170978110095,739.7882690429688,-0.211302725356439,1.580346453972993,246.2626000015007
10,0,6,"(112.5, 287.5, 3.266470567666104)",0.3273184388270275,738.003662109375,-0.2032903754004306,1.9175992099850665,250.91539999993984
10,0,9,"(112.5, 337.5, 4.834376816244601)",0.5340112184928076,739.8499145507812,-0.2159689596922998,1.6253134130994646,252.8469999997469
10,0,12,"(112.5, 387.5, 6.700045574866817)",0.5218284322946627,743.81298828125,-0.2258655269876353,1.0771505992398256,251.35660000159987
10,0,15,"(112.5, 437.5, 8.264048786739911)",0.5013317398942205,751.3382568359375,-0.2350146014030369,0.7027916973488213,247.2025000024587
10,0,18,"(162.5, 437.5, 13.254586740016286)",0.5785795031017743,764.311279296875,-0.2403522119829167,0.4103977805283103,248.03930000052787
10,0,21,"(187.5, 462.5, 18.15511649450833)",0.2305924318664579,797.2066650390625,-0.2082727463904012,0.1412572188718304,246.11540000114476
10,1,0,"(137.5, 362.5, 6.88289330546234)",0.7800421486397461,739.6700439453125,-0.2220526173651347,1.8996658041294263,246.93560000014256
10,1,3,"(187.5, 362.5, 9.103110310900643)",0.6974019737846225,746.3058471679688,-0.2083189864950658,1.164251094962108,247.3734000013792
10,1,6,"(212.5, 387.5, 12.56601886791643)",0.5968293978724425,756.7803955078125,-0.2022332455488525,0.6886396743072273,246.9474999998056
10,1,9,"(237.5, 362.5, 10.136936791802604)",0.3532166635953058,755.7740478515625,-0.2062639442897885,0.5891813799391047,248.73180000213324
10,1,12,"(262.5, 387.5, 12.530028997518446)",0.4895362841547198,759.289306640625,-0.2084616473281683,0.6907434267870528,247.26119999832008
10,1,15,"(287.5, 412.5, 13.851283065501828)",0.8893032581532296,756.8140869140625,-0.3278467381182808,0.6121122419167792,248.8669999984268
10,1,18,"(262.5, 437.5, 19.691492564685472)",0.2864079276976927,784.86279296875,-0.2080347103821797,0.1825552115117813,249.8917000011716
10,2,0,"(137.5, 362.5, 6.88289330546234)",0.7809561925257222,739.955322265625,-0.2220526173651347,1.8996657532678909,245.47069999971427
10,2,3,"(112.5, 387.5, 6.700045574866817)",0.5653959258495062,740.390380859375,-0.2211743319204115,1.3110698934305336,252.60070000149423
10,2,6,"(137.5, 412.5, 9.458994007438445)",0.689025336975515,748.5341186523438,-0.2267517036807697,0.7658013081267208,250.97879999884756
10,2,9,"(162.5, 437.5, 13.254586740016286)",0.7052605099652308,760.8265380859375,-0.2496945590661982,0.4953684734507783,248.64290000186884
10,2,12,"(187.5, 462.5, 18.15511649450833)",0.2398878960147513,797.8959350585938,-0.2083112853489626,0.1423246596105158,255.71150000178025
10,3,0,"(137.5, 362.5, 6.88289330546234)",0.7746197354951923,739.7572021484375,-0.2220526173651348,1.899665809649912,248.58790000143927
10,3,3,"(112.5, 387.5, 6.700045574866817)",0.564568129194337,740.3073120117188,-0.2211743319204115,1.311069880588542,249.22130000049947
10,3,6,"(137.5, 412.5, 9.458994007438445)",0.6903590152090895,748.3943481445312,-0.2267517036807697,0.7658013369484737,248.4985000010056
10,3,9,"(162.5, 437.5, 13.254586740016286)",0.7049291184902953,760.9540405273438,-0.2496945590661982,0.4953684542460568,250.85160000162432
10,3,12,"(187.5, 462.5, 18.15511649450833)",0.6845767255029023,772.0851440429688,-0.3986083857684527,0.3832979811764799,360.5122000008123
10,4,0,"(137.5, 362.5, 6.88289330546234)",0.7738703514680759,739.7774047851562,-0.2220526173651348,1.899665783884153,257.1100999994087
10,4,3,"(112.5, 337.5, 4.834376816244601)",0.4299343618563849,739.8648071289062,-0.211302725356439,1.5803464341395923,249.20850000125935
10,4,6,"(112.5, 287.5, 3.266470567666104)",0.3194785123207274,738.0603637695312,-0.2032903754004306,1.9175992266470243,248.5371000002488
10,4,9,"(112.5, 337.5, 4.834376816244601)",0.5324953711596314,739.7670288085938,-0.2159689596922998,1.6253134413235035,248.92130000080212
10,4,12,"(112.5, 387.5, 6.700045574866817)",0.5232295231350405,743.7681274414062,-0.2258655269876353,1.0771506455306876,247.48619999809307
10,4,15,"(112.5, 437.5, 8.264048786739911)",0.4963829275931766,751.2656860351562,-0.2350146014030369,0.7027916769382271,250.18379999892204
10,4,18,"(162.5, 437.5, 13.254586740016286)",0.5851141227900305,763.7891235351562,-0.2403522119829167,0.4103977377002441,246.92620000132592
10,4,21,"(187.5, 462.5, 18.15511649450833)",0.237745141863909,797.1288452148438,-0.2082727463904012,0.1412572764689726,247.4201000004541
10,5,0,"(137.5, 362.5, 6.88289330546234)",0.7753178803973496,739.8928833007812,-0.2220526173651347,1.8996657737787,252.28640000204905
10,5,3,"(112.5, 337.5, 4.834376816244601)",0.4242717382234625,739.8956298828125,-0.2113027253564389,1.5803464925482809,246.4929999987362
10,5,6,"(112.5, 287.5, 3.266470567666104)",0.3281192797527314,738.0734252929688,-0.2032903754004306,1.9175992282573535,248.9659999992
10,5,9,"(112.5, 237.5, 2.1276559796850996)",0.2862736752831339,737.2130737304688,-0.2076866267413861,2.3217196410357808,249.5845000012196
10,5,12,"(137.5, 212.5, 1.8800807210840746)",0.2426040035219325,737.2086791992188,-0.2062048600254377,2.4009119711988234,247.19850000110452
10,5,15,"(187.5, 212.5, 2.1581048160551872)",0.2606665013162245,737.2520141601562,-0.2057261620876044,2.3726788468421254,247.2433999973873
10,5,18,"(237.5, 212.5, 2.261871450534782)",0.2699367810832206,737.1884765625,-0.2049759593024647,2.370340183939529,248.44319999829168
10,5,21,"(287.5, 212.5, 2.154010388857775)",0.2610984424035209,737.146240234375,-0.2050481190744956,2.363478927292176,246.3169000002381
10,5,24,"(337.5, 212.5, 1.8733097780882446)",0.2200553006003077,737.1414184570312,-0.2052696901003864,2.366027015258738,245.00020000050424
10,5,27,"(337.5, 262.5, 2.964249814698708)",0.3488114428112391,737.4669799804688,-0.2125864079683241,2.316538582212831,247.27160000111328
10,5,30,"(337.5, 312.5, 4.592532186196013)",0.542328217223214,738.8757934570312,-0.2186399386033513,1.9104099563143624,249.9743000007584
10,5,33,"(337.5, 362.5, 6.836404624384365)",0.6270983525791125,741.2819213867188,-0.2142493657522416,1.417066598492937,247.06460000015795
10,5,36,"(387.5, 362.5, 4.6920389042223976)",0.4130862701742328,739.5360107421875,-0.2072730764679667,1.549371695648461,246.0052999995241
10,5,39,"(387.5, 312.5, 3.371997408476144)",0.3681352579240601,738.1741333007812,-0.2073885690594778,1.888139090261628,247.9583000022103
10,5,42,"(387.5, 262.5, 2.2927863351327353)",0.3114673607983169,737.2685546875,-0.2089193657659133,2.307406068885121,248.7034000005224
10,5,45,"(387.5, 212.5, 1.5068207512166414)",0.2074450770722522,736.9501342773438,-0.2056080422683515,2.4181789297868006,248.5990999994101
10,5,48,"(362.5, 237.5, 2.1176379791076854)",0.2715216587967528,737.1925659179688,-0.2100351027186745,2.3924915323616034,248.09069999901112
10,5,51,"(362.5, 287.5, 3.2481324511568093)",0.4179263846240049,737.6163330078125,-0.2187942968467237,2.217797193918777,245.4031000015675
10,5,54,"(362.5, 337.5, 4.801447242030367)",0.472939305465814,738.9889526367188,-0.2128195798201181,1.6800049463848168,247.64580000191927
10,5,57,"(362.5, 387.5, 6.644563227708976)",0.6287203032700901,741.0750122070312,-0.2165986987434721,1.20582865400405,249.99319999915315
10,5,60,"(312.5, 387.5, 9.73254467824523)",0.6397896502748797,749.050048828125,-0.213645860356523,0.9708628614093808,249.8966000021028
10,5,63,"(287.5, 412.5, 13.851283065501828)",0.800493477007261,759.9005126953125,-0.241300359742177,0.629431906091063,246.61390000255776
10,5,66,"(262.5, 437.5, 19.691492564685472)",0.2845816664519457,787.3548583984375,-0.2079677282088841,0.1761721466054436,250.12019999849144
10,6,0,"(137.5, 362.5, 6.88289330546234)",0.7708796881477766,739.9324951171875,-0.2220526173651347,1.899665779693724,246.6921999985061
10,6,3,"(112.5, 387.5, 6.700045574866817)",0.5661126703740267,740.548095703125,-0.2211743319204115,1.311069847936826,248.3914000004006
10,6,6,"(137.5, 412.5, 9.458994007438445)",0.693465328529311,748.8927612304688,-0.2267517036807697,0.7658013306404832,247.49599999995556
10,6,9,"(162.5, 437.5, 13.254586740016286)",0.7077536727503403,760.3646240234375,-0.2496945590661982,0.4953685088381628,246.06599999970055
10,6,12,"(187.5, 462.5, 18.15511649450833)",0.2357755115922624,797.409912109375,-0.2083112853489626,0.1423246417348471,249.8842000022705
10,7,0,"(137.5, 362.5, 6.88289330546234)",0.7847124662410375,739.9049682617188,-0.2220526173651347,1.8996657494893936,248.96689999877708
10,7,3,"(112.5, 387.5, 6.700045574866817)",0.5636159179253971,740.5851440429688,-0.2211743319204115,1.3110699089929878,250.0127999992401
10,7,6,"(137.5, 412.5, 9.458994007438445)",0.6888344092624019,748.587890625,-0.2267517036807697,0.7658013661848292,246.97379999997796
10,7,9,"(162.5, 437.5, 13.254586740016286)",0.7023468121518375,760.7195434570312,-0.2496945590661982,0.4953684674210706,246.71930000113207
10,7,12,"(187.5, 462.5, 18.15511649450833)",0.2364694256499111,797.5942993164062,-0.2083112853489626,0.142324618621213,248.76539999968367
10,8,0,"(137.5, 362.5, 6.88289330546234)",0.7777131421686502,739.8043212890625,-0.2220526173651348,1.8996657981243343,245.99270000180692
10,8,3,"(162.5, 337.5, 6.503826249283008)",0.6187931905445023,739.726318359375,-0.212951533629593,1.725353032803456,247.34900000112248
10,8,6,"(162.5, 387.5, 9.797797492156253)",0.6556729072563925,749.2157592773438,-0.2137323485390933,0.9694581542156034,247.6886000004015
10,8,9,"(187.5, 412.5, 13.941569591049829)",0.3773405394077232,781.5359497070312,-0.2102535684035102,0.3177915189431586,247.5226999995357
10,8,12,"(212.5, 437.5, 19.809611758762614)",0.0544942167383102,853.1973876953125,-0.2015608920822292,0.0321853912230894,245.07850000009057
10,9,0,"(137.5, 362.5, 6.88289330546234)",0.7758113189825129,739.7750854492188,-0.2220526173651347,1.8996658005496516,246.38380000033067
10,9,3,"(112.5, 387.5, 6.700045574866817)",0.5659111939875325,740.5283203125,-0.2211743319204115,1.3110699426669996,247.52779999835184
10,9,6,"(137.5, 412.5, 9.458994007438445)",0.6856630576031529,748.3770141601562,-0.2267517036807697,0.7658013735978842,246.67279999994207
10,9,9,"(162.5, 437.5, 13.254586740016286)",0.7070287533611964,760.6361694335938,-0.2496945590661982,0.4953685189771731,248.88020000071265
10,9,12,"(187.5, 462.5, 18.15511649450833)",0.2432520194471706,797.1143798828125,-0.2083112853489626,0.1423247573323292,249.97110000185785
10,0,0,"(487.5, 487.5, 2.4370033062802148)",0.5250532544486779,362.4747314453125,-0.2542287601995208,2.652706815321708,247.93140000110725
10,0,3,"(462.5, 462.5, 3.1411719247664083)",0.3741260033222705,730.6663818359375,-0.2131039519597246,1.979131705078668,249.66420000055223
10,0,6,"(412.5, 462.5, 5.176557100199439)",0.4047087348069076,735.542236328125,-0.2250321528790335,1.5171875712337095,246.62810000154423
10,0,9,"(387.5, 437.5, 6.419652941837749)",0.4951299564600327,739.1961059570312,-0.2177669020426892,1.312433562249554,248.53759999678005
10,0,12,"(387.5, 387.5, 5.365977503075057)",0.3602409927852802,741.3504638671875,-0.205048831403162,1.2622381307867887,249.10409999938565
10,0,15,"(387.5, 337.5, 4.012520353342856)",0.4774823247008064,738.6383666992188,-0.21864884622796,1.6993706013252057,248.66219999967143
10,0,18,"(387.5, 287.5, 2.795360823982221)",0.3432453886678944,737.663330078125,-0.210142617150853,2.1248561684807634,248.9586000010604
10,0,21,"(387.5, 237.5, 1.86489266876442)",0.2745650547081256,737.072998046875,-0.2080388249350647,2.3761949229300203,250.0365999985661
10,0,24,"(362.5, 212.5, 1.6949517469263145)",0.2207439392976047,737.0960083007812,-0.2060895234098385,2.4117294371025237,254.1915000001609
10,0,27,"(312.5, 212.5, 2.0303276744152)",0.2406043071798982,737.232421875,-0.2052003298269554,2.366711257862772,252.1601999978884
10,0,30,"(312.5, 262.5, 3.266470567666104)",0.3517538447203285,737.6298828125,-0.211523481705254,2.2909013089586683,245.94689999867117
10,0,33,"(312.5, 312.5, 5.183930710700896)",0.4970977499698795,739.295654296875,-0.2107384503258654,1.8908663969388928,251.9547999982024
10,0,36,"(312.5, 362.5, 7.999359988870806)",0.6670978403985629,744.012939453125,-0.21166245495643,1.331713145798609,247.2586999974737
10,0,39,"(362.5, 362.5, 5.709929773131825)",0.5195912592967818,741.1642456054688,-0.2106508848969329,1.3908546481487405,247.800000001007
10,0,42,"(362.5, 312.5, 3.972924796908688)",0.3754926462817174,738.310302734375,-0.2049636453916917,1.7046726784070452,248.08860000121055
10,0,45,"(362.5, 262.5, 2.6317000424023482)",0.3155263006115474,737.491943359375,-0.2052395671977992,2.2144041165280166,249.3804000005184
10,0,48,"(362.5, 312.5, 3.972924796908688)",0.4963738572364771,738.19189453125,-0.2185023109361226,2.0039434372878038,249.45189999925788
10,0,51,"(362.5, 362.5, 5.709929773131825)",0.6220731090573444,739.6426391601562,-0.2254964478702118,1.4296961948842926,247.16569999873167
10,0,54,"(387.5, 387.5, 5.365977503075057)",0.3997797344635418,739.8577270507812,-0.203743755716684,1.5126379035764423,250.83599999925357
10,0,57,"(387.5, 337.5, 4.012520353342856)",0.477942730777081,738.5965576171875,-0.2187698658615622,1.707693890035482,247.7106999976968
10,0,60,"(387.5, 287.5, 2.795360823982221)",0.3455860694432185,737.6719970703125,-0.2101438989736919,2.1248070924624045,250.5581000004895
10,0,63,"(387.5, 237.5, 1.86489266876442)",0.2756244308973916,737.1778564453125,-0.2080388155078793,2.3761946659557838,247.87279999873132
10,0,66,"(362.5, 262.5, 2.6317000424023482)",0.3133732704671003,737.3016357421875,-0.2096073890797005,2.3537526035344487,248.152600001049
10,0,69,"(362.5, 312.5, 3.972924796908688)",0.4976881973644654,738.2286987304688,-0.2183190814191861,1.997400278521728,251.40640000245185
10,1,0,"(487.5, 487.5, 2.4370033062802148)",0.5283760652585698,362.512451171875,-0.2542287601995209,2.652706814957314,249.15909999981525
10,1,3,"(462.5, 462.5, 3.1411719247664083)",0.3755292930961011,730.528076171875,-0.2131039519597245,1.97913172157778,249.46920000002137
10,1,6,"(412.5, 462.5, 5.176557100199439)",0.4034036718655687,735.4122924804688,-0.2250321528790335,1.5171875556736076,249.3558000023768
10,1,9,"(387.5, 437.5, 6.419652941837749)",0.485897360122211,739.220703125,-0.2177669020426892,1.3124335913373,250.61460000142688
10,1,12,"(387.5, 387.5, 5.365977503075057)",0.3624871980684603,741.4886474609375,-0.205048831403162,1.2622381279227408,252.72929999846383
10,1,15,"(387.5, 337.5, 4.012520353342856)",0.4793601960132368,738.5818481445312,-0.21864884622796,1.6993706032223368,275.32179999980144
10,1,18,"(387.5, 287.5, 2.795360823982221)",0.3404675040838513,737.6533813476562,-0.210142617150853,2.1248561663772936,251.86289999692235
10,1,21,"(387.5, 237.5, 1.86489266876442)",0.2760913791697528,737.1514892578125,-0.2080388249350647,2.3761949177728594,249.14519999947515
10,1,24,"(362.5, 212.5, 1.6949517469263145)",0.2215176117793431,737.0897827148438,-0.2060895234098385,2.411729427359444,250.388299999031
10,1,27,"(362.5, 262.5, 2.6317000424023482)",0.3270461221523129,737.407958984375,-0.212273682842791,2.3343478321940165,249.29250000059253
10,1,30,"(362.5, 312.5, 3.972924796908688)",0.5000054472335597,738.2922973632812,-0.2181881937259922,1.995387199979683,250.62550000075132
10,1,33,"(362.5, 362.5, 5.709929773131825)",0.6207518691462066,739.6978759765625,-0.2254944105229254,1.4296658865190837,247.84429999999705
10,1,36,"(387.5, 387.5, 5.365977503075057)",0.3981210736702457,739.8707885742188,-0.2037437595313503,1.5126377208671518,252.1563999980572
10,1,39,"(387.5, 337.5, 4.012520353342856)",0.4793361396488727,738.54443359375,-0.2187698580200393,1.7076937949625446,251.37439999889463
10,1,42,"(387.5, 287.5, 2.795360823982221)",0.3410658484845901,737.5988159179688,-0.2101439031151957,2.124807077053392,248.72160000086296
10,1,45,"(387.5, 237.5, 1.86489266876442)",0.2776947510746016,737.1712646484375,-0.2080388262306594,2.3761946424849345,248.7227999990864
10,1,48,"(362.5, 212.5, 1.6949517469263145)",0.2229407504722093,737.1278076171875,-0.2060895180325741,2.4117294166507945,251.10769999810145
10,1,51,"(362.5, 262.5, 2.6317000424023482)",0.3293286774979313,737.4054565429688,-0.2122736786882937,2.3343478610842365,250.99609999961103
10,1,54,"(362.5, 312.5, 3.972924796908688)",0.4986851686302544,738.2847290039062,-0.2181881937259922,1.9953871724754024,252.86599999890316
10,1,57,"(362.5, 362.5, 5.709929773131825)",0.6174835512203811,739.6691284179688,-0.2254944105229254,1.4296658652364949,251.8491999981052
10,1,60,"(387.5, 387.5, 5.365977503075057)",0.4008136462018513,739.7713623046875,-0.2037437595313503,1.512637704390844,252.3540000001958
10,1,63,"(387.5, 337.5, 4.012520353342856)",0.4801248632661649,738.5071411132812,-0.2187698580200393,1.7076938067378993,250.94659999740543
10,1,66,"(387.5, 287.5, 2.795360823982221)",0.3356632805320749,737.6563720703125,-0.2101439031151957,2.1248070732519517,248.3186999997997
10,1,69,"(387.5, 237.5, 1.86489266876442)",0.2733622291210239,737.1137084960938,-0.2080388262306594,2.3761946373563467,257.9856000011205
10,2,0,"(487.5, 487.5, 2.4370033062802148)",0.5230885724962219,362.4683837890625,-0.2542287601995209,2.6527068982865365,249.06560000090397
10,2,3,"(462.5, 462.5, 3.1411719247664083)",0.3721864843913079,730.5455932617188,-0.2131039519597246,1.9791316723657733,250.37819999852215
10,2,6,"(437.5, 437.5, 3.9290738535618197)",0.3654778594838653,735.8089599609375,-0.2072403733381764,1.6778717059279198,260.7547000006889
10,2,9,"(437.5, 387.5, 3.41874755045311)",0.3176366389397982,736.7698974609375,-0.2023788883833605,1.7781587686296227,249.01110000064364
10,2,12,"(437.5, 337.5, 2.697731893066704)",0.3499074101012664,736.2460327148438,-0.2122326058542631,2.130147269282846,247.2368000017013
10,2,15,"(437.5, 287.5, 1.9802988879790537)",0.2774233799647378,735.7877197265625,-0.2068130522311262,2.371166036151732,249.68749999970896
10,2,18,"(412.5, 262.5, 1.9657998932270644)",0.289558309137478,736.7020263671875,-0.210302305514131,2.4355336639498124,255.22520000231447
10,2,21,"(387.5, 237.5, 1.86489266876442)",0.2730893403419533,737.0902099609375,-0.2088352988338006,2.4259854649876216,250.55289999727395
10,2,24,"(387.5, 287.5, 2.795360823982221)",0.3693723582915096,737.3795776367188,-0.2201861934797898,2.31012225567533,247.51340000148048
10,2,27,"(387.5, 337.5, 4.012520353342856)",0.4083667750173178,738.3983764648438,-0.2219373482977194,1.8601826768580667,250.5944000004092
10,2,30,"(362.5, 362.5, 5.709929773131825)",0.6176262967606942,738.657470703125,-0.2348271746338259,1.6397835788998405,249.14669999998296
10,2,33,"(337.5, 387.5, 8.122025837780313)",0.6562621914957559,744.9652099609375,-0.2172253608389767,1.1587113623453291,245.9902000009606
10,2,36,"(287.5, 387.5, 11.306348749090457)",0.9611303230134254,747.3504028320312,-0.2644627673355823,0.93768799938577,246.14569999903324
10,2,39,"(287.5, 437.5, 16.365669713099226)",0.6993517788431981,779.9169311523438,-0.2800851623934719,0.4774155195113182,249.43980000170995
10,2,42,"(237.5, 437.5, 21.459341898515387)",0.0571453046084165,859.4957885742188,-0.279562798927195,0.0354510419499621,248.93530000190367
10,3,0,"(487.5, 487.5, 2.4370033062802148)",0.5287044930685605,362.4604797363281,-0.2542287601995208,2.652706799757593,247.34589999934545
10,3,3,"(437.5, 487.5, 4.012520353342856)",0.3650434960154728,549.3923950195312,-0.2118037653971607,1.6752150965854091,249.42789999840895
10,3,6,"(387.5, 487.5, 6.600725374454914)",0.3249585786191915,553.3372802734375,-0.2231121044756715,1.1730933511162174,249.1991999995662
10,3,9,"(362.5, 462.5, 8.527721324025148)",0.5852357777466998,743.0501708984375,-0.2131909142228623,0.9544066350160622,250.23610000062035
10,3,12,"(387.5, 437.5, 6.419652941837749)",0.3231463758239758,743.083740234375,-0.2153311755741692,0.9848132365019544,252.5105999993684
10,3,15,"(387.5, 387.5, 5.365977503075057)",0.3575295719680293,741.3411865234375,-0.2049509628567673,1.2545679519152344,246.5120000015304
10,3,18,"(387.5, 337.5, 4.012520353342856)",0.4781327905035806,738.5450439453125,-0.2186499404558277,1.6996231268419033,251.45590000101947
10,3,21,"(387.5, 287.5, 2.795360823982221)",0.34246600033212,737.6510620117188,-0.2101427064357794,2.124853652420896,246.9310999986192
10,3,24,"(387.5, 237.5, 1.86489266876442)",0.2735630657216709,737.1417846679688,-0.2080388273769716,2.376194819919106,247.14679999669897
10,3,27,"(362.5, 212.5, 1.6949517469263145)",0.2232353973936616,737.1002807617188,-0.2060895230506583,2.4117293813397134,249.0202999979374
10,3,30,"(337.5, 187.5, 1.4819113252306622)",0.1737096472258996,737.1176147460938,-0.202423700215123,2.373985552090606,246.7383000002883
10,3,33,"(287.5, 187.5, 1.6846716355053617)",0.2010637331173385,737.184814453125,-0.2032929881578169,2.3204678224546846,246.6922999992676
10,3,36,"(237.5, 187.5, 1.761548008038559)",0.2330445939022742,737.1874389648438,-0.2052858482280369,2.303180334014713,248.23570000080508
10,3,39,"(187.5, 187.5, 1.6876002167496233)",0.1859678313048862,737.1397705078125,-0.2029157072743009,2.3321693285276024,248.19690000003905
10,3,42,"(187.5, 237.5, 2.7574493337721258)",0.2971586060008002,737.4427490234375,-0.2091969186258279,2.33476166682266,249.0496999998868
10,3,45,"(187.5, 287.5, 4.484402965683246)",0.4237556411668579,738.7691040039062,-0.2070932620952437,2.027896997054342,248.22230000063428
10,3,48,"(187.5, 337.5, 7.2238068944948735)",0.527438656438461,743.3408813476562,-0.2040716195600878,1.465891446595052,249.410500000522
10,3,51,"(237.5, 337.5, 7.894671343450355)",0.684908620072481,742.3018188476562,-0.2183700838192735,1.4122572245933742,244.4534999995085
10,3,54,"(262.5, 312.5, 6.024387455566984)",0.5147139929625456,740.081298828125,-0.2069582895054866,1.6551215252717142,244.6653000006336
10,3,57,"(287.5, 287.5, 4.472629217733303)",0.4605419891839015,738.2361450195312,-0.208911394829352,2.077204509579092,248.50969999897643
10,3,60,"(337.5, 287.5, 3.7025046815464644)",0.4048201214638389,737.6614990234375,-0.2085095593764847,2.1669780968743564,249.7789000008197
10,3,63,"(337.5, 337.5, 5.641752186721501)",0.5533572163804454,739.8359985351562,-0.2088360202126949,1.6501917345501658,248.7387000001036
10,3,66,"(362.5, 362.5, 5.709929773131825)",0.6314200022309382,738.9547119140625,-0.227051693763262,1.65563230133718,248.0795000010403
10,3,69,"(387.5, 337.5, 4.012520353342856)",0.4694547315020872,738.5778198242188,-0.2166898744651229,1.763535195124733,247.8131999996549
10,4,0,"(487.5, 487.5, 2.4370033062802148)",0.5214117232458136,362.4771423339844,-0.2542287601995208,2.6527066822580365,247.0404999985476
10,4,3,"(462.5, 462.5, 3.1411719247664083)",0.372686653954991,730.5518188476562,-0.2131039519597246,1.9791316731664936,248.93670000165
10,4,6,"(437.5, 437.5, 3.9290738535618197)",0.3609120496747042,735.7303466796875,-0.2072403733381764,1.6778717591396728,248.3326000001398
10,4,9,"(437.5, 387.5, 3.41874755045311)",0.3184706656267317,736.94677734375,-0.2023788883833605,1.7781587663338625,248.9943000000494
10,4,12,"(437.5, 337.5, 2.697731893066704)",0.3470026353982718,736.3099365234375,-0.2122326058542631,2.1301472631994245,255.23080000129997
10,4,15,"(437.5, 287.5, 1.9802988879790537)",0.2737933634621973,735.7523803710938,-0.2068130522311262,2.371166014446553,256.2627000006614
10,4,18,"(412.5, 262.5, 1.9657998932270644)",0.2885798918989253,736.7355346679688,-0.2096253932300632,2.3992634817927416,247.37629999799535
10,4,21,"(412.5, 212.5, 1.3188200407831676)",0.1889862064230075,736.473876953125,-0.2054251013121877,2.465482231574203,248.7483999975666
10,4,24,"(362.5, 212.5, 1.6949517469263145)",0.2231247949667038,737.1348876953125,-0.2065385707551124,2.41889255348669,247.23889999950188
10,4,27,"(362.5, 262.5, 2.6317000424023482)",0.3303931994723952,737.3678588867188,-0.212304228664695,2.33409081496147,247.4656000013056
10,4,30,"(362.5, 312.5, 3.972924796908688)",0.4957411783552004,738.2672119140625,-0.218187983821397,1.9953854327191407,248.4425000002375
10,4,33,"(362.5, 362.5, 5.709929773131825)",0.6194100252519855,739.6703491210938,-0.2254944149396333,1.4296658803074835,246.3151999982074
10,4,36,"(387.5, 387.5, 5.365977503075057)",0.4026203083426143,739.7694091796875,-0.203743757901094,1.5126377124040196,249.158599999646
10,4,39,"(387.5, 337.5, 4.012520353342856)",0.479787256727276,738.4506225585938,-0.2187698639363015,1.7076939332865797,249.9846999999136
10,4,42,"(387.5, 287.5, 2.795360823982221)",0.3377955494447348,737.6129150390625,-0.2101439040608679,2.124807068591973,248.3909000002313
10,4,45,"(387.5, 237.5, 1.86489266876442)",0.2771138694774077,737.1394653320312,-0.2080388155078793,2.3761946549764543,247.27580000035232
10,4,48,"(387.5, 187.5, 1.2110473413619063)",0.1551876598990308,736.830322265625,-0.2031633607157061,2.443790065929844,250.38359999962267
10,4,51,"(337.5, 187.5, 1.4819113252306622)",0.1776730105454314,737.1008911132812,-0.2030401045684866,2.3872060569162263,251.90809999912744
10,4,54,"(287.5, 187.5, 1.6846716355053617)",0.2002513914387056,737.1744384765625,-0.2032968883428711,2.32025799528976,247.6671999975224
10,4,57,"(237.5, 187.5, 1.761548008038559)",0.2293368024362129,737.1944580078125,-0.2052867786087454,2.3031786964763423,247.9495000006864
10,4,60,"(212.5, 212.5, 2.2358312589572185)",0.2453939231979396,737.2257080078125,-0.2054292679611174,2.3508239763924887,248.65240000144692
10,4,63,"(187.5, 237.5, 2.7574493337721258)",0.3144681793391688,737.2275390625,-0.2073127062392234,2.3869522551665594,247.5886000029277
10,4,66,"(187.5, 287.5, 4.484402965683246)",0.4212441406618791,738.767578125,-0.2072180558317436,2.031124177669283,245.8053000009386
10,4,69,"(187.5, 337.5, 7.2238068944948735)",0.5263980990979156,743.2885131835938,-0.2040730970142718,1.4658862136018167,251.11869999818737
10,5,0,"(487.5, 487.5, 2.4370033062802148)",0.522769893611344,362.4801635742188,-0.2542287601995208,2.652706805489005,246.60550000044168
10,5,3,"(487.5, 437.5, 2.3962294749129978)",0.3649557760422141,548.3516845703125,-0.2124546468233247,2.239620916163605,245.97980000180544
10,5,6,"(462.5, 412.5, 2.919906180572381)",0.3294853385610812,733.6021728515625,-0.2081583446021769,2.06647544523038,250.5306999992172
10,5,9,"(412.5, 412.5, 4.71743372998353)",0.3230693586541294,738.3204956054688,-0.206796542319624,1.6179430336521212,245.95319999934875
10,5,12,"(362.5, 412.5, 7.512358105982148)",0.4248079007514989,743.2298583984375,-0.2031400957534941,1.19735007729161,247.24659999992585
10,5,15,"(312.5, 412.5, 11.543004562335339)",0.5516417202532304,754.6832885742188,-0.203616803585447,0.8371209676152636,250.00469999940836
10,5,18,"(287.5, 387.5, 11.306348749090457)",0.8796698030313161,746.4160766601562,-0.2568464459189162,0.8699485907244991,249.4989999977406
10,5,21,"(287.5, 437.5, 16.365669713099226)",0.6961208981758046,780.273681640625,-0.2800611769441017,0.4774717528349388,246.9989000019268
10,5,24,"(237.5, 437.5, 21.459341898515387)",0.0619547049585577,847.43310546875,-0.2795627990985757,0.035451140229247,247.29389999993143
10,6,0,"(487.5, 487.5, 2.4370033062802148)",0.5266870715429971,362.4356994628906,-0.2542287601995208,2.6527067751684803,248.4315000001516
10,6,3,"(437.5, 487.5, 4.012520353342856)",0.3664606254457782,549.270263671875,-0.2118037653971607,1.6752151325948477,249.0068999977666
10,6,6,"(387.5, 487.5, 6.600725374454914)",0.3218729585907571,553.3167724609375,-0.2231121044756715,1.173093319348569,246.48529999831223
10,6,9,"(362.5, 462.5, 8.527721324025148)",0.5777442067677389,743.0175170898438,-0.2131909142228623,0.9544065847440696,246.66939999951865
10,6,12,"(387.5, 437.5, 6.419652941837749)",0.3221958103245939,742.8414916992188,-0.2153311755741692,0.9848132758843128,244.60700000054203
10,6,15,"(387.5, 387.5, 5.365977503075057)",0.3573551910289793,741.344970703125,-0.2049509628567673,1.2545679752096617,246.82360000224435
10,6,18,"(387.5, 337.5, 4.012520353342856)",0.482777745323536,738.5429077148438,-0.2186499404558276,1.6996231415015908,247.98950000331388
10,6,21,"(387.5, 287.5, 2.795360823982221)",0.3380512690891314,737.6293334960938,-0.2101427064357793,2.1248536690033477,248.58730000050852
10,6,24,"(387.5, 237.5, 1.86489266876442)",0.2773013609634665,737.1436157226562,-0.2080388273769716,2.376194826147768,246.9973000006576
10,6,27,"(362.5, 212.5, 1.6949517469263145)",0.2226745102217958,737.1366577148438,-0.2060895230506583,2.4117294015604083,247.0431000001554
10,6,30,"(362.5, 262.5, 2.6317000424023482)",0.3333487812023746,737.4526977539062,-0.2122736785994328,2.3343478673824865,245.91479999799049
10,6,33,"(362.5, 312.5, 3.972924796908688)",0.491916063523793,738.2479248046875,-0.2181881937259923,1.995387205804951,247.6600000009057
10,6,36,"(362.5, 362.5, 5.709929773131825)",0.6196509377165657,739.607666015625,-0.2254944105229254,1.4296658749248936,247.99829999756184
10,6,39,"(387.5, 387.5, 5.365977503075057)",0.401300524180908,739.7877807617188,-0.2037437595313504,1.512637729209861,247.95589999848744
10,6,42,"(387.5, 337.5, 4.012520353342856)",0.4825887819123136,738.5472412109375,-0.2187698580200393,1.7076938283318626,247.35549999968495
10,6,45,"(387.5, 287.5, 2.795360823982221)",0.3408558596851217,737.5946655273438,-0.2101439031151957,2.1248070634785483,247.9864000015368
10,6,48,"(387.5, 237.5, 1.86489266876442)",0.2756731705151149,737.1298828125,-0.2080388262306594,2.3761946304301547,247.19749999712803
10,6,51,"(362.5, 212.5, 1.6949517469263145)",0.2226740048307302,737.1221313476562,-0.2060895180325741,2.411729424513362,248.46999999863328
10,6,54,"(362.5, 262.5, 2.6317000424023482)",0.3327220458335272,737.3409423828125,-0.2122736786882937,2.3343478631670904,246.3184000007459
10,6,57,"(362.5, 312.5, 3.972924796908688)",0.4939996757754486,738.2531127929688,-0.2181881937259922,1.9953871844645763,246.44400000033784
10,6,60,"(362.5, 362.5, 5.709929773131825)",0.6204464953535849,739.514892578125,-0.2254944105229254,1.429665864614692,247.19569999797383
10,6,63,"(387.5, 387.5, 5.365977503075057)",0.3994430261037919,739.8548583984375,-0.2037437595313503,1.5126377274854956,246.9399000001431
10,6,66,"(387.5, 337.5, 4.012520353342856)",0.4786755543549451,738.6683959960938,-0.2187698580200393,1.7076938328980282,245.98280000282105
10,6,69,"(387.5, 287.5, 2.795360823982221)",0.3372973457352297,737.6015014648438,-0.2101439031151957,2.124807081035693,247.44990000181133
10,7,0,"(487.5, 487.5, 2.4370033062802148)",0.5212765614756611,362.46826171875,-0.2542287601995208,2.6527067903609294,246.74740000045855
10,7,3,"(462.5, 462.5, 3.1411719247664083)",0.3935595270375423,730.7266235351562,-0.2130942156727807,1.946070201290141,247.8363000009267
10,7,6,"(462.5, 412.5, 2.919906180572381)",0.3525139316912641,733.702392578125,-0.2077831045118178,1.9758434584489757,249.99989999923852
10,7,9,"(462.5, 362.5, 2.4565270421865075)",0.3085656487705953,733.9691162109375,-0.2056316469417831,2.1707832060189496,248.98259999827133
10,7,12,"(412.5, 362.5, 3.8109821376558286)",0.4272869555895131,738.034423828125,-0.2149743463897908,1.9510833183837653,251.0394000019005
10,7,15,"(362.5, 362.5, 5.709929773131825)",0.559090640815074,740.5225219726562,-0.2172245853534943,1.5470880808137617,250.96629999825385
10,7,18,"(337.5, 337.5, 5.641752186721501)",0.5300061414111267,739.0999755859375,-0.2070695085546593,1.7161685329727234,251.2151000009908
10,7,21,"(362.5, 312.5, 3.972924796908688)",0.3806679371636949,738.457763671875,-0.2058387434740637,1.8159492001630064,248.11760000011415
10,7,24,"(362.5, 262.5, 2.6317000424023482)",0.3177096691451586,737.4962768554688,-0.2052813959556287,2.2158984067083067,247.43210000087856
10,7,27,"(362.5, 212.5, 1.6949517469263145)",0.2197477872486439,737.1265258789062,-0.2051602956056308,2.375950698927468,246.6640999991796
10,7,30,"(337.5, 237.5, 2.3610390308062064)",0.2753887609118119,737.29833984375,-0.2078532171251465,2.365074684905708,248.5698999989836
10,7,33,"(337.5, 287.5, 3.7025046815464644)",0.4251736105062882,738.1201171875,-0.2124485314683443,2.141910229051063,248.65019999924695
10,7,36,"(337.5, 337.5, 5.641752186721501)",0.5565509148305179,739.9722900390625,-0.2085913041787928,1.64594721345644,246.98290000014825
10,7,39,"(362.5, 362.5, 5.709929773131825)",0.6376420520314454,738.9346313476562,-0.227053055365007,1.655591058294671,247.81830000210903
10,7,42,"(362.5, 312.5, 3.972924796908688)",0.3763925110867979,738.3927612304688,-0.2049009160331563,1.7052841864290396,248.20809999800983
10,7,45,"(362.5, 262.5, 2.6317000424023482)",0.318313140135525,737.4907836914062,-0.2052379273093439,2.214366482085974,248.4963000024436
10,7,48,"(362.5, 212.5, 1.6949517469263145)",0.2203303630678455,737.1552124023438,-0.2051600045792574,2.375952833288719,247.49380000139357
10,7,51,"(312.5, 212.5, 2.0303276744152)",0.2412868916652724,737.24658203125,-0.2051730235513809,2.366615051453685,245.11770000026445
10,7,54,"(262.5, 212.5, 2.2336800277132602)",0.2579276757636406,737.1654663085938,-0.2047697647421041,2.360903032279273,256.2720999994781
10,7,57,"(212.5, 212.5, 2.2358312589572185)",0.2765212491821601,737.1478271484375,-0.2061645552574464,2.3725705372074994,250.15069999790285
10,7,60,"(162.5, 212.5, 2.0359929489759456)",0.2407357690567647,737.1905517578125,-0.2065244833373003,2.372658006075925,250.30779999724476
10,7,63,"(162.5, 262.5, 3.2775456166337156)",0.3466599794854026,737.7323608398438,-0.2104255668449455,2.253768897822158,252.29769999714333
10,7,66,"(162.5, 312.5, 5.206150757863988)",0.4835704615313502,739.8997802734375,-0.2079745473405084,1.7748964768787283,248.87240000316524
10,7,69,"(162.5, 362.5, 8.044975170611863)",0.6636039123153872,744.2667846679688,-0.2110945347753345,1.3211944640944644,251.57880000188013
10,8,0,"(487.5, 487.5, 2.4370033062802148)",0.5260681045895851,362.4517211914063,-0.2542287601995208,2.652706706948019,253.28989999979967
10,8,3,"(487.5, 437.5, 2.3962294749129978)",0.3642391230199879,548.3522338867188,-0.2124546468233248,2.2396209106758205,253.61200000043027
10,8,6,"(437.5, 437.5, 3.9290738535618197)",0.3356480602479164,735.6442260742188,-0.2096797668051969,1.7466614339070825,245.58479999905103
10,8,9,"(412.5, 412.5, 4.71743372998353)",0.3707023451178404,738.35888671875,-0.2075989080664227,1.5561931348940756,247.57959999988088
10,8,12,"(412.5, 362.5, 3.8109821376558286)",0.3523753119054337,738.3566284179688,-0.2088104943258497,1.6994814738410864,250.176300000021
10,8,15,"(412.5, 312.5, 2.8190600723806885)",0.3549571241300144,737.341064453125,-0.2091687918158352,2.096532385473332,246.9201999992947
10,8,18,"(412.5, 262.5, 1.9657998932270644)",0.2875969160576245,736.8097534179688,-0.2090779217909457,2.3635760002369404,247.68649999896297
10,8,21,"(387.5, 237.5, 1.86489266876442)",0.2727073288192714,737.098388671875,-0.2087846488559485,2.4250427745276624,252.32609999875424
10,8,24,"(337.5, 237.5, 2.3610390308062064)",0.2939699737816376,737.2667846679688,-0.2074006103516159,2.3891809174806453,252.0535999974527
10,8,27,"(287.5, 237.5, 2.751681670936008)",0.3160715629984198,737.22509765625,-0.2072191613294291,2.403990459365212,249.895099997957
10,8,30,"(237.5, 237.5, 2.9042989281312113)",0.3275251072611944,737.1863403320312,-0.2070354095088355,2.445408203367217,259.56829999995534
10,8,33,"(187.5, 237.5, 2.7574493337721258)",0.3302307617495174,737.2136840820312,-0.2082242241617062,2.3976979653354102,252.4797000005492
10,8,36,"(187.5, 187.5, 1.6876002167496233)",0.2040210593478472,737.16748046875,-0.2035928361018543,2.354432196390768,248.85920000087933
10,8,39,"(237.5, 187.5, 1.761548008038559)",0.2272188228255229,737.1708374023438,-0.2057527435809663,2.3176934798101034,254.5219000021461
10,8,42,"(287.5, 187.5, 1.6846716355053617)",0.2055254179898596,737.1630249023438,-0.2035050720781126,2.306917831170132,252.95770000229825
10,8,45,"(312.5, 212.5, 2.0303276744152)",0.2256463411035558,737.2061767578125,-0.2056186517566345,2.3492196068745708,248.81359999926644
10,8,48,"(312.5, 262.5, 3.266470567666104)",0.3571118867802474,737.6216430664062,-0.2114803337872879,2.2873981932610272,249.3350000004284
10,8,51,"(312.5, 312.5, 5.183930710700896)",0.4996160196354834,739.3240356445312,-0.2107356209515937,1.8908568930301344,249.7933999984525
10,8,54,"(312.5, 362.5, 7.999359988870806)",0.6636388194747173,744.1721801757812,-0.211662448494675,1.3317129542583188,249.8516000014206
10,8,57,"(362.5, 362.5, 5.709929773131825)",0.521227798716094,741.0247802734375,-0.2106508817045016,1.39085468240694,249.09459999980757
10,8,60,"(362.5, 312.5, 3.972924796908688)",0.3735117373126669,738.337890625,-0.2049636529200071,1.704672691587095,249.55920000138576
10,8,63,"(362.5, 262.5, 2.6317000424023482)",0.3141543558432196,737.4219360351562,-0.2052395579504325,2.214404098566015,250.95800000053717
10,8,66,"(362.5, 312.5, 3.972924796908688)",0.4916671006001855,738.3736572265625,-0.2185023004714837,2.003943443225539,244.49710000044436
10,8,69,"(362.5, 362.5, 5.709929773131825)",0.6191034314640778,739.573974609375,-0.2254964480419746,1.4296962245573142,248.98920000123329
10,9,0,"(487.5, 487.5, 2.4370033062802148)",0.5200853202147009,362.43951416015625,-0.2542287601995209,2.652706827365782,248.2057999986864
10,9,3,"(437.5, 487.5, 4.012520353342856)",0.3699926040866114,549.4199829101562,-0.2118037653971607,1.6752151139980316,246.97899999955555
10,9,6,"(387.5, 487.5, 6.600725374454914)",0.3229943973362565,553.2882080078125,-0.2231121044756715,1.173093292911779,248.3791000013298
10,9,9,"(337.5, 487.5, 10.834577821017316)",0.5414119141993287,557.0548706054688,-0.2695763274320544,0.7230310071216555,248.88280000232044
10,9,12,"(312.5, 462.5, 14.033224262378283)",0.78594428851462,759.3694458007812,-0.2707265779615095,0.5305889870048408,247.274400000606
10,9,15,"(337.5, 437.5, 10.400297021568935)",0.4738561460916523,751.5079345703125,-0.2569727602750517,0.7116961280937598,247.3878000018885
10,9,18,"(362.5, 412.5, 7.512358105982148)",0.3352867719778276,747.7703857421875,-0.2008695674405295,0.8760283008540657,250.92030000087107
10,9,21,"(387.5, 387.5, 5.365977503075057)",0.3401475291681745,741.4408569335938,-0.203949269343863,1.3146564891636434,249.23039999703175
10,9,24,"(387.5, 337.5, 4.012520353342856)",0.4806603325808644,738.5380249023438,-0.2186840191538443,1.700267622078701,249.14859999989855
10,9,27,"(387.5, 287.5, 2.795360823982221)",0.3420081368096059,737.6430053710938,-0.2101431044971461,2.1248550743414967,253.4632999995665
10,9,30,"(387.5, 237.5, 1.86489266876442)",0.2723387421375717,737.1078491210938,-0.2080388284046177,2.376194826049489,249.56940000265604
10,9,33,"(362.5, 212.5, 1.6949517469263145)",0.223198981286722,737.08935546875,-0.2060895175194244,2.4117293892883738,250.69539999822155
10,9,36,"(312.5, 212.5, 2.0303276744152)",0.2426891182279596,737.2600708007812,-0.2052003405504501,2.3667112421619745,247.091500001261
10,9,39,"(312.5, 262.5, 3.266470567666104)",0.358873818529443,737.5861206054688,-0.2115234844674243,2.290901301825832,250.0620999999228
10,9,42,"(312.5, 312.5, 5.183930710700896)",0.5017676994448353,739.3917846679688,-0.2107384531264674,1.8908664542270612,248.66580000161773
10,9,45,"(312.5, 362.5, 7.999359988870806)",0.6703394986954581,744.1954956054688,-0.211662458187428,1.3317131991282791,249.0605000020878
10,9,48,"(312.5, 412.5, 11.543004562335339)",0.8130603291609528,754.0364990234375,-0.243488206847343,0.7407917259455429,247.116400001687
10,9,51,"(262.5, 412.5, 15.847883528411389)",0.9292751883174176,759.5624389648438,-0.2768320208090242,0.7319641826572757,249.4004000000132
10,0,0,"(262.5, 487.5, 22.1418731987782)",0.418202788729279,600.4640502929688,-0.4051836941886182,0.1910630034414431,252.27979999908712
10,1,0,"(262.5, 487.5, 22.1418731987782)",0.4221617285408997,600.5555419921875,-0.4051836941886182,0.1910632526021734,247.6656000035291
10,2,0,"(262.5, 487.5, 22.1418731987782)",0.4232630387365931,599.4627075195312,-0.4051836941886183,0.191063108248475,253.625600002124
10,3,0,"(262.5, 487.5, 22.1418731987782)",0.4217841055019847,600.5943603515625,-0.4051836941886183,0.191063050868615,253.23429999843935
10,4,0,"(262.5, 487.5, 22.1418731987782)",0.4234193535040172,600.55078125,-0.4051836941886182,0.1910631565204765,261.9439000009152
10,5,0,"(262.5, 487.5, 22.1418731987782)",0.4190056711630395,600.53125,-0.4051836941886182,0.1910631246076793,251.61130000196863
10,6,0,"(262.5, 487.5, 22.1418731987782)",0.4206568829639176,600.3441162109375,-0.4051836941886182,0.1910631927017498,255.3451000021596
10,7,0,"(262.5, 487.5, 22.1418731987782)",0.4199246109791427,600.544189453125,-0.4051836941886182,0.1910631049876537,252.51940000089235
10,8,0,"(262.5, 487.5, 22.1418731987782)",0.426741115489328,599.9241333007812,-0.4051836941886182,0.1910631849757889,250.32149999969988
10,9,0,"(262.5, 487.5, 22.1418731987782)",0.4186840120797975,600.5009155273438,-0.4051836941886183,0.1910631486413442,251.9575000005716
10,0,0,"(462.5, 487.5, 3.127296379115885)",0.6168440535226912,546.69482421875,-0.2438284642844754,2.3951717693033334,247.2405999978946
10,0,3,"(462.5, 437.5, 3.0693002026442198)",0.3659813931330919,732.8494262695312,-0.2086767557359615,1.944304284675869,247.039699999732
10,0,6,"(462.5, 387.5, 2.7089644303699463)",0.3368096519766644,733.9862670898438,-0.2077906824408613,2.063084142333727,249.0715999992972
10,0,9,"(437.5, 362.5, 3.0693002026442198)",0.3488803771762919,736.3422241210938,-0.2087446652960297,2.08640230794966,253.49809999897843
10,0,12,"(387.5, 362.5, 4.6920389042223976)",0.4474981837176159,739.18017578125,-0.2119344866554289,1.7575336220681328,247.4311999976635
10,0,15,"(337.5, 362.5, 6.836404624384365)",0.56338367334924,742.1878662109375,-0.2103875943188962,1.3849487931263804,248.5008999974525
10,0,18,"(362.5, 337.5, 4.801447242030367)",0.4398486623726587,739.438232421875,-0.2076309152626454,1.6803979667218525,247.0307999974466
10,0,21,"(362.5, 287.5, 3.2481324511568093)",0.3807611125698984,737.7999267578125,-0.2098208865143433,1.9967333030240872,247.16890000127023
10,0,24,"(337.5, 312.5, 4.592532186196013)",0.5313166044685451,738.2671508789062,-0.2204014101713766,2.0255880337545817,246.1089999997057
10,0,27,"(337.5, 362.5, 6.836404624384365)",0.6282083698718309,741.3284912109375,-0.2143958685053191,1.4176257713804483,249.12319999930327
10,0,30,"(387.5, 362.5, 4.6920389042223976)",0.4095193777374529,739.5529174804688,-0.2072733188744978,1.5493763752751282,246.5212999995856
10,0,33,"(387.5, 312.5, 3.371997408476144)",0.3650174907361082,738.2694702148438,-0.2073885605546956,1.8881393775501527,245.25229999926523
10,0,36,"(387.5, 262.5, 2.2927863351327353)",0.3097426686079402,737.2733764648438,-0.2089193705793484,2.307406148842132,247.5159999994503
10,0,39,"(387.5, 212.5, 1.5068207512166414)",0.2055243478093454,736.9533081054688,-0.2056080465300124,2.418178957198097,249.3877000015345
10,0,42,"(337.5, 212.5, 1.8733097780882446)",0.224691755567768,737.2199096679688,-0.2049394039701486,2.381135099252656,248.28319999869564
10,0,45,"(287.5, 212.5, 2.154010388857775)",0.2506875755290357,737.1950073242188,-0.2045847239345155,2.3588456127224045,247.64309999955003
10,0,48,"(237.5, 212.5, 2.261871450534782)",0.2886467287018973,737.1437377929688,-0.2070900955214636,2.3858933905408346,245.69239999982528
10,0,51,"(187.5, 212.5, 2.1581048160551872)",0.2614803966102172,737.158447265625,-0.2072380314396691,2.3710882878301547,245.39879999792905
10,0,54,"(187.5, 262.5, 3.519235619237839)",0.377463373812586,737.7369384765625,-0.2133249803870722,2.2563998801541265,249.30650000169408
10,0,57,"(187.5, 312.5, 5.701335627950545)",0.4813981651792816,740.1807250976562,-0.2091596425620575,1.787040751765365,246.3357999986329
10,0,60,"(137.5, 312.5, 4.617102976724376)",0.4506103072056134,738.4769287109375,-0.2080381190917228,1.912335849133316,247.5099000002956
10,0,63,"(137.5, 362.5, 6.88289330546234)",0.5625059772022192,742.70947265625,-0.2069872482240882,1.2332615159602816,247.584700002335
10,0,66,"(187.5, 362.5, 9.103110310900643)",0.6709174679197152,746.9395141601562,-0.2072812200758158,1.098249513380137,248.82280000019816
10,0,69,"(212.5, 387.5, 12.56601886791643)",0.5926829454685787,756.850341796875,-0.2021816137108158,0.6878772434076436,249.12159999803407
10,1,0,"(462.5, 487.5, 3.127296379115885)",0.612629251842404,546.77685546875,-0.2438284642844754,2.3951717464340234,248.19529999876977
10,1,3,"(462.5, 437.5, 3.0693002026442198)",0.365542128455378,732.8285522460938,-0.2086767557359615,1.9443043313946733,246.6175999979896
10,1,6,"(412.5, 437.5, 5.025427393027027)",0.3656453477929454,738.213134765625,-0.2094604312795638,1.4875101040704253,247.73629999981492
10,1,9,"(412.5, 387.5, 4.295992126710907)",0.3678668607359195,739.0962524414062,-0.2053721143672912,1.5229852458502833,250.0294000019494
10,1,12,"(412.5, 337.5, 3.3073470145874904)",0.3978847043921697,737.6233520507812,-0.2133786846963135,1.9279927924674496,246.1574000008113
10,1,15,"(412.5, 287.5, 2.3680192003946603)",0.3080264159378266,737.0278930664062,-0.2081871377653578,2.2477736208852224,246.9582999983686
10,1,18,"(412.5, 237.5, 1.6163909269654968)",0.254656152225072,736.6270141601562,-0.2079989491600981,2.427960806190468,244.73740000030372
10,1,21,"(362.5, 237.5, 2.1176379791076854)",0.2859274008575274,737.27978515625,-0.2088011333037813,2.4046581892431256,250.8181000011973
10,1,24,"(362.5, 287.5, 3.2481324511568093)",0.4158234691585433,737.6989135742188,-0.2188943317566911,2.22115660543604,247.9424000011932
10,1,27,"(362.5, 337.5, 4.801447242030367)",0.4790089611287283,738.8516235351562,-0.212820733950962,1.6800280287826888,246.59500000052503
10,1,30,"(362.5, 387.5, 6.644563227708976)",0.6292496332076911,741.018798828125,-0.2165986974534921,1.2058289175668253,249.32199999966545
10,1,33,"(312.5, 387.5, 9.73254467824523)",0.6441884911299658,748.8182373046875,-0.2136458578020094,0.97086283078304,247.81719999737103
10,1,36,"(287.5, 412.5, 13.851283065501828)",0.8013613187889468,759.8260498046875,-0.241300359742177,0.6294319101792394,248.31819999963045
10,1,39,"(262.5, 437.5, 19.691492564685472)",0.2994704495730965,785.4127197265625,-0.2079677282088842,0.176172011066329,244.7313999982725
10,2,0,"(462.5, 487.5, 3.127296379115885)",0.6158549348884058,546.6732788085938,-0.2438284642844754,2.3951717658965967,252.67909999820404
10,2,3,"(437.5, 462.5, 4.032539977718922)",0.4092888807163101,733.6651000976562,-0.2147084715016478,1.7467073035092648,247.0651000003272
10,2,6,"(437.5, 412.5, 3.7158125367455015)",0.3743158317000793,736.6852416992188,-0.2090555470323843,1.7158277085318565,245.35769999783952
10,2,9,"(437.5, 362.5, 3.0693002026442198)",0.3434946032846268,736.7665405273438,-0.2077338334746595,1.936909565051817,247.99789999815405
10,2,12,"(412.5, 337.5, 3.3073470145874904)",0.3775355758940592,737.5426635742188,-0.2098138424435406,2.077895657482868,244.70429999928456
10,2,15,"(362.5, 337.5, 4.801447242030367)",0.4448263484118859,739.2388305664062,-0.2110343722303695,1.7907327174081675,248.08940000002625
10,2,18,"(362.5, 287.5, 3.2481324511568093)",0.3858331557966496,737.8336791992188,-0.2100187193664739,2.011523698638418,249.71930000174325
10,2,21,"(362.5, 237.5, 2.1176379791076854)",0.2827197374932401,737.309326171875,-0.2072647318177662,2.3297716783280262,247.26670000018203
10,2,24,"(337.5, 212.5, 1.8733097780882446)",0.225030250037088,737.2236328125,-0.2044721138052647,2.375943246574552,245.67230000320703
10,2,27,"(287.5, 212.5, 2.154010388857775)",0.2498252264066429,737.2060546875,-0.2045789680815135,2.359043799156804,250.85690000196337
10,2,30,"(237.5, 212.5, 2.261871450534782)",0.2868569812693902,737.1597900390625,-0.2070897930838374,2.3858887990298663,250.12490000153772
10,2,33,"(187.5, 212.5, 2.1581048160551872)",0.2614074175955173,737.1324462890625,-0.2072380455210162,2.371088421993692,248.8871999994444
10,2,36,"(187.5, 262.5, 3.519235619237839)",0.3813302063563673,737.8067626953125,-0.2133249930311194,2.2563998695129133,245.47119999988357
10,2,39,"(187.5, 312.5, 5.701335627950545)",0.4782354963714815,740.1785888671875,-0.2091596419781845,1.7870407574289036,250.1656999993429
10,2,42,"(212.5, 337.5, 7.7206787211523045)",0.6183736241098929,742.8389892578125,-0.2086767643307653,1.4064837552787477,251.48320000153035
10,2,45,"(262.5, 337.5, 7.706480720276972)",0.6683367673936744,742.0508422851562,-0.2076370097267568,1.3991941611458356,245.1688999972248
10,2,48,"(237.5, 312.5, 6.148385304590252)",0.5338349470890116,740.0691528320312,-0.2097091883419605,1.686698682382898,247.6888000019244
10,2,51,"(212.5, 287.5, 4.711065216163657)",0.491450917432747,738.2481689453125,-0.211365960538747,2.060628516213175,248.97729999793228
10,2,54,"(162.5, 287.5, 4.140142738102741)",0.4496399729014655,737.8742065429688,-0.2107989964349355,2.100358486367486,247.633400002087
10,2,57,"(162.5, 237.5, 2.5862997483722747)",0.3012585098594024,737.5030517578125,-0.2053348991337281,2.242413836083262,247.7880000005825
10,2,60,"(187.5, 212.5, 2.1581048160551872)",0.257497807814792,737.1661376953125,-0.2050495616471912,2.366294844578155,250.8499999967171
10,2,63,"(237.5, 212.5, 2.261871450534782)",0.2697884576122669,737.177490234375,-0.2049581080891588,2.370656833725348,247.82319999940228
10,2,66,"(287.5, 212.5, 2.154010388857775)",0.2602036946144399,737.1648559570312,-0.2050477652570944,2.363473383086404,250.12150000111436
10,2,69,"(312.5, 237.5, 2.5784026504198194)",0.2894626523960547,737.2669067382812,-0.2080691846897577,2.372926685736312,252.1922000014456
10,3,0,"(462.5, 487.5, 3.127296379115885)",0.6165869874003552,546.8211669921875,-0.2438284642844754,2.39517179173483,249.09190000107628
10,3,3,"(462.5, 437.5, 3.0693002026442198)",0.3652666969460176,732.8363037109375,-0.2086767557359615,1.9443043488905347,249.53150000146707
10,3,6,"(462.5, 387.5, 2.7089644303699463)",0.3356460582808335,733.9706420898438,-0.2077906824408613,2.063084034629547,247.73539999659988
10,3,9,"(462.5, 337.5, 2.1828984217128706)",0.3025602202142224,733.7329711914062,-0.2091192024182803,2.317267342033963,248.78899999748683
10,3,12,"(412.5, 337.5, 3.3073470145874904)",0.3909612189824158,737.47802734375,-0.2127979158697255,2.1178144189028982,248.54490000143412
10,3,15,"(362.5, 337.5, 4.801447242030367)",0.4411055775679832,739.204345703125,-0.2110185572627277,1.789741297754697,248.4439999971073
10,3,18,"(312.5, 337.5, 6.4720487778634865)",0.6335383793070885,740.170654296875,-0.2186209280954143,1.7033303120600038,244.93250000159605
10,3,21,"(262.5, 337.5, 7.706480720276972)",0.6348239130137073,742.0070190429688,-0.2122859653659829,1.4710330959016529,247.0495999987179
10,3,24,"(237.5, 362.5, 10.136936791802604)",0.6157513858511351,747.1095581054688,-0.215381279159786,1.0353054882802784,246.04229999749805
10,3,27,"(212.5, 387.5, 12.56601886791643)",0.3541288677183604,762.7608032226562,-0.1949192349896909,0.3751226490216108,248.75220000103585
10,3,30,"(237.5, 412.5, 16.71281874556001)",0.3359454249896738,781.9097290039062,-0.2330933585808791,0.213903404651253,251.95049999820185
10,4,0,"(462.5, 487.5, 3.127296379115885)",0.6164696754300535,546.7068481445312,-0.2438284642844754,2.395171810175154,247.1256999997422
10,4,3,"(462.5, 437.5, 3.0693002026442198)",0.370331869768273,732.8773193359375,-0.2086767557359615,1.9443043133626643,252.1531000020332
10,4,6,"(437.5, 412.5, 3.7158125367455015)",0.3713986464801679,736.47509765625,-0.2100664672951365,1.84057441224727,246.6820000008738
10,4,9,"(437.5, 362.5, 3.0693002026442198)",0.3515402169162108,736.6998901367188,-0.2078431331371501,1.942234245272291,253.3880999981193
10,4,12,"(437.5, 312.5, 2.3288409680820936)",0.3122762757261472,735.9227905273438,-0.2090724608595713,2.273765699667099,250.21319999723343
10,4,15,"(437.5, 262.5, 1.6629239389874948)",0.2568740975395941,735.5846557617188,-0.2086531151109771,2.443208066134299,249.31929999729616
10,4,18,"(412.5, 237.5, 1.6163909269654968)",0.2461726427303792,736.5606689453125,-0.2093246489439878,2.4708199798883235,249.27759999991395
10,4,21,"(362.5, 237.5, 2.1176379791076854)",0.2823684879068651,737.1819458007812,-0.2088300240689285,2.404947528298763,252.9216999973869
10,4,24,"(362.5, 287.5, 3.2481324511568093)",0.4202246543139739,737.6898803710938,-0.2188946559623111,2.221144493477918,250.03069999729632
10,4,27,"(362.5, 337.5, 4.801447242030367)",0.4821663045296277,738.825439453125,-0.2128207177041008,1.680027996133894,250.85269999908635
10,4,30,"(362.5, 387.5, 6.644563227708976)",0.626439875021388,741.1345825195312,-0.2165986997658466,1.2058289962010773,251.5614000003552
10,4,33,"(312.5, 387.5, 9.73254467824523)",0.6352331161904201,748.9514770507812,-0.213645860356523,0.9708628677502794,247.3948000006203
10,4,36,"(287.5, 412.5, 13.851283065501828)",0.806145923594472,759.4447021484375,-0.241300359742177,0.6294318516230374,252.36989999757495
10,4,39,"(262.5, 437.5, 19.691492564685472)",0.2918064121661161,786.4675903320312,-0.2079677282088842,0.176172087188611,252.63039999845205
10,5,0,"(462.5, 487.5, 3.127296379115885)",0.6165447450958214,546.6570434570312,-0.2438284642844755,2.395171764728039,250.8176999981515
10,5,3,"(462.5, 437.5, 3.0693002026442198)",0.3686147517502603,732.82666015625,-0.2086767557359615,1.944304316878644,257.49870000072406
10,5,6,"(462.5, 387.5, 2.7089644303699463)",0.3350147130553707,734.0302124023438,-0.2077906824408613,2.0630841537306424,250.376400003006
10,5,9,"(437.5, 362.5, 3.0693002026442198)",0.3472956600215597,736.352294921875,-0.2087446652960298,2.0864022984188364,251.3674000001629
10,5,12,"(437.5, 312.5, 2.3288409680820936)",0.3137961652883034,735.9210815429688,-0.2090606879485812,2.2766432118521718,252.14540000160923
10,5,15,"(437.5, 262.5, 1.6629239389874948)",0.2565642326236101,735.5607299804688,-0.2086551940699315,2.44325527455715,250.90150000323771
10,5,18,"(387.5, 262.5, 2.2927863351327353)",0.3055341317787126,737.181884765625,-0.2088273881264624,2.391428057499008,248.6943000003521
10,5,21,"(387.5, 212.5, 1.5068207512166414)",0.2061350726115241,736.925537109375,-0.2056660985857943,2.4201964622059653,250.52369999684743
10,5,24,"(337.5, 212.5, 1.8733097780882446)",0.2282468980855758,737.1690063476562,-0.2049404668497199,2.381149340164318,250.87799999892013
10,5,27,"(312.5, 237.5, 2.5784026504198194)",0.2759081576859361,737.2950439453125,-0.2067073379496212,2.3607497796483767,249.35779999941587
10,5,30,"(312.5, 287.5, 4.124508633098295)",0.4371127834449038,738.5131225585938,-0.2098977903893251,2.1135465815711907,247.0616999999038
10,5,33,"(312.5, 337.5, 6.4720487778634865)",0.6144313015718318,740.8483276367188,-0.2167945001039816,1.649177520264634,249.6492999998736
10,5,36,"(312.5, 387.5, 9.73254467824523)",0.6608996793061176,749.1057739257812,-0.2144084014378242,0.9779735703262992,246.65210000239315
10,5,39,"(287.5, 412.5, 13.851283065501828)",0.7939183630533991,759.3353271484375,-0.2369357566145449,0.6288683435197749,248.073700000532
10,5,42,"(262.5, 437.5, 19.691492564685472)",0.273640867158412,796.9959716796875,-0.2084319742057803,0.1634412715037899,249.4600000027276
10,6,0,"(462.5, 487.5, 3.127296379115885)",0.6133360415515848,546.7282104492188,-0.2438284642844754,2.395171765928827,249.73750000208383
10,6,3,"(412.5, 487.5, 5.147226552974528)",0.3998242207863192,551.6328125,-0.2102607802583282,1.4254507981268785,250.09050000153368
10,6,6,"(412.5, 437.5, 5.025427393027027)",0.4082059376750748,737.9509887695312,-0.2092398010491331,1.4444346206153815,250.4508000019996
10,6,9,"(412.5, 387.5, 4.295992126710907)",0.3612624526784391,739.3087768554688,-0.2050566472654368,1.5132039974652272,253.8755999994464
10,6,12,"(412.5, 337.5, 3.3073470145874904)",0.3978546802579442,737.60302734375,-0.2133788822859261,1.9278481055953145,256.4775999999256
10,6,15,"(412.5, 287.5, 2.3680192003946603)",0.3094249076964474,737.0729370117188,-0.2081871057010416,2.247773850236556,251.667800002906
10,6,18,"(412.5, 237.5, 1.6163909269654968)",0.2517989472868059,736.6006469726562,-0.2079989520157782,2.427960882024455,251.0486999999557
10,6,21,"(362.5, 237.5, 2.1176379791076854)",0.2881205860637589,737.262939453125,-0.2088011420287045,2.4046582771027376,249.76660000174888
10,6,24,"(362.5, 287.5, 3.2481324511568093)",0.4193934283835435,737.781494140625,-0.218894342713981,2.2211565455691686,248.77099999866917
10,6,27,"(362.5, 337.5, 4.801447242030367)",0.4828161151564615,738.9961547851562,-0.2128207140368154,1.6800280184551095,247.06820000210428
10,6,30,"(362.5, 387.5, 6.644563227708976)",0.6255625718826698,740.976318359375,-0.2165986974534921,1.205828925259472,246.53979999857256
10,6,33,"(312.5, 387.5, 9.73254467824523)",0.6472815400824545,749.0418701171875,-0.2136458578020093,0.9708628247586693,250.05950000195296
10,6,36,"(287.5, 412.5, 13.851283065501828)",0.8091501553124009,759.5830078125,-0.241300359742177,0.6294318731827234,249.04919999971756
10,6,39,"(312.5, 437.5, 13.134116007120344)",0.206781798776047,774.7213745117188,-0.2262884893231043,0.2770438941474207,247.06619999778923
10,6,42,"(287.5, 412.5, 13.851283065501828)",0.873257445386073,759.4869995117188,-0.2407047504912138,0.7157012404622054,248.44540000049165
10,6,45,"(262.5, 437.5, 19.691492564685472)",0.2806232421733043,794.4547119140625,-0.2084959247996291,0.1664474368122643,248.54319999940344
10,7,0,"(462.5, 487.5, 3.127296379115885)",0.6153524358455539,546.6987915039062,-0.2438284642844754,2.395171723825245,250.43880000157515
10,7,3,"(462.5, 437.5, 3.0693002026442198)",0.3677466876789879,732.7822875976562,-0.2086767557359615,1.944304260639529,249.53559999994468
10,7,6,"(462.5, 387.5, 2.7089644303699463)",0.3360475720883251,734.0231323242188,-0.2077906824408613,2.0630841182687814,250.24969999867608
10,7,9,"(462.5, 337.5, 2.1828984217128706)",0.3033115175126105,733.7924194335938,-0.2091192024182802,2.3172673602361797,249.62610000147836
10,7,12,"(412.5, 337.5, 3.3073470145874904)",0.3887572148526054,737.5034790039062,-0.2127979158697255,2.11781439293643,247.52190000072005
10,7,15,"(362.5, 337.5, 4.801447242030367)",0.4465102122863592,739.2866821289062,-0.2110185572627277,1.789741352435802,250.1972999998543
10,7,18,"(312.5, 337.5, 6.4720487778634865)",0.6314621236878774,740.2195434570312,-0.2186209280954143,1.7033302963233528,250.47010000344017
10,7,21,"(262.5, 337.5, 7.706480720276972)",0.6354247458456195,741.9657592773438,-0.2122859653659829,1.4710330631251385,245.48450000293087
10,7,24,"(237.5, 362.5, 10.136936791802604)",0.6114632405350572,747.059814453125,-0.215381279159786,1.0353054682742584,248.2090000012249
10,7,27,"(187.5, 362.5, 9.103110310900643)",0.5987223805457366,747.5301513671875,-0.1998053147832129,0.982248731929144,245.64480000117328
10,7,30,"(187.5, 412.5, 13.941569591049829)",0.6238315170814994,772.2999267578125,-0.2172148845461686,0.5154478682233838,249.12069999845696
10,7,33,"(212.5, 437.5, 19.809611758762614)",0.0534106181390352,848.302734375,-0.2015610231793416,0.0328790658111544,247.9155000000901
10,8,0,"(462.5, 487.5, 3.127296379115885)",0.6214476473219583,546.5791015625,-0.2438284642844754,2.395171784790987,256.7722000021604
10,8,3,"(412.5, 487.5, 5.147226552974528)",0.401348351131862,551.464111328125,-0.2102607802583282,1.425450845976136,245.44479999894972
10,8,6,"(412.5, 437.5, 5.025427393027027)",0.4052066553324522,737.921630859375,-0.2092398010491331,1.444434624538689,246.5623999996751
10,8,9,"(412.5, 387.5, 4.295992126710907)",0.3626582704206454,739.2193603515625,-0.2050566472654368,1.5132039745263048,248.68609999975888
10,8,12,"(387.5, 362.5, 4.6920389042223976)",0.439501924258996,739.1328735351562,-0.210034183870201,1.7273776238511114,244.84510000183943
10,8,15,"(337.5, 362.5, 6.836404624384365)",0.5633292140347766,742.3762817382812,-0.2104143521852143,1.386939118617821,249.4297999983246
10,8,18,"(362.5, 337.5, 4.801447242030367)",0.434502687844007,739.40185546875,-0.2076318737743129,1.6804091705845705,256.1572999984492
10,8,21,"(362.5, 287.5, 3.2481324511568093)",0.3785169463872863,737.7745971679688,-0.2098208754630086,1.9967329996215384,246.7287999970722
10,8,24,"(362.5, 237.5, 2.1176379791076854)",0.2776954465414271,737.3483276367188,-0.2072592081948858,2.32966551722288,248.70390000069165
10,8,27,"(337.5, 212.5, 1.8733097780882446)",0.2275634689583012,737.2338256835938,-0.2044720665147177,2.375942577288542,249.36180000077
10,8,30,"(287.5, 212.5, 2.154010388857775)",0.2527361141276366,737.2236938476562,-0.2045789770171329,2.3590438415389365,249.42449999798555
10,8,33,"(237.5, 212.5, 2.261871450534782)",0.2834537537230497,737.1016235351562,-0.20708979214551,2.385888804501953,252.03260000125735
10,8,36,"(187.5, 212.5, 2.1581048160551872)",0.2601963180386675,737.17578125,-0.2072380333565384,2.371088348526288,251.3933000009274
10,8,39,"(187.5, 262.5, 3.519235619237839)",0.3775106649952177,737.7238159179688,-0.213324995566165,2.256399924263019,251.91869999980557
10,8,42,"(187.5, 312.5, 5.701335627950545)",0.4825115451403384,740.1317138671875,-0.209159640148851,1.7870407689016252,248.88590000045951
10,8,45,"(187.5, 362.5, 9.103110310900643)",0.6266793711575449,747.0484008789062,-0.2123314760494371,1.184201692311485,247.16230000194628
10,8,48,"(212.5, 387.5, 12.56601886791643)",0.5966152365801255,756.5780029296875,-0.2025066434821273,0.6798029704827864,248.06140000146115
10,8,51,"(237.5, 362.5, 10.136936791802604)",0.3509725178020691,756.2840576171875,-0.206264086232443,0.5892330584055218,247.6887999982864
10,8,54,"(262.5, 387.5, 12.530028997518446)",0.498469255323391,758.754150390625,-0.2084616023350482,0.6907428463449117,247.8148999980476
10,8,57,"(287.5, 412.5, 13.851283065501828)",0.8939261200620787,756.864013671875,-0.3278467381182897,0.6121122039949832,251.1166000003868
10,8,60,"(287.5, 462.5, 17.977012825427398)",1.0331074677844798,764.7547607421875,-0.456323434841248,0.5136393039281146,321.5273000023444
10,8,63,"(312.5, 437.5, 13.134116007120344)",0.3929138091806674,762.80712890625,-0.2998430185602121,0.5296672386326798,353.72750000169617
10,8,66,"(287.5, 412.5, 13.851283065501828)",0.884006301263886,760.5650634765625,-0.2426542333293211,0.7281795546013228,245.66689999846855
10,8,69,"(262.5, 437.5, 19.691492564685472)",0.2794899436006252,791.9280395507812,-0.2084972342499135,0.1664909179813115,247.271100000944
10,9,0,"(462.5, 487.5, 3.127296379115885)",0.6133701751158249,546.7352905273438,-0.2438284642844754,2.395171767668544,248.43820000023695
10,9,3,"(462.5, 437.5, 3.0693002026442198)",0.366807456888825,732.96484375,-0.2086767557359615,1.9443042802322332,250.4666999993788
10,9,6,"(462.5, 387.5, 2.7089644303699463)",0.3361025033723989,733.9362182617188,-0.2077906824408613,2.063084112319322,248.9371999981813
10,9,9,"(437.5, 362.5, 3.0693002026442198)",0.351623165325817,736.4143676757812,-0.2087446652960297,2.0864023090912096,247.7127999991353
10,9,12,"(387.5, 362.5, 4.6920389042223976)",0.4444357605292974,739.1947631835938,-0.2119344866554289,1.757533660632216,247.98160000136704
10,9,15,"(337.5, 362.5, 6.836404624384365)",0.5630302825930577,742.2080688476562,-0.2103875943188962,1.384948801257092,248.7086000001
10,9,18,"(362.5, 337.5, 4.801447242030367)",0.4409527238731799,739.4660034179688,-0.2076309152626453,1.6803980060594892,248.7109000030614
10,9,21,"(362.5, 287.5, 3.2481324511568093)",0.3819154641139395,737.7655639648438,-0.2098208865143433,1.996733280363556,261.074699999881
10,9,24,"(362.5, 237.5, 2.1176379791076854)",0.2781414531526717,737.2890014648438,-0.2072592019816234,2.329665457560444,249.42579999697043
10,9,27,"(337.5, 212.5, 1.8733097780882446)",0.2314064452676542,737.195556640625,-0.2044720516119934,2.3759424434939413,248.54180000329507
10,9,30,"(287.5, 212.5, 2.154010388857775)",0.2548748943888171,737.255615234375,-0.204578958959206,2.3590437270451727,251.3801000022795
10,9,33,"(237.5, 212.5, 2.261871450534782)",0.2899430679246162,737.1610107421875,-0.20708979214551,2.385888777319664,250.1263999984076
10,9,36,"(187.5, 212.5, 2.1581048160551872)",0.2587767586658153,737.1712036132812,-0.2072380333565384,2.3710883631280195,246.48530000195024
10,9,39,"(187.5, 262.5, 3.519235619237839)",0.381982208595899,737.7924194335938,-0.2133249955661651,2.2563999074546643,248.9187999999558
10,9,42,"(187.5, 312.5, 5.701335627950545)",0.4839947482863576,740.0986938476562,-0.209159640148851,1.7870407390064174,250.151399999595
10,9,45,"(137.5, 312.5, 4.617102976724376)",0.4518103511054666,738.5460205078125,-0.208038127601966,1.9123358787005085,249.38359999941892
10,9,48,"(137.5, 362.5, 6.88289330546234)",0.5676037356415378,742.7435302734375,-0.2069872479968714,1.2332614654292402,249.2576000004192
10,9,51,"(112.5, 387.5, 6.700045574866817)",0.5504995446765202,740.8290405273438,-0.2209490372797375,1.2403579296726002,247.17940000118688
10,9,54,"(137.5, 412.5, 9.458994007438445)",0.6904977735057307,748.4451293945312,-0.226765851495062,0.7649186104223987,247.2502999989956
10,9,57,"(162.5, 437.5, 13.254586740016286)",0.7074796697708798,760.963623046875,-0.2496946871365217,0.4953663955249449,249.48670000230777
10,9,60,"(187.5, 462.5, 18.15511649450833)",0.2366870354324154,796.990966796875,-0.2083112903492972,0.1423249165083459,247.4904000009701
10,9,63,"(212.5, 437.5, 19.809611758762614)",0.0271464659255808,859.4930419921875,-0.2015600425404682,0.0188516447090279,248.70409999857657
10,0,0,"(187.5, 387.5, 11.364582883745452)",1.0404911738708968,744.0358276367188,-0.2375396591566124,1.5045671085796355,246.07010000181617
10,0,3,"(237.5, 387.5, 13.016039592385813)",0.6545358248726043,757.6483764648438,-0.2218238662941357,0.5589514776765572,249.1005999982008
10,0,6,"(262.5, 362.5, 9.841761282285685)",0.3669813190885013,755.4926147460938,-0.2077372602927075,0.7840631347950459,244.93910000092
10,0,9,"(237.5, 337.5, 7.894671343450355)",0.4901261126830844,745.6141967773438,-0.2102987231385592,1.1151165685017808,248.78850000095557
10,0,12,"(187.5, 337.5, 7.2238068944948735)",0.6021082906035297,742.2012939453125,-0.2033626467122096,1.4038234069970348,251.7666999992798
10,0,15,"(187.5, 387.5, 11.364582883745452)",0.6574207195342054,754.55419921875,-0.2093633738614319,0.9180596624357196,254.11460000032093
10,0,18,"(237.5, 387.5, 13.016039592385813)",0.5696673873920315,760.0745849609375,-0.2202097695347765,0.4595737787600457,250.24499999926772
10,0,21,"(262.5, 362.5, 9.841761282285685)",0.3775811911307764,755.1312866210938,-0.2078210871113041,0.783652908297626,252.75610000244345
10,0,24,"(237.5, 337.5, 7.894671343450355)",0.4959841370030473,745.955322265625,-0.2102966779519331,1.1150872057709018,251.88250000064727
10,0,27,"(212.5, 312.5, 6.0337808765239185)",0.467909740805159,741.524658203125,-0.2036616280679494,1.5347508108060768,250.11720000111384
10,0,30,"(187.5, 287.5, 4.484402965683246)",0.404741640357577,738.7645263671875,-0.2022149167231831,1.9124272841337115,253.77369999841903
10,0,33,"(137.5, 287.5, 3.720264207629609)",0.4201952308044708,737.666259765625,-0.2109270448113007,2.1287124233825856,248.742099996889
10,0,36,"(137.5, 337.5, 5.675677129206918)",0.5812180022574736,740.5768432617188,-0.2157406598949779,1.525522341141598,247.3322999976517
10,0,39,"(137.5, 387.5, 8.184609533832969)",0.6906055562001746,742.9791259765625,-0.224393972772391,1.1628832634032973,252.8448999983084
10,0,42,"(112.5, 412.5, 7.580708003809701)",0.6285682663188071,743.7537841796875,-0.2237617532221926,1.092317491073939,249.92980000024545
10,0,45,"(137.5, 437.5, 10.499382396270086)",0.7470304821150331,748.6133422851562,-0.2436164463165583,0.8038821843797737,248.7719000018842
10,0,48,"(162.5, 462.5, 14.173358874352427)",0.6406097416096801,764.0553588867188,-0.2579037371247952,0.5703849989924394,246.26599999828613
10,1,0,"(187.5, 387.5, 11.364582883745452)",1.046426214694838,744.2294921875,-0.2375396591566124,1.5045671157268743,249.1119999976945
10,1,3,"(187.5, 437.5, 16.502195647044346)",0.6670248482907188,782.8514404296875,-0.2603631423560755,0.4598508912487314,249.93869999889284
10,1,6,"(162.5, 462.5, 14.173358874352427)",0.7089183718020816,770.2330322265625,-0.3361027745231754,0.5439656582390253,354.0748000013991
10,2,0,"(187.5, 387.5, 11.364582883745452)",1.0461650567844962,744.0218505859375,-0.2375396591566123,1.504567115789026,253.58280000000377
10,2,3,"(237.5, 387.5, 13.016039592385813)",0.6510045410421231,756.5634765625,-0.2218238662941357,0.5589514621884321,251.2764999992214
10,2,6,"(262.5, 362.5, 9.841761282285685)",0.3884976386662196,755.2349243164062,-0.2077372602927075,0.7840630722991457,254.9328999994032
10,2,9,"(212.5, 362.5, 9.863883753989105)",0.6416364390052182,749.4771118164062,-0.2037656277447867,0.9187075046376522,255.76899999941816
10,2,12,"(212.5, 412.5, 15.910281935579775)",0.4742570923878029,766.520263671875,-0.1971271495611803,0.4070062957532504,248.91030000071623
10,3,0,"(187.5, 387.5, 11.364582883745452)",1.0379698345658206,744.01806640625,-0.2375396591566124,1.5045670857440627,251.70319999961063
10,3,3,"(187.5, 437.5, 16.502195647044346)",0.6720288800608101,782.2683715820312,-0.2603631423560755,0.4598508769795031,253.10300000273853
10,3,6,"(162.5, 462.5, 14.173358874352427)",0.7180282247297944,773.6025390625,-0.3361027745231753,0.5439657592584742,356.2544000014896
10,4,0,"(187.5, 387.5, 11.364582883745452)",1.0442785240384396,744.2010498046875,-0.2375396591566123,1.5045670684125685,262.88320000094245
10,4,3,"(187.5, 437.5, 16.502195647044346)",0.6719876930646,782.85400390625,-0.2603631423560755,0.459850813958826,251.94610000107787
10,4,6,"(162.5, 462.5, 14.173358874352427)",0.7208307290425781,770.2615356445312,-0.3361027745231754,0.5439657107395461,356.8325000014738
10,5,0,"(187.5, 387.5, 11.364582883745452)",1.0427606135635563,743.8578491210938,-0.2375396591566123,1.5045671191768113,251.51479999840376
10,5,3,"(237.5, 387.5, 13.016039592385813)",0.6569485617889388,757.0091552734375,-0.2218238662941356,0.5589514800186893,252.70689999888415
10,5,6,"(262.5, 362.5, 9.841761282285685)",0.3754236732949084,755.4868774414062,-0.2077372602927075,0.7840630642389438,245.8418000023812
10,5,9,"(237.5, 337.5, 7.894671343450355)",0.4953575853229692,745.7810668945312,-0.2102987231385592,1.1151165884118732,246.5035999994143
10,5,12,"(187.5, 337.5, 7.2238068944948735)",0.6027845263064714,741.9712524414062,-0.2033626467122096,1.4038233957487103,249.7457999998005
10,5,15,"(187.5, 387.5, 11.364582883745452)",0.653115156668275,754.845703125,-0.2093633738614319,0.9180596377641056,245.94340000112425
10,5,18,"(237.5, 387.5, 13.016039592385813)",0.5602388995604736,760.7704467773438,-0.2202097695347765,0.4595737699982737,253.9636000001337
10,5,21,"(262.5, 362.5, 9.841761282285685)",0.3764623471697443,754.8667602539062,-0.2078210871113041,0.7836529498059749,252.02960000024177
10,5,24,"(237.5, 337.5, 7.894671343450355)",0.491397068823609,745.82470703125,-0.2102966779519331,1.1150871656191963,253.0551000018022
10,5,27,"(187.5, 337.5, 7.2238068944948735)",0.602407650284745,742.1305541992188,-0.2033626119158319,1.4038230868135135,252.0401000001584
10,5,30,"(187.5, 387.5, 11.364582883745452)",0.6540237158666904,754.3782348632812,-0.2093633738614298,0.9180596744111486,251.38850000075763
10,5,33,"(237.5, 387.5, 13.016039592385813)",0.5766015064668631,759.7586669921875,-0.2202097695347766,0.459573835303242,249.4507999981579
10,5,36,"(262.5, 362.5, 9.841761282285685)",0.3771026076371231,755.493408203125,-0.2078210871113041,0.783652948131472,253.5648000011861
10,5,39,"(237.5, 337.5, 7.894671343450355)",0.4947887396335142,745.6475219726562,-0.2102966779519331,1.1150871815571548,249.11259999862523
10,5,42,"(187.5, 337.5, 7.2238068944948735)",0.5964476246385475,741.8841552734375,-0.2033626119158319,1.4038230339730475,248.87569999918924
10,5,45,"(187.5, 387.5, 11.364582883745452)",0.6605927749418765,754.3692016601562,-0.2093633738614298,0.9180596314663686,245.9682000007888
10,5,48,"(237.5, 387.5, 13.016039592385813)",0.5620142580417585,760.46240234375,-0.2202097695347766,0.4595737674314614,248.00260000120036
10,5,51,"(287.5, 387.5, 11.306348749090457)",0.8237010198655792,749.3904418945312,-0.2585278436864173,0.8111491939254709,246.21979999938048
10,5,54,"(287.5, 437.5, 16.365669713099226)",0.692195096430642,780.76904296875,-0.2811685794600815,0.4642541032635713,248.8379999995232
10,5,57,"(237.5, 437.5, 21.459341898515387)",0.0646679821086877,850.6864624023438,-0.2795627926921262,0.0354322461530076,249.1345000016736
10,6,0,"(187.5, 387.5, 11.364582883745452)",1.035937970579117,744.0546875,-0.2375396591566124,1.5045671267688172,249.0295999996306
10,6,3,"(237.5, 387.5, 13.016039592385813)",0.652651770959215,756.5491333007812,-0.2218238662941357,0.5589514825635714,247.4886999989394
10,6,6,"(262.5, 362.5, 9.841761282285685)",0.3782756788209712,755.3700561523438,-0.2077372602927076,0.7840631051419878,250.0570999982301
10,6,9,"(237.5, 337.5, 7.894671343450355)",0.495037781260026,746.0761108398438,-0.2102987231385592,1.1151165761791488,249.42680000094697
10,6,12,"(187.5, 337.5, 7.2238068944948735)",0.6075580802139022,742.0446166992188,-0.2033626467122096,1.403823367087345,251.31730000066452
10,6,15,"(187.5, 387.5, 11.364582883745452)",0.6575310678662296,754.342041015625,-0.2093633738614319,0.9180596543214414,248.048800000106
10,6,18,"(187.5, 437.5, 16.502195647044346)",0.5575141504546274,786.5966796875,-0.264292249335088,0.3722050384821738,250.3126000010525
10,7,0,"(187.5, 387.5, 11.364582883745452)",1.0391220367768863,743.7036743164062,-0.2375396591566124,1.5045670787311591,257.08529999974417
10,7,3,"(187.5, 437.5, 16.502195647044346)",0.6639598877488734,782.4508056640625,-0.2603631423560755,0.4598508919561335,250.5114000014146
10,8,0,"(187.5, 387.5, 11.364582883745452)",1.0424597212128808,744.204833984375,-0.2375396591566124,1.504567116347865,253.06130000171837
10,8,3,"(187.5, 437.5, 16.502195647044346)",0.6738429545810515,781.986083984375,-0.2603631423560755,0.4598508722092433,249.0041000019119
10,8,6,"(162.5, 462.5, 14.173358874352427)",0.7221119705398811,772.5099487304688,-0.3361027745231753,0.5439657250807741,352.9631000019436
10,8,9,"(187.5, 487.5, 17.803971808826255)",0.5753750942169277,610.3682250976562,-0.5124593392680878,0.3291398831405833,250.4016999992018
10,9,0,"(187.5, 387.5, 11.364582883745452)",1.0414942664583324,744.1161499023438,-0.2375396591566123,1.5045671122804951,254.58920000164653
10,9,3,"(187.5, 437.5, 16.502195647044346)",0.6735592079802659,781.9902954101562,-0.2603631423560755,0.4598508635742813,250.8280999973067
10,9,6,"(162.5, 462.5, 14.173358874352427)",0.7221343285862678,772.2153930664062,-0.3361027745231754,0.5439656535405917,355.9156000010262
10,0,0,"(212.5, 487.5, 22.32743679833657)",0.6368526948000132,592.114013671875,-0.4546928659567608,0.2858666203437129,250.35770000249613
10,0,3,"(212.5, 487.5, 22.32743679833657)",0.0799416537360352,590.4232788085938,-0.6277385055191261,0.0376148346309063,247.9413000000932
10,0,6,"(187.5, 487.5, 17.803971808826255)",0.089009022056301,657.3071899414062,-0.5099533628943007,0.0498327504206448,249.41589999798447
10,1,0,"(212.5, 487.5, 22.32743679833657)",0.6316482908178102,592.1768188476562,-0.4546928659567608,0.2858667363923653,249.540299999353
10,1,3,"(212.5, 487.5, 22.32743679833657)",0.0810094817350813,597.080322265625,-0.6277385055191261,0.0376149031176244,247.43690000104837
10,2,0,"(212.5, 487.5, 22.32743679833657)",0.6291248666691991,592.7240600585938,-0.4546928659567608,0.2858666495002696,247.03800000133924
10,2,3,"(212.5, 487.5, 22.32743679833657)",0.0823812537224123,597.6905517578125,-0.6277385055191259,0.0376147623498456,250.0256999992416
10,3,0,"(212.5, 487.5, 22.32743679833657)",0.64150324562828,591.6748046875,-0.4546928659567607,0.2858667563205129,249.7860999974364
10,3,3,"(212.5, 487.5, 22.32743679833657)",0.080824029137116,590.776611328125,-0.627738505519126,0.0376148100727661,248.75690000044412
10,4,0,"(212.5, 487.5, 22.32743679833657)",0.6425769223545147,592.1788940429688,-0.4546928659567608,0.2858667245534265,247.05600000015693
10,4,3,"(212.5, 487.5, 22.32743679833657)",0.0779680164349011,603.9784545898438,-0.627738505519126,0.0376148647847577,247.93470000076923
10,5,0,"(212.5, 487.5, 22.32743679833657)",0.6387560776737328,591.9508666992188,-0.4546928659567607,0.2858666776166914,246.1436000012327
10,5,3,"(212.5, 487.5, 22.32743679833657)",0.084829603531289,583.8348388671875,-0.627738505519126,0.03761483396438,246.0283000000345
10,6,0,"(212.5, 487.5, 22.32743679833657)",0.6389465684686636,591.779541015625,-0.4546928659567607,0.285866702800692,253.4715000001597
10,6,3,"(212.5, 487.5, 22.32743679833657)",0.0850987817992523,604.0032958984375,-0.627738505519126,0.0376148270055295,250.16239999968093
10,6,6,"(187.5, 487.5, 17.803971808826255)",0.0952368852048152,656.208740234375,-0.5099533628943007,0.049832632633172,248.1563000001188
10,7,0,"(212.5, 487.5, 22.32743679833657)",0.6402195990375895,592.0328369140625,-0.4546928659567608,0.2858667611686523,247.72650000159047
10,7,3,"(212.5, 487.5, 22.32743679833657)",0.082190489610239,597.0908813476562,-0.6277385055191259,0.037614834208978,250.009700001101
10,7,6,"(187.5, 487.5, 17.803971808826255)",0.0896259612749683,656.4852294921875,-0.5099533628943006,0.0498327223654752,248.30279999878255
10,8,0,"(212.5, 487.5, 22.32743679833657)",0.6369254772325138,591.22216796875,-0.4546928659567608,0.2858666277113525,250.64760000168465
10,8,3,"(212.5, 487.5, 22.32743679833657)",0.076932712111513,590.7830810546875,-0.627738505519126,0.0376148931659,251.3318000019353
10,9,0,"(212.5, 487.5, 22.32743679833657)",0.636542929070468,591.9407958984375,-0.4546928659567608,0.2858667700965165,246.484799998143
10,9,3,"(212.5, 487.5, 22.32743679833657)",0.0797421901853466,597.08984375,-0.627738505519126,0.0376148729956506,249.479699999938
