resolution,trial,step,observation,info_gain,pred_divergence,expected_accuracy,expected_Qs_entropy,inference_time_ms
5,0,0,"(437.5, 412.5, 3.7158125367455015)",0.7099893145876149,737.2427978515625,-0.2927820735631412,2.0232623921557256,119.84379999921657
5,0,1,"(412.5, 412.5, 4.71743372998353)",0.35273135952180534,0.0,-0.5176684852365693,1.2618184031987065,232.2098000004189
5,0,2,"(387.5, 412.5, 5.968521653217249)",0.05962426463761309,0.0,-0.759789372012562,1.0728807049299673,229.30629999973462
5,0,3,"(387.5, 412.5, 5.968521653217249)",0.4597117878160046,742.28662109375,-0.24519124676011625,1.1963838484436573,119.44719999883091
5,0,4,"(362.5, 412.5, 7.512358105982148)",0.6696590946404416,0.0,-0.5362459594183637,0.7570708110055174,230.56740000174614
5,0,5,"(337.5, 412.5, 9.377700043801939)",0.000598165672276693,0.0,-0.789179000744569,0.0743671284304468,238.37759999878472
5,0,6,"(337.5, 412.5, 9.377700043801939)",0.14416236133029975,766.2852172851562,-0.2724943076079763,0.18547825716284982,121.1896999993769
5,0,7,"(337.5, 437.5, 10.400297021568935)",0.6200382179425695,0.0,-0.5836024948898697,0.6417345532585974,227.93219999948633
5,0,8,"(362.5, 437.5, 8.184609533832969)",0.039558028181367395,0.0,-0.9805232455081936,0.2024660234863221,273.7291000012192
5,0,9,"(362.5, 437.5, 8.184609533832969)",0.47434381788691854,745.4378051757812,-0.2871211862308368,0.6257160706675725,122.24920000153361
5,0,10,"(337.5, 437.5, 10.400297021568935)",0.7287365212110014,0.0,-0.7229569252125956,0.42971361909784755,207.8533999992942
5,0,11,"(337.5, 462.5, 10.942007264844266)",0.051804820696530675,0.0,-1.2060329984283293,0.33366379834722243,300.3296999995655
5,0,12,"(337.5, 462.5, 10.942007264844266)",0.7333321968265972,755.3578491210938,-0.3618746476828267,0.7352644710597,160.76419999808422
5,0,13,"(312.5, 462.5, 14.033224262378283)",2.0920971208304633e-06,0.0,-0.8226025916817256,0.00022254788173233954,229.94480000124895
5,0,14,"(287.5, 462.5, 17.977012825427398)",5.169373859340944e-07,0.0,-1.3905139672360574,7.242639016501181e-08,246.66570000044885
5,0,15,"(287.5, 462.5, 17.977012825427398)",0.0314199789510964,857.3221435546875,-0.5679102477281459,0.022218608091259737,127.62870000005933
5,1,0,"(437.5, 412.5, 3.7158125367455015)",0.7180229310118176,737.1724243164062,-0.29278207356314123,2.023262372484878,122.77630000244244
5,1,1,"(412.5, 412.5, 4.71743372998353)",0.3560824077974368,0.0,-0.5176684852365694,1.2618184031987065,233.61940000177128
5,1,2,"(387.5, 412.5, 5.968521653217249)",0.057920445998498334,0.0,-0.7597893720125619,1.0728807049299671,226.37849999955506
5,1,3,"(387.5, 412.5, 5.968521653217249)",0.4583911928525432,742.0872802734375,-0.24519124676011628,1.1963838736064654,121.7205000029935
5,1,4,"(362.5, 412.5, 7.512358105982148)",0.6858318542301605,0.0,-0.5362459594183637,0.7570708110055175,237.17120000219438
5,1,5,"(337.5, 412.5, 9.377700043801939)",0.001775953453034685,0.0,-0.7891790007445691,0.0743671284304468,241.85010000292095
5,1,6,"(337.5, 412.5, 9.377700043801939)",0.14261665596639408,766.0239868164062,-0.27249430760797627,0.18547827260073485,123.70809999993071
5,1,7,"(337.5, 437.5, 10.400297021568935)",0.6259071143682371,0.0,-0.5836024948898699,0.641734553061687,233.08539999925415
5,1,8,"(362.5, 437.5, 8.184609533832969)",0.026933128635125914,0.0,-0.9805232455081933,0.20246602348632203,271.8408000000636
5,1,9,"(362.5, 437.5, 8.184609533832969)",0.47477869784766946,745.4041137695312,-0.2871211862308367,0.6257160485568267,125.47279999853345
5,1,10,"(337.5, 437.5, 10.400297021568935)",0.7260544313847105,0.0,-0.7229569252125956,0.42971361888720405,207.442800001445
5,1,11,"(312.5, 437.5, 13.134116007120344)",0.22683884700140447,0.0,-1.4840881959309105,0.5022781529055746,249.28469999940717
5,1,12,"(312.5, 437.5, 13.134116007120344)",0.6516788251247393,763.703857421875,-0.4361250861253094,0.6808900874148458,121.79159999868716
5,1,13,"(287.5, 437.5, 16.365669713099226)",0.07578737004955595,0.0,-1.9932555391847695,0.04195264884022759,240.71269999694778
5,1,14,"(262.5, 437.5, 19.691492564685472)",9.761152995423164e-08,0.0,-4.290807649275083,4.847697225710955e-06,266.71580000038375
5,1,15,"(262.5, 437.5, 19.691492564685472)",0.003432366779968825,856.8884887695312,-2.2978238646245273,0.0012756648562413317,123.27550000190968
5,1,16,"(262.5, 437.5, 19.691492564685472)",7.750869020741129e-07,0.0,-4.595647729172418,3.874330863831011e-06,200.08100000268314
5,2,0,"(437.5, 412.5, 3.7158125367455015)",0.7123291131206069,737.3095092773438,-0.29278207356314123,2.0232623892549104,120.19130000044242
5,2,1,"(412.5, 412.5, 4.71743372998353)",0.32730701223178504,0.0,-0.5176684852365692,1.2618184031987063,228.03299999941373
5,2,2,"(387.5, 412.5, 5.968521653217249)",0.053960154453923215,0.0,-0.759789372012562,1.0728807049299673,227.95359999872744
5,2,3,"(387.5, 412.5, 5.968521653217249)",0.4574798929564438,742.120361328125,-0.24519124676011628,1.1963838597459426,120.66129999948316
5,2,4,"(362.5, 412.5, 7.512358105982148)",0.7012138041631735,0.0,-0.5362459594183636,0.7570708110055177,232.68719999759924
5,2,5,"(337.5, 412.5, 9.377700043801939)",0.002356105328848818,0.0,-0.7891790007445693,0.07436712843044678,235.76699999830453
5,2,6,"(337.5, 412.5, 9.377700043801939)",0.14394491774656573,766.383056640625,-0.2724943076079763,0.1854782617628083,126.12860000081128
5,2,7,"(337.5, 437.5, 10.400297021568935)",0.6165509122890145,0.0,-0.5836024948898696,0.6417345532465352,232.8825999975379
5,2,8,"(362.5, 437.5, 8.184609533832969)",0.03838405509786718,0.0,-0.9805232455081935,0.20246602348632203,272.6409999995667
5,2,9,"(362.5, 437.5, 8.184609533832969)",0.471248939551297,745.2538452148438,-0.28712118623083677,0.6257161007842503,124.93820000236155
5,2,10,"(337.5, 437.5, 10.400297021568935)",0.7232718251243964,0.0,-0.7229569252125956,0.42971361903677513,206.06639999823528
5,2,11,"(337.5, 462.5, 10.942007264844266)",0.05180466175082148,0.0,-1.2060329984283296,0.33366379834722254,300.165200002084
5,2,12,"(337.5, 462.5, 10.942007264844266)",0.7287906982720106,755.5086669921875,-0.3618746476828267,0.7352644273973689,156.9683999987319
5,2,13,"(312.5, 462.5, 14.033224262378283)",2.0920971208304637e-06,0.0,-0.8226025916817253,0.00022254788173233954,226.79950000019744
5,2,14,"(287.5, 462.5, 17.977012825427398)",5.169373859340944e-07,0.0,-1.3905139672360574,7.242639016501181e-08,246.91520000124
5,2,15,"(287.5, 462.5, 17.977012825427398)",0.033827187292450586,853.4109497070312,-0.5679102477281458,0.022218551921014372,121.35669999770471
5,3,0,"(437.5, 412.5, 3.7158125367455015)",0.7152447892038211,737.2135009765625,-0.2927820735631413,2.02326237822162,122.37939999977243
5,3,1,"(437.5, 387.5, 3.41874755045311)",0.565401875200614,0.0,-0.5457140624068212,1.5183809666647832,235.48380000283942
5,3,2,"(412.5, 387.5, 4.295992126710907)",0.12038587530453952,0.0,-0.8323080756969763,1.2480887448820388,223.80560000237892
5,3,3,"(412.5, 387.5, 4.295992126710907)",0.6291627505242064,739.0051879882812,-0.2818171573716006,1.3208669786321203,121.5135000020382
5,3,4,"(387.5, 387.5, 5.365977503075057)",0.8944378043708094,0.0,-0.5880133526950172,0.8778186457751955,228.18079999706242
5,3,5,"(362.5, 387.5, 6.644563227708976)",0.16931400696438115,0.0,-0.9553837414187984,0.7669751422859192,227.1139000004041
5,3,6,"(362.5, 387.5, 6.644563227708976)",0.7845511794085673,740.5918579101562,-0.3260092083259555,1.3221114182180673,119.75040000106674
5,3,7,"(337.5, 387.5, 8.122025837780313)",0.24582772753394966,0.0,-0.5311103071491634,0.29507793113969993,232.23000000143657
5,3,8,"(312.5, 387.5, 9.73254467824523)",0.012069000552299305,0.0,-1.1889941772190558,0.059122397884307634,225.2623999993375
5,3,9,"(312.5, 387.5, 9.73254467824523)",0.4811152533991887,752.7640991210938,-0.6668613618656937,0.5567967438880614,119.97160000100848
5,3,10,"(287.5, 387.5, 11.306348749090457)",0.3527888480053348,0.0,-1.6257081211692945,0.21118422564413078,231.28129999895464
5,3,11,"(262.5, 387.5, 12.530028997518446)",0.02410619954271629,0.0,-1.6440843028889582,0.07847316152817868,269.06939999753376
5,3,12,"(262.5, 387.5, 12.530028997518446)",0.2744623914534959,764.7003784179688,-0.5845164721487055,0.33391501907930626,172.42059999989579
5,3,13,"(262.5, 412.5, 15.847883528411389)",0.28947791581640103,0.0,-2.0820677819456916,0.13012744598443118,227.62409999995725
5,3,14,"(262.5, 412.5, 15.847883528411389)",-2.633193313765029e-07,0.0,-2.236787580859215,0.08417668741066422,227.88159999981872
5,3,15,"(262.5, 412.5, 15.847883528411389)",0.006148449305874431,818.2097778320312,-0.22055606836686792,0.006513119345353681,121.49860000135959
5,3,16,"(262.5, 387.5, 12.530028997518446)",0.026622770773808105,0.0,-2.2239965748772743,0.020215178134492313,207.95660000294447
5,3,17,"(262.5, 362.5, 9.841761282285685)",0.0035482260088192654,0.0,-2.396508210683231,0.015404784738149751,278.2895999989705
5,3,18,"(262.5, 362.5, 9.841761282285685)",0.18377070515602018,758.4985961914062,-0.3113108514923597,0.2138923848948839,123.55999999999767
5,3,19,"(287.5, 362.5, 9.065091200270214)",0.7941316983543987,0.0,-0.5684872125873954,0.8867172443778484,233.1015000017942
5,3,20,"(312.5, 362.5, 7.999359988870806)",0.00872818628949245,0.0,-0.6775706648942825,0.15405515569527936,239.27959999855375
5,3,21,"(312.5, 362.5, 7.999359988870806)",0.24660189380514713,754.7097778320312,-0.22880526508558094,0.4374286146407277,118.22820000088541
5,3,22,"(337.5, 362.5, 6.836404624384365)",0.1925751859657647,0.0,-0.45769290880956637,0.1958332955136292,222.69040000173845
5,3,23,"(362.5, 362.5, 5.709929773131825)",0.002374015748497555,0.0,-0.6908157487344793,0.02840435224063056,221.7461000000185
5,3,24,"(362.5, 362.5, 5.709929773131825)",0.22684755194567066,746.4379272460938,-0.2331981848127619,0.39486884661872473,121.6896000005363
5,3,25,"(362.5, 337.5, 4.801447242030367)",0.9105033834596219,0.0,-0.6207460478123455,1.07052818114693,242.6612000017485
5,3,26,"(362.5, 362.5, 5.709929773131825)",0.14064264297483228,0.0,-1.029253645307545,0.9514418912841185,226.6237000003457
5,3,27,"(362.5, 362.5, 5.709929773131825)",0.5632587801737562,743.8213500976562,-0.26557345062789356,0.9261550889927108,120.45579999903566
5,3,28,"(362.5, 387.5, 6.644563227708976)",0.7342526527069031,0.0,-0.6084926992318206,0.8106093349781002,231.7296000001079
5,3,29,"(362.5, 412.5, 7.512358105982148)",0.09045217434583475,0.0,-1.1078725939314844,0.7270723910183615,316.83630000043195
5,3,30,"(362.5, 412.5, 7.512358105982148)",0.6367190226622932,754.3588256835938,-0.4019696974742932,0.8117678982489762,172.94780000156607
5,3,31,"(362.5, 437.5, 8.184609533832969)",0.6379942409780727,0.0,-0.5864035706141608,0.5055035724370461,238.30739999903017
5,3,32,"(337.5, 437.5, 10.400297021568935)",0.07993651926522802,0.0,-0.9875270076632782,0.1995595894118675,262.78200000160723
5,3,33,"(337.5, 437.5, 10.400297021568935)",0.5777219119044226,753.3207397460938,-0.42799755117780225,0.49281452320625446,119.69110000063665
5,3,34,"(312.5, 437.5, 13.134116007120344)",0.6626600656513109,0.0,-0.8803384356691589,0.6639193123790641,204.71900000120513
5,3,35,"(287.5, 437.5, 16.365669713099226)",0.008691723768419639,0.0,-2.4817123298088344,0.24883798233956525,263.1486999998742
5,3,36,"(287.5, 437.5, 16.365669713099226)",0.6264314641521755,778.10400390625,-0.3181858832703668,0.428864456494234,123.62669999856735
5,3,37,"(312.5, 437.5, 13.134116007120344)",0.12633772646198452,0.0,-2.001707499397991,0.053342181210681114,216.66610000102082
5,3,38,"(287.5, 437.5, 16.365669713099226)",-6.420789239254968e-08,0.0,-2.531740562717199,4.331645126109516e-09,240.76609999974607
5,3,39,"(287.5, 437.5, 16.365669713099226)",0.0024237782263319264,817.164306640625,-0.23842223644814065,0.002606698480854949,123.25679999776185
5,3,40,"(312.5, 437.5, 13.134116007120344)",0.133343333213193,0.0,-2.1151633600975694,0.05443687279574407,224.68630000003031
5,3,41,"(287.5, 437.5, 16.365669713099226)",-6.411983869782214e-08,0.0,-2.531740503468294,1.317082975843054e-09,238.08140000255662
5,3,42,"(287.5, 437.5, 16.365669713099226)",0.0031229952541892607,817.164306640625,-0.2384222363389808,0.002198281889477497,122.13369999881252
5,3,43,"(312.5, 437.5, 13.134116007120344)",0.1267327548590079,0.0,-2.122626821140196,0.05670402580384823,223.41129999767873
5,3,44,"(312.5, 462.5, 14.033224262378283)",4.358201598127684e-07,0.0,-2.447193526452311,5.012722629371239e-05,238.0310999978974
5,3,45,"(312.5, 462.5, 14.033224262378283)",0.0012984119257403383,814.9884033203125,-0.45422294040507455,0.0013867632095036385,119.66810000012629
5,3,46,"(287.5, 462.5, 17.977012825427398)",2.658756209099519e-06,0.0,-1.0221332636974902,4.238707205581683e-05,218.79730000000563
5,4,0,"(437.5, 412.5, 3.7158125367455015)",0.7154024321705925,737.4826049804688,-0.2927820735631413,2.023262368034771,124.72849999903701
5,4,1,"(437.5, 387.5, 3.41874755045311)",0.5701438452600812,0.0,-0.5457140624068211,1.5183809667478925,234.6332999986771
5,4,2,"(412.5, 387.5, 4.295992126710907)",0.12204073866206233,0.0,-0.8323080756969763,1.2480887448820388,226.4173999974446
5,4,3,"(412.5, 387.5, 4.295992126710907)",0.632060323580757,738.7161254882812,-0.2818171573716007,1.320866978561018,122.36660000053234
5,4,4,"(387.5, 387.5, 5.365977503075057)",0.9126788515983439,0.0,-0.5880133526950172,0.8778186457751955,232.19330000210903
5,4,5,"(362.5, 387.5, 6.644563227708976)",0.17116477092106616,0.0,-0.9553837414187986,0.7669751422859192,227.6495000005525
5,4,6,"(362.5, 387.5, 6.644563227708976)",0.7901572333479052,740.7152099609375,-0.32600920832595554,1.3221114175764068,121.66299999807961
5,4,7,"(337.5, 387.5, 8.122025837780313)",0.286863679828137,0.0,-0.5311103071491634,0.2950779311397008,232.7502000007371
5,4,8,"(337.5, 412.5, 9.377700043801939)",0.04458067317813091,0.0,-0.7914185735604209,0.3046473681046972,286.9185000017751
5,4,9,"(337.5, 412.5, 9.377700043801939)",0.37622289735792513,753.6506958007812,-0.22615899023810357,0.5158350011972406,123.83079999926849
5,4,10,"(312.5, 412.5, 11.543004562335339)",0.018220547967149826,0.0,-0.5437144872210534,0.01724862320216763,232.6600000014878
5,4,11,"(287.5, 412.5, 13.851283065501828)",-2.4471470775703594e-08,0.0,-0.7911539201517002,4.349381351335507e-06,246.65309999909368
5,4,12,"(287.5, 412.5, 13.851283065501828)",0.041994825719080864,797.9769897460938,-0.24765759924268024,0.04078359086405443,122.23610000000917
5,4,13,"(287.5, 387.5, 11.306348749090457)",0.029193003386722777,0.0,-0.5517575662940352,0.02377111274192218,221.34119999827817
5,4,14,"(287.5, 362.5, 9.065091200270214)",-7.786729838699101e-08,0.0,-0.8677135948856988,5.29837095487989e-06,240.33889999918756
5,4,15,"(287.5, 362.5, 9.065091200270214)",0.07264448140531671,767.9354858398438,-0.3165091614707641,0.09095019169864058,121.49900000076741
5,4,16,"(287.5, 387.5, 11.306348749090457)",0.006948778503797961,0.0,-0.6200529184829011,0.00407709803580286,243.36749999929452
5,4,17,"(312.5, 387.5, 9.73254467824523)",0.046318625410396656,0.0,-1.3574931448593353,0.06493364231284433,274.40650000062305
5,4,18,"(312.5, 387.5, 9.73254467824523)",0.5718782015415013,780.8933715820312,-0.7160382088764308,0.5391691093344334,121.68390000078944
5,4,19,"(287.5, 387.5, 11.306348749090457)",0.7024210212493835,0.0,-1.5154232020420333,0.3850791066192027,215.8992999975453
5,4,20,"(262.5, 387.5, 12.530028997518446)",0.015209769209229182,0.0,-1.6310115709429067,0.05608595735726463,277.5901999993948
5,4,21,"(262.5, 387.5, 12.530028997518446)",0.2617335676189919,764.8533325195312,-0.5854014090255599,0.31407163942279126,171.62480000115465
5,4,22,"(262.5, 412.5, 15.847883528411389)",0.33360714476776926,0.0,-2.082228032694231,0.12757553508902444,231.4818999984709
5,4,23,"(262.5, 437.5, 19.691492564685472)",9.549780693430319e-08,0.0,-4.564623331127847,0.1971418713809297,312.06119999842485
5,4,24,"(262.5, 437.5, 19.691492564685472)",0.0017860775141879265,856.8884887695312,-2.297823864625727,0.0014753112028508266,124.73219999810681
5,4,25,"(262.5, 437.5, 19.691492564685472)",7.752595616989747e-07,0.0,-4.595647729172072,3.87433587498018e-06,202.59430000078282
5,5,0,"(437.5, 412.5, 3.7158125367455015)",0.716330024060042,737.2332153320312,-0.29278207356314123,2.0232623292410317,122.42510000214679
5,5,1,"(412.5, 412.5, 4.71743372998353)",0.33946725568530883,0.0,-0.5176684852365693,1.2618184031987068,233.92500000045402
5,5,2,"(387.5, 412.5, 5.968521653217249)",0.05228923757872547,0.0,-0.759789372012562,1.0728807049299673,230.4148000002897
5,5,3,"(387.5, 412.5, 5.968521653217249)",0.4542237894823578,742.2796630859375,-0.24519124676011625,1.1963838597739882,123.67729999823496
5,5,4,"(362.5, 412.5, 7.512358105982148)",0.6857884240092513,0.0,-0.5362459594183637,0.7570708110055175,231.209100002161
5,5,5,"(337.5, 412.5, 9.377700043801939)",0.0011900795313240784,0.0,-0.7891790007445691,0.0743671284304468,238.65920000025653
5,5,6,"(337.5, 412.5, 9.377700043801939)",0.13325227732845976,766.052001953125,-0.27249430760797627,0.1854782711113699,122.49330000122427
5,5,7,"(337.5, 437.5, 10.400297021568935)",0.625072596096024,0.0,-0.5836024948898699,0.6417345532357123,231.95830000258866
5,5,8,"(362.5, 437.5, 8.184609533832969)",0.03599669039247596,0.0,-0.9805232455081933,0.20246602348632203,276.2494000016886
5,5,9,"(362.5, 437.5, 8.184609533832969)",0.46801227965825376,745.5285034179688,-0.28712118623083677,0.6257161043819363,121.11120000190567
5,5,10,"(337.5, 437.5, 10.400297021568935)",0.7324460712987958,0.0,-0.7229569252125956,0.42971361887034754,207.36849999957485
5,5,11,"(312.5, 437.5, 13.134116007120344)",0.23397225141523706,0.0,-1.4840881959309105,0.5022781529055749,249.24000000100932
5,5,12,"(312.5, 437.5, 13.134116007120344)",0.6621155637976934,763.3636474609375,-0.4361250861253094,0.6808900726872616,127.789499998471
5,5,13,"(287.5, 437.5, 16.365669713099226)",0.06768776692937957,0.0,-1.993255539184769,0.041952648662875715,240.87429999781307
5,5,14,"(262.5, 437.5, 19.691492564685472)",9.623536561436663e-08,0.0,-4.290807649314382,4.847506205659074e-06,262.85790000110865
5,5,15,"(262.5, 437.5, 19.691492564685472)",0.002428139620983847,856.8884887695312,-2.2978238646245273,0.0012756632309438925,120.60840000049211
5,6,0,"(437.5, 412.5, 3.7158125367455015)",0.7165073582357836,737.360107421875,-0.2927820735631412,2.0232623700597054,124.34510000093724
5,6,1,"(437.5, 387.5, 3.41874755045311)",0.5699548290301552,0.0,-0.5457140624068212,1.5183809665991475,232.36929999984568
5,6,2,"(412.5, 387.5, 4.295992126710907)",0.12032793958979976,0.0,-0.8323080756969764,1.2480887448820388,222.9220000008354
5,6,3,"(412.5, 387.5, 4.295992126710907)",0.6305345274300405,738.9034423828125,-0.2818171573716007,1.3208669347687572,120.21780000213766
5,6,4,"(387.5, 387.5, 5.365977503075057)",0.8992126648395676,0.0,-0.5880133526950173,0.8778186457751953,234.02569999961997
5,6,5,"(362.5, 387.5, 6.644563227708976)",0.1727644006411201,0.0,-0.9553837414187987,0.7669751422859193,231.12689999834402
5,6,6,"(362.5, 387.5, 6.644563227708976)",0.7891547825853873,740.610107421875,-0.3260092083259554,1.3221114509591407,123.42239999998128
5,6,7,"(337.5, 387.5, 8.122025837780313)",0.2738735067980039,0.0,-0.5311103071491635,0.2950779311397007,233.57319999922765
5,6,8,"(337.5, 412.5, 9.377700043801939)",0.04639519751072398,0.0,-0.7914185735604209,0.3046473681046962,284.6175000013318
5,6,9,"(337.5, 412.5, 9.377700043801939)",0.3695807338444306,753.7119140625,-0.22615899023810362,0.515835015069628,120.57089999871096
5,6,10,"(362.5, 412.5, 7.512358105982148)",0.15793979649198608,0.0,-0.5410033835533093,0.23697996377547034,208.92240000102902
5,6,11,"(362.5, 437.5, 8.184609533832969)",0.03008669118084564,0.0,-0.8235165182317599,0.0837091073891543,228.67440000118222
5,6,12,"(362.5, 437.5, 8.184609533832969)",0.46765925635272354,745.0507202148438,-0.284861931195024,0.6360914805538108,122.75809999846388
5,6,13,"(337.5, 437.5, 10.400297021568935)",0.7097931172516473,0.0,-0.7218027778827779,0.4166285798434055,245.93850000019302
5,6,14,"(312.5, 437.5, 13.134116007120344)",0.2297190229098039,0.0,-1.4849341793474897,0.4976977555860737,246.99540000074194
5,6,15,"(312.5, 437.5, 13.134116007120344)",0.6617653238399953,763.3113403320312,-0.4374308063094123,0.6866408842903876,121.3748999980453
5,6,16,"(287.5, 437.5, 16.365669713099226)",0.09360851613675526,0.0,-1.9932588237654625,0.04195669189054509,243.37649999870337
5,6,17,"(262.5, 437.5, 19.691492564685472)",9.672124990905353e-08,0.0,-4.2908076496449095,4.8492155934774735e-06,260.0323999977263
5,6,18,"(262.5, 437.5, 19.691492564685472)",0.001231613526081951,856.8884887695312,-2.2978238646245277,0.0012756641364950574,121.77289999817731
5,7,0,"(437.5, 412.5, 3.7158125367455015)",0.7124392633122651,737.2013549804688,-0.29278207356314123,2.0232623712277595,126.39800000033574
5,7,1,"(412.5, 412.5, 4.71743372998353)",0.3557936278044724,0.0,-0.5176684852365692,1.2618184031987065,234.32020000109333
5,7,2,"(412.5, 437.5, 5.025427393027027)",0.05014943083127876,0.0,-0.7567586575878436,1.0810964967941858,224.00460000062594
5,7,3,"(412.5, 437.5, 5.025427393027027)",0.3581562436139742,738.6494750976562,-0.24510193215866238,1.24329724029151,121.61510000078124
5,7,4,"(387.5, 437.5, 6.419652941837749)",0.5825433592419307,0.0,-0.4972414593690633,0.7535074837381536,233.4417999991274
5,7,5,"(362.5, 437.5, 8.184609533832969)",0.07019863029322813,0.0,-0.7794697450427152,0.3519233993118848,231.68389999773353
5,7,6,"(362.5, 437.5, 8.184609533832969)",0.4465567984212459,747.9551391601562,-0.29489990911981406,0.4632030740680249,119.91679999846383
5,7,7,"(337.5, 437.5, 10.400297021568935)",0.7607084958838749,0.0,-0.7268811444047416,0.41730478574156016,190.4662000015378
5,7,8,"(312.5, 437.5, 13.134116007120344)",0.23076424996058426,0.0,-1.4861866331884364,0.5074004506942422,252.33229999867035
5,7,9,"(312.5, 437.5, 13.134116007120344)",0.6677455989271148,763.6181030273438,-0.43809090977506826,0.6894145412458752,120.39079999885871
5,7,10,"(287.5, 437.5, 16.365669713099226)",0.07673585715571178,0.0,-1.9932577483991296,0.04184335287779467,245.8924999991723
5,7,11,"(262.5, 437.5, 19.691492564685472)",9.725837071465583e-08,0.0,-4.290807648400897,4.843470415418001e-06,262.56909999938216
5,7,12,"(262.5, 437.5, 19.691492564685472)",0.001817480816791319,856.8884887695312,-2.2978238646245277,0.001275661352700502,120.87520000204677
5,7,13,"(237.5, 437.5, 21.459341898515387)",7.06722601845826e-07,0.0,-3.466164357848793,3.873652298433451e-06,233.03820000000997
5,8,0,"(437.5, 412.5, 3.7158125367455015)",0.7172191551832212,737.3029174804688,-0.29278207356314123,2.0232623336775677,121.53030000263243
5,8,1,"(412.5, 412.5, 4.71743372998353)",0.3426117622360836,0.0,-0.5176684852365692,1.2618184031987063,235.52630000267527
5,8,2,"(387.5, 412.5, 5.968521653217249)",0.05615463852881611,0.0,-0.759789372012562,1.0728807049299673,231.4315000003262
5,8,3,"(387.5, 412.5, 5.968521653217249)",0.4622918949902636,742.2098388671875,-0.24519124676011622,1.1963838662640212,120.36150000130874
5,8,4,"(362.5, 412.5, 7.512358105982148)",0.694495778028989,0.0,-0.5362459594183638,0.7570708110055177,231.08610000053886
5,8,5,"(337.5, 412.5, 9.377700043801939)",0.0029306144764036364,0.0,-0.7891790007445691,0.0743671284304468,235.91859999942244
5,8,6,"(337.5, 412.5, 9.377700043801939)",0.14039216262327542,766.1824340820312,-0.2724943076079764,0.18547824159348947,123.56210000143619
5,8,7,"(337.5, 437.5, 10.400297021568935)",0.6266884014532336,0.0,-0.5836024948898696,0.6417345533949024,234.09149999861256
5,8,8,"(362.5, 437.5, 8.184609533832969)",0.03789807856080624,0.0,-0.9805232455081934,0.2024660234863221,279.3015999995987
5,8,9,"(362.5, 437.5, 8.184609533832969)",0.47648565798575343,745.2736206054688,-0.2871211862308367,0.6257160688066283,120.9125999994285
5,8,10,"(337.5, 437.5, 10.400297021568935)",0.7681011189048549,0.0,-0.7229569252125957,0.42971361895096216,208.1319999997504
5,8,11,"(312.5, 437.5, 13.134116007120344)",0.235270122687015,0.0,-1.4840881959309105,0.5022781529055748,247.55759999970905
5,8,12,"(312.5, 437.5, 13.134116007120344)",0.6537178611634749,763.460205078125,-0.43612508612530937,0.6808900996501199,121.39960000058636
5,8,13,"(287.5, 437.5, 16.365669713099226)",0.07365386584995069,0.0,-1.9932555391847695,0.04195264858038657,240.46830000224872
5,8,14,"(262.5, 437.5, 19.691492564685472)",9.712690740065382e-08,0.0,-4.290807649288517,4.847631921971007e-06,264.8391000002448
5,8,15,"(262.5, 437.5, 19.691492564685472)",0.0024213219610185856,856.8884887695312,-2.2978238646245277,0.0012756562024116886,117.60629999844241
5,9,0,"(437.5, 412.5, 3.7158125367455015)",0.7128348869733264,737.1549072265625,-0.2927820735631412,2.023262349813533,122.96999999671243
5,9,1,"(437.5, 387.5, 3.41874755045311)",0.5667875936787721,0.0,-0.5457140624068212,1.5183809667466346,234.08850000123493
5,9,2,"(412.5, 387.5, 4.295992126710907)",0.11667449275655205,0.0,-0.8323080756969764,1.248088744882039,225.86489999957848
5,9,3,"(412.5, 387.5, 4.295992126710907)",0.6300680476381494,738.9428100585938,-0.28181715737160073,1.3208669588073612,122.4292000006244
5,9,4,"(387.5, 387.5, 5.365977503075057)",0.8989097097180667,0.0,-0.5880133526950171,0.8778186457751952,232.63439999936963
5,9,5,"(387.5, 412.5, 5.968521653217249)",0.08237440387406295,0.0,-0.9145472697543834,0.9028880057145997,295.0727999996161
5,9,6,"(387.5, 412.5, 5.968521653217249)",0.5451770718870734,742.0225219726562,-0.2668695574545465,1.3196110791501563,119.21150000125635
5,9,7,"(362.5, 412.5, 7.512358105982148)",0.6696012663982033,0.0,-0.5390205352245503,0.7686954468404195,232.05790000065463
5,9,8,"(337.5, 412.5, 9.377700043801939)",0.0011900795313319272,0.0,-0.789438325920787,0.07621085815953266,233.15789999833214
5,9,9,"(337.5, 412.5, 9.377700043801939)",0.14423702701496074,766.055908203125,-0.27250295081482573,0.1861567376797431,123.0464000000211
5,9,10,"(337.5, 437.5, 10.400297021568935)",0.6221818992265894,0.0,-0.5836109700349653,0.6418599740997185,233.03610000220942
5,9,11,"(362.5, 437.5, 8.184609533832969)",0.04144868751362188,0.0,-0.9805269695591807,0.202504887515404,277.32950000063283
5,9,12,"(362.5, 437.5, 8.184609533832969)",0.4667908507088516,745.5499267578125,-0.28712229676423945,0.62574432901154,126.37630000244826
5,9,13,"(337.5, 437.5, 10.400297021568935)",0.7205002176244599,0.0,-0.7229579452420398,0.42972373466550495,208.033399998385
5,9,14,"(312.5, 437.5, 13.134116007120344)",0.23480051755904588,0.0,-1.4840885009692197,0.5022806930515488,248.58250000033877
5,9,15,"(312.5, 437.5, 13.134116007120344)",0.6571844686952482,763.491943359375,-0.4361252259001928,0.6808906098186123,122.33770000239019
5,9,16,"(287.5, 437.5, 16.365669713099226)",0.07535577389697791,0.0,-1.9932555355829926,0.041952635607305354,241.44650000016554
5,9,17,"(262.5, 437.5, 19.691492564685472)",9.712364992452589e-08,0.0,-4.2908076492892375,4.8476284210243095e-06,260.4801999987103
5,9,18,"(262.5, 437.5, 19.691492564685472)",0.0020668986071108605,856.8884887695312,-2.297823864624528,0.001275673666507353,126.58770000052755
5,9,19,"(262.5, 437.5, 19.691492564685472)",7.760722605248838e-07,0.0,-4.595647729172061,3.874341581435653e-06,205.69090000208234
5,0,0,"(37.5, 437.5, 3.968016468858607)",0.506923728416057,733.3942260742188,-0.2565753444739743,1.7382767141535467,122.78599999990547
5,0,1,"(37.5, 412.5, 3.751648026446586)",0.3104851402784859,0.0,-0.48375012842281606,1.1938761003468412,233.6503000005905
5,0,2,"(37.5, 387.5, 3.4504418791542615)",0.0395521372556345,0.0,-0.7187602674455912,0.9801362834266805,230.9077999998408
5,0,3,"(37.5, 387.5, 3.4504418791542615)",0.2393552539779928,735.1395874023438,-0.22781570992418643,1.2885356256917406,122.18729999949574
5,0,4,"(62.5, 387.5, 4.334940067576602)",0.3083936379419478,0.0,-0.4590795598385309,1.0596756350341638,232.95859999780077
5,0,5,"(87.5, 387.5, 5.413067831237064)",0.010646021614484896,0.0,-0.6734736393510378,0.7277371773447708,230.75229999813018
5,0,6,"(87.5, 387.5, 5.413067831237064)",0.22884747523318558,743.3814697265625,-0.2252629077182836,0.915429191357722,122.39380000028177
5,0,7,"(87.5, 362.5, 4.730210615988501)",0.3050288135380444,0.0,-0.4658557459302885,0.7531825395181034,230.74890000134474
5,0,8,"(112.5, 362.5, 5.753213768936505)",0.028481538097074197,0.0,-0.6855085296279898,0.4234048891381339,228.29709999859915
5,0,9,"(112.5, 362.5, 5.753213768936505)",0.31131646858589923,743.5107421875,-0.22843656103929588,0.7171554721238562,121.2253999983659
5,0,10,"(112.5, 387.5, 6.700045574866817)",0.18679441655071338,0.0,-0.4505691563221367,0.4030414851999985,231.7864999968151
5,0,11,"(137.5, 387.5, 8.184609533832969)",0.017178763945889068,0.0,-0.678934094161659,0.2321817414864683,226.37790000226232
5,0,12,"(137.5, 387.5, 8.184609533832969)",0.3659126707200028,750.4165649414062,-0.22858721179086983,0.6992833682703059,123.74939999790513
5,0,13,"(137.5, 362.5, 6.88289330546234)",0.23476873371982543,0.0,-0.45115803248565667,0.24942659617795268,229.59079999782261
5,0,14,"(137.5, 337.5, 5.675677129206918)",0.0015943578134022924,0.0,-0.6852321818372812,0.024076018486937856,227.29809999873396
5,0,15,"(137.5, 337.5, 5.675677129206918)",0.19163753699745437,746.8081665039062,-0.23502510989492367,0.35396795385882507,117.78549999871757
5,0,16,"(137.5, 362.5, 6.88289330546234)",0.3197106081944714,0.0,-0.47276357118350404,0.4165322881303711,245.74589999974705
5,0,17,"(137.5, 387.5, 8.184609533832969)",0.0012489853737256205,0.0,-0.6859701538402152,0.0283368287702347,226.541999996698
5,0,18,"(137.5, 387.5, 8.184609533832969)",0.18252490061534216,756.2553100585938,-0.22143453326595133,0.2507502400945581,124.5595999971556
5,0,19,"(137.5, 412.5, 9.458994007438445)",0.16975237125393738,0.0,-0.45336966580084825,0.26336949787993075,248.1965000006312
5,0,20,"(137.5, 437.5, 10.499382396270086)",0.002607891956964203,0.0,-0.7175722971991907,0.022377993279814514,225.37350000129663
5,0,21,"(137.5, 437.5, 10.499382396270086)",0.23679760277835393,757.7318115234375,-0.2688575573037582,0.24162166807436702,120.72629999966011
5,0,22,"(112.5, 437.5, 8.264048786739911)",0.11758018636558998,0.0,-0.5271473594014398,0.08764436803208311,226.28200000326615
5,0,23,"(87.5, 437.5, 6.482612700641647)",1.5522042910257974e-07,0.0,-0.771509001857713,0.0005425617669553595,243.86210000011488
5,0,24,"(87.5, 437.5, 6.482612700641647)",0.02710345807540147,745.4955444335938,-0.24608510135913253,0.08647211494508164,119.36950000017532
5,0,25,"(112.5, 437.5, 8.264048786739911)",0.0287511091385374,0.0,-0.5034268294209456,0.03353608782136122,214.77280000181054
5,0,26,"(112.5, 462.5, 8.613227892873539)",6.50063157081604e-07,0.0,-0.8038866235733307,0.0003618969381138805,232.98269999941112
5,0,27,"(112.5, 462.5, 8.613227892873539)",0.14417964197521946,748.4974365234375,-0.3007004696341441,0.21473138079967263,121.8799999987823
5,0,28,"(112.5, 437.5, 8.264048786739911)",0.31161029306644994,0.0,-0.5570454823243413,0.2335078143149795,234.4210999981442
5,0,29,"(87.5, 437.5, 6.482612700641647)",1.5522042910257972e-07,0.0,-0.8038859608317244,0.0009084654881639584,247.53779999809922
5,0,30,"(87.5, 437.5, 6.482612700641647)",0.0253549847527769,745.64990234375,-0.24607311170880758,0.08011749871340444,123.3031999981904
5,0,31,"(87.5, 462.5, 6.711234702510277)",0.02414269332566083,0.0,-0.5152997350191969,0.03124192206300693,234.48089999874355
5,0,32,"(87.5, 437.5, 6.482612700641647)",0.0004324875771986218,0.0,-0.7614000767949716,0.0037002598306871554,224.95290000006207
5,0,33,"(87.5, 437.5, 6.482612700641647)",0.062296142120924776,745.4112548828125,-0.24623237769660025,0.1690933294575144,123.99390000064159
5,0,34,"(112.5, 437.5, 8.264048786739911)",0.028168654187436287,0.0,-0.5035786357571274,0.03817576228798248,211.53029999913997
5,0,35,"(112.5, 462.5, 8.613227892873539)",6.50063157081604e-07,0.0,-0.8038874660509393,0.0003721807760520945,231.7051000027277
5,0,36,"(112.5, 462.5, 8.613227892873539)",0.1443525378270672,748.1932373046875,-0.30070137876567715,0.21470779349143032,118.11660000239499
5,0,37,"(112.5, 437.5, 8.264048786739911)",0.28351536607932515,0.0,-0.5570547954066184,0.2330667124105717,230.6161999986216
5,0,38,"(87.5, 437.5, 6.482612700641647)",1.552204291025797e-07,0.0,-0.8038860043935767,0.0009080063437471294,241.94400000124006
5,0,39,"(87.5, 437.5, 6.482612700641647)",0.024781559002266106,745.5747680664062,-0.24607311910954718,0.08012484195047774,122.65330000082031
5,0,40,"(87.5, 462.5, 6.711234702510277)",0.02834154653625244,0.0,-0.515299771712127,0.031242803706845387,232.8964000007545
5,0,41,"(112.5, 462.5, 8.613227892873539)",0.004217877363158193,0.0,-0.8155919372258096,0.010331707640951432,233.8802999984182
5,0,42,"(112.5, 462.5, 8.613227892873539)",0.27613601724551573,746.8151245117188,-0.2986417364717314,0.3978511086537833,120.64620000091963
5,0,43,"(112.5, 437.5, 8.264048786739911)",0.2453842163471212,0.0,-0.5572652616704862,0.22136725168359922,237.66559999785386
5,0,44,"(112.5, 412.5, 7.580708003809701)",-2.092371382704113e-07,0.0,-0.7878095205667011,0.0020954912815460036,277.5900999986334
5,0,45,"(112.5, 412.5, 7.580708003809701)",0.039206497406544055,752.2909545898438,-0.23007224439668506,0.1439683147079251,125.54110000201035
5,0,46,"(112.5, 437.5, 8.264048786739911)",0.05457048423365396,0.0,-0.4879676341291928,0.06704397969913674,233.12649999934365
5,0,47,"(112.5, 462.5, 8.613227892873539)",6.50063157081604e-07,0.0,-0.7878238392181552,0.0010237943218818451,227.24060000109603
5,0,48,"(112.5, 462.5, 8.613227892873539)",0.1349001813411746,747.6839599609375,-0.3006561892882864,0.18548487694647942,122.10049999703187
5,0,49,"(87.5, 462.5, 6.711234702510277)",0.42368759526795335,0.0,-0.5709165136418484,0.35553271373915923,250.2442000004521
5,0,50,"(87.5, 437.5, 6.482612700641647)",1.5522042910257977e-07,0.0,-0.8154707280958704,0.014839928272411219,287.19230000206153
5,0,51,"(87.5, 437.5, 6.482612700641647)",0.03017894772930528,745.6192016601562,-0.24606553110166993,0.08141547601542752,128.9163000001281
5,0,52,"(112.5, 437.5, 8.264048786739911)",0.022170671006771957,0.0,-0.5033751860690763,0.031835838346251207,214.3385000017588
5,0,53,"(112.5, 462.5, 8.613227892873539)",6.500631570816041e-07,0.0,-0.803886142295469,0.0003653415375914776,231.6715999986627
5,0,54,"(112.5, 462.5, 8.613227892873539)",0.15153709095672557,747.9107666015625,-0.3006973774171248,0.21663939769177912,125.2706000013859
5,0,55,"(87.5, 462.5, 6.711234702510277)",0.5150229670654555,0.0,-0.5713820065550119,0.4353324375685092,244.90800000057789
5,0,56,"(87.5, 437.5, 6.482612700641647)",1.5522042910257974e-07,0.0,-0.8153640448128685,0.017606530803948136,284.8720999973011
5,0,57,"(87.5, 437.5, 6.482612700641647)",0.026253161936544447,745.6593627929688,-0.2460653770327863,0.0813594897275905,125.55779999820516
5,0,58,"(87.5, 462.5, 6.711234702510277)",0.02853179394576913,0.0,-0.5152848718402749,0.03235687839160852,233.42200000115554
5,0,59,"(87.5, 487.5, 6.666664041566122)",0.0006156377494414447,0.0,-0.8060580099580669,0.01240826011188821,259.2027999999118
5,0,60,"(87.5, 487.5, 6.666664041566122)",0.19462534597564313,557.2173461914062,-0.28809657530195754,0.4216363772270767,155.04999999757274
5,0,61,"(87.5, 462.5, 6.711234702510277)",0.6527360845866019,0.0,-0.5580328733277452,0.5621312161259385,232.60840000148164
5,0,62,"(87.5, 437.5, 6.482612700641647)",0.0004324875771967729,0.0,-0.8055264888545968,0.02484009430937005,302.4558999968576
5,0,63,"(87.5, 437.5, 6.482612700641647)",0.043094114977260296,745.5172119140625,-0.24608677163989556,0.10880566887080549,125.36919999911333
5,0,64,"(112.5, 437.5, 8.264048786739911)",0.034431337618715835,0.0,-0.503429484634895,0.03374349989931271,207.558500002051
5,0,65,"(112.5, 462.5, 8.613227892873539)",6.500631571067311e-07,0.0,-0.8038864896915445,0.00037038474545538955,234.915799999726
5,0,66,"(112.5, 462.5, 8.613227892873539)",0.1514696682254453,747.4306640625,-0.3006974222027845,0.21666645745576715,121.88210000022082
5,0,67,"(112.5, 437.5, 8.264048786739911)",0.2756278201089,0.0,-0.5570456050279623,0.23352194420053798,234.2761999971117
5,0,68,"(87.5, 437.5, 6.482612700641647)",1.5522042910257972e-07,0.0,-0.803885976530188,0.0009084595314110774,240.5049000008148
5,0,69,"(87.5, 437.5, 6.482612700641647)",0.02639328962407165,745.666259765625,-0.24607311210614746,0.08011819202394704,121.02070000037202
5,1,0,"(37.5, 437.5, 3.968016468858607)",0.5049592810684305,733.420166015625,-0.25657534447397434,1.738276809316451,123.17679999978282
5,1,1,"(37.5, 412.5, 3.751648026446586)",0.29699404230311754,0.0,-0.4837501284228159,1.1938761003468408,232.83350000201608
5,1,2,"(37.5, 387.5, 3.4504418791542615)",0.036941930651644216,0.0,-0.7187602674455912,0.9801362834266805,228.29229999842937
5,1,3,"(37.5, 387.5, 3.4504418791542615)",0.24112595479515725,735.1395874023438,-0.22781570992418648,1.2885356050737509,123.12170000222977
5,1,4,"(62.5, 387.5, 4.334940067576602)",0.3089914809445527,0.0,-0.45907955983853077,1.0596756350341636,236.03329999968992
5,1,5,"(87.5, 387.5, 5.413067831237064)",0.013880805422864113,0.0,-0.6734736393510379,0.7277371773447708,225.5483999979333
5,1,6,"(87.5, 387.5, 5.413067831237064)",0.22970144525348093,743.3953247070312,-0.22526290771828356,0.9154292094898423,122.75829999998678
5,1,7,"(87.5, 362.5, 4.730210615988501)",0.3203214026254953,0.0,-0.46585574593028856,0.7531825395181035,235.24530000213417
5,1,8,"(112.5, 362.5, 5.753213768936505)",0.025167917211855528,0.0,-0.6855085296279899,0.423404889138134,223.71969999949215
5,1,9,"(112.5, 362.5, 5.753213768936505)",0.30898507677137943,743.4236450195312,-0.22843656103929588,0.7171554579939118,120.9378999992623
5,1,10,"(112.5, 387.5, 6.700045574866817)",0.1985682595545235,0.0,-0.4505691563221366,0.4030414851999985,236.7322999998578
5,1,11,"(137.5, 387.5, 8.184609533832969)",0.020314127206781267,0.0,-0.6789340941616591,0.2321817414864683,227.00739999709185
5,1,12,"(137.5, 387.5, 8.184609533832969)",0.36531893959751854,750.1354370117188,-0.22858721179086977,0.6992834191012409,118.69880000085686
5,1,13,"(137.5, 362.5, 6.88289330546234)",0.2701398457417341,0.0,-0.45115803248565667,0.24942659617795276,236.03469999943627
5,1,14,"(162.5, 362.5, 8.044975170611863)",0.019345041364438795,0.0,-0.7051924176531452,0.10322877857741498,228.7705000017013
5,1,15,"(162.5, 362.5, 8.044975170611863)",0.5130206986312066,749.4471435546875,-0.2533897528226155,0.7744728944550161,121.13959999987856
5,1,16,"(162.5, 387.5, 9.797797492156253)",0.4965749617312717,0.0,-0.4971592401546713,0.4876643095409634,235.37690000011935
5,1,17,"(187.5, 387.5, 11.364582883745452)",-2.2479798644781107e-07,0.0,-0.7799611784847781,0.0036076364673596176,241.74710000079358
5,1,18,"(187.5, 387.5, 11.364582883745452)",0.011122064790646452,781.5147094726562,-0.29490552335656117,0.011812798682311056,125.04429999899003
5,1,19,"(212.5, 387.5, 12.56601886791643)",0.18029944859003694,0.0,-0.7679688621579615,0.10951949693348531,237.66650000106893
5,1,20,"(237.5, 387.5, 13.016039592385813)",0.21278444925944007,0.0,-1.51110528312831,0.3369363981314501,281.24899999966146
5,1,21,"(237.5, 387.5, 13.016039592385813)",1.0706729319690986,777.30517578125,-0.7345811872007404,0.9435819920454186,174.61420000108774
5,1,22,"(237.5, 412.5, 16.71281874556001)",0.004817454912859491,0.0,-1.8608402778315212,0.0060530814614231454,228.65919999821926
5,1,23,"(237.5, 437.5, 21.459341898515387)",7.432875766729316e-08,0.0,-3.0292242998758128,5.141468695425468e-09,230.49430000173743
5,1,24,"(237.5, 437.5, 21.459341898515387)",0.0019688203404485912,856.8884887695312,-1.1683404932304369,0.0012346174439146454,127.30089999968186
5,1,25,"(262.5, 437.5, 19.691492564685472)",7.796617513238277e-07,0.0,-3.4661643578549155,3.873569247049349e-06,232.6355999975931
5,2,0,"(37.5, 437.5, 3.968016468858607)",0.4970348680608865,733.516357421875,-0.25657534447397434,1.7382767208671912,120.6281000013405
5,2,1,"(37.5, 412.5, 3.751648026446586)",0.3152841197192351,0.0,-0.48375012842281595,1.1938761003468412,238.0425000010291
5,2,2,"(37.5, 387.5, 3.4504418791542615)",0.027775133649539045,0.0,-0.7187602674455913,0.9801362834266806,230.72659999888856
5,2,3,"(37.5, 387.5, 3.4504418791542615)",0.24104467453368913,735.2025756835938,-0.22781570992418645,1.2885356246801272,122.23079999967013
5,2,4,"(62.5, 387.5, 4.334940067576602)",0.31361589333763934,0.0,-0.4590795598385309,1.0596756350341638,233.3857999983593
5,2,5,"(87.5, 387.5, 5.413067831237064)",0.014030770709121964,0.0,-0.6734736393510379,0.7277371773447708,226.03999999773805
5,2,6,"(87.5, 387.5, 5.413067831237064)",0.22874914893494128,743.2266845703125,-0.22526290771828358,0.9154291456206523,121.20499999946333
5,2,7,"(87.5, 362.5, 4.730210615988501)",0.31577063790307236,0.0,-0.4658557459302885,0.7531825395181035,235.13939999975264
5,2,8,"(112.5, 362.5, 5.753213768936505)",0.029775356252978412,0.0,-0.68550852962799,0.423404889138134,228.2658000003721
5,2,9,"(112.5, 362.5, 5.753213768936505)",0.30969095014381387,743.3037719726562,-0.22843656103929585,0.7171554590115449,122.94850000034785
5,2,10,"(112.5, 387.5, 6.700045574866817)",0.19441003312944705,0.0,-0.45056915632213657,0.4030414851999985,234.33210000075633
5,2,11,"(112.5, 362.5, 5.753213768936505)",0.012701645493515419,0.0,-0.674499897972859,0.1217270856739649,228.62090000126045
5,2,12,"(112.5, 362.5, 5.753213768936505)",0.22156732432898923,745.0376586914062,-0.2240288270656465,0.5047664795466581,122.44709999868064
5,2,13,"(112.5, 387.5, 6.700045574866817)",0.2125673399972954,0.0,-0.4499029727206445,0.4161652411554121,235.00480000075186
5,2,14,"(112.5, 362.5, 5.753213768936505)",0.012375170985864218,0.0,-0.6744784044513781,0.12041906181642825,228.704100001778
5,2,15,"(112.5, 362.5, 5.753213768936505)",0.22911481105345155,745.1233520507812,-0.22399802053504128,0.5030180767348609,124.35499999992317
5,2,16,"(112.5, 337.5, 4.834376816244601)",0.2396155460307393,0.0,-0.4614218644086603,0.55548595304416,243.76439999832655
5,2,17,"(112.5, 312.5, 3.997603125569143)",0.015495034555563763,0.0,-0.6825805921236773,0.1574041491711271,226.72939999756636
5,2,18,"(112.5, 312.5, 3.997603125569143)",0.3031918101182928,740.4667358398438,-0.23031122363699438,0.7424142655514171,126.34049999905983
5,2,19,"(112.5, 287.5, 3.266470567666104)",0.32047778607040117,0.0,-0.47397752055019793,1.0176479243396659,251.12989999979618
5,2,20,"(112.5, 262.5, 2.645266895480795)",0.01645324006677153,0.0,-0.7143461532158816,1.036549708810633,324.1232999971544
5,2,21,"(112.5, 262.5, 2.645266895480795)",0.2372581820831491,737.5048217773438,-0.23022967997554164,1.8207971941026218,121.56349999713711
5,2,22,"(112.5, 237.5, 2.1276559796850996)",0.28279536378926595,0.0,-0.470292479580217,1.8621150128493897,240.96369999824674
5,2,23,"(112.5, 212.5, 1.7023465120987893)",0.041657820343955196,0.0,-0.7155675865983132,1.7373289047079372,231.79000000163796
5,2,24,"(112.5, 212.5, 1.7023465120987893)",0.25323860755101163,737.11669921875,-0.24139214256675795,2.164276478825486,120.37050000071758
5,2,25,"(137.5, 212.5, 1.8800807210840746)",0.343557941099358,0.0,-0.4882149944360111,2.1698700556921953,233.44390000056592
5,2,26,"(137.5, 237.5, 2.3703523149193924)",0.06990897158779172,0.0,-0.7384515934520459,1.994643171095577,226.8413000019791
5,2,27,"(137.5, 237.5, 2.3703523149193924)",0.3742591936782056,737.469482421875,-0.2513806107654967,2.164078136101223,123.19420000130776
5,2,28,"(137.5, 262.5, 2.9770964423387296)",0.42814811509915596,0.0,-0.49217439383276596,2.0163466257541645,229.80120000283932
5,2,29,"(137.5, 287.5, 3.720264207629609)",0.07419321437674307,0.0,-0.7404204541854377,1.6677014881122454,227.49100000146427
5,2,30,"(137.5, 287.5, 3.720264207629609)",0.4264292712955052,738.5525512695312,-0.2470598424716738,1.8055195879281827,120.6283000028634
5,2,31,"(137.5, 312.5, 4.617102976724376)",0.6883768927193357,0.0,-0.5113203551508649,1.3505082768524188,236.32159999760916
5,2,32,"(137.5, 337.5, 5.675677129206918)",0.04934809108573212,0.0,-0.7367992522918048,0.5233553142437535,230.38779999842518
5,2,33,"(137.5, 337.5, 5.675677129206918)",0.4031202769692879,745.67138671875,-0.23957677105906067,0.7027177937147392,120.84779999713646
5,2,34,"(137.5, 362.5, 6.88289330546234)",0.2531197134622929,0.0,-0.46721839742930305,0.27799271961403405,232.06030000073952
5,2,35,"(137.5, 387.5, 8.184609533832969)",0.001248985373736286,0.0,-0.6855063082653707,0.023232717230792975,230.2808999993431
5,2,36,"(137.5, 387.5, 8.184609533832969)",0.1784911024058352,756.56201171875,-0.22143231909168265,0.24698235798117119,120.02289999873028
5,2,37,"(162.5, 387.5, 9.797797492156253)",0.26914730976238443,0.0,-0.4591159378802888,0.24449469971773444,239.3783000006806
5,2,38,"(187.5, 387.5, 11.364582883745452)",0.0014072395861124802,0.0,-0.7503974321223459,0.005956666767367344,230.30350000044564
5,2,39,"(187.5, 387.5, 11.364582883745452)",0.024391709005953496,781.3692626953125,-0.2949069834794432,0.02679059908600968,120.80969999806257
5,2,40,"(187.5, 362.5, 9.103110310900643)",0.022630296113397747,0.0,-0.6052839723721892,0.016428714883167394,196.56859999668086
5,2,41,"(187.5, 387.5, 11.364582883745452)",-2.247979864478111e-07,0.0,-0.9001923874510457,1.532503806359436e-05,227.6763999980176
5,2,42,"(187.5, 387.5, 11.364582883745452)",0.01094036848800471,781.5147094726562,-0.29490558623392765,0.013786867811382875,119.05529999785358
5,2,43,"(187.5, 412.5, 13.941569591049829)",0.015017012507285774,0.0,-0.5352725522601587,0.011132664551411424,228.52570000031847
5,2,44,"(187.5, 437.5, 16.502195647044346)",-6.585226704676944e-08,0.0,-0.7846531438225504,9.804427381944126e-09,225.14650000084657
5,2,45,"(187.5, 437.5, 16.502195647044346)",0.002756174567194054,817.1593017578125,-0.24938619370160317,0.0017674346187588055,121.67550000231131
5,2,46,"(212.5, 437.5, 19.809611758762614)",3.844804941195387e-07,0.0,-0.48085519280430905,1.2303566987763997e-05,195.79890000022715
5,2,47,"(237.5, 437.5, 21.459341898515387)",7.432875766729315e-08,0.0,-1.649195685989448,1.7858099529875555e-13,228.82969999773195
5,2,48,"(237.5, 437.5, 21.459341898515387)",0.001570947802619451,856.8884887695312,-1.1683404932304366,0.0012346218970497405,123.11620000036783
5,2,49,"(237.5, 437.5, 21.459341898515387)",7.067226018458223e-07,0.0,-2.3366809864608733,3.873609352471348e-06,214.69620000061695
5,3,0,"(37.5, 437.5, 3.968016468858607)",0.5019805283116918,733.68505859375,-0.25657534447397434,1.7382766972614898,122.22380000093835
5,3,1,"(37.5, 412.5, 3.751648026446586)",0.3114837890145854,0.0,-0.48375012842281606,1.1938761003468414,232.64380000182427
5,3,2,"(37.5, 387.5, 3.4504418791542615)",0.029492939511947695,0.0,-0.7187602674455912,0.9801362834266804,229.03409999707947
5,3,3,"(37.5, 387.5, 3.4504418791542615)",0.2414715574756335,735.1455078125,-0.22781570992418645,1.2885356210077243,124.05779999971855
5,3,4,"(62.5, 387.5, 4.334940067576602)",0.3000343354515618,0.0,-0.45907955983853077,1.0596756350341636,234.10690000309842
5,3,5,"(87.5, 387.5, 5.413067831237064)",0.010987437019751044,0.0,-0.6734736393510377,0.7277371773447708,229.34750000058557
5,3,6,"(87.5, 387.5, 5.413067831237064)",0.23610776001953493,743.1057739257812,-0.2252629077182836,0.915429195616738,120.34750000020722
5,3,7,"(87.5, 362.5, 4.730210615988501)",0.32905744044248253,0.0,-0.46585574593028856,0.7531825395181035,233.38890000013635
5,3,8,"(112.5, 362.5, 5.753213768936505)",0.030799761414524313,0.0,-0.6855085296279899,0.42340488913813396,233.24460000003455
5,3,9,"(112.5, 362.5, 5.753213768936505)",0.3064592327971215,743.52294921875,-0.22843656103929588,0.7171554499651702,122.42709999918588
5,3,10,"(112.5, 387.5, 6.700045574866817)",0.1867747457205966,0.0,-0.45056915632213657,0.4030414851999984,238.3469000014884
5,3,11,"(137.5, 387.5, 8.184609533832969)",0.017855634291959556,0.0,-0.6789340941616588,0.23218174148646828,232.7318000025116
5,3,12,"(137.5, 387.5, 8.184609533832969)",0.3672393134968715,750.09814453125,-0.22858721179086983,0.6992834016222734,122.66899999667658
5,3,13,"(137.5, 362.5, 6.88289330546234)",0.24558032801164903,0.0,-0.45115803248565667,0.24942659617795268,233.47579999972368
5,3,14,"(137.5, 337.5, 5.675677129206918)",0.003522607808307557,0.0,-0.6852321818372812,0.024076018486937856,226.55070000109845
5,3,15,"(137.5, 337.5, 5.675677129206918)",0.1939269814542796,746.8401489257812,-0.23502510989492373,0.3539679545063278,121.0200999994413
5,3,16,"(137.5, 362.5, 6.88289330546234)",0.31988433813766315,0.0,-0.4727635711835041,0.41653228813037113,248.75629999951343
5,3,17,"(137.5, 387.5, 8.184609533832969)",2.2832926014913097e-07,0.0,-0.6859701538402154,0.0283368287702347,229.95710000031977
5,3,18,"(137.5, 387.5, 8.184609533832969)",0.18036918009526726,756.2749633789062,-0.2214345332659513,0.25075022880245623,128.0116000016278
5,3,19,"(162.5, 387.5, 9.797797492156253)",0.3039865200976649,0.0,-0.45915593168717683,0.245382130470994,244.08009999751812
5,3,20,"(187.5, 387.5, 11.364582883745452)",-2.2479798644781113e-07,0.0,-0.750398871908862,0.005988489576195205,227.28790000110166
5,3,21,"(187.5, 387.5, 11.364582883745452)",0.02399464910488691,781.4288330078125,-0.29490698701759593,0.026801560879009576,125.53159999879426
5,3,22,"(187.5, 412.5, 13.941569591049829)",0.03914857793077611,0.0,-0.5353081491920072,0.023125166196115342,229.40440000093076
5,3,23,"(187.5, 437.5, 16.502195647044346)",-6.585226704676946e-08,0.0,-0.7846531446213862,1.4558159760514108e-08,226.5359000011813
5,3,24,"(187.5, 437.5, 16.502195647044346)",0.0020848437874168087,817.1593017578125,-0.24938619370078363,0.001747681871210322,130.11030000052415
5,3,25,"(212.5, 437.5, 19.809611758762614)",3.844804941195388e-07,0.0,-0.4808551928029594,1.2190982071748168e-05,200.95990000118036
5,3,26,"(237.5, 437.5, 21.459341898515387)",7.432875766729315e-08,0.0,-1.6491956859894479,1.7769040101786198e-13,228.9835999981733
5,3,27,"(237.5, 437.5, 21.459341898515387)",0.0012155348902436929,856.8884887695312,-1.1683404932304366,0.0012346338364721686,122.14859999949113
5,3,28,"(262.5, 437.5, 19.691492564685472)",7.794382133246964e-07,0.0,-3.4661643578549146,3.8735667105491274e-06,234.7699999991164
5,4,0,"(37.5, 437.5, 3.968016468858607)",0.4977813926111845,733.478515625,-0.25657534447397434,1.7382766968343601,122.22829999882379
5,4,1,"(37.5, 412.5, 3.751648026446586)",0.31248122092790265,0.0,-0.483750128422816,1.193876100346841,234.39780000262544
5,4,2,"(37.5, 387.5, 3.4504418791542615)",0.03415744006634164,0.0,-0.7187602674455911,0.9801362834266801,230.5138999981864
5,4,3,"(37.5, 387.5, 3.4504418791542615)",0.2370650747612136,735.11328125,-0.22781570992418648,1.2885356790171716,122.27440000060597
5,4,4,"(62.5, 387.5, 4.334940067576602)",0.3100143548170785,0.0,-0.45907955983853077,1.0596756350341638,233.72529999687686
5,4,5,"(87.5, 387.5, 5.413067831237064)",0.018475051969266316,0.0,-0.6734736393510377,0.7277371773447708,225.50399999818183
5,4,6,"(87.5, 387.5, 5.413067831237064)",0.22987594280475088,743.119384765625,-0.22526290771828364,0.9154291723311856,125.45780000073137
5,4,7,"(87.5, 362.5, 4.730210615988501)",0.3078430222401769,0.0,-0.46585574593028845,0.7531825395181034,232.9667000012705
5,4,8,"(112.5, 362.5, 5.753213768936505)",0.03207752605277528,0.0,-0.6855085296279899,0.42340488913813384,227.7100999999675
5,4,9,"(112.5, 362.5, 5.753213768936505)",0.3080907278556301,743.2647094726562,-0.22843656103929585,0.7171554681225203,120.66150000100606
5,4,10,"(112.5, 387.5, 6.700045574866817)",0.18703856107091638,0.0,-0.4505691563221367,0.4030414851999985,231.57630000059726
5,4,11,"(137.5, 387.5, 8.184609533832969)",0.01769184072811239,0.0,-0.6789340941616591,0.23218174148646828,226.06919999816455
5,4,12,"(137.5, 387.5, 8.184609533832969)",0.36150532287072085,750.6055908203125,-0.22858721179086983,0.6992833735152161,124.6912999995402
5,4,13,"(137.5, 362.5, 6.88289330546234)",0.25230527894394394,0.0,-0.4511580324856566,0.2494265961779527,236.2412000002223
5,4,14,"(137.5, 337.5, 5.675677129206918)",0.0019856027017035598,0.0,-0.6852321818372814,0.024076018486937856,227.71730000022217
5,4,15,"(137.5, 337.5, 5.675677129206918)",0.19426392669861234,746.8729248046875,-0.23502510989492367,0.35396797730758467,125.76819999958389
5,4,16,"(137.5, 312.5, 4.617102976724376)",0.2891840668695089,0.0,-0.47840936259446165,0.5336010617843998,246.26749999879394
5,4,17,"(137.5, 337.5, 5.675677129206918)",0.0496946722269201,0.0,-0.7321433774150274,0.36133490776670224,225.31770000205142
5,4,18,"(137.5, 337.5, 5.675677129206918)",0.48395708579660346,743.9490966796875,-0.2433283100827623,0.8438711017372603,122.90099999881932
5,4,19,"(137.5, 362.5, 6.88289330546234)",0.28347675434586184,0.0,-0.4691766208242385,0.3421761453130352,235.05520000253455
5,4,20,"(137.5, 387.5, 8.184609533832969)",0.004212528467171064,0.0,-0.6857259841333346,0.025806881509387942,229.8399999999674
5,4,21,"(137.5, 387.5, 8.184609533832969)",0.17195295419949222,756.3993530273438,-0.22143140745619655,0.24720720920917047,121.99549999786541
5,4,22,"(137.5, 412.5, 9.458994007438445)",0.19201778943049413,0.0,-0.45326322896209337,0.2613511890885008,248.58930000118562
5,4,23,"(137.5, 437.5, 10.499382396270086)",0.0029186308384057513,0.0,-0.7175688678969487,0.02230279083496521,226.27929999725893
5,4,24,"(137.5, 437.5, 10.499382396270086)",0.23363700842412483,758.2286987304688,-0.2688576310809259,0.24162652295456566,123.41209999794955
5,4,25,"(112.5, 437.5, 8.264048786739911)",0.13846590635137854,0.0,-0.5271473589377659,0.08764385855299496,223.71150000253692
5,4,26,"(87.5, 437.5, 6.482612700641647)",0.0004324875771991893,0.0,-0.7715089995377616,0.0005425460227336407,248.36539999887464
5,4,27,"(87.5, 437.5, 6.482612700641647)",0.02726357372687301,745.4298706054688,-0.24608509929965783,0.08647154281022078,120.64449999888893
5,4,28,"(87.5, 462.5, 6.711234702510277)",0.028818253562535572,0.0,-0.5153191082510962,0.03164676309052356,237.84599999999045
5,4,29,"(112.5, 462.5, 8.613227892873539)",0.004217877363152489,0.0,-0.8155988812446022,0.01014209299526838,234.15509999904316
5,4,30,"(112.5, 462.5, 8.613227892873539)",0.27072131690816875,746.8392333984375,-0.2986764023813487,0.39606303354939815,121.79739999919548
5,4,31,"(112.5, 437.5, 8.264048786739911)",0.28696221386243703,0.0,-0.5572708517867654,0.22105646747932534,239.20089999955962
5,4,32,"(112.5, 412.5, 7.580708003809701)",-2.0923713817633644e-07,0.0,-0.7878095252244264,0.0020949171880317967,279.5858000026783
5,4,33,"(112.5, 412.5, 7.580708003809701)",0.03956824569577655,752.3688354492188,-0.23007225910817522,0.14397163002327626,120.45510000098147
5,4,34,"(112.5, 437.5, 8.264048786739911)",0.05971095747060264,0.0,-0.48796765051669594,0.06704457051609496,234.2263999998977
5,4,35,"(137.5, 437.5, 10.499382396270086)",6.938353180885316e-08,0.0,-0.7554373917843549,0.0009732913935920299,229.4423999992432
5,4,36,"(137.5, 437.5, 10.499382396270086)",0.06220037783675604,764.3936767578125,-0.268424900793114,0.06953774535252276,122.59670000275946
5,4,37,"(112.5, 437.5, 8.264048786739911)",0.08863770060194606,0.0,-0.5261470439947726,0.06415736533164679,222.654600001988
5,4,38,"(112.5, 412.5, 7.580708003809701)",-2.0923713843027744e-07,0.0,-0.7554453205715274,0.0017898075352198945,235.54599999988568
5,4,39,"(112.5, 412.5, 7.580708003809701)",0.04216776456573966,752.2205200195312,-0.23010992303718963,0.15661080990133916,121.52159999823198
5,4,40,"(112.5, 437.5, 8.264048786739911)",0.054007823770099106,0.0,-0.488039128453985,0.06929229242088983,231.42469999947934
5,4,41,"(112.5, 462.5, 8.613227892873539)",6.500631570816041e-07,0.0,-0.7878243179276144,0.001031410557114656,227.00819999954547
5,4,42,"(112.5, 462.5, 8.613227892873539)",0.13356921761015697,747.3004760742188,-0.3006585888711149,0.1849455707784093,118.96229999911156
5,4,43,"(112.5, 437.5, 8.264048786739911)",0.30734457950702015,0.0,-0.5567576811427455,0.24542655095193708,233.93269999723998
5,4,44,"(87.5, 437.5, 6.482612700641647)",1.5522042910257972e-07,0.0,-0.803885575382646,0.0009287478638862892,240.07720000008703
5,4,45,"(87.5, 437.5, 6.482612700641647)",0.0262715302859274,745.6544799804688,-0.24607333374858165,0.08023856430199204,122.8151000032085
5,4,46,"(87.5, 462.5, 6.711234702510277)",0.025939151483979225,0.0,-0.5153001473672423,0.03124010199571418,234.82530000183033
5,4,47,"(112.5, 462.5, 8.613227892873539)",0.0017249727000830499,0.0,-0.8155923152971636,0.010321421514970425,228.99279999910505
5,4,48,"(112.5, 462.5, 8.613227892873539)",0.27338350733568106,746.9324951171875,-0.2986435625649449,0.39777172916152437,125.87939999866649
5,4,49,"(112.5, 437.5, 8.264048786739911)",0.28414010981477766,0.0,-0.557265252395259,0.2213687866786233,238.58019999897806
5,4,50,"(87.5, 437.5, 6.482612700641647)",1.5522042910257974e-07,0.0,-0.8038865704614886,0.0008847466918517282,234.455000001617
5,4,51,"(87.5, 437.5, 6.482612700641647)",0.02542712861719398,745.6026000976562,-0.24607294360006157,0.08003744624508488,121.84739999793237
5,4,52,"(112.5, 437.5, 8.264048786739911)",0.029387953805494145,0.0,-0.5033979596035031,0.032581787861365084,207.8241999988677
5,4,53,"(137.5, 437.5, 10.499382396270086)",6.938353180885315e-08,0.0,-0.7714907605729951,0.0002074509267334049,227.76539999904344
5,4,54,"(137.5, 437.5, 10.499382396270086)",0.0661928564034541,765.255126953125,-0.2684239697727113,0.0771245550472747,126.89559999853373
5,4,55,"(162.5, 437.5, 13.254586740016286)",0.27674926174592196,0.0,-0.5417361559559403,0.18298123574988084,226.64240000085556
5,4,56,"(187.5, 437.5, 16.502195647044346)",-6.585226704676946e-08,0.0,-0.790065351923334,0.0003042149810246222,241.22790000183159
5,4,57,"(187.5, 437.5, 16.502195647044346)",0.0016419521085537384,817.1593017578125,-0.24938619369493556,0.0015255658550458037,121.49390000195126
5,4,58,"(212.5, 437.5, 19.809611758762614)",3.8448049411953943e-07,0.0,-0.4808551927818625,1.0606011949541235e-05,194.4474000010814
5,4,59,"(237.5, 437.5, 21.459341898515387)",7.432875766729315e-08,0.0,-1.6491956859894459,1.594338221391912e-13,226.3442000003124
5,4,60,"(237.5, 437.5, 21.459341898515387)",0.0008130308831993631,856.8884887695312,-1.1683404932304373,0.0012346239537865886,124.84160000167321
5,4,61,"(237.5, 437.5, 21.459341898515387)",7.067226747469184e-07,0.0,-2.3366809864608737,3.8736093534106805e-06,221.73339999790187
5,5,0,"(37.5, 437.5, 3.968016468858607)",0.5018549417278151,733.5154418945312,-0.25657534447397434,1.7382766758894714,123.82889999935287
5,5,1,"(37.5, 412.5, 3.751648026446586)",0.28661731133871093,0.0,-0.48375012842281595,1.1938761003468408,238.15149999791174
5,5,2,"(37.5, 387.5, 3.4504418791542615)",0.0287626634041723,0.0,-0.7187602674455913,0.9801362834266806,231.4458000000741
5,5,3,"(37.5, 387.5, 3.4504418791542615)",0.23884415526630876,735.2025756835938,-0.22781570992418645,1.2885356277384352,119.32980000347015
5,5,4,"(62.5, 387.5, 4.334940067576602)",0.29455033391230145,0.0,-0.4590795598385308,1.0596756350341638,252.60219999836409
5,5,5,"(87.5, 387.5, 5.413067831237064)",0.013596928368018396,0.0,-0.6734736393510378,0.7277371773447707,226.66000000026543
5,5,6,"(87.5, 387.5, 5.413067831237064)",0.2239465108185411,743.290771484375,-0.22526290771828364,0.9154291530034078,119.82499999794527
5,5,7,"(87.5, 362.5, 4.730210615988501)",0.32185396222857887,0.0,-0.46585574593028845,0.7531825395181033,234.317700000247
5,5,8,"(112.5, 362.5, 5.753213768936505)",0.027663444479309622,0.0,-0.68550852962799,0.42340488913813396,230.0558999995701
5,5,9,"(112.5, 362.5, 5.753213768936505)",0.3025888590995204,743.4503784179688,-0.2284365610392958,0.7171554373845285,123.67799999992712
5,5,10,"(112.5, 387.5, 6.700045574866817)",0.1917032899547391,0.0,-0.4505691563221366,0.40304148519999844,233.2377999991877
5,5,11,"(112.5, 362.5, 5.753213768936505)",0.00824186764658893,0.0,-0.6744998979728589,0.12172708567396488,225.6785999998101
5,5,12,"(112.5, 362.5, 5.753213768936505)",0.22773271232020223,745.2318115234375,-0.2240288270656465,0.504766453299597,123.03609999798937
5,5,13,"(112.5, 387.5, 6.700045574866817)",0.20942643294411833,0.0,-0.4499029727206445,0.4161652411554121,231.27069999827654
5,5,14,"(137.5, 387.5, 8.184609533832969)",0.015806982914620387,0.0,-0.6789628560196369,0.23293404491674471,226.41460000158986
5,5,15,"(137.5, 387.5, 8.184609533832969)",0.36595518175240366,750.23388671875,-0.22858866351984797,0.7033002022548795,123.32739999692421
5,5,16,"(137.5, 362.5, 6.88289330546234)",0.2634779165950444,0.0,-0.4511873045115408,0.2507776862212917,235.1152999981423
5,5,17,"(137.5, 337.5, 5.675677129206918)",0.0012002519021521564,0.0,-0.6852335559174962,0.02408542086182669,228.28360000130488
5,5,18,"(137.5, 337.5, 5.675677129206918)",0.19396313279804625,746.8466796875,-0.23502483015953082,0.35395809344115925,121.73909999910393
5,5,19,"(162.5, 337.5, 6.503826249283008)",0.42902963812299083,0.0,-0.4961654836962486,0.5434005696779565,248.82419999994454
5,5,20,"(187.5, 337.5, 7.2238068944948735)",0.06285404662290944,0.0,-0.8073567409319504,0.24955726819723156,230.70569999981672
5,5,21,"(187.5, 337.5, 7.2238068944948735)",0.5550446889514973,753.3817138671875,-0.30379348739561607,0.7704957465907877,124.3627000003471
5,5,22,"(187.5, 362.5, 9.103110310900643)",0.6158415492297822,0.0,-0.6106988178518116,0.4468055781744835,232.3214000025473
5,5,23,"(212.5, 362.5, 9.863883753989105)",0.13026960690816125,0.0,-0.9615483419593372,0.3598531619790119,274.8776000007638
5,5,24,"(212.5, 362.5, 9.863883753989105)",0.7895567141990264,746.2010498046875,-0.27375858288759497,1.0592164629860006,121.68679999740561
5,5,25,"(212.5, 387.5, 12.56601886791643)",0.1600062053998422,0.0,-0.457995867003675,0.12080132091274753,219.46090000346885
5,5,26,"(237.5, 387.5, 13.016039592385813)",0.04648939271753674,0.0,-1.2161301183812812,0.05391737766150025,230.56740000174614
5,5,27,"(237.5, 387.5, 13.016039592385813)",0.6382187939656105,763.76123046875,-0.7455930660292085,0.6389111334153647,170.53709999890998
5,5,28,"(237.5, 412.5, 16.71281874556001)",0.008678674431129983,0.0,-1.8608075595880407,0.009138499439544952,198.85169999906793
5,5,29,"(237.5, 437.5, 21.459341898515387)",7.432875766729316e-08,0.0,-3.0292242999368546,5.738236989752907e-09,229.50119999950402
5,5,30,"(237.5, 437.5, 21.459341898515387)",0.0011141790359165675,856.8884887695312,-1.1683404932304369,0.0012346182256065671,119.10089999946649
5,6,0,"(37.5, 437.5, 3.968016468858607)",0.5006009963016503,733.5528564453125,-0.25657534447397434,1.7382767131645884,122.16059999991558
5,6,1,"(37.5, 412.5, 3.751648026446586)",0.31194702535035423,0.0,-0.48375012842281595,1.1938761003468412,233.19370000172057
5,6,2,"(37.5, 387.5, 3.4504418791542615)",0.03641192615029476,0.0,-0.7187602674455913,0.9801362834266805,228.62619999796152
5,6,3,"(37.5, 387.5, 3.4504418791542615)",0.2442679383475096,735.1117553710938,-0.22781570992418648,1.2885356523208675,119.95549999846844
5,6,4,"(37.5, 362.5, 3.0963977943191585)",0.2128268034224559,0.0,-0.46551407643220954,1.3958685055302043,247.4703000007139
5,6,5,"(37.5, 337.5, 2.720263300914144)",0.02954855312903506,0.0,-0.7107317706884411,1.2981574827760867,226.4794000002439
5,6,6,"(37.5, 337.5, 2.720263300914144)",0.2830080241471958,734.6510009765625,-0.23659639954389103,1.6574773304373254,120.44170000081067
5,6,7,"(37.5, 312.5, 2.347164439776079)",0.3990927023860074,0.0,-0.4909695273450234,1.7738211319842443,232.48600000079023
5,6,8,"(62.5, 312.5, 2.84003211203415)",0.056954344113667066,0.0,-0.734843418395095,1.4904916573786282,232.72210000141058
5,6,9,"(62.5, 312.5, 2.84003211203415)",0.3564481857227694,736.115478515625,-0.2425694704928052,1.8151775670631771,119.86819999947329
5,6,10,"(87.5, 312.5, 3.3952550877786836)",0.4379040385085532,0.0,-0.4852163904700379,1.4440285870961114,232.6102000006358
5,6,11,"(112.5, 312.5, 3.997603125569143)",0.03565650433304937,0.0,-0.7016213868428746,0.9028038373087522,223.55210000023362
5,6,12,"(112.5, 312.5, 3.997603125569143)",0.37826468377574946,739.0198974609375,-0.234903663184487,1.2537004484193903,117.70910000268486
5,6,13,"(112.5, 337.5, 4.834376816244601)",0.42743449915109555,0.0,-0.4723032625452237,0.879522042015708,229.92209999938495
5,6,14,"(112.5, 362.5, 5.753213768936505)",0.009036357825011292,0.0,-0.6843736160461866,0.169939599281053,226.07960000095773
5,6,15,"(112.5, 362.5, 5.753213768936505)",0.24825935595903656,744.74560546875,-0.2236837916716941,0.5387956626903951,120.70229999881121
5,6,16,"(112.5, 387.5, 6.700045574866817)",0.1559966978076522,0.0,-0.44569315651533536,0.29847464821584563,236.16439999750583
5,6,17,"(137.5, 387.5, 8.184609533832969)",0.010229498147982876,0.0,-0.6763660455691953,0.20544449059370667,221.3683999980276
5,6,18,"(137.5, 387.5, 8.184609533832969)",0.3585499141297723,750.4180908203125,-0.2280436589497284,0.6845919646687044,119.811500000651
5,6,19,"(137.5, 362.5, 6.88289330546234)",0.2398756960547041,0.0,-0.45113303409009087,0.2483626330794543,232.8032000004896
5,6,20,"(162.5, 362.5, 8.044975170611863)",0.02426456908386585,0.0,-0.7051873581156435,0.103168009337952,232.70989999946323
5,6,21,"(162.5, 362.5, 8.044975170611863)",0.5158330036367382,749.31396484375,-0.253388747581219,0.7743998225489162,120.16859999857843
5,6,22,"(162.5, 387.5, 9.797797492156253)",0.5246566206403958,0.0,-0.4971588993875531,0.4876580655790642,235.64319999786676
5,6,23,"(187.5, 387.5, 11.364582883745452)",-2.2479798644781113e-07,0.0,-0.7799611772437863,0.003607626495002848,235.1587000011932
5,6,24,"(187.5, 387.5, 11.364582883745452)",0.011859261076933218,781.5147094726562,-0.29490552335598225,0.011812727438546698,122.715600002266
5,6,25,"(187.5, 412.5, 13.941569591049829)",0.02303738756965766,0.0,-0.5352843687662752,0.016978781778060673,231.36599999997998
5,6,26,"(212.5, 412.5, 15.910281935579775)",0.032521381974215655,0.0,-0.966570768172061,0.03767286062600229,281.7144000000553
5,6,27,"(212.5, 412.5, 15.910281935579775)",0.6930867724662084,776.594970703125,-0.42487682029154955,0.5383446701024195,174.30569999851286
5,6,28,"(212.5, 437.5, 19.809611758762614)",0.004181086535892702,0.0,-0.6644320848057774,0.0013762629778023715,221.36310000132653
5,6,29,"(237.5, 437.5, 21.459341898515387)",7.432875766729313e-08,0.0,-1.8327838319571013,1.9922602996799543e-09,233.38710000098217
5,6,30,"(237.5, 437.5, 21.459341898515387)",0.0014665616208556858,856.8884887695312,-1.168340493230437,0.001234616913988492,121.47130000084871
5,6,31,"(262.5, 437.5, 19.691492564685472)",7.793272212476543e-07,0.0,-3.4661643578549155,3.873564162356737e-06,237.96910000237403
5,7,0,"(37.5, 437.5, 3.968016468858607)",0.49589523918866846,733.5828857421875,-0.25657534447397434,1.7382767111971327,123.56429999999818
5,7,1,"(37.5, 412.5, 3.751648026446586)",0.29605141561358767,0.0,-0.48375012842281584,1.193876100346841,234.04639999716892
5,7,2,"(37.5, 387.5, 3.4504418791542615)",0.0372019658485814,0.0,-0.7187602674455913,0.9801362834266805,228.5154999990482
5,7,3,"(37.5, 387.5, 3.4504418791542615)",0.2388598374638403,735.1134033203125,-0.22781570992418648,1.2885356558408623,122.2697999983211
5,7,4,"(62.5, 387.5, 4.334940067576602)",0.30401981301882974,0.0,-0.4590795598385308,1.0596756350341636,232.330799997726
5,7,5,"(87.5, 387.5, 5.413067831237064)",0.010836756477764074,0.0,-0.6734736393510379,0.727737177344771,224.01990000071237
5,7,6,"(87.5, 387.5, 5.413067831237064)",0.230799971623946,743.188232421875,-0.2252629077182836,0.9154291990205058,120.2926000005391
5,7,7,"(87.5, 362.5, 4.730210615988501)",0.3108598538773124,0.0,-0.46585574593028845,0.7531825395181033,233.6089999989781
5,7,8,"(112.5, 362.5, 5.753213768936505)",0.028090531627336202,0.0,-0.6855085296279899,0.4234048891381339,227.2229000009247
5,7,9,"(112.5, 362.5, 5.753213768936505)",0.3088620745403567,743.39892578125,-0.22843656103929583,0.7171554864430352,125.87700000221957
5,7,10,"(112.5, 387.5, 6.700045574866817)",0.19228770140869642,0.0,-0.4505691563221367,0.40304148519999844,233.19709999850602
5,7,11,"(112.5, 362.5, 5.753213768936505)",0.010679776469871031,0.0,-0.6744998979728591,0.1217270856739649,225.117499998305
5,7,12,"(112.5, 362.5, 5.753213768936505)",0.22705742513011587,744.9265747070312,-0.2240288270656465,0.504766430433253,123.51250000210712
5,7,13,"(112.5, 387.5, 6.700045574866817)",0.2098043878870275,0.0,-0.44990297272064456,0.41616524115541215,235.67080000066198
5,7,14,"(137.5, 387.5, 8.184609533832969)",0.013597240050638032,0.0,-0.6789628560196368,0.23293404491674471,226.43479999896954
5,7,15,"(137.5, 387.5, 8.184609533832969)",0.37219177503240386,750.2669067382812,-0.22858866351984794,0.7033001689030401,126.12999999691965
5,7,16,"(137.5, 362.5, 6.88289330546234)",0.2510889232904785,0.0,-0.45118730451154077,0.25077768622129165,234.09840000022086
5,7,17,"(137.5, 337.5, 5.675677129206918)",0.004786226277540396,0.0,-0.6852335559174961,0.024085420861826686,224.99139999854378
5,7,18,"(137.5, 337.5, 5.675677129206918)",0.19505683779347513,746.7677001953125,-0.23502483015953082,0.3539581083450869,124.82010000167065
5,7,19,"(137.5, 362.5, 6.88289330546234)",0.32788125671732604,0.0,-0.4727627850022802,0.41652701567069594,250.93270000070333
5,7,20,"(137.5, 387.5, 8.184609533832969)",0.003096014261244824,0.0,-0.6859701256953462,0.028336656253812098,227.13719999956083
5,7,21,"(137.5, 387.5, 8.184609533832969)",0.18113464495372195,755.9837646484375,-0.22143453502241595,0.2507506371675249,119.66170000232523
5,7,22,"(162.5, 387.5, 9.797797492156253)",0.26851770927266005,0.0,-0.45915593229615637,0.24538212542134544,242.3860999988392
5,7,23,"(187.5, 387.5, 11.364582883745452)",-2.2479798644781115e-07,0.0,-0.7503988719088621,0.00598848957619525,225.60879999946337
5,7,24,"(187.5, 387.5, 11.364582883745452)",0.023937963007786504,781.5147094726562,-0.29490698701759605,0.026801548132809386,120.59939999744529
5,7,25,"(212.5, 387.5, 12.56601886791643)",0.19471522323614715,0.0,-0.767968857372662,0.10952060123037846,232.05360000065411
5,7,26,"(237.5, 387.5, 13.016039592385813)",0.2101514339447765,0.0,-1.5111052255603314,0.336936582460583,283.14880000107223
5,7,27,"(237.5, 387.5, 13.016039592385813)",1.066972046749771,776.6641845703125,-0.7345811625031312,0.9435820333550605,171.93630000110716
5,7,28,"(237.5, 412.5, 16.71281874556001)",0.007125910404530587,0.0,-1.8608402779428928,0.0060530825029725,230.51180000038585
5,7,29,"(237.5, 437.5, 21.459341898515387)",7.432875766729316e-08,0.0,-3.0292242998758128,5.141468695425467e-09,234.89189999963855
5,7,30,"(237.5, 437.5, 21.459341898515387)",0.0006015371555403195,856.8884887695312,-1.1683404932304364,0.0012346267032059953,123.51540000236128
5,8,0,"(37.5, 437.5, 3.968016468858607)",0.5049419145481021,733.6224975585938,-0.25657534447397434,1.7382766901832776,123.79150000197114
5,8,1,"(37.5, 412.5, 3.751648026446586)",0.29385216040287265,0.0,-0.48375012842281595,1.1938761003468412,234.279799999058
5,8,2,"(37.5, 387.5, 3.4504418791542615)",0.024593119820005543,0.0,-0.7187602674455912,0.9801362834266802,230.55490000115242
5,8,3,"(37.5, 387.5, 3.4504418791542615)",0.2365599017187229,735.1911010742188,-0.22781570992418643,1.2885356067292941,121.3709999974526
5,8,4,"(62.5, 387.5, 4.334940067576602)",0.31489817767342737,0.0,-0.4590795598385308,1.0596756350341638,233.4688000009919
5,8,5,"(87.5, 387.5, 5.413067831237064)",0.014337694893283405,0.0,-0.6734736393510378,0.7277371773447708,231.16100000333972
5,8,6,"(87.5, 387.5, 5.413067831237064)",0.22618021264066068,743.3906860351562,-0.22526290771828364,0.9154292058643115,119.9709000029543
5,8,7,"(87.5, 362.5, 4.730210615988501)",0.3241393069487579,0.0,-0.4658557459302885,0.7531825395181034,236.73749999943539
5,8,8,"(112.5, 362.5, 5.753213768936505)",0.034068956971129535,0.0,-0.6855085296279899,0.42340488913813396,226.67189999992843
5,8,9,"(112.5, 362.5, 5.753213768936505)",0.3071389473920078,743.360595703125,-0.2284365610392958,0.7171554583793005,121.78599999970174
5,8,10,"(112.5, 387.5, 6.700045574866817)",0.19549351815014337,0.0,-0.4505691563221367,0.40304148519999855,235.6954000024416
5,8,11,"(112.5, 362.5, 5.753213768936505)",0.016829624772059085,0.0,-0.674499897972859,0.12172708567396487,226.1130000006233
5,8,12,"(112.5, 362.5, 5.753213768936505)",0.23094137874299978,745.0280151367188,-0.22402882706564653,0.5047664392391076,119.62929999936023
5,8,13,"(137.5, 362.5, 6.88289330546234)",0.38198844712846597,0.0,-0.4636070967955443,0.5923701462523568,248.31470000208355
5,8,14,"(137.5, 387.5, 8.184609533832969)",2.2832926430329845e-07,0.0,-0.6736226494984942,0.06388074569891293,259.2284999991534
5,8,15,"(137.5, 387.5, 8.184609533832969)",0.2093491301711541,755.0791015625,-0.22156998885309082,0.34579055051085894,122.38350000188802
5,8,16,"(162.5, 387.5, 9.797797492156253)",0.29964916299660915,0.0,-0.4609475207623871,0.28566869120608,231.84760000003735
5,8,17,"(187.5, 387.5, 11.364582883745452)",-2.247979864478111e-07,0.0,-0.7504455058115052,0.007081758412567575,228.21210000256542
5,8,18,"(187.5, 387.5, 11.364582883745452)",0.0248677586113758,781.40283203125,-0.2949070691544524,0.027142820496262546,121.23559999963618
5,8,19,"(212.5, 387.5, 12.56601886791643)",0.20038697139224126,0.0,-0.7679688265174975,0.10952070001788775,229.99760000311653
5,8,20,"(237.5, 387.5, 13.016039592385813)",0.21559047698957456,0.0,-1.5111052116051862,0.3369365840035562,284.48520000165445
5,8,21,"(237.5, 387.5, 13.016039592385813)",1.067928769499942,776.4715576171875,-0.7345811625031313,0.9435820268066093,173.24340000050142
5,8,22,"(237.5, 412.5, 16.71281874556001)",0.011499883665676888,0.0,-1.8608402779428928,0.006053082502972454,227.63690000283532
5,8,23,"(237.5, 437.5, 21.459341898515387)",7.432875766729316e-08,0.0,-3.0292242998758128,5.1414686954254654e-09,225.49609999987297
5,8,24,"(237.5, 437.5, 21.459341898515387)",0.0011168936875278,856.8884887695312,-1.1683404932304369,0.001234615928452522,123.00820000018575
5,9,0,"(37.5, 437.5, 3.968016468858607)",0.5015333942276552,733.5948486328125,-0.25657534447397434,1.7382767438603086,122.57400000089547
5,9,1,"(37.5, 412.5, 3.751648026446586)",0.3007919349835015,0.0,-0.483750128422816,1.1938761003468412,232.6506999997946
5,9,2,"(37.5, 387.5, 3.4504418791542615)",0.03353651861347858,0.0,-0.7187602674455913,0.9801362834266804,228.41279999920516
5,9,3,"(37.5, 387.5, 3.4504418791542615)",0.2386623784216537,735.1071166992188,-0.22781570992418648,1.2885356510624155,123.85329999960959
5,9,4,"(62.5, 387.5, 4.334940067576602)",0.31594120395963693,0.0,-0.45907955983853077,1.0596756350341638,232.93740000008256
5,9,5,"(87.5, 387.5, 5.413067831237064)",0.015231685092059783,0.0,-0.6734736393510378,0.727737177344771,228.5038000009081
5,9,6,"(87.5, 387.5, 5.413067831237064)",0.22823216590053969,743.2133178710938,-0.22526290771828358,0.9154291836585051,125.83409999933792
5,9,7,"(87.5, 362.5, 4.730210615988501)",0.31356477459203225,0.0,-0.46585574593028856,0.7531825395181037,234.14499999853433
5,9,8,"(112.5, 362.5, 5.753213768936505)",0.03254228333631074,0.0,-0.6855085296279898,0.4234048891381339,223.67299999677925
5,9,9,"(112.5, 362.5, 5.753213768936505)",0.3087962290273523,743.365234375,-0.22843656103929585,0.7171554750386339,125.09649999992689
5,9,10,"(112.5, 387.5, 6.700045574866817)",0.18521513248852817,0.0,-0.45056915632213657,0.4030414851999984,229.47559999738587
5,9,11,"(112.5, 362.5, 5.753213768936505)",0.008257126435660117,0.0,-0.6744998979728591,0.12172708567396491,225.1414999991539
5,9,12,"(112.5, 362.5, 5.753213768936505)",0.23080428195228,744.9906005859375,-0.22402882706564647,0.504766467450836,121.84479999996256
5,9,13,"(112.5, 387.5, 6.700045574866817)",0.2061193157428285,0.0,-0.4499029727206445,0.4161652411554121,232.9710999983945
5,9,14,"(112.5, 362.5, 5.753213768936505)",0.015013669927903935,0.0,-0.674478404451378,0.12041906181642824,227.52419999960694
5,9,15,"(112.5, 362.5, 5.753213768936505)",0.22991395047965055,744.93310546875,-0.22399802053504128,0.5030180990365342,119.58940000113216
5,9,16,"(112.5, 387.5, 6.700045574866817)",0.20443346611564092,0.0,-0.4498994271438618,0.41660490300431896,234.13419999997132
5,9,17,"(112.5, 362.5, 5.753213768936505)",0.01726330816742156,0.0,-0.6744784493457802,0.12040130432562451,222.81759999896167
5,9,18,"(112.5, 362.5, 5.753213768936505)",0.2369486243442178,745.0387573242188,-0.2239975330568521,0.5029903388775575,127.46420000257785
5,9,19,"(137.5, 362.5, 6.88289330546234)",0.3845921106426713,0.0,-0.46355038144832594,0.592097106716819,244.81509999895934
5,9,20,"(137.5, 387.5, 8.184609533832969)",0.0018462239143816233,0.0,-0.6736241326447281,0.06384126115197089,258.49100000050385
5,9,21,"(137.5, 387.5, 8.184609533832969)",0.20900071774421325,755.3101196289062,-0.2215701461702894,0.34583529078425207,123.38109999836888
5,9,22,"(162.5, 387.5, 9.797797492156253)",0.2908671723533054,0.0,-0.46094759993786066,0.2856730743918531,232.13489999761805
5,9,23,"(187.5, 387.5, 11.364582883745452)",0.0014072395861114174,0.0,-0.7504455033972335,0.0070817493160645,226.59339999881922
5,9,24,"(187.5, 387.5, 11.364582883745452)",0.0237427075256145,781.31298828125,-0.29490706915105314,0.027142818397393045,120.19149999832734
5,9,25,"(187.5, 412.5, 13.941569591049829)",0.03527679370328588,0.0,-0.5353085874825059,0.02321019862774983,227.56809999918914
5,9,26,"(187.5, 437.5, 16.502195647044346)",-6.585226704676944e-08,0.0,-0.7846531446276654,1.4594699292207781e-08,230.03809999863734
5,9,27,"(187.5, 437.5, 16.502195647044346)",0.001642353361050178,817.1593017578125,-0.24938619370078363,0.0017476630845194084,121.3577999988047
5,9,28,"(212.5, 437.5, 19.809611758762614)",3.844804941195388e-07,0.0,-0.4808551928029594,1.2190982071748168e-05,193.8031999998202
5,9,29,"(237.5, 437.5, 21.459341898515387)",7.432875766729315e-08,0.0,-1.6491956859894479,1.7769040101786198e-13,235.187299997051
5,9,30,"(237.5, 437.5, 21.459341898515387)",0.0012251566758147501,856.8884887695312,-1.1683404932304369,0.0012346417852767257,120.42469999869354
5,0,0,"(12.5, 437.5, 3.099809189999389)",0.5405326928079363,548.8597412109375,-0.27738256775864456,2.1450815560031176,122.36000000120839
5,0,1,"(12.5, 412.5, 2.9483028787697823)",0.34306666244463446,0.0,-0.4900169261486613,1.4727949718614208,232.14890000235755
5,0,2,"(12.5, 387.5, 2.7344809963379078)",0.03341654439764269,0.0,-0.7240048940223457,1.3043544336497432,226.05969999858644
5,0,3,"(12.5, 387.5, 2.7344809963379078)",0.2409943245802462,549.9714965820312,-0.228652590486883,1.6713081108417274,120.01489999965997
5,0,4,"(37.5, 387.5, 3.4504418791542615)",0.2852002468780693,0.0,-0.46630443518074594,1.4306782553046042,225.56340000301134
5,0,5,"(62.5, 387.5, 4.334940067576602)",0.0345612913370408,0.0,-0.6917383292341882,1.0502159227033907,228.2950000007986
5,0,6,"(62.5, 387.5, 4.334940067576602)",0.26740639338002886,739.024658203125,-0.2284768130320308,1.1335158473990563,117.3051999976451
5,0,7,"(87.5, 387.5, 5.413067831237064)",0.22934603247840424,0.0,-0.45156466717250754,0.8355540636686555,231.9523999976809
5,0,8,"(87.5, 362.5, 4.730210615988501)",0.03717126697302435,0.0,-0.6918776142803976,0.646956036890663,225.77540000202134
5,0,9,"(87.5, 362.5, 4.730210615988501)",0.3013720659591722,741.0289916992188,-0.23536407197092096,0.9188500731391058,122.27259999781381
5,0,10,"(112.5, 362.5, 5.753213768936505)",0.34749923412468275,0.0,-0.4626494141916139,0.731932432803352,232.20629999923403
5,0,11,"(112.5, 387.5, 6.700045574866817)",0.007871855671212114,0.0,-0.6733435786310954,0.2561695545054954,239.4958000004408
5,0,12,"(112.5, 387.5, 6.700045574866817)",0.20584510914212648,747.7326049804688,-0.22298114478816924,0.6035761731092071,118.76560000018799
5,0,13,"(112.5, 362.5, 5.753213768936505)",0.271976740663481,0.0,-0.4508989788777261,0.38742205659391915,230.4589000013948
5,0,14,"(112.5, 337.5, 4.834376816244601)",0.0028914337356942222,0.0,-0.6718780950880121,0.09040326311859452,228.78929999933462
5,0,15,"(112.5, 337.5, 4.834376816244601)",0.21185551823994986,742.9261474609375,-0.22805322449430696,0.5451226049862873,122.0132000016747
5,0,16,"(112.5, 312.5, 3.997603125569143)",0.3153785701686324,0.0,-0.4629104144724567,0.6194705750875524,243.24759999944945
5,0,17,"(112.5, 287.5, 3.266470567666104)",0.016396736105294577,0.0,-0.6902831166006822,0.28609627063917825,231.680699998833
5,0,18,"(112.5, 287.5, 3.266470567666104)",0.2801563704616468,738.7135620117188,-0.23507263660619251,1.2501995753850363,118.06419999993523
5,0,19,"(112.5, 312.5, 3.997603125569143)",0.4629747670046136,0.0,-0.49005078721799566,1.2386724377974232,230.94470000069123
5,0,20,"(112.5, 337.5, 4.834376816244601)",0.032589567204335,0.0,-0.7062556751441108,0.4096850656418715,223.87560000061058
5,0,21,"(112.5, 337.5, 4.834376816244601)",0.3193679125514374,742.3670043945312,-0.22754064864698903,0.7233184187026486,121.63920000239159
5,0,22,"(112.5, 362.5, 5.753213768936505)",0.2574945581624376,0.0,-0.45348793744751137,0.4501116283987463,247.45489999986603
5,0,23,"(112.5, 387.5, 6.700045574866817)",0.005141645049064388,0.0,-0.6729181154660799,0.09479847612479513,223.80509999857168
5,0,24,"(112.5, 387.5, 6.700045574866817)",0.14393444325367463,748.7728881835938,-0.2214687269018025,0.3937159489891722,120.42890000157058
5,0,25,"(112.5, 362.5, 5.753213768936505)",0.22375234895821378,0.0,-0.4489201065875529,0.3413482301852504,231.55730000144104
5,0,26,"(137.5, 362.5, 6.88289330546234)",0.012546754131715807,0.0,-0.6744544924995612,0.1356505346883284,224.21159999794327
5,0,27,"(137.5, 362.5, 6.88289330546234)",0.3853748274740037,744.0646362304688,-0.2311638248500955,0.7060503027963322,124.84949999998207
5,0,28,"(137.5, 387.5, 8.184609533832969)",0.1909933721245543,0.0,-0.45098490439288597,0.2341027307172043,232.20619999847258
5,0,29,"(162.5, 387.5, 9.797797492156253)",0.00923459728558169,0.0,-0.6855158846948058,0.02270370995800411,226.9096999989415
5,0,30,"(162.5, 387.5, 9.797797492156253)",0.274090259010039,763.2575073242188,-0.2349322409326693,0.3475610003575126,126.7364000013913
5,0,31,"(187.5, 387.5, 11.364582883745452)",0.012585886477571973,0.0,-0.5289689421213998,0.009477574462014603,254.5533999982581
5,0,32,"(187.5, 362.5, 9.103110310900643)",-7.95116648077965e-08,0.0,-0.8392680525562162,0.00012281650519966434,253.07600000087405
5,0,33,"(187.5, 362.5, 9.103110310900643)",0.16278541147568396,764.8013305664062,-0.3103130779133086,0.18888746062300224,120.85560000195983
5,0,34,"(212.5, 362.5, 9.863883753989105)",1.0214370522857554,0.0,-0.6159444255500233,1.0418795827098792,229.23919999811915
5,0,35,"(212.5, 387.5, 12.56601886791643)",0.04370825986066686,0.0,-0.8457911875634577,0.3402494228332532,277.56070000032196
5,0,36,"(212.5, 387.5, 12.56601886791643)",0.23032476965960488,775.0076904296875,-0.22511164396435454,0.22472588241319877,117.63449999853037
5,0,37,"(237.5, 387.5, 13.016039592385813)",0.7060456152390941,0.0,-0.7273211632539139,0.5421955453674575,231.08739999952377
5,0,38,"(237.5, 362.5, 10.136936791802604)",0.1951775352160527,0.0,-1.1824436054726932,0.5352534694144553,240.99690000002738
5,0,39,"(237.5, 362.5, 10.136936791802604)",0.644997651154362,753.9611206054688,-0.38234502058486947,0.6249468155340175,123.36990000039805
5,0,40,"(212.5, 362.5, 9.863883753989105)",0.5986217758541034,0.0,-0.5772783815883441,0.6711108723918113,219.10770000249613
5,0,41,"(212.5, 387.5, 12.56601886791643)",0.005387878045415745,0.0,-0.8183617016610895,0.0171801372668758,276.9899000013538
5,0,42,"(212.5, 387.5, 12.56601886791643)",0.12014357702136216,778.7671508789062,-0.22287329538839232,0.12439534250420378,120.07920000178274
5,0,43,"(237.5, 387.5, 13.016039592385813)",0.6355671033447757,0.0,-0.7250130788264701,0.5203852615084937,233.1105999983265
5,0,44,"(237.5, 362.5, 10.136936791802604)",0.20115747054416713,0.0,-1.1819664104049603,0.5335048020890444,239.99879999973928
5,0,45,"(237.5, 362.5, 10.136936791802604)",0.648987726045058,753.6962890625,-0.3822878012906887,0.6234853754114541,121.44530000296072
5,0,46,"(212.5, 362.5, 9.863883753989105)",0.6021220660451081,0.0,-0.5772653021788954,0.6708790087755288,216.72839999882854
5,0,47,"(212.5, 387.5, 12.56601886791643)",0.0014072411383191745,0.0,-0.8183600604893777,0.01716607307949451,272.4579999994603
5,0,48,"(212.5, 387.5, 12.56601886791643)",0.12423247109849836,778.1859741210938,-0.2228731433172569,0.12437751912120351,119.65390000113985
5,0,49,"(237.5, 387.5, 13.016039592385813)",0.6208421679593825,0.0,-0.7250124446792685,0.5203802189371387,230.75169999719947
5,0,50,"(237.5, 362.5, 10.136936791802604)",0.2001588145891904,0.0,-1.1819663421859998,0.5335043686790217,238.9831000000413
5,0,51,"(237.5, 362.5, 10.136936791802604)",0.6513515753719286,753.7359619140625,-0.3822878162221372,0.6234850413038292,120.10279999958584
5,0,52,"(212.5, 362.5, 9.863883753989105)",0.6022971842696059,0.0,-0.5772653255881823,0.6708789052877214,217.46700000221608
5,0,53,"(212.5, 387.5, 12.56601886791643)",0.0040931059047485995,0.0,-0.8183600583260362,0.017166066257207784,267.67670000117505
5,0,54,"(212.5, 387.5, 12.56601886791643)",0.12258102824918758,778.4738159179688,-0.22287314312597986,0.12437746684118531,120.56719999964116
5,0,55,"(212.5, 387.5, 12.56601886791643)",0.1415351655204294,0.0,-0.44615295448419684,0.08049547259273734,221.62650000245776
5,0,56,"(237.5, 387.5, 13.016039592385813)",0.06392041345440848,0.0,-0.9701279927148643,0.2444825083153287,245.4654999964987
5,0,57,"(237.5, 387.5, 13.016039592385813)",0.23756836803146442,769.447265625,-0.3693408951769254,0.29667371995017117,124.44020000111777
5,0,58,"(237.5, 412.5, 16.71281874556001)",0.013639660032297978,0.0,-1.8607214931269036,0.010276831035120317,243.86239999876125
5,0,59,"(237.5, 437.5, 21.459341898515387)",7.432875766729316e-08,0.0,-3.0292242999651724,6.381766160949046e-09,227.61560000071768
5,0,60,"(237.5, 437.5, 21.459341898515387)",0.0018333681217509211,856.8884887695312,-1.1683404932304369,0.0012346362456504031,122.24440000136383
5,1,0,"(12.5, 437.5, 3.099809189999389)",0.5459854609198644,548.8991088867188,-0.2773825677586445,2.145081494104555,122.38570000045002
5,1,1,"(12.5, 412.5, 2.9483028787697823)",0.3662570135967176,0.0,-0.4900169261486613,1.4727949718614208,231.46079999787617
5,1,2,"(12.5, 387.5, 2.7344809963379078)",0.025608971715035046,0.0,-0.7240048940223457,1.3043544336497432,223.0079000000842
5,1,3,"(12.5, 387.5, 2.7344809963379078)",0.24412109228389298,549.9207153320312,-0.228652590486883,1.6713080715109578,122.9432000000088
5,1,4,"(12.5, 362.5, 2.4787539260087077)",0.27701595340049745,0.0,-0.46742819642802036,1.6514450524102637,232.02230000242707
5,1,5,"(12.5, 337.5, 2.201752559048532)",0.028693137069564546,0.0,-0.702466557964948,1.4566455049743687,242.91710000034072
5,1,6,"(12.5, 337.5, 2.201752559048532)",0.2732677699735957,549.9140625,-0.23625012262880835,1.9465779183245597,118.84880000070552
5,1,7,"(37.5, 337.5, 2.720263300914144)",0.45115448598280633,0.0,-0.4869857731449597,1.849870201544713,227.85300000032294
5,1,8,"(62.5, 337.5, 3.333747410702351)",0.04954334100088956,0.0,-0.7183674722862734,1.451946562935346,224.7931999991124
5,1,9,"(62.5, 337.5, 3.333747410702351)",0.3720107519304113,737.3533325195312,-0.23822841982533738,1.6542471209037128,124.85340000057477
5,1,10,"(62.5, 312.5, 2.84003211203415)",0.48821544444352505,0.0,-0.4927571906435455,1.4777176831546066,230.64919999887934
5,1,11,"(87.5, 312.5, 3.3952550877786836)",0.043366650740332906,0.0,-0.7176986317364068,0.9227879540925119,222.9896999997436
5,1,12,"(87.5, 312.5, 3.3952550877786836)",0.3711611792625396,738.1292724609375,-0.23541960069540102,1.4418826983868134,125.45760000284645
5,1,13,"(87.5, 337.5, 4.042605949689198)",0.4462723145725862,0.0,-0.4717416011633819,1.0034457954140483,236.85829999885755
5,1,14,"(112.5, 337.5, 4.834376816244601)",0.033638370533780215,0.0,-0.6936933102705586,0.602248957186492,233.3881000013207
5,1,15,"(112.5, 337.5, 4.834376816244601)",0.40263980604301436,739.4442749023438,-0.23334445367370366,1.2304660518357322,121.56170000162092
5,1,16,"(137.5, 337.5, 5.675677129206918)",0.6390332451309233,0.0,-0.49042966311148073,0.9209304752267506,231.55129999940982
5,1,17,"(162.5, 337.5, 6.503826249283008)",0.04416187107560116,0.0,-0.7330106630306786,0.30463776159696865,222.97810000236495
5,1,18,"(162.5, 337.5, 6.503826249283008)",0.4099099367214042,748.977294921875,-0.2577719262059409,0.6400725755434987,117.37550000179908
5,1,19,"(162.5, 362.5, 8.044975170611863)",0.6382249438893796,0.0,-0.507487019699653,0.7689966911342533,234.04999999911524
5,1,20,"(187.5, 362.5, 9.103110310900643)",0.0828854242960613,0.0,-0.8097417012348397,0.3528448581686037,301.74389999956475
5,1,21,"(187.5, 362.5, 9.103110310900643)",0.6812915050356196,749.8817138671875,-0.29395093204854605,0.8023293779858637,120.66889999914565
5,1,22,"(187.5, 387.5, 11.364582883745452)",0.0008463542854524909,0.0,-0.6052768733708926,0.004270393910498503,232.07019999972545
5,1,23,"(187.5, 387.5, 11.364582883745452)",-2.247979864478111e-07,0.0,-0.9001909804935007,6.726166952339339e-06,239.7309000007226
5,1,24,"(187.5, 387.5, 11.364582883745452)",0.009701840302468118,781.5147094726562,-0.29490552557653643,0.011444961968209174,120.96310000197263
5,1,25,"(162.5, 387.5, 9.797797492156253)",0.015287726575117193,0.0,-0.5288940090347309,0.012341148593401732,212.61880000020028
5,1,26,"(187.5, 387.5, 11.364582883745452)",-2.2479798644781113e-07,0.0,-0.823802376825449,4.8234139251604726e-05,225.2197999987402
5,1,27,"(187.5, 387.5, 11.364582883745452)",0.013281235650563763,781.5147094726562,-0.29490569861921434,0.016219848237312543,121.14870000004885
5,1,28,"(212.5, 387.5, 12.56601886791643)",0.1900372417336097,0.0,-0.767968860132073,0.10951983826906851,236.00169999917853
5,1,29,"(237.5, 387.5, 13.016039592385813)",0.2031680742900658,0.0,-1.5111053040623617,0.3369363498471904,278.7251000008837
5,1,30,"(237.5, 387.5, 13.016039592385813)",1.070640733853988,777.1407470703125,-0.7345811872007407,0.9435819874889705,172.0061000014539
5,1,31,"(237.5, 412.5, 16.71281874556001)",0.011012623180647232,0.0,-1.8608402778315212,0.006053081461423098,229.9120000025141
5,1,32,"(237.5, 437.5, 21.459341898515387)",7.432875766729316e-08,0.0,-3.0292242998758128,5.141468695425467e-09,226.45099999863305
5,1,33,"(237.5, 437.5, 21.459341898515387)",0.002276795948500402,856.8884887695312,-1.1683404932304369,0.001234623461478556,122.22919999840087
5,1,34,"(237.5, 437.5, 21.459341898515387)",7.067226018458174e-07,0.0,-2.336680986460874,3.8736093524698565e-06,212.74350000021514
5,2,0,"(12.5, 437.5, 3.099809189999389)",0.5458399818923683,548.8780517578125,-0.2773825677586445,2.1450815555793508,122.1644000033848
5,2,1,"(12.5, 412.5, 2.9483028787697823)",0.34379196567357273,0.0,-0.49001692614866127,1.4727949718614206,232.010600000649
5,2,2,"(37.5, 412.5, 3.751648026446586)",0.04064182937140164,0.0,-0.715400468607888,1.1682531738614548,226.69909999967786
5,2,3,"(37.5, 412.5, 3.751648026446586)",0.26313558127778314,735.0210571289062,-0.23342730433722103,1.3142817570140934,122.44320000172593
5,2,4,"(37.5, 387.5, 3.4504418791542615)",0.290863102220006,0.0,-0.4686282345325662,1.1662414235151737,231.19230000156676
5,2,5,"(37.5, 362.5, 3.0963977943191585)",0.016008288909993694,0.0,-0.6925801229524746,0.9769274929137622,245.59779999981401
5,2,6,"(37.5, 362.5, 3.0963977943191585)",0.21010487467953937,734.6327514648438,-0.22932787162981205,1.515498560929154,122.30089999866323
5,2,7,"(37.5, 337.5, 2.720263300914144)",0.31970861803650974,0.0,-0.47021761832432085,1.5449979053590936,234.30629999711527
5,2,8,"(37.5, 312.5, 2.347164439776079)",0.0526502033074613,0.0,-0.7164939351140763,1.3283223933756567,237.76550000184216
5,2,9,"(37.5, 312.5, 2.347164439776079)",0.33353407604576646,733.861328125,-0.24113727939573182,1.910301540986525,120.51599999904283
5,2,10,"(62.5, 312.5, 2.84003211203415)",0.41921636080738783,0.0,-0.4857298740641957,1.766577153208666,234.85190000064904
5,2,11,"(87.5, 312.5, 3.3952550877786836)",0.04845577478411964,0.0,-0.7181514899782971,1.2926033234963084,225.1907999998366
5,2,12,"(87.5, 312.5, 3.3952550877786836)",0.3719186417465092,737.9022827148438,-0.24033213191364686,1.5214166279915542,120.78759999712929
5,2,13,"(87.5, 337.5, 4.042605949689198)",0.4497092868858439,0.0,-0.47247135468135315,1.002117410210185,232.6084999986051
5,2,14,"(112.5, 337.5, 4.834376816244601)",0.0368500277399783,0.0,-0.6931913287344915,0.594613659634677,228.07150000153342
5,2,15,"(112.5, 337.5, 4.834376816244601)",0.40571938587057965,739.3973388671875,-0.23326702752299036,1.2274178948581915,121.17310000030557
5,2,16,"(137.5, 337.5, 5.675677129206918)",0.650833754987184,0.0,-0.49036699303273196,0.9200915376764888,234.4154000020353
5,2,17,"(162.5, 337.5, 6.503826249283008)",0.04415718217687478,0.0,-0.7330049638574745,0.30453292494364576,225.59600000022328
5,2,18,"(162.5, 337.5, 6.503826249283008)",0.40011003666519507,749.2064819335938,-0.2577715564644367,0.640061672318806,120.62049999804003
5,2,19,"(187.5, 337.5, 7.2238068944948735)",0.7171229014019361,0.0,-0.5641727755643141,0.6635391418296392,246.5526999985741
5,2,20,"(187.5, 362.5, 9.103110310900643)",0.028296232223498117,0.0,-0.867690298263417,0.0764383087792878,255.73480000093696
5,2,21,"(187.5, 362.5, 9.103110310900643)",0.47727265465437374,759.252197265625,-0.31171808814379287,0.5677787791657288,123.89409999741474
5,2,22,"(212.5, 362.5, 9.863883753989105)",0.7346744787161276,0.0,-0.5588652198382283,0.8099238733848364,225.4882000015641
5,2,23,"(212.5, 387.5, 12.56601886791643)",0.03506240745384988,0.0,-0.8500736774867995,0.34879070035949244,291.201899999578
5,2,24,"(212.5, 387.5, 12.56601886791643)",0.2223094243548293,774.802734375,-0.22484252844857908,0.21756523743828285,127.84040000042296
5,2,25,"(237.5, 387.5, 13.016039592385813)",0.6838382243253583,0.0,-0.7273650022704404,0.5410742445963668,235.33689999749186
5,2,26,"(237.5, 362.5, 10.136936791802604)",0.19982955853144893,0.0,-1.1823644798607174,0.5351686015964101,239.1998999992211
5,2,27,"(237.5, 362.5, 10.136936791802604)",0.6513980029639976,753.7276000976562,-0.38233857213341804,0.6248458741383044,121.49660000068252
5,2,28,"(212.5, 362.5, 9.863883753989105)",0.6054132982421118,0.0,-0.5772785136235155,0.6710926507086579,233.55939999964903
5,2,29,"(212.5, 387.5, 12.56601886791643)",0.004093105904757065,0.0,-0.8183615855151429,0.01717941594606633,291.31409999899915
5,2,30,"(212.5, 387.5, 12.56601886791643)",0.12186033548892498,778.7647705078125,-0.22287329386699375,0.12439443847998431,120.70289999974193
5,2,31,"(237.5, 387.5, 13.016039592385813)",0.6574308852311215,0.0,-0.7250130852909086,0.5203849900703181,229.63929999968968
5,2,32,"(237.5, 362.5, 10.136936791802604)",0.20139890909194802,0.0,-1.181966365404587,0.5335047699360445,239.5422999979928
5,2,33,"(237.5, 362.5, 10.136936791802604)",0.6497631463862477,753.6074829101562,-0.38228780057993333,0.6234853837685215,120.68509999880916
5,2,34,"(212.5, 362.5, 9.863883753989105)",0.59193023613083,0.0,-0.5772653021788955,0.6708790087755284,219.15509999962524
5,2,35,"(212.5, 387.5, 12.56601886791643)",0.002767895969251791,0.0,-0.8183600604893777,0.017166073079494505,268.7906000028306
5,2,36,"(212.5, 387.5, 12.56601886791643)",0.12572272723735223,778.7643432617188,-0.22287314331725694,0.12437752055227774,120.00340000304277
5,2,37,"(237.5, 387.5, 13.016039592385813)",0.632725282151845,0.0,-0.725012444679269,0.520380218937139,231.45970000041416
5,2,38,"(237.5, 362.5, 10.136936791802604)",0.20172474781671848,0.0,-1.1819663421859998,0.5335043686790216,240.65250000057858
5,2,39,"(237.5, 362.5, 10.136936791802604)",0.6432283259074333,753.9993286132812,-0.38228781622213726,0.623485114602186,120.85789999764529
5,2,40,"(212.5, 362.5, 9.863883753989105)",0.5827342486620282,0.0,-0.5772653255881823,0.6708789052877218,217.7166000001307
5,2,41,"(212.5, 387.5, 12.56601886791643)",0.006656741723399481,0.0,-0.8183600583260362,0.017166066257207766,278.2289999995555
5,2,42,"(212.5, 387.5, 12.56601886791643)",0.1209239413233842,777.9656372070312,-0.22287314312597983,0.12437750234628599,118.89209999935701
5,2,43,"(237.5, 387.5, 13.016039592385813)",0.6391749080195074,0.0,-0.7250124446792697,0.5203802189371394,230.89640000034706
5,2,44,"(237.5, 362.5, 10.136936791802604)",0.20209127664565416,0.0,-1.1819663421859996,0.5335043686790215,238.79259999739588
5,2,45,"(237.5, 362.5, 10.136936791802604)",0.6483155175477986,754.0151977539062,-0.38228781622213714,0.6234851532279376,125.54910000108066
5,2,46,"(212.5, 362.5, 9.863883753989105)",0.5981631740219873,0.0,-0.5772653255881826,0.6708789052877214,216.6785000008531
5,2,47,"(212.5, 387.5, 12.56601886791643)",0.004093026431880496,0.0,-0.8183600583260361,0.017166066257207766,267.17269999790005
5,2,48,"(212.5, 387.5, 12.56601886791643)",0.12327154848135101,778.255615234375,-0.2228731431259799,0.12437749026184473,126.38289999813423
5,2,49,"(237.5, 387.5, 13.016039592385813)",0.6673700975684272,0.0,-0.72501244467927,0.5203802189371396,231.5444000014395
5,2,50,"(237.5, 362.5, 10.136936791802604)",0.20061610142387942,0.0,-1.1819663421859998,0.5335043686790216,238.94619999919087
5,2,51,"(237.5, 362.5, 10.136936791802604)",0.6552680187948206,753.7982788085938,-0.38228781622213714,0.6234851154815176,124.27519999982906
5,2,52,"(212.5, 362.5, 9.863883753989105)",0.606796231177817,0.0,-0.5772653255881824,0.6708789052877215,218.99689999918337
5,2,53,"(212.5, 387.5, 12.56601886791643)",0.006656582777664218,0.0,-0.8183600583260362,0.017166066257207766,275.0506999982463
5,2,54,"(212.5, 387.5, 12.56601886791643)",0.12423014040726146,778.4155883789062,-0.22287314312597986,0.12437751285782112,121.58700000145473
5,2,55,"(237.5, 387.5, 13.016039592385813)",0.6267052481101464,0.0,-0.7250124446792688,0.5203802189371389,233.38939999666763
5,2,56,"(237.5, 362.5, 10.136936791802604)",0.20139898856480165,0.0,-1.1819663421859998,0.5335043686790218,238.57870000210823
5,2,57,"(237.5, 362.5, 10.136936791802604)",0.6467651058856028,753.8863525390625,-0.38228781622213714,0.6234851153268203,123.44409999786876
5,2,58,"(212.5, 362.5, 9.863883753989105)",0.6142268339401631,0.0,-0.5772653255881824,0.6708789052877213,218.29520000028424
5,2,59,"(212.5, 387.5, 12.56601886791643)",0.0014072411383232485,0.0,-0.8183600583260362,0.017166066257207777,269.7987000028661
5,2,60,"(212.5, 387.5, 12.56601886791643)",0.12756613351667492,778.494140625,-0.2228731431259799,0.12437751277633882,121.23919999794452
5,2,61,"(212.5, 412.5, 15.910281935579775)",0.3689220146779744,0.0,-0.590823455917542,0.16160355052777672,218.25429999807966
5,2,62,"(212.5, 437.5, 19.809611758762614)",0.0041358623032738484,0.0,-0.9628162401443261,0.22086514165627158,313.09630000032485
5,2,63,"(212.5, 437.5, 19.809611758762614)",0.008188718311044408,859.4910278320312,-0.23146900844538126,0.005625738874359683,121.69799999901443
5,2,64,"(237.5, 437.5, 21.459341898515387)",7.061231749695878e-07,0.0,-1.3998094922952102,3.873603401054922e-06,231.72469999917666
5,3,0,"(12.5, 437.5, 3.099809189999389)",0.5508192220140602,548.8859252929688,-0.2773825677586445,2.1450814938032288,128.21249999979045
5,3,1,"(12.5, 412.5, 2.9483028787697823)",0.34833695116971564,0.0,-0.49001692614866127,1.4727949718614204,231.69969999798923
5,3,2,"(12.5, 387.5, 2.7344809963379078)",0.03803073863180628,0.0,-0.7240048940223456,1.3043544336497432,224.07300000122632
5,3,3,"(12.5, 387.5, 2.7344809963379078)",0.24328939583085799,549.9024047851562,-0.22865259048688302,1.6713080315195463,119.55880000095931
5,3,4,"(37.5, 387.5, 3.4504418791542615)",0.2860319510474809,0.0,-0.4663044351807459,1.4306782553046042,226.7452999985835
5,3,5,"(62.5, 387.5, 4.334940067576602)",0.0369679679473138,0.0,-0.6917383292341882,1.0502159227033907,227.5950000002922
5,3,6,"(62.5, 387.5, 4.334940067576602)",0.27310982975386233,738.9151000976562,-0.22847681303203077,1.1335158284622153,120.20119999942835
5,3,7,"(87.5, 387.5, 5.413067831237064)",0.21455234527320516,0.0,-0.4515646671725076,0.8355540636686556,232.35579999891343
5,3,8,"(87.5, 362.5, 4.730210615988501)",0.03896441310645068,0.0,-0.6918776142803978,0.6469560368906632,226.3652000001457
5,3,9,"(87.5, 362.5, 4.730210615988501)",0.29951001447513687,740.87939453125,-0.23536407197092094,0.9188500811436743,118.43089999820222
5,3,10,"(112.5, 362.5, 5.753213768936505)",0.34173071584677794,0.0,-0.4626494141916139,0.7319324328033519,230.13540000101784
5,3,11,"(112.5, 387.5, 6.700045574866817)",0.004899888609863579,0.0,-0.6733435786310954,0.25616955450549533,250.29500000164262
5,3,12,"(112.5, 387.5, 6.700045574866817)",0.201692710408422,747.8892211914062,-0.22298114478816936,0.6035762024170264,120.56329999904847
5,3,13,"(112.5, 362.5, 5.753213768936505)",0.26003496149974425,0.0,-0.4508989788777261,0.38742205659391915,231.43870000058087
5,3,14,"(112.5, 337.5, 4.834376816244601)",0.010536643365997647,0.0,-0.6718780950880123,0.09040326311859452,228.78679999848828
5,3,15,"(112.5, 337.5, 4.834376816244601)",0.21672089882968218,742.9520263671875,-0.228053224494307,0.545122598568092,119.58830000003218
5,3,16,"(112.5, 312.5, 3.997603125569143)",0.34259516848749005,0.0,-0.46291041447245673,0.6194705750875525,246.56319999849075
5,3,17,"(112.5, 287.5, 3.266470567666104)",0.018544649084398603,0.0,-0.6902831166006822,0.28609627063917825,233.05899999832036
5,3,18,"(112.5, 287.5, 3.266470567666104)",0.2850301649495087,738.7588500976562,-0.23507263660619254,1.250199571912562,121.94069999895873
5,3,19,"(112.5, 312.5, 3.997603125569143)",0.4545225045787228,0.0,-0.49005078721799566,1.2386724377974232,231.3614000013331
5,3,20,"(112.5, 337.5, 4.834376816244601)",0.03516250103712931,0.0,-0.706255675144111,0.40968506564187157,228.98780000105035
5,3,21,"(112.5, 337.5, 4.834376816244601)",0.32132281295655907,742.3631591796875,-0.22754064864698903,0.7233184203703799,118.24360000173328
5,3,22,"(112.5, 362.5, 5.753213768936505)",0.27169542080033915,0.0,-0.45348793744751137,0.4501116283987462,249.48430000222288
5,3,23,"(112.5, 387.5, 6.700045574866817)",0.0036473963409763286,0.0,-0.6729181154660799,0.09479847612479511,225.61570000107167
5,3,24,"(112.5, 387.5, 6.700045574866817)",0.1453819795574357,748.943115234375,-0.2214687269018025,0.3937159507013485,122.54879999818513
5,3,25,"(112.5, 362.5, 5.753213768936505)",0.23674641308975952,0.0,-0.4489201065875529,0.3413482301852504,235.7393000020238
5,3,26,"(112.5, 337.5, 4.834376816244601)",0.005381080011520502,0.0,-0.6718186534712193,0.0887851473367862,226.456500000495
5,3,27,"(112.5, 337.5, 4.834376816244601)",0.21584304245420644,742.9122924804688,-0.22803966951981158,0.5449093138373867,120.60740000015358
5,3,28,"(112.5, 312.5, 3.997603125569143)",0.35260655059713897,0.0,-0.4629221829291156,0.6197892237183126,246.83530000038445
5,3,29,"(112.5, 287.5, 3.266470567666104)",0.018012657761575113,0.0,-0.6902881542762548,0.28616418952245987,232.832600002439
5,3,30,"(112.5, 287.5, 3.266470567666104)",0.28217086347474457,738.7501831054688,-0.23507391849823528,1.250225194300313,121.43160000050557
5,3,31,"(112.5, 312.5, 3.997603125569143)",0.45117994348641777,0.0,-0.49005137887990524,1.2386777390627635,231.56960000051185
5,3,32,"(112.5, 337.5, 4.834376816244601)",0.037310970326260434,0.0,-0.7062558753584796,0.409687155065355,224.54949999882956
5,3,33,"(112.5, 337.5, 4.834376816244601)",0.31636304682726785,742.3680419921875,-0.22754066269412113,0.7233186798943563,123.2071000013093
5,3,34,"(112.5, 362.5, 5.753213768936505)",0.2660674441495305,0.0,-0.4534879463095904,0.4501117525205811,249.88940000184812
5,3,35,"(112.5, 387.5, 6.700045574866817)",0.008705525969446327,0.0,-0.672918119856253,0.09479847704081094,228.7988000025507
5,3,36,"(112.5, 387.5, 6.700045574866817)",0.1490960792071732,748.7011108398438,-0.22146872690180247,0.39371598013612896,123.09670000104234
5,3,37,"(112.5, 362.5, 5.753213768936505)",0.24114266172911486,0.0,-0.448920106587553,0.34134823018525046,228.67020000194316
5,3,38,"(112.5, 337.5, 4.834376816244601)",0.005195987721287417,0.0,-0.6718186534712193,0.0887851473367862,230.82720000093104
5,3,39,"(112.5, 337.5, 4.834376816244601)",0.2150154528978274,742.9089965820312,-0.22803966951981158,0.5449093442118413,121.86660000224947
5,3,40,"(112.5, 312.5, 3.997603125569143)",0.33133249732471615,0.0,-0.4629221829291156,0.6197892237183125,246.86909999945783
5,3,41,"(112.5, 287.5, 3.266470567666104)",0.020848646759977663,0.0,-0.6902881542762549,0.28616418952245987,232.69129999971483
5,3,42,"(112.5, 287.5, 3.266470567666104)",0.282659198259208,738.7097778320312,-0.23507391849823536,1.2502252064236072,120.69250000058673
5,3,43,"(112.5, 312.5, 3.997603125569143)",0.450406705524925,0.0,-0.49005137887990535,1.238677739062764,233.71920000136015
5,3,44,"(112.5, 337.5, 4.834376816244601)",0.04458099106943831,0.0,-0.7062558753584793,0.4096871550653549,227.9776999966998
5,3,45,"(112.5, 337.5, 4.834376816244601)",0.31769988812978245,742.4466552734375,-0.22754066269412104,0.7233186506295335,119.24650000219117
5,3,46,"(112.5, 362.5, 5.753213768936505)",0.2687027359745281,0.0,-0.45348794630959033,0.4501117525205811,248.62489999941317
5,3,47,"(112.5, 387.5, 6.700045574866817)",0.0022092554718421745,0.0,-0.672918119856253,0.09479847704081092,226.95269999894663
5,3,48,"(112.5, 387.5, 6.700045574866817)",0.1435416897176624,748.5966186523438,-0.22146872690180247,0.39371598470635855,123.96179999996093
5,3,49,"(112.5, 362.5, 5.753213768936505)",0.22800691168649842,0.0,-0.4489201065875529,0.3413482301852504,238.97569999826374
5,3,50,"(137.5, 362.5, 6.88289330546234)",0.008919612814995993,0.0,-0.6744544924995611,0.13565053468832838,227.3590000004333
5,3,51,"(137.5, 362.5, 6.88289330546234)",0.38345161328338717,744.0635375976562,-0.23116382485009554,0.7060502914015978,122.59260000064387
5,3,52,"(137.5, 387.5, 8.184609533832969)",0.20859564991776613,0.0,-0.45098490439288597,0.23410273071720433,236.0950000002049
5,3,53,"(137.5, 412.5, 9.458994007438445)",0.0022680261172326704,0.0,-0.6777688587581909,0.028814518647346098,234.20090000217897
5,3,54,"(137.5, 412.5, 9.458994007438445)",0.18405369150400325,759.0798950195312,-0.22816439870033703,0.3300223939537695,120.71369999830495
5,3,55,"(137.5, 437.5, 10.499382396270086)",0.2594864304142419,0.0,-0.49728329918816105,0.17006919600940734,244.70389999987674
5,3,56,"(162.5, 437.5, 13.254586740016286)",-6.984919309616089e-08,0.0,-0.7672886337766399,0.00019570342694198874,227.90359999999055
5,3,57,"(162.5, 437.5, 13.254586740016286)",0.053093205905421006,779.9139404296875,-0.2722365889202544,0.05770776770365897,123.5134000016842
5,3,58,"(187.5, 437.5, 16.502195647044346)",-2.4561047044827104e-08,0.0,-0.521622769157863,2.069266949934701e-05,202.79569999911473
5,3,59,"(212.5, 437.5, 19.809611758762614)",1.5264959074556828e-08,0.0,-0.7530917643227171,1.7314945551547915e-10,231.9623999974283
5,3,60,"(212.5, 437.5, 19.809611758762614)",0.00303907985807029,859.4910278320312,-0.23146899906458013,0.0013318520154567393,120.5368000009912
5,3,61,"(237.5, 437.5, 21.459341898515387)",7.059033159054602e-07,0.0,-1.399809492295002,3.873599026392697e-06,225.28160000001662
5,4,0,"(12.5, 437.5, 3.099809189999389)",0.545238284725374,548.8552856445312,-0.27738256775864456,2.145081534735627,123.26670000038575
5,4,1,"(12.5, 412.5, 2.9483028787697823)",0.3566681569780302,0.0,-0.49001692614866144,1.472794971861421,232.73930000141263
5,4,2,"(37.5, 412.5, 3.751648026446586)",0.04057078063483298,0.0,-0.7154004686078882,1.168253173861455,230.59579999971902
5,4,3,"(37.5, 412.5, 3.751648026446586)",0.2683797267802194,735.082763671875,-0.233427304337221,1.314281730935793,121.8408000022464
5,4,4,"(37.5, 387.5, 3.4504418791542615)",0.2812323212724523,0.0,-0.4686282345325661,1.1662414235151737,231.40399999829242
5,4,5,"(62.5, 387.5, 4.334940067576602)",0.019107396403993695,0.0,-0.6918031377026859,0.8445775319113412,224.08009999708156
5,4,6,"(62.5, 387.5, 4.334940067576602)",0.2559007806209163,739.2081298828125,-0.22646457640856874,1.0870043314528637,121.931499998027
5,4,7,"(87.5, 387.5, 5.413067831237064)",0.2268566507164693,0.0,-0.451788190131713,0.8377529299032634,231.79300000265357
5,4,8,"(87.5, 362.5, 4.730210615988501)",0.042899588743844516,0.0,-0.691834526678922,0.6461490245483176,232.05800000141608
5,4,9,"(87.5, 362.5, 4.730210615988501)",0.30113288972554003,741.1304321289062,-0.23534899235641976,0.9176952570299501,118.85249999977532
5,4,10,"(112.5, 362.5, 5.753213768936505)",0.34660860911250446,0.0,-0.4626313348561588,0.7316623825595389,233.2008000012138
5,4,11,"(112.5, 387.5, 6.700045574866817)",0.00932152010499451,0.0,-0.6733414639439464,0.2561225417445986,239.41999999806285
5,4,12,"(112.5, 387.5, 6.700045574866817)",0.19971684951652216,747.904541015625,-0.22298110328167028,0.6035837748367273,122.10819999745581
5,4,13,"(112.5, 362.5, 5.753213768936505)",0.2389041811583028,0.0,-0.4508989704975158,0.38742334523318206,233.24760000105016
5,4,14,"(112.5, 337.5, 4.834376816244601)",0.006470176080855092,0.0,-0.6718780704917469,0.09040305261744135,231.49800000101095
5,4,15,"(112.5, 337.5, 4.834376816244601)",0.21052337165810886,742.9318237304688,-0.2280532087138196,0.5451222480504189,121.0267999995267
5,4,16,"(112.5, 312.5, 3.997603125569143)",0.35271156649489455,0.0,-0.4629104028411726,0.6194704734735696,249.16339999981574
5,4,17,"(112.5, 287.5, 3.266470567666104)",0.017308051387471317,0.0,-0.6902831148138685,0.286096264377654,229.48940000060247
5,4,18,"(112.5, 287.5, 3.266470567666104)",0.28637108540967343,738.72119140625,-0.2350726365591806,1.2501995766893954,120.10929999814834
5,4,19,"(112.5, 312.5, 3.997603125569143)",0.4497203440642503,0.0,-0.49005078721799566,1.2386724377974232,234.2181999993045
5,4,20,"(112.5, 337.5, 4.834376816244601)",0.027682118117865737,0.0,-0.7062556751441108,0.40968506564187146,228.13609999866458
5,4,21,"(112.5, 337.5, 4.834376816244601)",0.3228289721831069,742.3135375976562,-0.22754064864698906,0.7233184153579487,126.42390000110026
5,4,22,"(112.5, 362.5, 5.753213768936505)",0.2792036312088191,0.0,-0.4534879374475115,0.4501116283987462,251.238499997271
5,4,23,"(112.5, 387.5, 6.700045574866817)",0.0020946556081476502,0.0,-0.6729181154660802,0.09479847612479513,233.37049999827286
5,4,24,"(112.5, 387.5, 6.700045574866817)",0.14780628102954313,748.767822265625,-0.2214687269018025,0.39371596107413,125.29739999808953
5,4,25,"(112.5, 362.5, 5.753213768936505)",0.2386675191919969,0.0,-0.4489201065875529,0.3413482301852504,236.3545999978669
5,4,26,"(137.5, 362.5, 6.88289330546234)",0.00788368408880711,0.0,-0.674454492499561,0.13565053468832836,227.63539999868954
5,4,27,"(137.5, 362.5, 6.88289330546234)",0.3822940586894369,744.1094360351562,-0.23116382485009554,0.7060503204140197,124.14649999846006
5,4,28,"(137.5, 387.5, 8.184609533832969)",0.2188279130232091,0.0,-0.45098490439288585,0.23410273071720436,235.98139999739942
5,4,29,"(162.5, 387.5, 9.797797492156253)",0.002441177455094084,0.0,-0.6855158846948058,0.022703709958004106,224.12479999911739
5,4,30,"(162.5, 387.5, 9.797797492156253)",0.27904797671535614,762.9215087890625,-0.23493224093266923,0.34756100894495096,121.37679999796092
5,4,31,"(187.5, 387.5, 11.364582883745452)",0.01486378701480303,0.0,-0.5289689421213998,0.009477574462014604,238.95370000172989
5,4,32,"(187.5, 362.5, 9.103110310900643)",-7.951166480779649e-08,0.0,-0.8392680525562161,0.00012281650519966434,247.6067999996303
5,4,33,"(187.5, 362.5, 9.103110310900643)",0.16406247307688246,764.73681640625,-0.31031307791330864,0.18888755329586224,120.48969999887049
5,4,34,"(187.5, 387.5, 11.364582883745452)",0.012429176239120803,0.0,-0.6052737860438666,0.004021230698071488,232.46970000036526
5,4,35,"(187.5, 412.5, 13.941569591049829)",-2.6115837196509048e-08,0.0,-0.8456461767268477,1.015516855064413e-06,235.72620000049938
5,4,36,"(187.5, 412.5, 13.941569591049829)",0.033073940384601756,796.1182250976562,-0.24036158572364272,0.03745310237887782,121.33320000066306
5,4,37,"(187.5, 437.5, 16.502195647044346)",-2.4561046916765278e-08,0.0,-0.4897476503519334,4.226122685417183e-05,218.2068000001891
5,4,38,"(212.5, 437.5, 19.809611758762614)",1.5264959074556828e-08,0.0,-0.7212166437422408,2.951647944849163e-10,229.163799998787
5,4,39,"(212.5, 437.5, 19.809611758762614)",0.003369208856539732,859.4910278320312,-0.23146899906468965,0.0013838781519806683,122.82669999694917
5,4,40,"(237.5, 437.5, 21.459341898515387)",7.063357129443516e-07,0.0,-1.399809492295009,3.873604662870489e-06,221.60599999915576
5,5,0,"(12.5, 437.5, 3.099809189999389)",0.5456681577812365,548.7473754882812,-0.2773825677586445,2.1450815365361744,122.19499999991967
5,5,1,"(12.5, 412.5, 2.9483028787697823)",0.35483955375334586,0.0,-0.4900169261486613,1.4727949718614208,234.69399999885354
5,5,2,"(37.5, 412.5, 3.751648026446586)",0.026364371180593472,0.0,-0.7154004686078883,1.1682531738614552,223.92399999807822
5,5,3,"(37.5, 412.5, 3.751648026446586)",0.27017649898119495,735.0962524414062,-0.23342730433722098,1.3142817668831708,124.44150000010268
5,5,4,"(37.5, 387.5, 3.4504418791542615)",0.2727231046362163,0.0,-0.4686282345325662,1.1662414235151737,234.92840000108117
5,5,5,"(37.5, 362.5, 3.0963977943191585)",0.01755149289964873,0.0,-0.6925801229524746,0.976927492913762,243.81709999943268
5,5,6,"(37.5, 362.5, 3.0963977943191585)",0.21141696955782527,734.529052734375,-0.22932787162981208,1.515498550471933,119.9841000016022
5,5,7,"(37.5, 337.5, 2.720263300914144)",0.3131029187185045,0.0,-0.47021761832432096,1.5449979053590936,233.08519999773125
5,5,8,"(37.5, 312.5, 2.347164439776079)",0.051133861144398864,0.0,-0.7164939351140763,1.3283223933756565,234.95679999905406
5,5,9,"(37.5, 312.5, 2.347164439776079)",0.32839755617918415,733.8800048828125,-0.2411372793957318,1.910301534304263,121.98380000336329
5,5,10,"(62.5, 312.5, 2.84003211203415)",0.418797030074598,0.0,-0.48572987406419577,1.766577153208666,230.97229999984847
5,5,11,"(87.5, 312.5, 3.3952550877786836)",0.051225324471796556,0.0,-0.7181514899782973,1.2926033234963084,225.19430000102147
5,5,12,"(87.5, 312.5, 3.3952550877786836)",0.3704266656426529,737.9526977539062,-0.24033213191364686,1.521416616036254,119.89259999973001
5,5,13,"(87.5, 337.5, 4.042605949689198)",0.44923420576795536,0.0,-0.47247135468135315,1.0021174102101849,231.13050000029034
5,5,14,"(87.5, 362.5, 4.730210615988501)",0.02443725119037309,0.0,-0.6899688925577774,0.4365425250552733,229.54780000145547
5,5,15,"(87.5, 362.5, 4.730210615988501)",0.3143092319056777,740.298828125,-0.2306860837053094,1.0431733234218972,118.26849999852129
5,5,16,"(112.5, 362.5, 5.753213768936505)",0.3614412210817498,0.0,-0.46271191001627493,0.7394238877900593,232.9360000003362
5,5,17,"(112.5, 387.5, 6.700045574866817)",0.009912321344020416,0.0,-0.6731283955634602,0.2540347754859397,241.9525999976031
5,5,18,"(112.5, 387.5, 6.700045574866817)",0.19710939638173847,747.9323120117188,-0.22290657620477897,0.5956936740072025,121.28279999888036
5,5,19,"(112.5, 362.5, 5.753213768936505)",0.2374742349484367,0.0,-0.45083743782405533,0.386029959161923,233.6853999986488
5,5,20,"(137.5, 362.5, 6.88289330546234)",0.010269061972709556,0.0,-0.6745143050261239,0.13870359428355186,233.2462000013038
5,5,21,"(137.5, 362.5, 6.88289330546234)",0.38699491632602595,744.0223999023438,-0.23117178428371774,0.7094303712836998,121.84979999801726
5,5,22,"(137.5, 387.5, 8.184609533832969)",0.22629380283436082,0.0,-0.4509934279523158,0.23477193307092883,232.27609999958077
5,5,23,"(137.5, 412.5, 9.458994007438445)",0.0025124846336732464,0.0,-0.6777697850597613,0.028828176782605155,227.49190000104136
5,5,24,"(137.5, 412.5, 9.458994007438445)",0.18511128697152893,758.4647827148438,-0.22816501359271238,0.33005278568720653,121.42079999830457
5,5,25,"(137.5, 437.5, 10.499382396270086)",0.26127053590738597,0.0,-0.49728330433857004,0.1700695822858008,250.2414000009594
5,5,26,"(112.5, 437.5, 8.264048786739911)",0.008290757114686843,0.0,-0.7556746287224388,0.0471559140719555,230.81720000118366
5,5,27,"(112.5, 437.5, 8.264048786739911)",0.1737678939919994,752.4974975585938,-0.2576763484706427,0.18022645923841157,120.61050000193063
5,5,28,"(112.5, 412.5, 7.580708003809701)",0.0311092377759438,0.0,-0.48749931235966776,0.08692975091977985,234.3546999982209
5,5,29,"(112.5, 437.5, 8.264048786739911)",1.4839073721761528e-07,0.0,-0.7449709340902183,0.007753473307262381,224.64140000010957
5,5,30,"(112.5, 437.5, 8.264048786739911)",0.048328502147604424,752.9080200195312,-0.25708671455440435,0.0869095353657013,118.64499999865075
5,5,31,"(137.5, 437.5, 10.499382396270086)",0.08321946005882766,0.0,-0.5257058290572959,0.05262370825066689,206.090799998492
5,5,32,"(162.5, 437.5, 13.254586740016286)",-6.984919309616089e-08,0.0,-0.7976703263544862,0.007427341555495771,232.74269999819808
5,5,33,"(162.5, 437.5, 13.254586740016286)",0.23745975843464945,759.8004760742188,-0.272236562550072,0.24895378920207845,125.25520000053803
5,5,34,"(162.5, 412.5, 11.634380720059667)",0.0015395513899119754,0.0,-0.49299364770509024,0.0018474002680903723,236.34829999718932
5,5,35,"(162.5, 437.5, 13.254586740016286)",-6.984919309616089e-08,0.0,-0.7652302016059475,5.19916812227147e-05,233.10209999908693
5,5,36,"(162.5, 437.5, 13.254586740016286)",0.07155648601888585,776.5133056640625,-0.2722365670055613,0.08042620901830042,125.92010000298615
5,5,37,"(187.5, 437.5, 16.502195647044346)",-2.456104704482813e-08,0.0,-0.521622758609236,2.3711133213736134e-05,198.36079999731737
5,5,38,"(212.5, 437.5, 19.809611758762614)",1.5264959074556828e-08,0.0,-0.7530917643229316,1.8191176819615475e-10,233.39349999878323
5,5,39,"(212.5, 437.5, 19.809611758762614)",0.00018902389396958623,859.4910278320312,-0.2314689990645801,0.001331847237690081,123.763700001291
5,5,40,"(237.5, 437.5, 21.459341898515387)",7.060720174347474e-07,0.0,-1.3998094922950022,3.8736012044592225e-06,223.15879999950994
5,6,0,"(12.5, 437.5, 3.099809189999389)",0.5419377741626035,548.806640625,-0.2773825677586446,2.145081589562203,122.89640000017243
5,6,1,"(12.5, 412.5, 2.9483028787697823)",0.35985957630081405,0.0,-0.49001692614866144,1.4727949718614213,231.2778999985312
5,6,2,"(37.5, 412.5, 3.751648026446586)",0.03882237772142288,0.0,-0.715400468607888,1.168253173861455,224.29949999786913
5,6,3,"(37.5, 412.5, 3.751648026446586)",0.2688300336034645,734.9794311523438,-0.23342730433722103,1.3142817940422538,118.81480000010924
5,6,4,"(37.5, 387.5, 3.4504418791542615)",0.27826834356892804,0.0,-0.4686282345325661,1.1662414235151737,231.79030000028433
5,6,5,"(62.5, 387.5, 4.334940067576602)",0.020889018972748384,0.0,-0.6918031377026859,0.8445775319113411,223.51780000099097
5,6,6,"(62.5, 387.5, 4.334940067576602)",0.2549328662550121,739.1646728515625,-0.22646457640856868,1.0870043016776674,122.07609999677516
5,6,7,"(87.5, 387.5, 5.413067831237064)",0.21731939160533106,0.0,-0.45178819013171306,0.8377529299032636,235.0713000014366
5,6,8,"(87.5, 362.5, 4.730210615988501)",0.04016071806351447,0.0,-0.691834526678922,0.6461490245483178,234.21980000057374
5,6,9,"(87.5, 362.5, 4.730210615988501)",0.29801715331373485,741.1322021484375,-0.23534899235641976,0.9176952453064339,118.90610000045854
5,6,10,"(112.5, 362.5, 5.753213768936505)",0.35964144067115733,0.0,-0.4626313348561588,0.7316623825595387,232.1083999995608
5,6,11,"(112.5, 387.5, 6.700045574866817)",0.01622167229649644,0.0,-0.6733414639439464,0.25612254174459853,239.3926000004285
5,6,12,"(112.5, 387.5, 6.700045574866817)",0.1989213892623479,748.169189453125,-0.22298110328167028,0.6035837873207655,120.35000000105356
5,6,13,"(112.5, 362.5, 5.753213768936505)",0.25017955610695874,0.0,-0.4508989704975157,0.387423345233182,232.2533000005933
5,6,14,"(112.5, 337.5, 4.834376816244601)",0.0062651361028267846,0.0,-0.6718780704917466,0.0904030526174413,232.08399999930407
5,6,15,"(112.5, 337.5, 4.834376816244601)",0.21862276059277244,742.8657836914062,-0.22805320871381962,0.545122274225088,120.18030000035651
5,6,16,"(112.5, 312.5, 3.997603125569143)",0.3181418678466383,0.0,-0.4629104028411726,0.6194704734735695,247.11630000092555
5,6,17,"(112.5, 287.5, 3.266470567666104)",0.015272989869127207,0.0,-0.6902831148138685,0.286096264377654,227.42579999976442
5,6,18,"(112.5, 287.5, 3.266470567666104)",0.2815388157134353,738.7308959960938,-0.23507263655918065,1.250199589811887,124.0380000017467
5,6,19,"(112.5, 312.5, 3.997603125569143)",0.45308546241988257,0.0,-0.4900507872179957,1.2386724377974232,234.18250000031549
5,6,20,"(112.5, 337.5, 4.834376816244601)",0.044237112005506465,0.0,-0.7062556751441109,0.40968506564187157,225.53599999810103
5,6,21,"(112.5, 337.5, 4.834376816244601)",0.3225136702489467,742.3944091796875,-0.22754064864698903,0.7233183997971516,122.33330000162823
5,6,22,"(112.5, 362.5, 5.753213768936505)",0.25635235735222933,0.0,-0.4534879374475115,0.4501116283987463,250.27410000257078
5,6,23,"(112.5, 387.5, 6.700045574866817)",0.0004579915354942248,0.0,-0.6729181154660799,0.09479847612479513,225.44310000012047
5,6,24,"(112.5, 387.5, 6.700045574866817)",0.143924135222868,748.8955078125,-0.22146872690180247,0.39371597934294,122.57630000021891
5,6,25,"(112.5, 362.5, 5.753213768936505)",0.23146083237939274,0.0,-0.4489201065875529,0.34134823018525035,233.05919999984326
5,6,26,"(112.5, 337.5, 4.834376816244601)",0.0044450486699804705,0.0,-0.6718186534712193,0.08878514733678619,230.17990000153077
5,6,27,"(112.5, 337.5, 4.834376816244601)",0.21186165249558864,742.9700317382812,-0.22803966951981153,0.5449093188223388,119.15270000099554
5,6,28,"(112.5, 312.5, 3.997603125569143)",0.32270060590229466,0.0,-0.4629221829291156,0.6197892237183127,257.11759999830974
5,6,29,"(112.5, 287.5, 3.266470567666104)",0.02040097614129181,0.0,-0.6902881542762548,0.2861641895224598,233.99359999893932
5,6,30,"(112.5, 287.5, 3.266470567666104)",0.2809974080639905,738.8099365234375,-0.23507391849823533,1.2502252303686172,118.35190000056173
5,6,31,"(112.5, 312.5, 3.997603125569143)",0.4694580514079379,0.0,-0.4900513788799053,1.238677739062764,230.57560000233934
5,6,32,"(112.5, 337.5, 4.834376816244601)",0.039441399276220805,0.0,-0.7062558753584793,0.40968715506535497,226.63830000237795
5,6,33,"(112.5, 337.5, 4.834376816244601)",0.3190045810895179,742.3153076171875,-0.22754066269412113,0.7233186589504653,122.77249999897322
5,6,34,"(112.5, 362.5, 5.753213768936505)",0.24733281853958772,0.0,-0.45348794630959033,0.450111752520581,246.6201999995974
5,6,35,"(112.5, 387.5, 6.700045574866817)",0.003878900781289147,0.0,-0.6729181198562532,0.09479847704081093,224.67759999926784
5,6,36,"(112.5, 387.5, 6.700045574866817)",0.14590861031041033,748.8448486328125,-0.22146872690180247,0.3937159728759166,122.45070000062697
5,6,37,"(112.5, 362.5, 5.753213768936505)",0.24175805248139942,0.0,-0.44892010658755294,0.3413482301852504,231.58650000186753
5,6,38,"(112.5, 337.5, 4.834376816244601)",0.00362878292799273,0.0,-0.6718186534712192,0.08878514733678619,233.49949999828823
5,6,39,"(112.5, 337.5, 4.834376816244601)",0.2132493404541376,742.9259643554688,-0.22803966951981158,0.5449093060569138,120.26079999850481
5,6,40,"(112.5, 312.5, 3.997603125569143)",0.3508594459190481,0.0,-0.4629221829291156,0.6197892237183127,247.5364999991143
5,6,41,"(112.5, 287.5, 3.266470567666104)",0.019530907273288187,0.0,-0.6902881542762547,0.28616418952245987,232.51100000197766
5,6,42,"(112.5, 287.5, 3.266470567666104)",0.2836089809588028,738.8125610351562,-0.23507391849823536,1.2502252188737824,120.40089999936754
5,6,43,"(112.5, 312.5, 3.997603125569143)",0.4618718415282318,0.0,-0.49005137887990535,1.2386777390627637,232.9637000002549
5,6,44,"(112.5, 337.5, 4.834376816244601)",0.039447359740724816,0.0,-0.7062558753584794,0.409687155065355,223.84709999823826
5,6,45,"(112.5, 337.5, 4.834376816244601)",0.31551724237998163,742.4667358398438,-0.22754066269412107,0.7233187231071997,121.17620000208262
5,6,46,"(112.5, 362.5, 5.753213768936505)",0.24443966544269974,0.0,-0.4534879463095903,0.450111752520581,244.89679999896907
5,6,47,"(112.5, 387.5, 6.700045574866817)",0.003993659590681823,0.0,-0.672918119856253,0.09479847704081092,222.05340000073193
5,6,48,"(112.5, 387.5, 6.700045574866817)",0.14092607239665067,748.977294921875,-0.2214687269018025,0.3937159852066879,123.63209999966784
5,6,49,"(112.5, 362.5, 5.753213768936505)",0.2246802675113837,0.0,-0.4489201065875529,0.3413482301852504,232.06390000268584
5,6,50,"(112.5, 337.5, 4.834376816244601)",0.006626976033043281,0.0,-0.6718186534712192,0.08878514733678618,230.70240000015474
5,6,51,"(112.5, 337.5, 4.834376816244601)",0.21273583089521303,742.9730834960938,-0.22803966951981158,0.544909351721562,122.8847999991558
5,6,52,"(112.5, 312.5, 3.997603125569143)",0.34454253190125683,0.0,-0.46292218292911547,0.6197892237183125,243.86650000087684
5,6,53,"(112.5, 287.5, 3.266470567666104)",0.018102779984467663,0.0,-0.6902881542762548,0.28616418952245987,229.79109999869252
5,6,54,"(112.5, 287.5, 3.266470567666104)",0.2882305712793496,738.7938842773438,-0.2350739184982353,1.2502252006811736,123.44709999888437
5,6,55,"(112.5, 312.5, 3.997603125569143)",0.4527603543471823,0.0,-0.49005137887990535,1.238677739062764,235.57760000039707
5,6,56,"(112.5, 337.5, 4.834376816244601)",0.03375614931186756,0.0,-0.7062558753584796,0.40968715506535497,222.9202999988047
5,6,57,"(112.5, 337.5, 4.834376816244601)",0.32469442530332937,742.2451171875,-0.22754066269412107,0.7233187050201806,124.8650000015914
5,6,58,"(112.5, 362.5, 5.753213768936505)",0.26930795672283087,0.0,-0.45348794630959033,0.4501117525205811,245.40559999877587
5,6,59,"(112.5, 387.5, 6.700045574866817)",0.005375851566597646,0.0,-0.6729181198562529,0.09479847704081093,226.0167000022193
5,6,60,"(112.5, 387.5, 6.700045574866817)",0.14210918222529956,748.8877563476562,-0.22146872690180244,0.3937159822684925,122.88850000186358
5,6,61,"(112.5, 362.5, 5.753213768936505)",0.2254107661632806,0.0,-0.4489201065875529,0.3413482301852504,233.7671000022965
5,6,62,"(112.5, 337.5, 4.834376816244601)",0.0030894006292092155,0.0,-0.671818653471219,0.08878514733678619,232.315599998401
5,6,63,"(112.5, 337.5, 4.834376816244601)",0.20843031052273867,743.0531616210938,-0.22803966951981164,0.5449093220670995,122.35209999926155
5,6,64,"(112.5, 312.5, 3.997603125569143)",0.33401172437108423,0.0,-0.4629221829291156,0.6197892237183126,247.25369999941904
5,6,65,"(112.5, 287.5, 3.266470567666104)",0.021571452418939912,0.0,-0.6902881542762549,0.2861641895224598,233.09180000069318
5,6,66,"(112.5, 287.5, 3.266470567666104)",0.2865845477917305,738.7670288085938,-0.2350739184982354,1.2502252310199877,123.02070000077947
5,6,67,"(112.5, 312.5, 3.997603125569143)",0.46123777481597694,0.0,-0.4900513788799053,1.2386777390627637,231.2248999987787
5,6,68,"(112.5, 337.5, 4.834376816244601)",0.041998043656338545,0.0,-0.7062558753584794,0.40968715506535497,228.0482000023767
5,6,69,"(112.5, 337.5, 4.834376816244601)",0.32059672226369784,742.3875122070312,-0.2275406626941211,0.7233186884974258,124.26119999872753
5,7,0,"(12.5, 437.5, 3.099809189999389)",0.5434253121305682,548.8857421875,-0.2773825677586446,2.145081562692608,122.9946999992535
5,7,1,"(12.5, 412.5, 2.9483028787697823)",0.3563284638994117,0.0,-0.4900169261486613,1.4727949718614208,234.67499999969732
5,7,2,"(12.5, 387.5, 2.7344809963379078)",0.027901843190222965,0.0,-0.7240048940223457,1.3043544336497432,223.73240000160877
5,7,3,"(12.5, 387.5, 2.7344809963379078)",0.241352433556823,549.9274291992188,-0.228652590486883,1.671308074240156,119.15220000082627
5,7,4,"(12.5, 362.5, 2.4787539260087077)",0.2718195351954421,0.0,-0.4674281964280202,1.651445052410263,230.9698000026401
5,7,5,"(12.5, 337.5, 2.201752559048532)",0.03517700980100293,0.0,-0.7024665579649477,1.4566455049743683,238.88480000096024
5,7,6,"(12.5, 337.5, 2.201752559048532)",0.27223801724257174,549.9213256835938,-0.2362501226288084,1.9465779944873813,121.46310000025551
5,7,7,"(37.5, 337.5, 2.720263300914144)",0.4457987934241564,0.0,-0.48698577314495983,1.8498702015447135,226.89769999851706
5,7,8,"(62.5, 337.5, 3.333747410702351)",0.04448886712396125,0.0,-0.7183674722862733,1.4519465629353459,227.1136999988812
5,7,9,"(62.5, 337.5, 3.333747410702351)",0.36672850373689947,737.2816162109375,-0.2382284198253373,1.6542471236136524,120.00279999847407
5,7,10,"(87.5, 337.5, 4.042605949689198)",0.3202565799668566,0.0,-0.46922482784199804,1.3755804510943241,231.6231999975571
5,7,11,"(87.5, 312.5, 3.3952550877786836)",0.04609487454100039,0.0,-0.7101311471741144,0.8475773954275175,241.30149999837158
5,7,12,"(87.5, 312.5, 3.3952550877786836)",0.3836270795216135,738.54931640625,-0.23030220548915722,1.2303474115445305,121.2840000007418
5,7,13,"(112.5, 312.5, 3.997603125569143)",0.4285618562053108,0.0,-0.469746035180192,1.0802221887252776,232.03970000031404
5,7,14,"(112.5, 337.5, 4.834376816244601)",0.03483443707229661,0.0,-0.6989121468788235,0.5373673510207023,228.40870000072755
5,7,15,"(112.5, 337.5, 4.834376816244601)",0.3747011260639019,740.3020629882812,-0.22968638553887885,1.0374674101305665,119.78839999937918
5,7,16,"(112.5, 362.5, 5.753213768936505)",0.2976345147201609,0.0,-0.45881043262066146,0.5665716048313757,245.71979999745963
5,7,17,"(112.5, 387.5, 6.700045574866817)",0.00870568491518264,0.0,-0.67370888235347,0.10561235422459511,225.47199999826262
5,7,18,"(112.5, 387.5, 6.700045574866817)",0.14863667306359285,748.8361206054688,-0.22148504808587766,0.3965269572602581,120.7377999999153
5,7,19,"(112.5, 362.5, 5.753213768936505)",0.22204351567762684,0.0,-0.44895411102925964,0.34221244174562415,229.15869999997085
5,7,20,"(137.5, 362.5, 6.88289330546234)",0.012221392244097134,0.0,-0.6744598248974804,0.13575925706923628,224.39410000151838
5,7,21,"(137.5, 362.5, 6.88289330546234)",0.3823449505562353,744.274658203125,-0.23116597086583135,0.7061339554065432,119.0011999970011
5,7,22,"(137.5, 387.5, 8.184609533832969)",0.22148092177278528,0.0,-0.45098494059889827,0.23410623528599947,233.3451000013156
5,7,23,"(137.5, 412.5, 9.458994007438445)",0.0012750922081403385,0.0,-0.6777688713466004,0.02881475302983827,221.58460000355262
5,7,24,"(137.5, 412.5, 9.458994007438445)",0.17859718079150766,758.4819946289062,-0.22816440477807004,0.3300228405193588,121.44310000076075
5,7,25,"(137.5, 437.5, 10.499382396270086)",0.22858812553099994,0.0,-0.49728330056741765,0.170069219251295,242.97139999907813
5,7,26,"(112.5, 437.5, 8.264048786739911)",0.01198791464168212,0.0,-0.7556746302125946,0.04715592141722389,229.9658999982057
5,7,27,"(112.5, 437.5, 8.264048786739911)",0.17099206000060987,752.6245727539062,-0.2576763484429208,0.18022644388009149,122.27849999908358
5,7,28,"(87.5, 437.5, 6.482612700641647)",0.016656138186652642,0.0,-0.5032922241100891,0.04144791848863212,235.7134000012593
5,7,29,"(87.5, 462.5, 6.711234702510277)",6.568928559621174e-07,0.0,-0.772273718865666,0.00148853440753436,227.12670000328217
5,7,30,"(87.5, 462.5, 6.711234702510277)",0.05191797900064832,743.4249267578125,-0.26903787685247854,0.08921186484410311,123.76420000146027
5,7,31,"(112.5, 462.5, 8.613227892873539)",0.42117715677318984,0.0,-0.5652933724805786,0.3963314608242958,203.03840000269702
5,7,32,"(112.5, 437.5, 8.264048786739911)",0.006357659275398614,0.0,-0.8332443422001514,0.08305245354249875,226.34390000166604
5,7,33,"(112.5, 437.5, 8.264048786739911)",0.1917075932329791,752.1907348632812,-0.2580275349219439,0.20282920967213722,122.42239999977755
5,7,34,"(87.5, 437.5, 6.482612700641647)",0.01826595187300902,0.0,-0.503220574054698,0.03679886984108497,235.32890000205953
5,7,35,"(112.5, 437.5, 8.264048786739911)",1.4839073027770234e-07,0.0,-0.7603276769552599,0.002054227358034205,226.34939999989
5,7,36,"(112.5, 437.5, 8.264048786739911)",0.03541300805218206,753.0814819335938,-0.25704075967626877,0.06890871788534811,123.64700000034645
5,7,37,"(137.5, 437.5, 10.499382396270086)",0.07206817551510179,0.0,-0.5256482932027785,0.0497047130369883,201.37049999902956
5,7,38,"(162.5, 437.5, 13.254586740016286)",-6.984919309616088e-08,0.0,-0.7976707575809593,0.007821068740758668,231.35000000183936
5,7,39,"(162.5, 437.5, 13.254586740016286)",0.2426310808101212,757.6333618164062,-0.2722365769943832,0.2522886932743709,120.56200000006356
5,7,40,"(187.5, 437.5, 16.502195647044346)",-2.4561047044828146e-08,0.0,-0.521622764741908,3.731109473571808e-05,199.06799999807845
5,7,41,"(212.5, 437.5, 19.809611758762614)",1.5264959074556828e-08,0.0,-0.7530917643236047,2.0927129752391708e-10,235.23219999697176
5,7,42,"(212.5, 437.5, 19.809611758762614)",0.00018917013620934605,859.4910278320312,-0.2314689990645801,0.0013318472514260754,124.14080000235117
5,7,43,"(237.5, 437.5, 21.459341898515387)",7.06433550384811e-07,0.0,-1.3998094922950024,3.873605872001971e-06,225.9913999987475
5,8,0,"(12.5, 437.5, 3.099809189999389)",0.5510720991569098,548.8336181640625,-0.2773825677586446,2.145081572427961,122.61170000056154
5,8,1,"(12.5, 412.5, 2.9483028787697823)",0.33819187549306506,0.0,-0.49001692614866127,1.4727949718614204,242.258899997978
5,8,2,"(12.5, 387.5, 2.7344809963379078)",0.028607323765785585,0.0,-0.7240048940223457,1.3043544336497435,226.57919999983278
5,8,3,"(12.5, 387.5, 2.7344809963379078)",0.24644639368497,549.9932861328125,-0.22865259048688297,1.671308006783853,119.52999999994063
5,8,4,"(37.5, 387.5, 3.4504418791542615)",0.26856144260103576,0.0,-0.4663044351807458,1.4306782553046038,228.88790000070003
5,8,5,"(62.5, 387.5, 4.334940067576602)",0.039901708563147766,0.0,-0.6917383292341882,1.0502159227033905,224.2697000001499
5,8,6,"(62.5, 387.5, 4.334940067576602)",0.2703131702626068,739.0589599609375,-0.22847681303203077,1.1335158681337285,121.00859999918612
5,8,7,"(87.5, 387.5, 5.413067831237064)",0.23349179683432814,0.0,-0.4515646671725076,0.8355540636686557,232.19819999940228
5,8,8,"(87.5, 362.5, 4.730210615988501)",0.04061117023229297,0.0,-0.6918776142803977,0.646956036890663,225.99819999959436
5,8,9,"(87.5, 362.5, 4.730210615988501)",0.301972794913731,740.9810180664062,-0.2353640719709209,0.9188500769391671,121.28519999896525
5,8,10,"(112.5, 362.5, 5.753213768936505)",0.34848587165170086,0.0,-0.4626494141916139,0.7319324328033519,229.7660000003816
5,8,11,"(112.5, 387.5, 6.700045574866817)",0.0070934190104624244,0.0,-0.6733435786310953,0.25616955450549533,240.9259000014572
5,8,12,"(112.5, 387.5, 6.700045574866817)",0.19932981521811233,747.9627685546875,-0.22298114478816927,0.6035761607761396,124.10330000057002
5,8,13,"(112.5, 362.5, 5.753213768936505)",0.25194552937964004,0.0,-0.4508989788777261,0.38742205659391904,234.17799999879207
5,8,14,"(112.5, 337.5, 4.834376816244601)",0.0049310252070424235,0.0,-0.6718780950880122,0.0904032631185945,228.9849000007962
5,8,15,"(112.5, 337.5, 4.834376816244601)",0.21097779410808734,742.98974609375,-0.228053224494307,0.5451225893835322,122.75310000040918
5,8,16,"(112.5, 312.5, 3.997603125569143)",0.3248018586866087,0.0,-0.46291041447245673,0.6194705750875525,247.0874000027834
5,8,17,"(112.5, 287.5, 3.266470567666104)",0.01651435593764577,0.0,-0.6902831166006821,0.2860962706391782,234.16240000005928
5,8,18,"(112.5, 287.5, 3.266470567666104)",0.28318587871872064,738.77197265625,-0.23507263660619246,1.2501995870331322,122.57780000072671
5,8,19,"(112.5, 312.5, 3.997603125569143)",0.46038044851894855,0.0,-0.4900507872179957,1.2386724377974232,234.1444000012416
5,8,20,"(112.5, 337.5, 4.834376816244601)",0.03826671093701203,0.0,-0.7062556751441109,0.4096850656418715,222.44750000027125
5,8,21,"(112.5, 337.5, 4.834376816244601)",0.31959541578316925,742.4094848632812,-0.22754064864698906,0.72331841474289,124.40509999942151
5,8,22,"(112.5, 362.5, 5.753213768936505)",0.26517892095958906,0.0,-0.4534879374475115,0.45011162839874624,254.7247000002244
5,8,23,"(112.5, 387.5, 6.700045574866817)",0.005141724521919844,0.0,-0.6729181154660799,0.09479847612479511,226.50209999846993
5,8,24,"(112.5, 387.5, 6.700045574866817)",0.14278701804927404,748.8851318359375,-0.22146872690180244,0.39371597298292554,120.25849999918137
5,8,25,"(112.5, 362.5, 5.753213768936505)",0.2175769058971645,0.0,-0.4489201065875528,0.3413482301852503,234.4970000012836
5,8,26,"(112.5, 337.5, 4.834376816244601)",0.006408902506024523,0.0,-0.6718186534712193,0.0887851473367862,230.42919999716105
5,8,27,"(112.5, 337.5, 4.834376816244601)",0.21353314843047558,742.965087890625,-0.22803966951981153,0.5449093824957263,120.84449999747449
5,8,28,"(112.5, 312.5, 3.997603125569143)",0.32287243236620344,0.0,-0.4629221829291156,0.6197892237183125,249.02909999946132
5,8,29,"(112.5, 287.5, 3.266470567666104)",0.01762045919894449,0.0,-0.6902881542762549,0.28616418952245976,232.53599999952712
5,8,30,"(112.5, 287.5, 3.266470567666104)",0.285766762844338,738.7637329101562,-0.2350739184982353,1.2502251892839158,119.22439999761991
5,8,31,"(112.5, 312.5, 3.997603125569143)",0.44906543347249667,0.0,-0.49005137887990513,1.2386777390627637,232.6799000002211
5,8,32,"(112.5, 337.5, 4.834376816244601)",0.04389172295727173,0.0,-0.7062558753584794,0.40968715506535497,223.02480000143987
5,8,33,"(112.5, 337.5, 4.834376816244601)",0.3189090217311722,742.2840576171875,-0.22754066269412113,0.7233186785004402,120.34259999927599
5,8,34,"(112.5, 362.5, 5.753213768936505)",0.261222049868904,0.0,-0.45348794630959033,0.45011175252058105,248.59360000118613
5,8,35,"(112.5, 387.5, 6.700045574866817)",0.00537577209373232,0.0,-0.6729181198562529,0.09479847704081093,230.24490000170772
5,8,36,"(112.5, 387.5, 6.700045574866817)",0.14662106410400716,748.9415283203125,-0.2214687269018025,0.3937159888148677,120.47119999988354
5,8,37,"(112.5, 362.5, 5.753213768936505)",0.2136330164844093,0.0,-0.4489201065875529,0.3413482301852503,234.23660000116797
5,8,38,"(112.5, 337.5, 4.834376816244601)",0.005195987721282728,0.0,-0.6718186534712189,0.08878514733678616,229.18079999726615
5,8,39,"(112.5, 337.5, 4.834376816244601)",0.2095832163708073,742.8594970703125,-0.22803966951981158,0.5449093443420229,122.29690000094706
5,8,40,"(112.5, 312.5, 3.997603125569143)",0.3297204594903268,0.0,-0.4629221829291155,0.6197892237183126,246.74189999859664
5,8,41,"(112.5, 287.5, 3.266470567666104)",0.018301700552306212,0.0,-0.6902881542762547,0.28616418952245976,235.28999999689404
5,8,42,"(112.5, 287.5, 3.266470567666104)",0.2854372648411203,738.7216796875,-0.23507391849823533,1.2502252327157461,120.38420000317274
5,8,43,"(112.5, 312.5, 3.997603125569143)",0.4583017717963908,0.0,-0.49005137887990513,1.2386777390627635,228.27410000172677
5,8,44,"(112.5, 337.5, 4.834376816244601)",0.03252805521093073,0.0,-0.7062558753584796,0.409687155065355,225.4345999972429
5,8,45,"(112.5, 337.5, 4.834376816244601)",0.31806768575643257,742.3866577148438,-0.2275406626941211,0.7233186601629679,119.79719999726512
5,8,46,"(112.5, 362.5, 5.753213768936505)",0.24196728368290202,0.0,-0.45348794630959033,0.4501117525205811,245.26799999875948
5,8,47,"(112.5, 387.5, 6.700045574866817)",0.0053757720937296204,0.0,-0.672918119856253,0.09479847704081093,222.831999999471
5,8,48,"(112.5, 387.5, 6.700045574866817)",0.14417192928654662,749.0711669921875,-0.2214687269018025,0.39371594993065306,122.88249999983236
5,8,49,"(112.5, 362.5, 5.753213768936505)",0.22969948714884647,0.0,-0.4489201065875529,0.3413482301852504,232.90569999880972
5,8,50,"(112.5, 337.5, 4.834376816244601)",0.004634273548923524,0.0,-0.6718186534712195,0.08878514733678622,227.94580000118003
5,8,51,"(112.5, 337.5, 4.834376816244601)",0.219166439639208,742.9199829101562,-0.22803966951981156,0.5449093179332164,122.37979999918025
5,8,52,"(112.5, 312.5, 3.997603125569143)",0.32698354884595854,0.0,-0.4629221829291155,0.6197892237183125,248.58209999729297
5,8,53,"(112.5, 287.5, 3.266470567666104)",0.016360814372708768,0.0,-0.6902881542762547,0.28616418952245987,231.28589999760152
5,8,54,"(112.5, 287.5, 3.266470567666104)",0.2816166005863649,738.7363891601562,-0.23507391849823536,1.2502252088323813,124.86299999727635
5,8,55,"(112.5, 312.5, 3.997603125569143)",0.4598711196693374,0.0,-0.49005137887990535,1.2386777390627637,234.13190000064787
5,8,56,"(112.5, 337.5, 4.834376816244601)",0.026243500411573903,0.0,-0.7062558753584794,0.409687155065355,222.67910000300617
5,8,57,"(112.5, 337.5, 4.834376816244601)",0.3157025545680878,742.2774658203125,-0.22754066269412113,0.7233186899817406,119.89909999829251
5,8,58,"(112.5, 362.5, 5.753213768936505)",0.2732731680577793,0.0,-0.45348794630959044,0.4501117525205812,249.10540000200854
5,8,59,"(112.5, 387.5, 6.700045574866817)",0.009053696567790512,0.0,-0.672918119856253,0.09479847704081093,222.06110000115586
5,8,60,"(112.5, 387.5, 6.700045574866817)",0.1433132383609801,748.984130859375,-0.22146872690180247,0.39371596977301276,124.29020000126911
5,8,61,"(112.5, 362.5, 5.753213768936505)",0.22343201563031867,0.0,-0.4489201065875529,0.3413482301852504,231.73179999866989
5,8,62,"(112.5, 337.5, 4.834376816244601)",0.00425455222527231,0.0,-0.671818653471219,0.08878514733678619,228.35159999885946
5,8,63,"(112.5, 337.5, 4.834376816244601)",0.2147207525828406,742.8803100585938,-0.2280396695198116,0.5449093130519677,120.17890000061016
5,8,64,"(112.5, 312.5, 3.997603125569143)",0.3308097657136894,0.0,-0.46292218292911563,0.6197892237183127,244.07169999904
5,8,65,"(112.5, 287.5, 3.266470567666104)",0.023948565125437162,0.0,-0.6902881542762548,0.28616418952245987,234.0954999999667
5,8,66,"(112.5, 287.5, 3.266470567666104)",0.28750926292953544,738.8491821289062,-0.23507391849823536,1.2502251922736365,120.04079999678652
5,8,67,"(112.5, 312.5, 3.997603125569143)",0.45446606731298433,0.0,-0.49005137887990524,1.2386777390627635,234.03509999843664
5,8,68,"(112.5, 337.5, 4.834376816244601)",0.04077519228056516,0.0,-0.7062558753584794,0.409687155065355,224.50899999967078
5,8,69,"(112.5, 337.5, 4.834376816244601)",0.32119052099191997,742.3025512695312,-0.22754066269412107,0.7233186709474138,121.56409999806783
5,9,0,"(12.5, 437.5, 3.099809189999389)",0.546006970001307,548.7855834960938,-0.2773825677586445,2.145081429256316,122.83860000025015
5,9,1,"(12.5, 412.5, 2.9483028787697823)",0.35565560673874363,0.0,-0.49001692614866144,1.4727949718614208,232.6597999999649
5,9,2,"(37.5, 412.5, 3.751648026446586)",0.03411504129568353,0.0,-0.7154004686078881,1.1682531738614552,226.90589999911026
5,9,3,"(37.5, 412.5, 3.751648026446586)",0.27087617679719966,735.1074829101562,-0.23342730433722098,1.3142817540139897,119.3210999990697
5,9,4,"(37.5, 387.5, 3.4504418791542615)",0.2742775696786111,0.0,-0.4686282345325662,1.166241423515174,234.52050000196323
5,9,5,"(62.5, 387.5, 4.334940067576602)",0.022140398621576185,0.0,-0.6918031377026858,0.844577531911341,225.0311000025249
5,9,6,"(62.5, 387.5, 4.334940067576602)",0.2557200662282257,739.1326904296875,-0.22646457640856868,1.0870043631046264,120.02180000126828
5,9,7,"(87.5, 387.5, 5.413067831237064)",0.23409844627321122,0.0,-0.45178819013171295,0.8377529299032633,230.31860000264714
5,9,8,"(87.5, 362.5, 4.730210615988501)",0.04424784580864876,0.0,-0.6918345266789219,0.6461490245483178,227.32339999856777
5,9,9,"(87.5, 362.5, 4.730210615988501)",0.30506958076163515,741.0527954101562,-0.23534899235641976,0.9176952446261035,121.67019999833428
5,9,10,"(112.5, 362.5, 5.753213768936505)",0.3564688125257958,0.0,-0.46263133485615887,0.7316623825595389,232.21259999991162
5,9,11,"(112.5, 387.5, 6.700045574866817)",0.010420709848402099,0.0,-0.6733414639439464,0.2561225417445985,237.84429999795975
5,9,12,"(112.5, 387.5, 6.700045574866817)",0.19807464367467043,747.979248046875,-0.22298110328167023,0.6035837771189938,121.99719999989611
5,9,13,"(112.5, 362.5, 5.753213768936505)",0.25518052484453063,0.0,-0.45089897049751576,0.387423345233182,233.67419999703998
5,9,14,"(112.5, 337.5, 4.834376816244601)",0.0030894006292086318,0.0,-0.6718780704917467,0.09040305261744132,232.33540000001085
5,9,15,"(112.5, 337.5, 4.834376816244601)",0.21714888398240045,742.779052734375,-0.22805320871381965,0.5451222695315987,120.56550000124844
5,9,16,"(112.5, 312.5, 3.997603125569143)",0.3317597812327376,0.0,-0.4629104028411727,0.6194704734735696,245.57909999930416
5,9,17,"(112.5, 287.5, 3.266470567666104)",0.02018695573012391,0.0,-0.6902831148138685,0.286096264377654,232.9308000007586
5,9,18,"(112.5, 287.5, 3.266470567666104)",0.283261688756648,738.7570190429688,-0.23507263655918062,1.2501995540975124,123.28320000233361
5,9,19,"(112.5, 312.5, 3.997603125569143)",0.45380755738661716,0.0,-0.49005078721799555,1.238672437797423,232.44210000120802
5,9,20,"(112.5, 337.5, 4.834376816244601)",0.038669717808544404,0.0,-0.706255675144111,0.4096850656418715,226.31950000140932
5,9,21,"(112.5, 337.5, 4.834376816244601)",0.3209648327633662,742.3825073242188,-0.22754064864698906,0.7233184478054332,119.83829999735462
5,9,22,"(112.5, 362.5, 5.753213768936505)",0.25871116918964365,0.0,-0.4534879374475114,0.4501116283987462,247.67160000192234
5,9,23,"(112.5, 387.5, 6.700045574866817)",0.012742986281679785,0.0,-0.6729181154660799,0.09479847612479511,222.50350000103936
5,9,24,"(112.5, 387.5, 6.700045574866817)",0.14297594336431496,748.8235473632812,-0.22146872690180247,0.3937159676589634,121.17469999793684
5,9,25,"(112.5, 362.5, 5.753213768936505)",0.23622943423913711,0.0,-0.4489201065875528,0.3413482301852504,230.88530000313767
5,9,26,"(112.5, 337.5, 4.834376816244601)",0.003286334375542145,0.0,-0.6718186534712192,0.0887851473367862,230.83019999830867
5,9,27,"(112.5, 337.5, 4.834376816244601)",0.21512022954030102,742.9771728515625,-0.22803966951981158,0.5449093365379959,123.70080000255257
5,9,28,"(112.5, 312.5, 3.997603125569143)",0.33450117405356433,0.0,-0.4629221829291155,0.6197892237183125,246.4719999989029
5,9,29,"(112.5, 287.5, 3.266470567666104)",0.020957524577757444,0.0,-0.6902881542762548,0.28616418952245976,233.09440000230097
5,9,30,"(112.5, 287.5, 3.266470567666104)",0.28444870837246206,738.7730102539062,-0.23507391849823533,1.2502252140172607,119.9653000003309
5,9,31,"(112.5, 312.5, 3.997603125569143)",0.4490683636438547,0.0,-0.4900513788799052,1.2386777390627637,234.774100001232
5,9,32,"(112.5, 337.5, 4.834376816244601)",0.036509724954772727,0.0,-0.7062558753584794,0.4096871550653549,222.8025999975216
5,9,33,"(112.5, 337.5, 4.834376816244601)",0.32122307034815223,742.2608642578125,-0.2275406626941211,0.7233186823618568,119.45679999917047
5,9,34,"(112.5, 362.5, 5.753213768936505)",0.2729624719146282,0.0,-0.4534879463095904,0.45011175252058117,249.57540000104927
5,9,35,"(112.5, 387.5, 6.700045574866817)",0.00893822250264324,0.0,-0.6729181198562529,0.09479847704081093,224.58180000103312
5,9,36,"(112.5, 387.5, 6.700045574866817)",0.1430905689130698,748.9848022460938,-0.22146872690180247,0.3937159696148029,119.3727999998373
5,9,37,"(112.5, 362.5, 5.753213768936505)",0.2198709890506112,0.0,-0.4489201065875529,0.3413482301852504,232.35080000085873
5,9,38,"(112.5, 337.5, 4.834376816244601)",0.0038705393672016438,0.0,-0.6718186534712192,0.0887851473367862,230.2732999996806
5,9,39,"(112.5, 337.5, 4.834376816244601)",0.2152609902010477,742.9921875,-0.22803966951981158,0.5449093512532824,120.55169999803184
5,9,40,"(112.5, 312.5, 3.997603125569143)",0.31978020875639335,0.0,-0.4629221829291156,0.6197892237183126,246.0903999999573
5,9,41,"(112.5, 287.5, 3.266470567666104)",0.014057452480021541,0.0,-0.6902881542762547,0.2861641895224598,232.06740000023274
5,9,42,"(112.5, 287.5, 3.266470567666104)",0.28493789250833385,738.8185424804688,-0.23507391849823533,1.2502252130177407,119.55549999765935
5,9,43,"(112.5, 312.5, 3.997603125569143)",0.4524596913634161,0.0,-0.49005137887990524,1.2386777390627637,232.05629999938537
5,9,44,"(112.5, 337.5, 4.834376816244601)",0.03631453961132832,0.0,-0.7062558753584793,0.40968715506535486,225.09630000058678
5,9,45,"(112.5, 337.5, 4.834376816244601)",0.3201063147941034,742.2953491210938,-0.22754066269412113,0.7233186966380909,120.7512000000861
5,9,46,"(112.5, 362.5, 5.753213768936505)",0.2413159087450142,0.0,-0.45348794630959033,0.45011175252058105,247.26410000221222
5,9,47,"(112.5, 387.5, 6.700045574866817)",0.006942658995568816,0.0,-0.6729181198562532,0.09479847704081093,225.7616999995662
5,9,48,"(112.5, 387.5, 6.700045574866817)",0.14407085375265552,748.9496459960938,-0.22146872690180247,0.39371597365834476,121.10170000232756
5,9,49,"(112.5, 362.5, 5.753213768936505)",0.22531972619517449,0.0,-0.4489201065875529,0.3413482301852504,234.44739999831654
5,9,50,"(112.5, 337.5, 4.834376816244601)",0.006035697956874915,0.0,-0.6718186534712193,0.08878514733678619,230.27109999748063
5,9,51,"(112.5, 337.5, 4.834376816244601)",0.215978823316987,742.919677734375,-0.22803966951981164,0.5449093392045585,120.12089999916498
5,9,52,"(112.5, 312.5, 3.997603125569143)",0.3379164958663007,0.0,-0.4629221829291156,0.6197892237183125,246.57619999925373
5,9,53,"(112.5, 287.5, 3.266470567666104)",0.0196722894906956,0.0,-0.6902881542762548,0.28616418952245987,231.7561999989266
5,9,54,"(112.5, 287.5, 3.266470567666104)",0.2838770648778899,738.7152099609375,-0.23507391849823533,1.2502252195962116,121.10039999970468
5,9,55,"(112.5, 312.5, 3.997603125569143)",0.4708083926369723,0.0,-0.49005137887990524,1.2386777390627637,232.7783000000636
5,9,56,"(112.5, 337.5, 4.834376816244601)",0.041383557021580614,0.0,-0.7062558753584794,0.4096871550653549,223.44299999895156
5,9,57,"(112.5, 337.5, 4.834376816244601)",0.32190860449376807,742.3397216796875,-0.22754066269412107,0.7233186879012621,123.76599999697646
5,9,58,"(112.5, 362.5, 5.753213768936505)",0.25418972379993615,0.0,-0.4534879463095904,0.4501117525205812,245.7380000014382
5,9,59,"(112.5, 387.5, 6.700045574866817)",0.0036473963409761013,0.0,-0.6729181198562529,0.09479847704081093,224.86009999920498
5,9,60,"(112.5, 387.5, 6.700045574866817)",0.14722659328525275,748.8726196289062,-0.22146872690180247,0.3937159805669014,123.4535000003234
5,9,61,"(112.5, 362.5, 5.753213768936505)",0.2464657000952446,0.0,-0.44892010658755294,0.3413482301852505,234.16910000014468
5,9,62,"(112.5, 337.5, 4.834376816244601)",0.005009862283864416,0.0,-0.6718186534712192,0.08878514733678619,227.29210000034072
5,9,63,"(112.5, 337.5, 4.834376816244601)",0.21394213187729488,742.9913330078125,-0.22803966951981158,0.5449093178932513,124.46529999942868
5,9,64,"(112.5, 312.5, 3.997603125569143)",0.33211273938955277,0.0,-0.4629221829291156,0.6197892237183126,248.77230000129202
5,9,65,"(112.5, 287.5, 3.266470567666104)",0.019203161199877198,0.0,-0.6902881542762547,0.28616418952245976,229.90659999777563
5,9,66,"(112.5, 287.5, 3.266470567666104)",0.2877765110157915,738.7991943359375,-0.23507391849823528,1.2502252448702742,126.00970000130474
5,9,67,"(112.5, 312.5, 3.997603125569143)",0.45150500268221627,0.0,-0.49005137887990524,1.2386777390627637,229.80310000275495
5,9,68,"(112.5, 337.5, 4.834376816244601)",0.0367092813054801,0.0,-0.7062558753584793,0.40968715506535486,224.42759999830741
5,9,69,"(112.5, 337.5, 4.834376816244601)",0.3185824311224447,742.4276733398438,-0.22754066269412113,0.7233186669935574,125.52460000006249
5,0,0,"(112.5, 212.5, 1.7023465120987893)",0.36561287735126025,736.95166015625,-0.25878114823399095,2.436716660435104,121.99839999811957
5,0,1,"(112.5, 237.5, 2.1276559796850996)",0.4357031613933998,0.0,-0.505319809138899,2.248508306193919,231.51770000185934
5,0,2,"(112.5, 262.5, 2.645266895480795)",0.046590303381304654,0.0,-0.7381940337516868,1.9374802443044237,224.11120000106166
5,0,3,"(112.5, 262.5, 2.645266895480795)",0.29255392151484083,737.6741943359375,-0.23565903278205896,2.0137522214426604,120.14770000314456
5,0,4,"(112.5, 287.5, 3.266470567666104)",0.34961661751995604,0.0,-0.4852627515481895,1.8045883097655253,234.1828999997233
5,0,5,"(112.5, 312.5, 3.997603125569143)",0.08453477422398734,0.0,-0.7456318957737906,1.2506941725968281,227.17999999804306
5,0,6,"(112.5, 312.5, 3.997603125569143)",0.4238992758645948,739.9985961914062,-0.24695385246253082,1.2837897519254162,122.3504999979923
5,0,7,"(112.5, 337.5, 4.834376816244601)",0.3858257780703165,0.0,-0.46326418891682053,0.6406831293989749,233.19439999977476
5,0,8,"(112.5, 362.5, 5.753213768936505)",0.00755196375154604,0.0,-0.6810557721121776,0.1302291299018903,224.59109999908833
5,0,9,"(112.5, 362.5, 5.753213768936505)",0.23841512962225542,744.9658813476562,-0.22339399654857142,0.518240991615371,121.43970000033733
5,0,10,"(112.5, 387.5, 6.700045574866817)",0.1589907756861225,0.0,-0.44562153243061997,0.29674042507649523,235.6534999998985
5,0,11,"(137.5, 387.5, 8.184609533832969)",0.01346571246784322,0.0,-0.6763675349954574,0.2054784330861632,224.51599999840255
5,0,12,"(137.5, 387.5, 8.184609533832969)",0.3571710745663267,750.51708984375,-0.2280445863259761,0.6847683069554069,122.81460000303923
5,0,13,"(137.5, 362.5, 6.88289330546234)",0.2545675593548741,0.0,-0.45113369143080795,0.24838903807040444,230.66859999744338
5,0,14,"(162.5, 362.5, 8.044975170611863)",0.030893877148603675,0.0,-0.7051876331439587,0.10316824105048682,226.6648000004352
5,0,15,"(162.5, 362.5, 8.044975170611863)",0.5096791973133852,749.4934692382812,-0.2533887453380051,0.7743964259451229,122.71119999786606
5,0,16,"(187.5, 362.5, 9.103110310900643)",0.7939916208299573,0.0,-0.5421362404358887,0.9493158800260455,230.433600001561
5,0,17,"(187.5, 387.5, 11.364582883745452)",-2.2479798644781113e-07,0.0,-0.857198517883522,0.023218844951777715,253.23310000021593
5,0,18,"(187.5, 387.5, 11.364582883745452)",0.012063192278108032,781.5147094726562,-0.2949055085071167,0.011423722454203526,121.71379999927012
5,0,19,"(187.5, 412.5, 13.941569591049829)",0.0226894666171786,0.0,-0.5352725364820436,0.011109707912243055,227.03290000208654
5,0,20,"(212.5, 412.5, 15.910281935579775)",0.028875882426882882,0.0,-0.9667675481167795,0.033981505557003355,284.6910000007483
5,0,21,"(212.5, 412.5, 15.910281935579775)",0.6768985199621883,776.2691650390625,-0.42554605251744454,0.5281356586142718,174.60279999795603
5,0,22,"(212.5, 437.5, 19.809611758762614)",3.844809818085785e-07,0.0,-0.6644318533718223,0.001390884451316427,219.9384999985341
5,0,23,"(237.5, 437.5, 21.459341898515387)",7.432875766729313e-08,0.0,-1.8327838319573801,1.9989060329390637e-09,231.07460000028368
5,0,24,"(237.5, 437.5, 21.459341898515387)",0.001333049400634469,856.8884887695312,-1.1683404932304366,0.0012346225755565032,121.26680000073975
5,0,25,"(262.5, 437.5, 19.691492564685472)",7.80620610448639e-07,0.0,-3.4661643578549146,3.873581564116302e-06,234.71839999911026
5,1,0,"(112.5, 212.5, 1.7023465120987893)",0.36896205933117426,736.9780883789062,-0.2587811482339909,2.4367166446810105,122.62230000123964
5,1,1,"(112.5, 237.5, 2.1276559796850996)",0.44037988139492135,0.0,-0.505319809138899,2.2485083061939193,232.95569999754662
5,1,2,"(112.5, 262.5, 2.645266895480795)",0.04913883904617432,0.0,-0.738194033751687,1.9374802443044241,224.7207000000344
5,1,3,"(112.5, 262.5, 2.645266895480795)",0.29161546677128747,737.614501953125,-0.2356590327820589,2.013752188630151,119.7667000014917
5,1,4,"(112.5, 287.5, 3.266470567666104)",0.35801140187362857,0.0,-0.4852627515481895,1.8045883097655255,231.1188999992737
5,1,5,"(112.5, 312.5, 3.997603125569143)",0.08550736308098147,0.0,-0.7456318957737907,1.2506941725968284,229.13749999861466
5,1,6,"(112.5, 312.5, 3.997603125569143)",0.42258626633577057,740.04296875,-0.24695385246253082,1.2837897546262407,121.45030000101542
5,1,7,"(112.5, 337.5, 4.834376816244601)",0.37593858873976643,0.0,-0.46326418891682036,0.6406831293989749,229.63270000036573
5,1,8,"(112.5, 362.5, 5.753213768936505)",0.007736738150334263,0.0,-0.6810557721121776,0.1302291299018903,232.34369999772753
5,1,9,"(112.5, 362.5, 5.753213768936505)",0.23488665539474504,744.9054565429688,-0.2233939965485714,0.5182409991806403,122.37099999765633
5,1,10,"(112.5, 387.5, 6.700045574866817)",0.16656329206258969,0.0,-0.44562153243061997,0.2967404250764951,236.25320000064676
5,1,11,"(137.5, 387.5, 8.184609533832969)",0.012225220600773168,0.0,-0.6763675349954574,0.20547843308616318,228.2640999983414
5,1,12,"(137.5, 387.5, 8.184609533832969)",0.35729943156249244,750.196533203125,-0.22804458632597613,0.6847683280420584,123.21200000224053
5,1,13,"(137.5, 362.5, 6.88289330546234)",0.2573257158300687,0.0,-0.45113369143080806,0.24838903807040444,232.80800000065938
5,1,14,"(137.5, 337.5, 5.675677129206918)",0.004274659479651885,0.0,-0.6852310928087586,0.02406566607347504,228.28610000215122
5,1,15,"(137.5, 337.5, 5.675677129206918)",0.18882183093642935,746.8597412109375,-0.23502484051813344,0.35394712954266894,120.29120000079274
5,1,16,"(137.5, 362.5, 6.88289330546234)",0.33808174113268014,0.0,-0.47276287308113224,0.41652183336820864,249.66029999995953
5,1,17,"(137.5, 387.5, 8.184609533832969)",0.002463251197091661,0.0,-0.6859701082028453,0.028336516516433166,228.22309999901336
5,1,18,"(137.5, 387.5, 8.184609533832969)",0.17914441228130432,756.1854248046875,-0.22143453192369594,0.25074977497478873,122.41979999816976
5,1,19,"(162.5, 387.5, 9.797797492156253)",0.2806797986328132,0.0,-0.45915590985916777,0.245381927705257,236.42210000252817
5,1,20,"(187.5, 387.5, 11.364582883745452)",-2.2479798644781115e-07,0.0,-0.7503988715623657,0.005988485927204067,231.33770000276854
5,1,21,"(187.5, 387.5, 11.364582883745452)",0.021799034659399533,781.4027709960938,-0.29490698701707285,0.026801552716068565,124.03139999878476
5,1,22,"(187.5, 412.5, 13.941569591049829)",0.0395613356217302,0.0,-0.5353081491231549,0.023125159049638248,225.96229999908246
5,1,23,"(187.5, 437.5, 16.502195647044346)",-6.585226704676944e-08,0.0,-0.7846531446213861,1.4558159760514108e-08,224.38279999914812
5,1,24,"(187.5, 437.5, 16.502195647044346)",0.0012008528612521224,817.1593017578125,-0.24938619370078363,0.0017476667907087426,129.71509999988484
5,1,25,"(212.5, 437.5, 19.809611758762614)",3.844804941195387e-07,0.0,-0.4808551928029594,1.2190982071748166e-05,193.92949999746634
5,1,26,"(237.5, 437.5, 21.459341898515387)",7.432875766729315e-08,0.0,-1.6491956859894479,1.7769040101786198e-13,226.00150000289432
5,1,27,"(237.5, 437.5, 21.459341898515387)",0.0014707869365264503,856.8884887695312,-1.1683404932304369,0.0012346246637175646,121.68630000087433
5,1,28,"(237.5, 437.5, 21.459341898515387)",7.067226018458225e-07,0.0,-2.3366809864608737,3.873609352470321e-06,214.42469999965397
5,2,0,"(112.5, 212.5, 1.7023465120987893)",0.36978040216039243,736.9443969726562,-0.258781148233991,2.436716647373786,122.63119999988703
5,2,1,"(112.5, 237.5, 2.1276559796850996)",0.4162379874825425,0.0,-0.5053198091388988,2.248508306193919,233.83060000196565
5,2,2,"(112.5, 262.5, 2.645266895480795)",0.05225886404513761,0.0,-0.7381940337516869,1.9374802443044237,223.96949999892968
5,2,3,"(112.5, 262.5, 2.645266895480795)",0.2933734983954431,737.6660766601562,-0.23565903278205888,2.0137522128264655,121.48940000042785
5,2,4,"(112.5, 287.5, 3.266470567666104)",0.35944923637570314,0.0,-0.48526275154818943,1.8045883097655253,234.60370000248076
5,2,5,"(112.5, 312.5, 3.997603125569143)",0.08581810196241568,0.0,-0.7456318957737909,1.2506941725968281,233.69740000271122
5,2,6,"(112.5, 312.5, 3.997603125569143)",0.4231251907825216,740.0059814453125,-0.24695385246253082,1.2837897287072078,120.69079999855603
5,2,7,"(112.5, 337.5, 4.834376816244601)",0.3911973230424617,0.0,-0.4632641889168203,0.6406831293989748,231.48560000117868
5,2,8,"(112.5, 362.5, 5.753213768936505)",0.01156430939832116,0.0,-0.6810557721121776,0.13022912990189028,229.29029999795603
5,2,9,"(112.5, 362.5, 5.753213768936505)",0.2365187049161489,745.0104370117188,-0.22339399654857137,0.5182409583816645,120.70550000134972
5,2,10,"(112.5, 387.5, 6.700045574866817)",0.15581857378038363,0.0,-0.44562153243061997,0.2967404250764952,237.22880000059376
5,2,11,"(112.5, 412.5, 7.580708003809701)",0.0068098201106016505,0.0,-0.6847245103369007,0.20474275109976106,227.57349999665166
5,2,12,"(112.5, 412.5, 7.580708003809701)",0.18005349322089934,749.4317626953125,-0.23643044956689702,0.5693733273873184,118.83680000028107
5,2,13,"(112.5, 437.5, 8.264048786739911)",0.06725577143749245,0.0,-0.489470212299587,0.10607390544739213,229.40960000050836
5,2,14,"(112.5, 462.5, 8.613227892873539)",6.500631570816039e-07,0.0,-0.787829697482847,0.0011837854981457691,224.58840000035707
5,2,15,"(112.5, 462.5, 8.613227892873539)",0.13052882011103392,747.3900756835938,-0.3006701848967331,0.18231701704063802,123.0489999979909
5,2,16,"(137.5, 462.5, 11.051579161286583)",0.2975503773161039,0.0,-0.6481378638540803,0.4632718341045277,203.65769999989425
5,2,17,"(137.5, 437.5, 10.499382396270086)",0.08474158247306997,0.0,-0.9236373891549167,0.4610103804294423,273.07350000046426
5,2,18,"(137.5, 437.5, 10.499382396270086)",0.34962061213474865,758.9624633789062,-0.2730794894927678,0.34653548107193305,121.538800001872
5,2,19,"(137.5, 412.5, 9.458994007438445)",0.3260116645841962,0.0,-0.498575152812357,0.23675187601955597,245.74389999906998
5,2,20,"(112.5, 412.5, 7.580708003809701)",0.00034414666394446417,0.0,-0.7253833303406153,0.01239575164451619,233.55119999905583
5,2,21,"(112.5, 412.5, 7.580708003809701)",0.0660786403680162,751.6458740234375,-0.23066851100339125,0.24516137306498403,124.04439999954775
5,2,22,"(112.5, 437.5, 8.264048786739911)",0.05545128978972505,0.0,-0.4884870222704156,0.08220127207418082,234.75350000080653
5,2,23,"(112.5, 462.5, 8.613227892873539)",6.50063157081604e-07,0.0,-0.7878259275387822,0.0011095457952831481,224.3559999988065
5,2,24,"(112.5, 462.5, 8.613227892873539)",0.1337207405929485,747.7333374023438,-0.3006549077927562,0.1858254259416916,125.30840000181342
5,2,25,"(112.5, 437.5, 8.264048786739911)",0.31413145193931036,0.0,-0.5567452502728377,0.24595572711577604,233.22769999867887
5,2,26,"(87.5, 437.5, 6.482612700641647)",1.5522042910257974e-07,0.0,-0.8038855606101829,0.0009296249332903773,237.3078999989957
5,2,27,"(87.5, 437.5, 6.482612700641647)",0.029540260804846518,745.6514892578125,-0.24607334346378162,0.08024648846850241,121.11199999708333
5,2,28,"(87.5, 462.5, 6.711234702510277)",0.031301303401984226,0.0,-0.5153001693796666,0.031240998179859928,234.96850000083214
5,2,29,"(87.5, 437.5, 6.482612700641647)",1.5522043099458678e-07,0.0,-0.7614001489015925,0.0037009962521808134,229.2790999999852
5,2,30,"(87.5, 437.5, 6.482612700641647)",0.06044104026759327,745.3507080078125,-0.24623240358300144,0.16909688156241398,121.66789999901084
5,2,31,"(112.5, 437.5, 8.264048786739911)",0.03135450421187645,0.0,-0.5035786521123001,0.0381762171902923,213.86729999721865
5,2,32,"(112.5, 462.5, 8.613227892873539)",6.50063157081604e-07,0.0,-0.8038874661194897,0.0003721803685931811,228.33969999919645
5,2,33,"(112.5, 462.5, 8.613227892873539)",0.14559337609008152,748.0076904296875,-0.3007013773332118,0.21470746340464428,118.87670000214712
5,2,34,"(112.5, 437.5, 8.264048786739911)",0.2668413544509264,0.0,-0.557054794469024,0.23306670310994643,234.06729999987874
5,2,35,"(112.5, 412.5, 7.580708003809701)",0.00011510588228639637,0.0,-0.7878081596918293,0.002150096954347886,274.0319000004092
5,2,36,"(112.5, 412.5, 7.580708003809701)",0.04187197880471647,752.3943481445312,-0.23007284572109293,0.1441930780548868,121.54540000119596
5,2,37,"(137.5, 412.5, 9.458994007438445)",0.15346287057777583,0.0,-0.46514977137368957,0.2957492985557586,231.3676999983727
5,2,38,"(137.5, 437.5, 10.499382396270086)",6.938353186979771e-08,0.0,-0.7257092509729536,0.018114268154802354,241.82640000071842
5,2,39,"(137.5, 437.5, 10.499382396270086)",0.0818471227432626,763.8512573242188,-0.26843657174637203,0.09802933070632927,120.2270000030694
5,2,40,"(162.5, 437.5, 13.254586740016286)",0.20983924158840292,0.0,-0.5409747248405165,0.13014786147213128,208.94420000331593
5,2,41,"(162.5, 412.5, 11.634380720059667)",1.2883295615514123e-07,0.0,-0.7614809895168819,0.0008867211142396095,234.99650000303518
5,2,42,"(162.5, 412.5, 11.634380720059667)",0.02516848092645167,777.6610717773438,-0.22075733079511178,0.03214442566772049,122.05900000117254
5,2,43,"(187.5, 412.5, 13.941569591049829)",0.1533298440553955,0.0,-0.46202092501195735,0.08731878770643534,238.16190000070492
5,2,44,"(187.5, 437.5, 16.502195647044346)",-6.585226704676944e-08,0.0,-0.7105048120900699,3.896198086728018e-06,233.33040000215988
5,2,45,"(187.5, 437.5, 16.502195647044346)",0.002781555777026434,817.1593017578125,-0.24938619369490758,0.001465507348478754,117.9971999990812
5,2,46,"(212.5, 437.5, 19.809611758762614)",3.844804941195388e-07,0.0,-0.48085519278186234,1.0606011947631098e-05,196.71419999940554
5,2,47,"(237.5, 437.5, 21.459341898515387)",7.432875766729313e-08,0.0,-1.6491956859894457,1.5943206266374035e-13,229.46149999916088
5,2,48,"(237.5, 437.5, 21.459341898515387)",0.0010826235119799387,856.8884887695312,-1.1683404932304369,0.001234630699359468,121.76809999800753
5,2,49,"(237.5, 437.5, 21.459341898515387)",7.06722601845818e-07,0.0,-2.3366809864608737,3.873609352471147e-06,215.84870000151568
5,3,0,"(112.5, 212.5, 1.7023465120987893)",0.36999379338330535,737.0286254882812,-0.25878114823399095,2.436716644396251,121.85170000157086
5,3,1,"(112.5, 237.5, 2.1276559796850996)",0.43332979024721574,0.0,-0.5053198091388991,2.2485083061939193,233.58179999922868
5,3,2,"(112.5, 262.5, 2.645266895480795)",0.05145213504630807,0.0,-0.7381940337516869,1.9374802443044241,225.15260000000126
5,3,3,"(112.5, 262.5, 2.645266895480795)",0.2928409584153898,737.6170043945312,-0.23565903278205888,2.0137522368077647,119.52970000129426
5,3,4,"(112.5, 287.5, 3.266470567666104)",0.3527574643238844,0.0,-0.48526275154818943,1.804588309765525,232.62500000055297
5,3,5,"(112.5, 312.5, 3.997603125569143)",0.08363935351374366,0.0,-0.7456318957737909,1.2506941725968286,233.24259999935748
5,3,6,"(112.5, 312.5, 3.997603125569143)",0.42054209931406455,740.0403442382812,-0.24695385246253082,1.2837897485193095,121.3382999994792
5,3,7,"(112.5, 337.5, 4.834376816244601)",0.3886038855738293,0.0,-0.4632641889168204,0.640683129398975,234.1407000021718
5,3,8,"(112.5, 362.5, 5.753213768936505)",0.012974634766569206,0.0,-0.6810557721121776,0.1302291299018903,227.07739999896148
5,3,9,"(112.5, 362.5, 5.753213768936505)",0.23696471915456588,744.9481201171875,-0.22339399654857137,0.5182409937325467,121.10240000038175
5,3,10,"(112.5, 387.5, 6.700045574866817)",0.14782648601842907,0.0,-0.44562153243061997,0.2967404250764951,237.49150000003283
5,3,11,"(112.5, 362.5, 5.753213768936505)",0.015117699901240475,0.0,-0.6728428029880726,0.10724167515458645,233.19110000011278
5,3,12,"(112.5, 362.5, 5.753213768936505)",0.22663221161394975,744.9966430664062,-0.22389401515740803,0.4989081448762835,117.87419999745907
5,3,13,"(112.5, 387.5, 6.700045574866817)",0.2181284868382949,0.0,-0.44977819504879657,0.4140742086658228,242.09949999931268
5,3,14,"(112.5, 362.5, 5.753213768936505)",0.0055035507927613985,0.0,-0.6744525942441189,0.12013655860032203,226.33290000158013
5,3,15,"(112.5, 362.5, 5.753213768936505)",0.22890240748457052,744.8943481445312,-0.2239946899770645,0.5027972802464358,123.32200000309967
5,3,16,"(137.5, 362.5, 6.88289330546234)",0.3757352795379865,0.0,-0.46354696340931767,0.5920400741066544,255.48780000099214
5,3,17,"(137.5, 387.5, 8.184609533832969)",0.0002583561775684244,0.0,-0.673623965251912,0.06383709727210357,258.20939999903203
5,3,18,"(137.5, 387.5, 8.184609533832969)",0.20699534779229598,755.7124633789062,-0.22157014402196626,0.3458335959712221,122.17570000211708
5,3,19,"(162.5, 387.5, 9.797797492156253)",0.2959861141864669,0.0,-0.46094757518255913,0.2856727554363304,233.83950000061304
5,3,20,"(187.5, 387.5, 11.364582883745452)",-2.2479798617576667e-07,0.0,-0.7504455021167294,0.007081744011733621,229.4177999974636
5,3,21,"(187.5, 387.5, 11.364582883745452)",0.024224133044848117,781.5167236328125,-0.2949070691489082,0.02714279630002385,122.35420000070008
5,3,22,"(187.5, 387.5, 11.364582883745452)",0.0012053338621943524,0.0,-0.5898118035325705,0.002137840706331898,204.5399999988149
5,3,23,"(187.5, 412.5, 13.941569591049829)",-2.6115837196509048e-08,0.0,-0.8301800340015252,0.0001712414050081452,233.61999999906402
5,3,24,"(187.5, 412.5, 13.941569591049829)",0.07753978840853971,793.3445434570312,-0.24038114703475735,0.08511847006788109,120.26049999985844
5,3,25,"(212.5, 412.5, 15.910281935579775)",0.9029899130040864,0.0,-0.6670343157992138,0.3921885942260024,236.74530000062077
5,3,26,"(237.5, 412.5, 16.71281874556001)",-2.83299110909695e-07,0.0,-0.989363325128022,0.18190953583233124,268.0720999996993
5,3,27,"(237.5, 412.5, 16.71281874556001)",0.02002368740786448,818.211181640625,-0.27141921727494245,0.014781415467649751,124.86400000125286
5,3,28,"(237.5, 387.5, 13.016039592385813)",0.03321419557728257,0.0,-1.8649066787698607,0.015564510016193998,220.208000002458
5,3,29,"(237.5, 412.5, 16.71281874556001)",-2.8326171796811794e-07,0.0,-2.5866492428856014,2.3882266637495582e-08,231.4750000005006
5,3,30,"(237.5, 412.5, 16.71281874556001)",0.025962991099581795,814.2986450195312,-0.27141942291499715,0.016868390596298292,124.42340000052354
5,3,31,"(237.5, 387.5, 13.016039592385813)",0.03775502340110766,0.0,-1.8645756552350001,0.0151405602226547,220.14320000016596
5,3,32,"(262.5, 387.5, 12.530028997518446)",0.0047834068537793125,0.0,-2.857531459063188,0.006004358401561095,252.10299999889685
5,3,33,"(262.5, 387.5, 12.530028997518446)",0.7512679686734872,772.838623046875,-0.3840391344349143,0.6438071812166576,122.17349999991711
5,3,34,"(262.5, 412.5, 15.847883528411389)",0.7170557255996227,0.0,-2.0460889245750757,0.4201592385260468,219.9068999980227
5,3,35,"(262.5, 437.5, 19.691492564685472)",9.53475888206626e-08,0.0,-4.646768118395829,0.21669664184090737,299.721799998224
5,3,36,"(262.5, 437.5, 19.691492564685472)",0.0008337923944454575,856.8884887695312,-2.2978238646254994,0.0014584417369790997,122.9488000026322
5,3,37,"(262.5, 437.5, 19.691492564685472)",7.765945078511195e-07,0.0,-4.595647729172074,3.874343780906941e-06,204.5161999994889
5,4,0,"(112.5, 212.5, 1.7023465120987893)",0.3717556962819814,736.9739990234375,-0.258781148233991,2.43671664285642,122.3664999997709
5,4,1,"(112.5, 237.5, 2.1276559796850996)",0.42429807862033597,0.0,-0.505319809138899,2.248508306193919,232.34659999798168
5,4,2,"(112.5, 262.5, 2.645266895480795)",0.04871810972691187,0.0,-0.7381940337516869,1.937480244304424,223.79480000017793
5,4,3,"(112.5, 262.5, 2.645266895480795)",0.28926208629531885,737.6845092773438,-0.23565903278205885,2.013752238216549,120.36989999978687
5,4,4,"(112.5, 287.5, 3.266470567666104)",0.34906732364654935,0.0,-0.4852627515481895,1.8045883097655253,232.9546000000846
5,4,5,"(112.5, 312.5, 3.997603125569143)",0.08871003985404362,0.0,-0.7456318957737907,1.2506941725968284,228.79509999984293
5,4,6,"(112.5, 312.5, 3.997603125569143)",0.42102792811658646,740.0174560546875,-0.24695385246253082,1.2837897794110875,124.68429999717046
5,4,7,"(112.5, 337.5, 4.834376816244601)",0.3875515940351281,0.0,-0.4632641889168204,0.6406831293989748,233.0142999999225
5,4,8,"(112.5, 362.5, 5.753213768936505)",0.009036437297870766,0.0,-0.6810557721121777,0.13022912990189034,225.82360000160406
5,4,9,"(112.5, 362.5, 5.753213768936505)",0.23323272904562645,745.0775146484375,-0.22339399654857137,0.5182409742431611,124.98910000067553
5,4,10,"(112.5, 387.5, 6.700045574866817)",0.1585100735097883,0.0,-0.44562153243061997,0.2967404250764951,252.60939999861876
5,4,11,"(112.5, 362.5, 5.753213768936505)",0.004640952373570136,0.0,-0.6728428029880726,0.10724167515458642,231.93220000030124
5,4,12,"(112.5, 362.5, 5.753213768936505)",0.22867189251921047,745.0237426757812,-0.223894015157408,0.4989081523714573,124.4074999995064
5,4,13,"(137.5, 362.5, 6.88289330546234)",0.3816553352192719,0.0,-0.46355082579778045,0.5914011892123094,251.96390000201063
5,4,14,"(137.5, 387.5, 8.184609533832969)",0.004655112822846731,0.0,-0.6736195293823423,0.06380909893801955,255.85789999968256
5,4,15,"(137.5, 387.5, 8.184609533832969)",0.20546330751913108,755.3642578125,-0.22156957994518978,0.34569654111779025,122.58859999928973
5,4,16,"(162.5, 387.5, 9.797797492156253)",0.2882472521159865,0.0,-0.4609460528715213,0.2856396714532942,236.74519999985932
5,4,17,"(187.5, 387.5, 11.364582883745452)",-2.247979864478111e-07,0.0,-0.7504454719567443,0.0070812596103878135,231.01839999799267
5,4,18,"(187.5, 387.5, 11.364582883745452)",0.028307693996428036,781.3692016601562,-0.29490706910846654,0.027142657197146928,122.85870000050636
5,4,19,"(187.5, 387.5, 11.364582883745452)",0.005446739804441445,0.0,-0.5898118035280353,0.002137838441014218,200.08620000226074
5,4,20,"(162.5, 387.5, 9.797797492156253)",-6.984919241384683e-08,0.0,-0.823800710964013,9.534986564703643e-05,238.74599999908241
5,4,21,"(162.5, 387.5, 9.797797492156253)",0.06989056756129122,767.6993408203125,-0.2339931986550987,0.09183265287292622,124.8507000018435
5,4,22,"(187.5, 387.5, 11.364582883745452)",0.007072045031806062,0.0,-0.5289209662679599,0.006941756189158258,233.11020000255667
5,4,23,"(187.5, 362.5, 9.103110310900643)",-7.951166480779649e-08,0.0,-0.8392683978936603,0.00011069104616917544,249.14630000057514
5,4,24,"(187.5, 362.5, 9.103110310900643)",0.15814450302842273,764.8872680664062,-0.3103235885922869,0.1849041974319388,121.65629999799421
5,4,25,"(187.5, 387.5, 11.364582883745452)",0.006526565767352074,0.0,-0.6052743470047195,0.003997527499453201,240.09880000085104
5,4,26,"(187.5, 387.5, 11.364582883745452)",-2.247979864478111e-07,0.0,-0.900190986895999,6.763419167805137e-06,242.58310000004712
5,4,27,"(187.5, 387.5, 11.364582883745452)",0.012099408333646016,781.5147094726562,-0.29490552575542534,0.011449296908562907,120.51309999878868
5,4,28,"(187.5, 412.5, 13.941569591049829)",0.021802653687025334,0.0,-0.5352741532261467,0.012259938441359319,229.71270000198274
5,4,29,"(187.5, 437.5, 16.502195647044346)",-6.585226704676947e-08,0.0,-0.7846531438975617,1.0261834305811476e-08,230.12000000016997
5,4,30,"(187.5, 437.5, 16.502195647044346)",0.001309220660945515,817.1593017578125,-0.24938619370151413,0.0017653492297449547,120.44199999945704
5,4,31,"(212.5, 437.5, 19.809611758762614)",3.844804941195388e-07,0.0,-0.4808551928041684,1.2295761614210344e-05,200.08180000149878
5,4,32,"(237.5, 437.5, 21.459341898515387)",7.432875766729315e-08,0.0,-1.649195685989448,1.7848871667019074e-13,229.35210000287043
5,4,33,"(237.5, 437.5, 21.459341898515387)",0.0008574548157666708,856.8884887695312,-1.1683404932304369,0.001234635882619651,122.4672999996983
5,5,0,"(112.5, 212.5, 1.7023465120987893)",0.3736769080323273,736.9798583984375,-0.25878114823399095,2.4367166179360575,121.50850000034552
5,5,1,"(112.5, 237.5, 2.1276559796850996)",0.4297519916339898,0.0,-0.5053198091388991,2.248508306193919,234.5421999998507
5,5,2,"(112.5, 262.5, 2.645266895480795)",0.04124654829507208,0.0,-0.7381940337516869,1.937480244304424,223.92210000180057
5,5,3,"(112.5, 262.5, 2.645266895480795)",0.2922888459456978,737.6525268554688,-0.2356590327820589,2.0137522461558017,121.91329999768641
5,5,4,"(112.5, 287.5, 3.266470567666104)",0.3521520881275092,0.0,-0.48526275154818954,1.8045883097655253,232.72029999861843
5,5,5,"(112.5, 312.5, 3.997603125569143)",0.08624359965325296,0.0,-0.7456318957737907,1.2506941725968284,230.24940000323113
5,5,6,"(112.5, 312.5, 3.997603125569143)",0.42453969718750895,739.921630859375,-0.24695385246253085,1.2837897375058533,120.88260000018636
5,5,7,"(112.5, 337.5, 4.834376816244601)",0.3859114445200002,0.0,-0.46326418891682036,0.6406831293989748,233.5456000000704
5,5,8,"(112.5, 362.5, 5.753213768936505)",0.011645133296632835,0.0,-0.6810557721121777,0.13022912990189034,226.5804999988177
5,5,9,"(112.5, 362.5, 5.753213768936505)",0.24201063089449298,745.010009765625,-0.22339399654857137,0.5182410046746649,121.60120000044117
5,5,10,"(112.5, 387.5, 6.700045574866817)",0.15573723719511223,0.0,-0.44562153243062,0.2967404250764952,236.81420000139042
5,5,11,"(112.5, 362.5, 5.753213768936505)",0.01291296382744288,0.0,-0.6728428029880728,0.10724167515458642,227.21199999796227
5,5,12,"(112.5, 362.5, 5.753213768936505)",0.22622040973849655,745.0137329101562,-0.22389401515740806,0.4989081579324835,124.47659999816096
5,5,13,"(137.5, 362.5, 6.88289330546234)",0.3824210405077927,0.0,-0.4635508257977805,0.5914011892123094,251.48470000203815
5,5,14,"(137.5, 387.5, 8.184609533832969)",0.0018462239143810042,0.0,-0.6736195293823422,0.06380909893801949,254.1190000010829
5,5,15,"(137.5, 387.5, 8.184609533832969)",0.20359587872848714,755.1410522460938,-0.2215695799451898,0.34569648180536877,122.32180000137305
5,5,16,"(137.5, 412.5, 9.458994007438445)",0.18071626894543014,0.0,-0.45756268335320344,0.3275725037912598,250.47520000225632
5,5,17,"(137.5, 437.5, 10.499382396270086)",0.00031168246643025794,0.0,-0.7176458782437231,0.024394697861495823,226.35100000115926
5,5,18,"(137.5, 437.5, 10.499382396270086)",0.21973251193004312,758.605224609375,-0.26884326628906846,0.23983538615755284,122.5834000033501
5,5,19,"(162.5, 437.5, 13.254586740016286)",0.2177489582004563,0.0,-0.5409832527683267,0.1308638698651641,210.74829999997746
5,5,20,"(187.5, 437.5, 16.502195647044346)",-6.585226704676946e-08,0.0,-0.7900594564465748,0.0002297663547813669,241.1458999995375
5,5,21,"(187.5, 437.5, 16.502195647044346)",0.000982409433801277,817.1593017578125,-0.24938619369493345,0.0015234877990219667,121.15190000258735
5,5,22,"(212.5, 437.5, 19.809611758762614)",3.844804941195398e-07,0.0,-0.4808551927818625,1.0606011949494864e-05,197.2380000006524
5,5,23,"(237.5, 437.5, 21.459341898515387)",7.432875766729315e-08,0.0,-1.6491956859894459,1.594338221391912e-13,229.85400000106893
5,5,24,"(237.5, 437.5, 21.459341898515387)",0.0015922495417896884,856.8884887695312,-1.1683404932304369,0.0012346164786096302,120.86579999959213
5,6,0,"(112.5, 212.5, 1.7023465120987893)",0.3683863190859386,737.0014038085938,-0.25878114823399095,2.4367166307096415,124.6623000006366
5,6,1,"(112.5, 237.5, 2.1276559796850996)",0.4299844089432383,0.0,-0.5053198091388991,2.2485083061939193,240.6719000027806
5,6,2,"(112.5, 262.5, 2.645266895480795)",0.04671984414262704,0.0,-0.7381940337516868,1.9374802443044237,225.73800000100164
5,6,3,"(112.5, 262.5, 2.645266895480795)",0.29262943560479504,737.6525268554688,-0.23565903278205894,2.0137522001775823,121.75700000079814
5,6,4,"(112.5, 287.5, 3.266470567666104)",0.36242740703865717,0.0,-0.4852627515481895,1.8045883097655253,233.46070000116015
5,6,5,"(112.5, 312.5, 3.997603125569143)",0.08910501996677198,0.0,-0.7456318957737907,1.2506941725968284,232.77840000082506
5,6,6,"(112.5, 312.5, 3.997603125569143)",0.4249008350932975,740.00634765625,-0.24695385246253085,1.283789755573291,125.7960999973875
5,6,7,"(112.5, 337.5, 4.834376816244601)",0.3856006559412583,0.0,-0.4632641889168204,0.6406831293989749,232.6853000013216
5,6,8,"(112.5, 362.5, 5.753213768936505)",0.008435066168528686,0.0,-0.6810557721121775,0.13022912990189026,227.61869999885675
5,6,9,"(112.5, 362.5, 5.753213768936505)",0.2418392021542689,745.086669921875,-0.2233939965485714,0.5182409815369292,122.26640000153566
5,6,10,"(112.5, 387.5, 6.700045574866817)",0.156702025968728,0.0,-0.4456215324306199,0.2967404250764951,238.5455000003276
5,6,11,"(137.5, 387.5, 8.184609533832969)",0.013287931680681922,0.0,-0.6763675349954574,0.20547843308616315,231.05650000070455
5,6,12,"(137.5, 387.5, 8.184609533832969)",0.3598959731314526,750.5162963867188,-0.2280445863259761,0.6847682797096827,120.29790000087814
5,6,13,"(137.5, 362.5, 6.88289330546234)",0.25154034484254767,0.0,-0.45113369143080795,0.24838903807040438,231.88980000122683
5,6,14,"(137.5, 337.5, 5.675677129206918)",0.003654691701127631,0.0,-0.6852310928087586,0.024065666073475038,226.56789999746252
5,6,15,"(137.5, 337.5, 5.675677129206918)",0.1899209852313668,746.8258666992188,-0.23502484051813344,0.35394709926437223,123.12199999723816
5,6,16,"(137.5, 362.5, 6.88289330546234)",0.325112759635677,0.0,-0.4727628730811323,0.4165218333682087,247.1588000007614
5,6,17,"(137.5, 387.5, 8.184609533832969)",0.00841958324112502,0.0,-0.6859701082028453,0.028336516516433163,230.8991000027163
5,6,18,"(137.5, 387.5, 8.184609533832969)",0.1778814617874849,756.3394165039062,-0.22143453192369583,0.2507497712060125,119.64809999699355
5,6,19,"(137.5, 412.5, 9.458994007438445)",0.1752594143780166,0.0,-0.4533696319497651,0.2633690639444036,248.14450000121724
5,6,20,"(137.5, 437.5, 10.499382396270086)",0.0029186308383881026,0.0,-0.7175722961588598,0.022377980323409468,223.81079999831854
5,6,21,"(137.5, 437.5, 10.499382396270086)",0.2336036443008169,757.4432373046875,-0.2688575573028246,0.24162165699581345,123.13210000138497
5,6,22,"(112.5, 437.5, 8.264048786739911)",0.13941214511569178,0.0,-0.5271473594014399,0.08764436801700311,223.4601999989536
5,6,23,"(87.5, 437.5, 6.482612700641647)",1.552204292255033e-07,0.0,-0.7715090018577129,0.0005425617669553595,242.76020000252174
5,6,24,"(87.5, 437.5, 6.482612700641647)",0.03004948539744222,745.6140747070312,-0.24608510135913247,0.08647208835049218,122.48170000020764
5,6,25,"(112.5, 437.5, 8.264048786739911)",0.027491543828805205,0.0,-0.5034268294209456,0.03353608779000128,212.8272999980254
5,6,26,"(112.5, 462.5, 8.613227892873539)",6.500631570816039e-07,0.0,-0.8038866235733307,0.0003618969381138804,231.33040000175242
5,6,27,"(112.5, 462.5, 8.613227892873539)",0.14801107821119738,748.0601196289062,-0.3007004696341441,0.2147313633789119,124.34200000279816
5,6,28,"(112.5, 437.5, 8.264048786739911)",0.2690609396130369,0.0,-0.5570454823243411,0.23350781457851927,236.33390000031795
5,6,29,"(112.5, 412.5, 7.580708003809701)",-2.092371384302775e-07,0.0,-0.7878081027955813,0.002150698655851286,274.32520000002114
5,6,30,"(112.5, 412.5, 7.580708003809701)",0.03733855912383108,752.2692260742188,-0.23007279700631963,0.14417860909136573,127.06840000100783
5,6,31,"(112.5, 437.5, 8.264048786739911)",0.050694370663590206,0.0,-0.4879688226771844,0.06708266665044955,234.93370000142022
5,6,32,"(112.5, 462.5, 8.613227892873539)",6.50063157081604e-07,0.0,-0.7878238328510071,0.0010241485589676618,226.30990000106976
5,6,33,"(112.5, 462.5, 8.613227892873539)",0.13513320167273518,747.2783813476562,-0.30065613764293425,0.18549390686876568,122.36839999968652
5,6,34,"(87.5, 462.5, 6.711234702510277)",0.43901742384766845,0.0,-0.5709164031420021,0.3555352707859631,248.38610000006156
5,6,35,"(87.5, 437.5, 6.482612700641647)",1.5522042910257974e-07,0.0,-0.8154707351753816,0.014839889658614581,285.90909999911673
5,6,36,"(87.5, 437.5, 6.482612700641647)",0.029777047808328978,745.6314697265625,-0.24606553110166993,0.08141549705297511,121.8847000018286
5,6,37,"(112.5, 437.5, 8.264048786739911)",0.02943282362345987,0.0,-0.5033751860690763,0.03183583816988729,208.45419999750447
5,6,38,"(137.5, 437.5, 10.499382396270086)",6.938353180885315e-08,0.0,-0.7714905377570651,0.00020477040655299326,225.12940000160597
5,6,39,"(137.5, 437.5, 10.499382396270086)",0.06759628653124097,765.1768188476562,-0.26842399772842496,0.07742799251102012,124.8133000008238
5,6,40,"(137.5, 412.5, 9.458994007438445)",0.28249598988901653,0.0,-0.4971885147979363,0.20560356213718906,247.11759999991045
5,6,41,"(112.5, 412.5, 7.580708003809701)",0.00022994416455522512,0.0,-0.725454509382823,0.014393215291392807,235.64009999972768
5,6,42,"(112.5, 412.5, 7.580708003809701)",0.06764301017189224,751.472900390625,-0.23076867240307844,0.25482015936073743,121.53269999907934
5,6,43,"(112.5, 437.5, 8.264048786739911)",0.059081786868491346,0.0,-0.4885320144269385,0.08340014210095133,235.26099999799044
5,6,44,"(112.5, 462.5, 8.613227892873539)",0.00018327869474765008,0.0,-0.7878260746338616,0.0011154195299127748,234.60809999960475
5,6,45,"(112.5, 462.5, 8.613227892873539)",0.13319746443666783,747.38232421875,-0.300654995493413,0.1858062518225033,120.76739999974961
5,6,46,"(87.5, 462.5, 6.711234702510277)",0.42872019855650767,0.0,-0.5709140418208017,0.35561542348093544,248.53470000016387
5,6,47,"(87.5, 437.5, 6.482612700641647)",1.5522042911978367e-07,0.0,-0.8154707355876795,0.014840178240674606,285.5602000017825
5,6,48,"(87.5, 437.5, 6.482612700641647)",0.030705935415721107,745.53125,-0.24606554624530613,0.08142442368443842,121.42649999805144
5,6,49,"(112.5, 437.5, 8.264048786739911)",0.024364254528606456,0.0,-0.5033752341357364,0.03183721998508405,211.17510000112816
5,6,50,"(112.5, 462.5, 8.613227892873539)",6.50063157081604e-07,0.0,-0.8038861427787292,0.00036534550182097084,240.58830000285525
5,6,51,"(112.5, 462.5, 8.613227892873539)",0.14879325900946797,748.0175170898438,-0.3006973778320225,0.216639506727486,117.17090000092867
5,6,52,"(112.5, 437.5, 8.264048786739911)",0.2874290769058159,0.0,-0.5570448500541607,0.23355599230971558,231.7732999981672
5,6,53,"(112.5, 412.5, 7.580708003809701)",-2.092371384302775e-07,0.0,-0.7878081160075806,0.002150301808600575,271.5984999995271
5,6,54,"(112.5, 412.5, 7.580708003809701)",0.03960144229098001,752.3336181640625,-0.23007278667069814,0.14417221665320745,121.89950000174576
5,6,55,"(112.5, 437.5, 8.264048786739911)",0.04303397835851028,0.0,-0.4879687947705117,0.06708149139070765,232.59669999970356
5,6,56,"(137.5, 437.5, 10.499382396270086)",6.938353180885314e-08,0.0,-0.7554374011116334,0.0009735867698574476,228.2625999978336
5,6,57,"(137.5, 437.5, 10.499382396270086)",0.057643278022970555,764.1962890625,-0.26842490264987107,0.0695404413239005,122.49370000063209
5,6,58,"(112.5, 437.5, 8.264048786739911)",0.11297081345816479,0.0,-0.5261470879557119,0.064158426968534,226.2988000002224
5,6,59,"(112.5, 412.5, 7.580708003809701)",-2.092371382405561e-07,0.0,-0.7554453091527716,0.0017898118166440925,233.95560000062687
5,6,60,"(112.5, 412.5, 7.580708003809701)",0.0436642428380521,752.2526245117188,-0.23010992409430492,0.1566108967485275,122.86309999763034
5,6,61,"(112.5, 437.5, 8.264048786739911)",0.04532578971439663,0.0,-0.48803912956120665,0.06929231057835841,234.68549999961397
5,6,62,"(112.5, 462.5, 8.613227892873539)",6.5006315747927e-07,0.0,-0.7878243179416036,0.0010314110854139809,226.18579999834765
5,6,63,"(112.5, 462.5, 8.613227892873539)",0.1314531398052325,747.643798828125,-0.300658588871153,0.1849456041964388,123.18739999682293
5,6,64,"(112.5, 437.5, 8.264048786739911)",0.31663397849414743,0.0,-0.5567576811427453,0.2454265508248067,233.84909999731462
5,6,65,"(112.5, 412.5, 7.580708003809701)",0.00011518535514637249,0.0,-0.7878071339712341,0.002198334198402904,270.59490000101505
5,6,66,"(112.5, 412.5, 7.580708003809701)",0.039186933941034216,752.319091796875,-0.2300735635800815,0.14446452352789846,123.66429999747197
5,6,67,"(112.5, 437.5, 8.264048786739911)",0.05108455963205002,0.0,-0.4879704566238572,0.06713512104363314,234.18279999896185
5,6,68,"(137.5, 437.5, 10.499382396270086)",6.938353180885315e-08,0.0,-0.7554374051188478,0.000974030970615499,224.26899999845773
5,6,69,"(137.5, 437.5, 10.499382396270086)",0.05658042773272226,764.5188598632812,-0.2684249040404198,0.06954259022895516,124.59390000003623
5,7,0,"(112.5, 212.5, 1.7023465120987893)",0.36705355309577664,736.9354248046875,-0.258781148233991,2.4367166262573035,122.40190000011353
5,7,1,"(112.5, 237.5, 2.1276559796850996)",0.43656191546317114,0.0,-0.505319809138899,2.248508306193919,236.56880000271485
5,7,2,"(112.5, 262.5, 2.645266895480795)",0.049953515330951916,0.0,-0.7381940337516869,1.9374802443044241,223.43890000047395
5,7,3,"(112.5, 262.5, 2.645266895480795)",0.2926752841409494,737.6275024414062,-0.23565903278205894,2.0137522311420266,121.08770000122604
5,7,4,"(112.5, 287.5, 3.266470567666104)",0.3622800220230959,0.0,-0.48526275154818943,1.8045883097655253,234.69699999986915
5,7,5,"(112.5, 312.5, 3.997603125569143)",0.08868007858592863,0.0,-0.7456318957737907,1.2506941725968284,227.1919999984675
5,7,6,"(112.5, 312.5, 3.997603125569143)",0.42422438300009746,740.00634765625,-0.2469538524625308,1.283789748002496,122.2382000014477
5,7,7,"(112.5, 337.5, 4.834376816244601)",0.3951065852996364,0.0,-0.4632641889168204,0.6406831293989749,231.4421000010043
5,7,8,"(112.5, 362.5, 5.753213768936505)",0.013306036591505734,0.0,-0.6810557721121777,0.1302291299018903,224.8955000031856
5,7,9,"(112.5, 362.5, 5.753213768936505)",0.23922335496141892,744.9163818359375,-0.22339399654857137,0.5182409910935042,122.0592999998189
5,7,10,"(112.5, 387.5, 6.700045574866817)",0.16967351726689436,0.0,-0.44562153243061997,0.2967404250764951,242.13410000083968
5,7,11,"(112.5, 362.5, 5.753213768936505)",0.020390088359463474,0.0,-0.6728428029880726,0.10724167515458644,224.07879999809666
5,7,12,"(112.5, 362.5, 5.753213768936505)",0.22522232532094655,745.1207275390625,-0.223894015157408,0.4989081624402318,125.8510000006936
5,7,13,"(112.5, 387.5, 6.700045574866817)",0.2039885380182722,0.0,-0.4497781950487966,0.4140742086658228,238.75039999984438
5,7,14,"(112.5, 362.5, 5.753213768936505)",0.012819424271591242,0.0,-0.6744525942441187,0.12013655860032203,226.3334000017494
5,7,15,"(112.5, 362.5, 5.753213768936505)",0.22965593369001533,744.9657592773438,-0.22399468997706454,0.5027972615607849,119.2408000024443
5,7,16,"(137.5, 362.5, 6.88289330546234)",0.3752081703159549,0.0,-0.4635469634093177,0.5920400741066545,250.5633000000671
5,7,17,"(137.5, 387.5, 8.184609533832969)",2.283292653076597e-07,0.0,-0.6736239652519121,0.0638370972721036,253.3848000020953
5,7,18,"(137.5, 387.5, 8.184609533832969)",0.20829516570795448,755.1104736328125,-0.22157014402196634,0.34583360998714824,121.3833000001614
5,7,19,"(137.5, 412.5, 9.458994007438445)",0.1888472219489835,0.0,-0.4575650455059017,0.327606098788371,248.01109999680193
5,7,20,"(137.5, 437.5, 10.499382396270086)",6.938355397513034e-08,0.0,-0.7176459350477573,0.02439577628589456,225.16270000051009
5,7,21,"(137.5, 437.5, 10.499382396270086)",0.2313943936632275,757.8931884765625,-0.2688432666360915,0.23983538130922477,124.484099997062
5,7,22,"(112.5, 437.5, 8.264048786739911)",0.13751330164193873,0.0,-0.5271474011427132,0.08765944888272119,234.36779999974533
5,7,23,"(112.5, 412.5, 7.580708003809701)",-2.0923713805356608e-07,0.0,-0.7554474495023338,0.0018606386021729959,239.1710999982024
5,7,24,"(112.5, 412.5, 7.580708003809701)",0.04500747461764564,752.2537231445312,-0.23011382522062193,0.15777716217349988,120.2240000020538
5,7,25,"(112.5, 437.5, 8.264048786739911)",0.04840694676385853,0.0,-0.4880456103776696,0.06949416818444268,233.2855999993626
5,7,26,"(112.5, 462.5, 8.613227892873539)",6.500631570816041e-07,0.0,-0.7878243481730336,0.0010329470267626342,231.16250000020955
5,7,27,"(112.5, 462.5, 8.613227892873539)",0.13536554190154482,747.723388671875,-0.3006584024889499,0.1849874908081816,121.38649999906193
5,7,28,"(137.5, 462.5, 11.051579161286583)",0.28476202871316136,0.0,-0.6481369377338269,0.4633115789435601,206.92119999876013
5,7,29,"(137.5, 437.5, 10.499382396270086)",0.0790738165378694,0.0,-0.9236374049541782,0.46101062314307256,272.518099998706
5,7,30,"(137.5, 437.5, 10.499382396270086)",0.3454365246370773,758.8211669921875,-0.2730795102281384,0.3465499928651222,122.1040999989782
5,7,31,"(137.5, 412.5, 9.458994007438445)",0.33347087425346367,0.0,-0.4985759788352111,0.23676951508310926,246.72439999994822
5,7,32,"(112.5, 412.5, 7.580708003809701)",0.0003441466639434467,0.0,-0.725383334079683,0.012395774831878507,233.15059999731602
5,7,33,"(112.5, 412.5, 7.580708003809701)",0.06920833125869981,751.6381225585938,-0.2306685110033912,0.2451613890032021,119.23000000024331
5,7,34,"(112.5, 437.5, 8.264048786739911)",0.05447363161847399,0.0,-0.48848702227041874,0.08220127223720675,233.4283999989566
5,7,35,"(112.5, 462.5, 8.613227892873539)",6.500631570816039e-07,0.0,-0.787825927538782,0.0011095457952832093,230.44420000223909
5,7,36,"(112.5, 462.5, 8.613227892873539)",0.134242368297514,747.9447631835938,-0.30065490779275617,0.18582536697454016,119.2618000022776
5,7,37,"(112.5, 437.5, 8.264048786739911)",0.30123215275786847,0.0,-0.5567452502728376,0.24595572709810834,233.84710000027553
5,7,38,"(87.5, 437.5, 6.482612700641647)",1.5522042910257972e-07,0.0,-0.8038855606101827,0.000929624933290377,235.90499999772874
5,7,39,"(87.5, 437.5, 6.482612700641647)",0.028091724377890825,745.5990600585938,-0.24607334346378162,0.08024649474831794,123.8904999991064
5,7,40,"(87.5, 462.5, 6.711234702510277)",0.03153553311733098,0.0,-0.5153001693796666,0.031240998449989888,233.7952999987465
5,7,41,"(87.5, 462.5, 6.711234702510277)",0.0009783320128887779,0.0,-0.7842473530008001,0.002539707881546806,229.65539999859175
5,7,42,"(87.5, 462.5, 6.711234702510277)",0.1250525491971261,743.289306640625,-0.2691845287711159,0.16923413904988055,120.41469999894616
5,7,43,"(87.5, 437.5, 6.482612700641647)",0.02925778978308867,0.0,-0.5152722894287005,0.04589932635673696,231.5139000020281
5,7,44,"(87.5, 462.5, 6.711234702510277)",6.568928559621175e-07,0.0,-0.7842480317432737,0.0012618776956898603,225.25780000069062
5,7,45,"(87.5, 462.5, 6.711234702510277)",0.07921166660468144,743.2201538085938,-0.2690473486433387,0.11713896489869803,125.78489999941667
5,7,46,"(87.5, 437.5, 6.482612700641647)",0.033521506708731316,0.0,-0.5153003057502463,0.048317736219554354,242.7255000002333
5,7,47,"(112.5, 437.5, 8.264048786739911)",1.4839073062027028e-07,0.0,-0.7723000409077244,0.0017382472183803653,231.10280000037164
5,7,48,"(112.5, 437.5, 8.264048786739911)",0.03531600619771498,753.3432006835938,-0.25703771539581144,0.06827039421257966,122.66839999938384
5,7,49,"(137.5, 437.5, 10.499382396270086)",0.05477280160724979,0.0,-0.52563468831783,0.04952900830832103,202.3421000012604
5,7,50,"(162.5, 437.5, 13.254586740016286)",-6.984919309616089e-08,0.0,-0.7976711666112654,0.008130804544301061,234.47120000128052
5,7,51,"(162.5, 437.5, 13.254586740016286)",0.24420870773797945,758.3826293945312,-0.27223657363522924,0.25483214179106556,125.03650000144262
5,7,52,"(162.5, 412.5, 11.634380720059667)",0.0011217418782812957,0.0,-0.49299365186613986,0.0018519076576889656,232.08769999837386
5,7,53,"(162.5, 412.5, 11.634380720059667)",1.288329561551412e-07,0.0,-0.713761366154252,0.0002382625846474426,225.60049999810872
5,7,54,"(162.5, 412.5, 11.634380720059667)",0.06853765664225009,775.1209716796875,-0.22078302425718574,0.08988603069905186,128.5969999989902
5,7,55,"(187.5, 412.5, 13.941569591049829)",0.2203794397177376,0.0,-0.4639763915696018,0.1339613577738085,226.80409999884432
5,7,56,"(187.5, 437.5, 16.502195647044346)",-6.585226704676946e-08,0.0,-0.7105048693180996,5.492218105579924e-06,226.60069999983534
5,7,57,"(187.5, 437.5, 16.502195647044346)",0.001878960389461808,817.1593017578125,-0.24938619369490758,0.001464486624348258,127.77450000066892
5,7,58,"(212.5, 437.5, 19.809611758762614)",3.844804941195377e-07,0.0,-0.4808551927818622,1.060601194759237e-05,193.79979999939678
5,7,59,"(237.5, 437.5, 21.459341898515387)",7.432875766729315e-08,0.0,-1.6491956859894459,1.594338221391912e-13,250.54349999845726
5,7,60,"(237.5, 437.5, 21.459341898515387)",0.0012109383241453752,856.8884887695312,-1.1683404932304369,0.0012346322324361023,125.83939999967697
5,7,61,"(237.5, 437.5, 21.459341898515387)",7.06722601845819e-07,0.0,-2.336680986460874,3.873609352467363e-06,214.45070000117994
5,8,0,"(112.5, 212.5, 1.7023465120987893)",0.37177384330847435,736.9675903320312,-0.2587811482339909,2.4367166678265457,123.03350000001956
5,8,1,"(112.5, 237.5, 2.1276559796850996)",0.42774803987598375,0.0,-0.5053198091388988,2.248508306193919,234.41769999772077
5,8,2,"(112.5, 262.5, 2.645266895480795)",0.05498796204722875,0.0,-0.7381940337516869,1.937480244304424,225.3047999984119
5,8,3,"(112.5, 262.5, 2.645266895480795)",0.29185510688762994,737.5935668945312,-0.2356590327820589,2.0137522420238465,119.99319999813451
5,8,4,"(112.5, 287.5, 3.266470567666104)",0.35718260475517094,0.0,-0.4852627515481895,1.8045883097655253,235.3925999996136
5,8,5,"(112.5, 312.5, 3.997603125569143)",0.08428133527439816,0.0,-0.7456318957737907,1.2506941725968284,227.1446000013384
5,8,6,"(112.5, 312.5, 3.997603125569143)",0.4227845966320833,739.9440307617188,-0.2469538524625308,1.2837897264750002,120.3060000007099
5,8,7,"(112.5, 337.5, 4.834376816244601)",0.3871984627177496,0.0,-0.4632641889168204,0.6406831293989749,232.38999999739463
5,8,8,"(112.5, 362.5, 5.753213768936505)",0.008196806535147524,0.0,-0.6810557721121775,0.13022912990189028,224.9895999993896
5,8,9,"(112.5, 362.5, 5.753213768936505)",0.2377932197317625,745.03857421875,-0.22339399654857134,0.5182409452496889,122.76849999761907
5,8,10,"(112.5, 387.5, 6.700045574866817)",0.15066045617064514,0.0,-0.44562153243061997,0.2967404250764952,235.15170000246144
5,8,11,"(137.5, 387.5, 8.184609533832969)",0.011260976394033591,0.0,-0.6763675349954574,0.20547843308616323,232.03859999921406
5,8,12,"(137.5, 387.5, 8.184609533832969)",0.3596185820351154,750.40380859375,-0.22804458632597616,0.684768320929645,123.26689999827067
5,8,13,"(137.5, 362.5, 6.88289330546234)",0.24466223395042838,0.0,-0.451133691430808,0.24838903807040438,231.63240000212681
5,8,14,"(162.5, 362.5, 8.044975170611863)",0.020875369509060614,0.0,-0.7051876331439588,0.10316824105048684,226.06230000019423
5,8,15,"(162.5, 362.5, 8.044975170611863)",0.5130250827211901,749.3523559570312,-0.2533887453380051,0.7743964106274095,127.14090000008582
5,8,16,"(162.5, 387.5, 9.797797492156253)",0.5016208335740568,0.0,-0.49715890814525066,0.4876581371447408,232.6491999992868
5,8,17,"(187.5, 387.5, 11.364582883745452)",-2.247979864478111e-07,0.0,-0.7799611772303123,0.00360762546659458,236.71100000137812
5,8,18,"(187.5, 387.5, 11.364582883745452)",0.013214142339508413,781.5147094726562,-0.2949055233559823,0.011812719900394716,121.87129999801982
5,8,19,"(212.5, 387.5, 12.56601886791643)",0.20593039323554796,0.0,-0.7679688621579599,0.10951949693031976,239.42290000195499
5,8,20,"(237.5, 387.5, 13.016039592385813)",0.21060498555499038,0.0,-1.51110528312831,0.3369363981314501,292.4334999988787
5,8,21,"(237.5, 387.5, 13.016039592385813)",1.0677058696154647,777.9012451171875,-0.7345811872007405,0.9435820020067165,188.26590000026044
5,8,22,"(237.5, 412.5, 16.71281874556001)",0.00626663807539487,0.0,-1.8608402778315214,0.006053081461423153,235.92550000103074
5,8,23,"(237.5, 437.5, 21.459341898515387)",7.432875766729316e-08,0.0,-3.0292242998758128,5.141468695425469e-09,229.85769999650074
5,8,24,"(237.5, 437.5, 21.459341898515387)",0.001155604360165628,856.8884887695312,-1.168340493230437,0.0012346359730580569,119.45810000179335
5,9,0,"(112.5, 212.5, 1.7023465120987893)",0.36877473015181655,736.9647216796875,-0.2587811482339909,2.4367166377046328,122.8302999988955
5,9,1,"(112.5, 237.5, 2.1276559796850996)",0.42897400442236977,0.0,-0.5053198091388988,2.248508306193919,233.60949999914737
5,9,2,"(112.5, 262.5, 2.645266895480795)",0.04528369009497977,0.0,-0.738194033751687,1.9374802443044243,227.04009999870323
5,9,3,"(112.5, 262.5, 2.645266895480795)",0.29009819071190357,737.7132568359375,-0.23565903278205894,2.0137522065601736,124.09459999980754
5,9,4,"(112.5, 287.5, 3.266470567666104)",0.3536073751604927,0.0,-0.4852627515481895,1.8045883097655253,231.72859999976936
5,9,5,"(112.5, 312.5, 3.997603125569143)",0.08145480851336004,0.0,-0.7456318957737907,1.2506941725968286,228.7555999973847
5,9,6,"(112.5, 312.5, 3.997603125569143)",0.41756514043675796,739.9252319335938,-0.24695385246253082,1.283789763915705,119.70739999742364
5,9,7,"(112.5, 337.5, 4.834376816244601)",0.38385160273558905,0.0,-0.4632641889168204,0.6406831293989749,233.96689999935916
5,9,8,"(112.5, 362.5, 5.753213768936505)",0.008670067414646002,0.0,-0.6810557721121776,0.1302291299018903,227.30329999831156
5,9,9,"(112.5, 362.5, 5.753213768936505)",0.23863312236525447,744.9453735351562,-0.22339399654857137,0.5182409682119612,122.70809999972698
5,9,10,"(112.5, 387.5, 6.700045574866817)",0.156944391133861,0.0,-0.44562153243061997,0.2967404250764952,239.30829999881098
5,9,11,"(112.5, 362.5, 5.753213768936505)",0.017101104060784664,0.0,-0.6728428029880728,0.10724167515458644,230.54849999971339
5,9,12,"(112.5, 362.5, 5.753213768936505)",0.22750047690993566,745.099365234375,-0.223894015157408,0.498908151547575,120.90130000069621
5,9,13,"(137.5, 362.5, 6.88289330546234)",0.3792317334716311,0.0,-0.46355082579778045,0.5914011892123096,248.55319999915082
5,9,14,"(137.5, 387.5, 8.184609533832969)",0.0043742557366623575,0.0,-0.6736195293823422,0.06380909893801953,253.15250000130618
5,9,15,"(137.5, 387.5, 8.184609533832969)",0.2069173227451246,755.21337890625,-0.22156957994518983,0.34569654188340704,120.64299999838113
5,9,16,"(137.5, 362.5, 6.88289330546234)",0.25431416734037454,0.0,-0.4509180165605974,0.24575292546758895,233.65650000050664
5,9,17,"(137.5, 387.5, 8.184609533832969)",0.0021053054370072117,0.0,-0.6730445734761472,0.03443038112347003,232.69119999895338
5,9,18,"(137.5, 387.5, 8.184609533832969)",0.3063496144617591,751.685302734375,-0.22218898281191574,0.5022513402709446,121.24469999980647
5,9,19,"(162.5, 387.5, 9.797797492156253)",0.33969086334629967,0.0,-0.46272800167656314,0.3332929722067998,229.27200000049197
5,9,20,"(187.5, 387.5, 11.364582883745452)",-2.2479798644781115e-07,0.0,-0.7504554063954617,0.007336563586574327,226.18380000130855
5,9,21,"(187.5, 387.5, 11.364582883745452)",0.025207200778905335,781.4027709960938,-0.29490708669542587,0.02721236949627444,118.8810999992711
5,9,22,"(212.5, 387.5, 12.56601886791643)",0.19563212760226736,0.0,-0.7679688272857274,0.10952072787455183,241.98099999921396
5,9,23,"(237.5, 387.5, 13.016039592385813)",0.21278444925954057,0.0,-1.5111052116051862,0.3369365840035565,282.28110000054585
5,9,24,"(237.5, 387.5, 13.016039592385813)",1.0658173589879574,777.5264282226562,-0.7345811625031314,0.9435820309220666,173.1078000011621
5,9,25,"(237.5, 412.5, 16.71281874556001)",0.014395678737358416,0.0,-1.860840277942893,0.006053082502972464,225.98580000340007
5,9,26,"(237.5, 437.5, 21.459341898515387)",7.432875766729316e-08,0.0,-3.0292242998758128,5.141468695425469e-09,226.19900000063353
5,9,27,"(237.5, 437.5, 21.459341898515387)",0.0023902633606126,856.8884887695312,-1.1683404932304369,0.001234621984275148,124.46099999942817
5,9,28,"(237.5, 437.5, 21.459341898515387)",7.066117192806155e-07,0.0,-2.3366809864608737,3.873607919205395e-06,215.58999999979278
5,0,0,"(12.5, 12.5, 0.18196833376614466)",0.11452106653459765,362.03790283203125,-0.2335424239979614,2.7250447487328415,122.66850000014529
5,0,1,"(12.5, 37.5, 0.22749405581943968)",0.07275909658363632,0.0,-0.4577593100294286,2.609659806213052,225.95020000153454
5,0,2,"(37.5, 37.5, 0.2538960140809293)",0.01095277070998008,0.0,-0.684691527873799,2.5468828373711796,225.99690000060946
5,0,3,"(37.5, 37.5, 0.2538960140809293)",0.06131768047354381,729.2105102539062,-0.22848167036603234,2.567184198025562,119.67970000114292
5,0,4,"(37.5, 62.5, 0.31824704025207695)",0.07331086615544291,0.0,-0.4566239969626409,2.5080148425534667,230.44380000283127
5,0,5,"(37.5, 87.5, 0.39785095890575445)",0.01142514869570105,0.0,-0.6809642230989182,2.421116137658904,223.4405000017432
5,0,6,"(37.5, 87.5, 0.39785095890575445)",0.06942733734029338,732.4530029296875,-0.22762190470470714,2.4836226744581653,118.71809999865945
5,0,7,"(37.5, 112.5, 0.49583347937863365)",0.08772164808923535,0.0,-0.456964605991455,2.4407001853794275,230.41079999893554
5,0,8,"(37.5, 137.5, 0.6157193847862111)",0.014878794550890048,0.0,-0.6854111832247572,2.3903631360503415,231.94689999945695
5,0,9,"(37.5, 137.5, 0.6157193847862111)",0.08646289292339228,733.013671875,-0.23012840066238413,2.443592595543964,119.29510000118171
5,0,10,"(37.5, 162.5, 0.7613493298921569)",0.13477397305058053,0.0,-0.4632464676421303,2.4198120999259536,232.51620000155526
5,0,11,"(37.5, 187.5, 0.9366991161239089)",0.020422129581394197,0.0,-0.6967181010024116,2.3676285554996643,227.6406000019051
5,0,12,"(37.5, 187.5, 0.9366991161239089)",0.1304492105828294,733.1388549804688,-0.23426442689669705,2.4093877046307046,119.21490000167978
5,0,13,"(37.5, 212.5, 1.1455527701376642)",0.1877807413430811,0.0,-0.47199664441082156,2.3558933727449083,229.36079999999492
5,0,14,"(37.5, 237.5, 1.3909688886982803)",0.026423901319522113,0.0,-0.7098414163127128,2.220053943323603,224.13180000148714
5,0,15,"(37.5, 237.5, 1.3909688886982803)",0.17653683923592306,733.2101440429688,-0.24040425245712652,2.322608862855446,120.43590000030235
5,0,16,"(37.5, 262.5, 1.6744753499793261)",0.22951653004963152,0.0,-0.48570825391337724,2.2021027828426667,231.02379999909317
5,0,17,"(62.5, 262.5, 1.9784785325219891)",0.033394376436829465,0.0,-0.7147373887078087,1.9038280971718173,226.62149999814574
5,0,18,"(62.5, 262.5, 1.9784785325219891)",0.23629465281850193,735.6675415039062,-0.23908906728196186,2.1270940743590145,123.53559999974095
5,0,19,"(87.5, 262.5, 2.3062152958190487)",0.30027927436016366,0.0,-0.476640059862108,1.9562746652624732,236.19529999996303
5,0,20,"(87.5, 237.5, 1.8749993990357805)",0.025038997332244867,0.0,-0.7000520775475355,1.713392644705361,223.1019999999262
5,0,21,"(87.5, 237.5, 1.8749993990357805)",0.2113768750552988,736.8888549804688,-0.2323439184423162,2.054380643900679,120.47499999971478
5,0,22,"(87.5, 212.5, 1.5144023862066305)",0.24983065289822426,0.0,-0.47871324372748353,2.1223470017444637,231.95979999945848
5,0,23,"(112.5, 212.5, 1.7023465120987893)",0.045107578237852296,0.0,-0.722184075102424,2.0147407852219774,222.96060000007856
5,0,24,"(112.5, 212.5, 1.7023465120987893)",0.2623406130220608,737.0559692382812,-0.24305296401705,2.241787662802932,124.64679999902728
5,0,25,"(112.5, 237.5, 2.1276559796850996)",0.3908314402346853,0.0,-0.4949149846782249,2.1568661606935082,232.25729999830946
5,0,26,"(112.5, 262.5, 2.645266895480795)",0.04408539831639063,0.0,-0.7253251328919706,1.7977090910760747,224.0529000009701
5,0,27,"(112.5, 262.5, 2.645266895480795)",0.2830174493182113,737.7239379882812,-0.23517517963297138,1.9689396009477838,125.08439999874099
5,0,28,"(112.5, 287.5, 3.266470567666104)",0.3606978319641663,0.0,-0.48442770698852705,1.7760416476622682,232.08040000099572
5,0,29,"(112.5, 312.5, 3.997603125569143)",0.08709944287935877,0.0,-0.744899560996914,1.2394417160534505,225.25219999806723
5,0,30,"(112.5, 312.5, 3.997603125569143)",0.42380244969022873,740.0552978515625,-0.2469265806600583,1.280321017486592,123.41919999744277
5,0,31,"(112.5, 337.5, 4.834376816244601)",0.38747975854479366,0.0,-0.4632333614109295,0.6399107565191897,231.97380000056
5,0,32,"(112.5, 362.5, 5.753213768936505)",0.0107342948516215,0.0,-0.6810546941222071,0.13020669960277925,226.7707999999402
5,0,33,"(112.5, 362.5, 5.753213768936505)",0.2412765937147715,744.8126220703125,-0.2233939289222678,0.5182325689312598,121.81090000012773
5,0,34,"(112.5, 387.5, 6.700045574866817)",0.1648267269463885,0.0,-0.44562136997563856,0.29673615381274143,239.6502999981749
5,0,35,"(112.5, 362.5, 5.753213768936505)",0.02202850083505432,0.0,-0.6728427121904397,0.1072409280651416,224.3752000031236
5,0,36,"(112.5, 362.5, 5.753213768936505)",0.2274507287281841,744.9756469726562,-0.22389400273075244,0.4989079237572017,122.04750000091735
5,0,37,"(112.5, 387.5, 6.700045574866817)",0.2161954892396175,0.0,-0.44977819382972867,0.4140741163066425,248.60489999991842
5,0,38,"(112.5, 362.5, 5.753213768936505)",0.009063775961606263,0.0,-0.6744525913487737,0.12013655504189531,224.54099999958999
5,0,39,"(112.5, 362.5, 5.753213768936505)",0.22918218173183635,745.0006103515625,-0.2239946899770645,0.5027973004053927,119.07440000140923
5,0,40,"(112.5, 387.5, 6.700045574866817)",0.21803383606487273,0.0,-0.4498974414322682,0.41656879117525625,233.90449999715202
5,0,41,"(112.5, 362.5, 5.753213768936505)",0.01599794129529211,0.0,-0.6744780313605943,0.12039668903562277,226.2384000023303
5,0,42,"(112.5, 362.5, 5.753213768936505)",0.23200123615078855,744.9401245117188,-0.2239974719127987,0.5029867306875045,121.13390000013169
5,0,43,"(112.5, 387.5, 6.700045574866817)",0.22230979425881472,0.0,-0.4498993403053685,0.41661156536260646,232.61009999987436
5,0,44,"(137.5, 387.5, 8.184609533832969)",0.017867793639487175,0.0,-0.6789638760445849,0.2329508266658474,224.5087000010244
5,0,45,"(137.5, 387.5, 8.184609533832969)",0.3701197972425378,749.85107421875,-0.22858870575181442,0.7033673749846514,122.86930000118446
5,0,46,"(137.5, 362.5, 6.88289330546234)",0.24824188455195495,0.0,-0.45118778894757183,0.25080016565131075,234.38700000042445
5,0,47,"(137.5, 337.5, 5.675677129206918)",0.0031424096475012758,0.0,-0.6852335793794931,0.024085522029178207,226.3907000015024
5,0,48,"(137.5, 337.5, 5.675677129206918)",0.18840110080072883,746.5986328125,-0.2350248253675576,0.35395791056216147,120.50970000200323
5,0,49,"(137.5, 312.5, 4.617102976724376)",0.28797149774645514,0.0,-0.47840936532720235,0.5336010653216866,245.03630000253906
5,0,50,"(137.5, 337.5, 5.675677129206918)",0.059053237239471194,0.0,-0.7321433839619238,0.36133493529850114,224.64600000239443
5,0,51,"(137.5, 337.5, 5.675677129206918)",0.48435263185734395,743.828125,-0.24332830936145894,0.8438710162664971,117.9082999988168
5,0,52,"(137.5, 362.5, 6.88289330546234)",0.30553485366237354,0.0,-0.4691766094691665,0.3421759961867843,230.77419999754056
5,0,53,"(137.5, 387.5, 8.184609533832969)",0.002463251197095502,0.0,-0.6857259828766016,0.025806877191113537,229.85260000132257
5,0,54,"(137.5, 387.5, 8.184609533832969)",0.17547651278562687,756.26220703125,-0.2214314074561966,0.2472071700876521,121.53589999797987
5,0,55,"(162.5, 387.5, 9.797797492156253)",0.2733924665588884,0.0,-0.4591142302844902,0.24446077080303696,232.70899999988615
5,0,56,"(187.5, 387.5, 11.364582883745452)",-2.2479798644781115e-07,0.0,-0.7503974245337871,0.005956616229726904,228.25160000138567
5,0,57,"(187.5, 387.5, 11.364582883745452)",0.025792222590630486,781.5167846679688,-0.29490698347381994,0.02679059604724203,121.84829999750946
5,0,58,"(187.5, 362.5, 9.103110310900643)",0.02646650451891441,0.0,-0.6052839723756216,0.01642872546795028,192.71149999985937
5,0,59,"(212.5, 362.5, 9.863883753989105)",0.01565806195143507,0.0,-1.0275537020505718,0.054965826932895825,248.41880000167293
5,0,60,"(212.5, 362.5, 9.863883753989105)",0.7951832782828867,749.6965942382812,-0.36449454616638766,1.064168635357193,169.15199999857577
5,0,61,"(212.5, 387.5, 12.56601886791643)",0.1921069354744851,0.0,-0.4602185931789369,0.14107957221002873,217.7522999991197
5,0,62,"(237.5, 387.5, 13.016039592385813)",0.053053215145792865,0.0,-1.2162464510930944,0.055818172094362795,229.22599999947124
5,0,63,"(237.5, 387.5, 13.016039592385813)",0.6334428798203626,763.6373291015625,-0.7456494218291491,0.6412339880891998,171.83859999931883
5,0,64,"(237.5, 412.5, 16.71281874556001)",0.011550851329137624,0.0,-1.860808051955594,0.009102006734094628,196.26570000036736
5,0,65,"(237.5, 437.5, 21.459341898515387)",7.432875766729316e-08,0.0,-3.029224299936185,5.7309699945911236e-09,233.31250000046566
5,0,66,"(237.5, 437.5, 21.459341898515387)",0.0018388378953895367,856.8884887695312,-1.1683404932304369,0.0012346179294137447,122.35079999663867
5,0,67,"(262.5, 437.5, 19.691492564685472)",7.802440149344311e-07,0.0,-3.4661643578549146,3.873577034236677e-06,233.69309999907273
5,1,0,"(12.5, 12.5, 0.18196833376614466)",0.11550564949453648,362.056396484375,-0.23354242399796143,2.7250447746321163,123.1115000009595
5,1,1,"(37.5, 12.5, 0.20209293496961436)",0.07214424647552832,0.0,-0.4581096702523084,2.6065842995223285,227.81580000082613
5,1,2,"(37.5, 37.5, 0.2538960140809293)",0.011682172616305754,0.0,-0.6848841326520054,2.543932416174951,226.91689999919618
5,1,3,"(37.5, 37.5, 0.2538960140809293)",0.06069144177946761,729.2259521484375,-0.22841008907079344,2.566080277590747,120.82789999840315
5,1,4,"(37.5, 62.5, 0.31824704025207695)",0.07697754518989998,0.0,-0.45657477879311403,2.5076187562301566,231.74139999900945
5,1,5,"(37.5, 87.5, 0.39785095890575445)",0.008670301487055788,0.0,-0.6809452615515994,2.4209508397812876,223.5553999998956
5,1,6,"(37.5, 87.5, 0.39785095890575445)",0.06761683921324614,732.4420776367188,-0.22761917368398726,2.4835741141861694,120.97050000011222
5,1,7,"(37.5, 112.5, 0.49583347937863365)",0.09175298193295758,0.0,-0.45696281123047183,2.440683808089099,235.10209999949438
5,1,8,"(37.5, 137.5, 0.6157193847862111)",0.013503516713787647,0.0,-0.6854106708250602,2.390358344601668,227.88690000015777
5,1,9,"(37.5, 137.5, 0.6157193847862111)",0.0860905339816323,733.0174560546875,-0.2301283688046635,2.443591631872432,121.1384000016551
5,1,10,"(37.5, 162.5, 0.7613493298921569)",0.1275302743661578,0.0,-0.4632464469734674,2.419811882128988,229.8436999990372
5,1,11,"(37.5, 187.5, 0.9366991161239089)",0.02039645984770921,0.0,-0.6967181043494574,2.367628523020008,233.21729999952368
5,1,12,"(37.5, 187.5, 0.9366991161239089)",0.1312308779405305,733.1327514648438,-0.23426443488336987,2.4093877848559058,123.54039999991073
5,1,13,"(37.5, 212.5, 1.1455527701376642)",0.19420387579296652,0.0,-0.47199664011292153,2.3558933500070247,230.4736000005505
5,1,14,"(37.5, 237.5, 1.3909688886982803)",0.023453762133950562,0.0,-0.7098414136612569,2.2200539299369324,225.00189999846043
5,1,15,"(37.5, 237.5, 1.3909688886982803)",0.1750890474012534,733.235107421875,-0.24040425242706986,2.322608843764815,123.1363999977475
5,1,16,"(62.5, 237.5, 1.626113957934965)",0.24816172374149728,0.0,-0.47814254071438,2.199801530914688,228.11509999883128
5,1,17,"(87.5, 237.5, 1.8749993990357805)",0.034752885500589734,0.0,-0.7066378302732339,1.9825278452839155,223.08419999899343
5,1,18,"(87.5, 237.5, 1.8749993990357805)",0.23363709505823435,736.783203125,-0.23670075780646338,2.1555230916076606,119.78020000242395
5,1,19,"(87.5, 262.5, 2.3062152958190487)",0.2585371598674551,0.0,-0.47444073729727676,1.9485802247677089,234.58539999774075
5,1,20,"(87.5, 287.5, 2.8131085484191836)",0.041836639245371114,0.0,-0.7231937890892618,1.6211728062851163,222.75559999980032
5,1,21,"(87.5, 287.5, 2.8131085484191836)",0.2762341819767406,737.0098266601562,-0.25055948614557033,1.9150477925633151,126.85809999675257
5,1,22,"(87.5, 312.5, 3.3952550877786836)",0.4374640943628273,0.0,-0.49814584195597067,1.5881305765233715,232.57569999987027
5,1,23,"(87.5, 337.5, 4.042605949689198)",0.05902153253550422,0.0,-0.7095190982296835,0.6673833680908412,223.55049999896437
5,1,24,"(87.5, 337.5, 4.042605949689198)",0.3536049654105137,740.121337890625,-0.22918811504890094,0.9464051003925613,122.88550000084797
5,1,25,"(112.5, 337.5, 4.834376816244601)",0.41415615036856424,0.0,-0.4630202301813192,1.1251879602029249,234.79049999878043
5,1,26,"(112.5, 362.5, 5.753213768936505)",0.027484948436416676,0.0,-0.6953324157779629,0.6778375238486748,262.6901999974507
5,1,27,"(112.5, 362.5, 5.753213768936505)",0.31615438183592803,743.1826782226562,-0.22903885603758692,0.7343879852814642,118.43440000302508
5,1,28,"(112.5, 387.5, 6.700045574866817)",0.18223299134561266,0.0,-0.44706311284520855,0.3366126058373812,235.0972999993246
5,1,29,"(137.5, 387.5, 8.184609533832969)",0.01637386282283838,0.0,-0.6771038306428376,0.21314856942606283,226.29269999742974
5,1,30,"(137.5, 387.5, 8.184609533832969)",0.36131723738527216,750.3674926757812,-0.22820161917983495,0.6875621432828452,121.49589999899035
5,1,31,"(137.5, 362.5, 6.88289330546234)",0.2519616461853579,0.0,-0.4511370576849749,0.2485263784107045,232.1994000012637
5,1,32,"(137.5, 337.5, 5.675677129206918)",0.004411591216917946,0.0,-0.6852316651743452,0.024072027082386444,226.63299999840092
5,1,33,"(137.5, 337.5, 5.675677129206918)",0.19188554640661762,746.7965698242188,-0.23502513630015034,0.35396707848561365,118.00310000035097
5,1,34,"(162.5, 337.5, 6.503826249283008)",0.4361397000996573,0.0,-0.4961655687105884,0.5433960975778578,245.86570000246866
5,1,35,"(187.5, 337.5, 7.2238068944948735)",0.06139063338439823,0.0,-0.8073566102506236,0.24955507522377304,232.0110000000568
5,1,36,"(187.5, 337.5, 7.2238068944948735)",0.551363718013578,753.1727294921875,-0.30379341019023465,0.7704923832313468,120.57869999989634
5,1,37,"(187.5, 362.5, 9.103110310900643)",0.5942976174220915,0.0,-0.6106988231306284,0.44680561032675853,239.7090999984357
5,1,38,"(187.5, 387.5, 11.364582883745452)",-2.247979864478111e-07,0.0,-0.9038192208186773,0.01621806083160417,267.08900000085123
5,1,39,"(187.5, 387.5, 11.364582883745452)",0.017356020434196564,781.36767578125,-0.2949058863504546,0.020618404430737588,123.34109999937937
5,1,40,"(162.5, 387.5, 9.797797492156253)",0.016940385465525523,0.0,-0.5288931288923497,0.014096176693646292,208.48580000165384
5,1,41,"(137.5, 387.5, 8.184609533832969)",2.2832925156333675e-07,0.0,-0.7503409713585711,0.007168162416835203,235.4213999969943
5,1,42,"(137.5, 387.5, 8.184609533832969)",0.18427721631049052,754.877197265625,-0.22170792121973026,0.315374284372174,120.32539999927394
5,1,43,"(137.5, 362.5, 6.88289330546234)",0.1439531224610007,0.0,-0.45019943331621726,0.16336890545779895,232.99609999958193
5,1,44,"(137.5, 337.5, 5.675677129206918)",0.002373986567059511,0.0,-0.6851259554846416,0.02297086427852421,236.69949999748496
5,1,45,"(137.5, 337.5, 5.675677129206918)",0.19098332970654436,746.8062744140625,-0.2350056844547423,0.35170438241913743,120.76990000059595
5,1,46,"(112.5, 337.5, 4.834376816244601)",0.2568935652340755,0.0,-0.4676312821370436,0.5370782686862923,245.67150000075344
5,1,47,"(137.5, 337.5, 5.675677129206918)",0.06615040202934254,0.0,-0.7276218463316705,0.5174057974904942,232.58520000308636
5,1,48,"(137.5, 337.5, 5.675677129206918)",0.5049701938619681,743.048828125,-0.24708230476781434,0.8677272213158795,121.42989999847487
5,1,49,"(137.5, 362.5, 6.88289330546234)",0.3469422143731846,0.0,-0.47497733218605154,0.4233091615630592,238.13169999993988
5,1,50,"(137.5, 387.5, 8.184609533832969)",0.0015016295947164228,0.0,-0.6858748288367565,0.027668211325364723,227.97600000194507
5,1,51,"(137.5, 387.5, 8.184609533832969)",0.17624006183148974,756.3334350585938,-0.22141990111829465,0.24671248644797963,119.1536999976961
5,1,52,"(162.5, 387.5, 9.797797492156253)",0.26822337637969124,0.0,-0.4591164328672442,0.24453839223718268,237.86180000024615
5,1,53,"(187.5, 387.5, 11.364582883745452)",-2.2479798644781115e-07,0.0,-0.7503980969183175,0.00597182861954725,227.61659999741823
5,1,54,"(187.5, 387.5, 11.364582883745452)",0.02173214525123335,781.5147094726562,-0.294906985186305,0.02679585389507196,123.4958999993978
5,1,55,"(187.5, 412.5, 13.941569591049829)",0.034755933627183704,0.0,-0.5353081359882896,0.02312368657672487,226.4257999995607
5,1,56,"(187.5, 437.5, 16.502195647044346)",-6.585226704676948e-08,0.0,-0.7846531446212784,1.4557522766367841e-08,241.04929999884916
5,1,57,"(187.5, 437.5, 16.502195647044346)",0.0014034378515316252,817.1593017578125,-0.24938619370078366,0.001747680595530722,127.02400000125635
5,1,58,"(212.5, 437.5, 19.809611758762614)",3.844804941195388e-07,0.0,-0.4808551928029594,1.2190982071748168e-05,193.30559999798425
5,1,59,"(237.5, 437.5, 21.459341898515387)",7.432875766729315e-08,0.0,-1.6491956859894479,1.7769040101786198e-13,226.34109999853536
5,1,60,"(237.5, 437.5, 21.459341898515387)",0.0014555542286749724,856.8884887695312,-1.1683404932304366,0.0012346313125584773,126.75330000274698
5,1,61,"(237.5, 437.5, 21.459341898515387)",7.067226018458191e-07,0.0,-2.3366809864608746,3.873609352469972e-06,213.5530999985349
5,2,0,"(12.5, 12.5, 0.18196833376614466)",0.11494564157917884,362.0737609863281,-0.23354242399796143,2.7250448068869746,122.39240000053542
5,2,1,"(12.5, 37.5, 0.22749405581943968)",0.07241137086808822,0.0,-0.4577593100294286,2.609659806213052,227.26580000016838
5,2,2,"(12.5, 62.5, 0.28363914902845005)",0.009722928206130991,0.0,-0.6838470363336302,2.548436235789698,223.59769999820855
5,2,3,"(12.5, 62.5, 0.28363914902845005)",0.06407036598317242,547.7957763671875,-0.2277707556156199,2.57238700890073,120.11899999924935
5,2,4,"(37.5, 62.5, 0.31824704025207695)",0.08001429425169485,0.0,-0.4561700775161927,2.5125170697576866,228.00479999932577
5,2,5,"(62.5, 62.5, 0.35313588701570037)",0.010873953501376316,0.0,-0.6813591107688864,2.4190610649880386,229.39490000135265
5,2,6,"(62.5, 62.5, 0.35313588701570037)",0.0674801673656587,733.5809326171875,-0.22794899331245558,2.4720106625830565,118.57289999898057
5,2,7,"(62.5, 87.5, 0.4439050803778254)",0.08698284246597704,0.0,-0.45618844944288606,2.409508568574231,230.38569999698666
5,2,8,"(62.5, 112.5, 0.556583440432868)",0.012712890903151546,0.0,-0.6815104449645549,2.3254113297450254,227.04330000124173
5,2,9,"(62.5, 112.5, 0.556583440432868)",0.08393421872491799,735.0653686523438,-0.22827774699743653,2.4011465963596184,120.17800000103307
5,2,10,"(62.5, 137.5, 0.695764963091263)",0.11562276428057452,0.0,-0.46027592544228607,2.3719983617888754,230.7144000005792
5,2,11,"(87.5, 137.5, 0.7760333427861217)",0.016807751109216756,0.0,-0.6886266503805303,2.2904992628852057,225.2174000022933
5,2,12,"(87.5, 137.5, 0.7760333427861217)",0.1076924127241468,736.2791748046875,-0.2300518051253476,2.3406452246083846,119.09450000166544
5,2,13,"(112.5, 137.5, 0.8533265268579882)",0.1287951445370879,0.0,-0.4580122383456078,2.249888364543807,230.72329999922658
5,2,14,"(137.5, 137.5, 0.9239767104626037)",0.010581682125736834,0.0,-0.6828254347131323,2.1531727776059517,228.71760000271024
5,2,15,"(137.5, 137.5, 0.9239767104626037)",0.09231043843223848,736.8680419921875,-0.22816916234103268,2.200953827322884,122.05359999643406
5,2,16,"(162.5, 137.5, 0.9841255842166583)",0.11070192751191182,0.0,-0.4595992438081875,2.1458138740411026,229.3532999974559
5,2,17,"(187.5, 137.5, 1.0301064259405408)",0.0239220187067905,0.0,-0.693287362490957,2.078554253818343,228.8181000003533
5,2,18,"(187.5, 137.5, 1.0301064259405408)",0.1346562579788142,737.0067749023438,-0.23309806547820533,2.106915523864741,123.63259999983711
5,2,19,"(212.5, 137.5, 1.0588784061617271)",0.18793037478124117,0.0,-0.4627465031027941,1.9826527866115313,232.56129999936093
5,2,20,"(237.5, 137.5, 1.0684335817122816)",0.01284928619863695,0.0,-0.6832648069844993,1.7910533351561886,221.69510000094306
5,2,21,"(237.5, 137.5, 1.0684335817122816)",0.1244012045702973,737.0402221679688,-0.22764277947820116,1.903563768041099,121.96209999819985
5,2,22,"(262.5, 137.5, 1.058087161761929)",0.11581252410315647,0.0,-0.4565390226151981,1.8326478645788467,233.4749000001466
5,2,23,"(262.5, 162.5, 1.3575429670008718)",0.018529887000710978,0.0,-0.6861225130813924,1.7830268900069821,224.8302000007243
5,2,24,"(262.5, 162.5, 1.3575429670008718)",0.1375475066118423,737.1861572265625,-0.2302030322055098,1.8800126165507287,122.71440000040457
5,2,25,"(237.5, 162.5, 1.3718954582653125)",0.1543232033997795,0.0,-0.46203133656289536,1.8386144636648603,230.98299999765004
5,2,26,"(212.5, 162.5, 1.3586399298398657)",0.019125297665596376,0.0,-0.6912593290718715,1.7739857638657466,230.67280000032042
5,2,27,"(212.5, 162.5, 1.3586399298398657)",0.13748471582448163,737.1275024414062,-0.22931483037725803,1.914908959391445,123.84100000053877
5,2,28,"(237.5, 162.5, 1.3718954582653125)",0.17798588537722282,0.0,-0.4623416154758486,1.8795362495888772,230.33349999968777
5,2,29,"(262.5, 162.5, 1.3575429670008718)",0.018788968523349457,0.0,-0.690478654418796,1.7674321881325077,231.14829999758513
5,2,30,"(262.5, 162.5, 1.3575429670008718)",0.13988859774139656,737.1751098632812,-0.23063053325833494,1.8747872214908685,123.7570000012056
5,2,31,"(287.5, 162.5, 1.316711791097397)",0.1535502141221159,0.0,-0.46099152645739844,1.856913376554186,231.95409999971162
5,2,32,"(287.5, 187.5, 1.6846716355053617)",0.022163947423303094,0.0,-0.690977770879617,1.7991529840298508,227.4686999990081
5,2,33,"(287.5, 187.5, 1.6846716355053617)",0.16297629983436226,737.30517578125,-0.23076605860700639,1.9935434290700447,120.76430000161054
5,2,34,"(262.5, 187.5, 1.7415094379554124)",0.22927187559235498,0.0,-0.4672154415078908,1.9593220244093528,234.30050000024494
5,2,35,"(237.5, 187.5, 1.761548008038559)",0.03407960881789871,0.0,-0.7028611853767349,1.8548929287930647,239.08989999836194
5,2,36,"(237.5, 187.5, 1.761548008038559)",0.2023912598183946,737.275390625,-0.2361087759055346,1.99228415584359,117.84350000016275
5,2,37,"(212.5, 187.5, 1.743039893786265)",0.20918753349662736,0.0,-0.466526143478257,1.9550275094702512,246.62280000120518
5,2,38,"(187.5, 187.5, 1.6876002167496233)",0.02049286911884604,0.0,-0.6926892804394027,1.8704342444260271,251.81629999860888
5,2,39,"(187.5, 187.5, 1.6876002167496233)",0.14127531569583407,737.1654663085938,-0.22919115710328178,2.046997536835513,120.4872999987856
5,2,40,"(187.5, 212.5, 2.1581048160551872)",0.23972359151550515,0.0,-0.4661152377833949,2.0526442319040488,232.27050000059535
5,2,41,"(187.5, 237.5, 2.7574493337721258)",0.054975966612502085,0.0,-0.7163141022208769,1.9511489922705605,233.37650000030408
5,2,42,"(187.5, 237.5, 2.7574493337721258)",0.32104653019222473,737.4237670898438,-0.2489004840983697,2.1093890975886858,117.97110000043176
5,2,43,"(187.5, 262.5, 3.519235619237839)",0.6350880986192369,0.0,-0.5204877721474829,2.025149026858849,233.05940000136616
5,2,44,"(187.5, 287.5, 4.484402965683246)",0.1150603294372422,0.0,-0.7945735078903936,1.5772316694838475,229.02089999843156
5,2,45,"(187.5, 287.5, 4.484402965683246)",0.643789156250797,738.8915405273438,-0.2788687003005269,1.8657599560402889,121.76999999792315
5,2,46,"(187.5, 312.5, 5.701335627950545)",0.6184386218050885,0.0,-0.5271141251437043,1.4895513846239068,233.86739999841666
5,2,47,"(187.5, 337.5, 7.2238068944948735)",0.14865843454995448,0.0,-0.8373149859340362,0.991080108375626,227.4974000029033
5,2,48,"(187.5, 337.5, 7.2238068944948735)",0.8406285543278251,741.5264282226562,-0.2942298825196048,1.369065334172832,118.59539999932167
5,2,49,"(162.5, 337.5, 6.503826249283008)",0.5577183045623643,0.0,-0.5739966052716443,0.9611904420082235,228.26599999825703
5,2,50,"(162.5, 362.5, 8.044975170611863)",0.07268738249939963,0.0,-0.8332883778476677,0.5992156889813235,233.25649999969755
5,2,51,"(162.5, 362.5, 8.044975170611863)",0.6037863634198798,746.55810546875,-0.25760589928577166,0.9002337389994117,121.23829999836744
5,2,52,"(187.5, 362.5, 9.103110310900643)",0.853156307595874,0.0,-0.5494097340259949,0.8683632184404263,234.3469000006735
5,2,53,"(187.5, 387.5, 11.364582883745452)",-2.2479798644781115e-07,0.0,-0.8568564462274082,0.01875698106141649,261.0456000002159
5,2,54,"(187.5, 387.5, 11.364582883745452)",0.010059493937050589,781.5147094726562,-0.2949055092507316,0.011514184233628464,121.12379999962286
5,2,55,"(187.5, 412.5, 13.941569591049829)",0.0041682555089713105,0.0,-0.5352725368137576,0.011110406725857114,230.50039999725414
5,2,56,"(212.5, 412.5, 15.910281935579775)",0.02115676303704771,0.0,-0.9667675525926551,0.0339816020036229,281.1139000004914
5,2,57,"(212.5, 412.5, 15.910281935579775)",0.6822947511444357,777.3528442382812,-0.42554599597492276,0.528161560468413,177.1669000008842
5,2,58,"(212.5, 437.5, 19.809611758762614)",3.8452141557417214e-07,0.0,-0.6644318293423872,0.001391177173730391,223.36989999894286
5,2,59,"(237.5, 437.5, 21.459341898515387)",7.432875766729313e-08,0.0,-1.8327838319573844,1.999018074810478e-09,232.55799999969895
5,2,60,"(237.5, 437.5, 21.459341898515387)",6.56320278313152e-07,856.8884887695312,-1.1683404932304369,0.0012346269570172866,125.12860000060755
5,3,0,"(12.5, 12.5, 0.18196833376614466)",0.11692792039706532,362.0579528808594,-0.2335424239979614,2.725044765362134,124.3720000020403
5,3,1,"(37.5, 12.5, 0.20209293496961436)",0.06518663836408081,0.0,-0.4581096702523084,2.606584299522329,229.04729999936535
5,3,2,"(62.5, 12.5, 0.22209701748718602)",0.008906503518431384,0.0,-0.6849343827849882,2.539589990688279,225.630100001581
5,3,3,"(62.5, 12.5, 0.22209701748718602)",0.061005430847336235,547.7914428710938,-0.22856229502832875,2.560887486536776,128.61319999865373
5,3,4,"(62.5, 37.5, 0.2803162176055565)",0.07156104286888675,0.0,-0.4571576724406492,2.4990934479281948,241.7712999995274
5,3,5,"(87.5, 37.5, 0.305944805296555)",0.010411790261659254,0.0,-0.6827303443766028,2.408504918627384,231.5061000008427
5,3,6,"(87.5, 37.5, 0.305944805296555)",0.06261998899039806,732.4331665039062,-0.2286723787645298,2.4654225702410755,129.96729999940726
5,3,7,"(112.5, 37.5, 0.3298751691987006)",0.07449227795233666,0.0,-0.459314307065804,2.4060931380113453,231.29049999988638
5,3,8,"(137.5, 37.5, 0.35115528165535553)",0.012478555242218812,0.0,-0.6877218723902763,2.320409408711859,225.79249999762396
5,3,9,"(137.5, 37.5, 0.35115528165535553)",0.07000449690562865,733.014892578125,-0.23081451003911185,2.378949576228944,125.31260000105249
5,3,10,"(162.5, 37.5, 0.36885431762662557)",0.09504887609451763,0.0,-0.4624957259491595,2.312786972704021,231.81249999834108
5,3,11,"(187.5, 37.5, 0.3821384361587196)",0.012780098865422038,0.0,-0.6878483095099801,2.1886324511337563,224.68879999723868
5,3,12,"(187.5, 37.5, 0.3821384361587196)",0.0811429536947059,733.0841674804688,-0.22973414690951433,2.2694947753786874,122.89299999974901
5,3,13,"(187.5, 62.5, 0.48983624009848803)",0.11244307037870246,0.0,-0.4612235773334935,2.1906000730805086,230.75339999923017
5,3,14,"(212.5, 62.5, 0.5010030828558524)",0.011490782101970123,0.0,-0.6865961267636581,2.065769484793432,225.10809999948833
5,3,15,"(212.5, 62.5, 0.5010030828558524)",0.09103259595102771,735.2874145507812,-0.2295072103928084,2.1580711717368466,124.492700000701
5,3,16,"(212.5, 87.5, 0.6429935442951963)",0.13198147042994063,0.0,-0.45993028121197466,2.0654712917118445,233.7967999992543
5,3,17,"(212.5, 112.5, 0.8251710721949009)",0.016762947042794057,0.0,-0.6838893812796402,1.9174776422940638,223.21440000087023
5,3,18,"(212.5, 112.5, 0.8251710721949009)",0.1223241217097449,736.8215942382812,-0.22861893015187423,2.0189118203983414,120.96530000053463
5,3,19,"(212.5, 137.5, 1.0588784061617271)",0.15307225698798554,0.0,-0.4585916257319248,1.9307650945219967,235.86839999916265
5,3,20,"(237.5, 137.5, 1.0684335817122816)",0.015428895751626875,0.0,-0.6822109189470318,1.7948365270907227,224.15479999835952
5,3,21,"(237.5, 137.5, 1.0684335817122816)",0.12411746090704175,737.0265502929688,-0.2278323230711142,1.9085603978653713,122.60190000233706
5,3,22,"(262.5, 137.5, 1.058087161761929)",0.11935790943431522,0.0,-0.4567384324514804,1.8358073582944199,233.60659999889322
5,3,23,"(287.5, 137.5, 1.0285802416027139)",0.016324018438635436,0.0,-0.6839688905593466,1.7784747361920157,233.45309999785968
5,3,24,"(287.5, 137.5, 1.0285802416027139)",0.10615659620333781,737.0064086914062,-0.22743058158416662,1.894856775367299,123.73609999849577
5,3,25,"(287.5, 162.5, 1.316711791097397)",0.16671239068729266,0.0,-0.45925375559916626,1.8916479484414659,233.85219999909168
5,3,26,"(262.5, 162.5, 1.3575429670008718)",0.01930188635986541,0.0,-0.6878243453230458,1.7808163068555924,227.9300999980478
5,3,27,"(262.5, 162.5, 1.3575429670008718)",0.15227260935180686,737.1959228515625,-0.2303879475612104,1.9101086878521898,120.18520000128774
5,3,28,"(237.5, 162.5, 1.3718954582653125)",0.16136724603316407,0.0,-0.46194106712865723,1.8361752298500524,231.39999999693828
5,3,29,"(212.5, 162.5, 1.3586399298398657)",0.022461409370091476,0.0,-0.6911146228295837,1.7725545485466425,245.0120999965293
5,3,30,"(212.5, 162.5, 1.3586399298398657)",0.1353775814559867,737.1199340820312,-0.22930110868518705,1.9126836781994512,121.55429999984335
5,3,31,"(212.5, 187.5, 1.743039893786265)",0.19464878889997417,0.0,-0.46345767894387824,1.9573418841620212,230.00849999880302
5,3,32,"(212.5, 212.5, 2.2358312589572185)",0.033117930094388855,0.0,-0.6985370848490849,1.9079562241912673,226.78499999892665
5,3,33,"(212.5, 212.5, 2.2358312589572185)",0.21998677880241968,737.3355712890625,-0.2351338547904155,2.0909454909721807,121.89409999700729
5,3,34,"(212.5, 237.5, 2.8673241576271007)",0.3271376250667487,0.0,-0.47863532676898846,2.1161440954600264,231.118299998343
5,3,35,"(212.5, 262.5, 3.676099404721225)",0.09049471219380448,0.0,-0.7546377864196331,1.9575042200489652,234.6683999967354
5,3,36,"(212.5, 262.5, 3.676099404721225)",0.5102026537775791,738.121337890625,-0.26825212980357527,2.1240403111327435,118.80960000053165
5,3,37,"(212.5, 287.5, 4.711065216163657)",0.7028432603461747,0.0,-0.5259411045376616,1.7994041174705293,228.07269999975688
5,3,38,"(212.5, 312.5, 6.0337808765239185)",0.056151231130003185,0.0,-0.7638713315459991,1.1732368444621333,229.63420000087353
5,3,39,"(212.5, 312.5, 6.0337808765239185)",0.5428191822038015,742.4510498046875,-0.24722785259085417,1.4334361185213491,121.04270000054385
5,3,40,"(212.5, 337.5, 7.7206787211523045)",0.667565272011073,0.0,-0.5104848948148034,1.0981970595746773,230.35190000155126
5,3,41,"(212.5, 362.5, 9.863883753989105)",0.024532559017338158,0.0,-0.7387620805198999,0.2820827397228176,229.47049999856972
5,3,42,"(212.5, 362.5, 9.863883753989105)",0.2538997463593089,764.2525634765625,-0.23229013108429047,0.33132243005572803,123.85649999851012
5,3,43,"(212.5, 387.5, 12.56601886791643)",0.09769971327271237,0.0,-0.45485437355886604,0.08233344958725235,218.8365000001795
5,3,44,"(212.5, 412.5, 15.910281935579775)",0.021156683564187463,0.0,-0.8197449696653167,0.035647670098545775,235.70719999770517
5,3,45,"(212.5, 412.5, 15.910281935579775)",0.3900447180319813,777.7897338867188,-0.3667315140260736,0.3049244099288373,121.24870000116061
5,3,46,"(212.5, 437.5, 19.809611758762614)",0.002070533560628704,0.0,-0.664279435170996,0.007160408162207926,230.91049999857205
5,3,47,"(237.5, 437.5, 21.459341898515387)",7.432875766729313e-08,0.0,-1.8327838320020462,3.0465956266708127e-09,233.33959999945364
5,3,48,"(237.5, 437.5, 21.459341898515387)",0.0003698887992586596,856.8884887695312,-1.1683404932304369,0.0012346261700709872,126.06760000198847
5,4,0,"(12.5, 12.5, 0.18196833376614466)",0.11552422612597658,362.0548095703125,-0.23354242399796146,2.7250447606118406,125.05679999958375
5,4,1,"(12.5, 37.5, 0.22749405581943968)",0.07178337527468642,0.0,-0.4577593100294286,2.609659806213052,228.644599999825
5,4,2,"(37.5, 37.5, 0.2538960140809293)",0.010799388090764734,0.0,-0.684691527873799,2.546882837371179,224.94229999938398
5,4,3,"(37.5, 37.5, 0.2538960140809293)",0.061491302847682144,729.21533203125,-0.22848167036603234,2.567184203061531,123.51599999965401
5,4,4,"(62.5, 37.5, 0.2803162176055565)",0.076109697722866,0.0,-0.45700203145694646,2.5024005462250734,230.3700000011304
5,4,5,"(87.5, 37.5, 0.305944805296555)",0.011303475747489581,0.0,-0.6822214336855856,2.406039303435499,224.82559999843943
5,4,6,"(87.5, 37.5, 0.305944805296555)",0.06467244314177713,732.446044921875,-0.228614339250059,2.4647769014765735,122.96580000111135
5,4,7,"(87.5, 62.5, 0.3872155041735832)",0.08434894330897916,0.0,-0.4576656184204433,2.401785557850062,230.00780000074883
5,4,8,"(87.5, 87.5, 0.48924148841142295)",0.012430233259976118,0.0,-0.682204841252099,2.303819895678517,226.46499999973457
5,4,9,"(87.5, 87.5, 0.48924148841142295)",0.0778841776657921,735.66162109375,-0.22752677910368177,2.371309804344532,120.95419999968726
5,4,10,"(87.5, 112.5, 0.6169091202045394)",0.09859300376561289,0.0,-0.4556276250107498,2.3088368406197373,233.33700000148383
5,4,11,"(112.5, 112.5, 0.6744671801974309)",0.011561660716926773,0.0,-0.6808733412208394,2.218623846198674,224.51189999992494
5,4,12,"(112.5, 112.5, 0.6744671801974309)",0.08561049009348712,736.511962890625,-0.2275234739107476,2.2804121414101512,124.89469999854919
5,4,13,"(137.5, 112.5, 0.7266429460361654)",0.1058865800031459,0.0,-0.45669800275696637,2.2072718398372673,233.98749999978463
5,4,14,"(162.5, 112.5, 0.7707480035341532)",0.01658436531821036,0.0,-0.6872354551842064,2.133713925573607,232.4877999999444
5,4,15,"(162.5, 112.5, 0.7707480035341532)",0.10354137967634497,736.7709350585938,-0.23134387064729584,2.1843380263677834,122.6792999987083
5,4,16,"(187.5, 112.5, 0.8042742873749242)",0.14901302365753727,0.0,-0.4628934934908204,2.0940165103281583,237.32039999958943
5,4,17,"(212.5, 112.5, 0.8251710721949009)",0.021072919170038767,0.0,-0.6861975934157453,1.9182455851913869,226.33440000208793
5,4,18,"(212.5, 112.5, 0.8251710721949009)",0.12209707517027732,736.8328247070312,-0.228467778054047,2.0190582007084146,122.98190000001341
5,4,19,"(237.5, 112.5, 0.8320971275868169)",0.12766101817344175,0.0,-0.4561896825629849,1.9123828300389634,235.7754999975441
5,4,20,"(262.5, 112.5, 0.8245972333394317)",0.011866940806308086,0.0,-0.6802972262422734,1.8112475830765549,223.53819999989355
5,4,21,"(262.5, 112.5, 0.8245972333394317)",0.09581791173424753,736.7811279296875,-0.22680778481330005,1.9265467918339205,121.29619999905117
5,4,22,"(262.5, 137.5, 1.058087161761929)",0.1274605667868872,0.0,-0.45566094489412723,1.8612493843334705,235.92830000052345
5,4,23,"(262.5, 162.5, 1.3575429670008718)",0.02047506471473469,0.0,-0.6842018435981023,1.7884332158972425,235.00419999982114
5,4,24,"(262.5, 162.5, 1.3575429670008718)",0.1387513098042599,737.1867065429688,-0.2302244305330858,1.887315173626538,122.08580000151414
5,4,25,"(237.5, 162.5, 1.3718954582653125)",0.15224912745250752,0.0,-0.4620231935158947,1.8376151769460543,235.07700000118348
5,4,26,"(212.5, 162.5, 1.3586399298398657)",0.020188485582663142,0.0,-0.6912294267995687,1.7735822112508512,236.34379999930388
5,4,27,"(212.5, 162.5, 1.3586399298398657)",0.13079432424121284,737.1429443359375,-0.22930437846726412,1.9140919751713037,122.38640000214218
5,4,28,"(237.5, 162.5, 1.3718954582653125)",0.18750172041331756,0.0,-0.46232549068129997,1.8793180876837259,232.80099999828963
5,4,29,"(262.5, 162.5, 1.3575429670008718)",0.021926636497165055,0.0,-0.6904776670639127,1.7674150520815526,235.48740000114776
5,4,30,"(262.5, 162.5, 1.3575429670008718)",0.1397414324148042,737.1966552734375,-0.23063044181159023,1.8747853607700786,122.14309999762918
5,4,31,"(287.5, 162.5, 1.316711791097397)",0.15630741699613904,0.0,-0.4609915539702413,1.8569143055582877,232.891000003292
5,4,32,"(262.5, 162.5, 1.3575429670008718)",0.016813988486943127,0.0,-0.6902919636717373,1.7764837935477495,228.45320000124048
5,4,33,"(262.5, 162.5, 1.3575429670008718)",0.15104766544517925,737.190185546875,-0.23033810550580663,1.9089367059542894,122.13410000185831
5,4,34,"(237.5, 162.5, 1.3718954582653125)",0.1577729615668011,0.0,-0.4620409466698941,1.8390168131470728,234.33339999974123
5,4,35,"(212.5, 162.5, 1.3586399298398657)",0.017775133252157294,0.0,-0.6911733076320209,1.7733364116477899,236.51949999839417
5,4,36,"(212.5, 162.5, 1.3586399298398657)",0.13578159611461413,737.1362915039062,-0.22931730666432443,1.913726640890651,122.22779999865452
5,4,37,"(237.5, 162.5, 1.3718954582653125)",0.19558052155884437,0.0,-0.4623267906848212,1.879269548339328,235.8754000015324
5,4,38,"(262.5, 162.5, 1.3575429670008718)",0.019545550147696388,0.0,-0.6904784550708639,1.7674214767370997,235.87640000187093
5,4,39,"(262.5, 162.5, 1.3575429670008718)",0.1420198796867824,737.1709594726562,-0.2306301592092745,1.8747867775101204,118.49520000032499
5,4,40,"(287.5, 162.5, 1.316711791097397)",0.14853448527301727,0.0,-0.4609916547118188,1.8569168627626966,232.08679999879678
5,4,41,"(262.5, 162.5, 1.3575429670008718)",0.018752490480741093,0.0,-0.6902920480563642,1.7764843030754895,225.5780000014056
5,4,42,"(262.5, 162.5, 1.3575429670008718)",0.15265433143650686,737.18408203125,-0.23033810860325532,1.90893692692249,118.26070000097388
5,4,43,"(237.5, 162.5, 1.3718954582653125)",0.15823010456254474,0.0,-0.46204093811771774,1.8390168281153547,229.49419999713427
5,4,44,"(212.5, 162.5, 1.3586399298398657)",0.01757661004863315,0.0,-0.6911733071187228,1.7733363867840166,245.6884999992326
5,4,45,"(212.5, 162.5, 1.3586399298398657)",0.13355134655084974,737.1416625976562,-0.22931730932035052,1.913726703694985,122.36729999858653
5,4,46,"(212.5, 187.5, 1.743039893786265)",0.18834791687737668,0.0,-0.4634777316774953,1.9576675618171893,232.15909999998985
5,4,47,"(237.5, 187.5, 1.761548008038559)",0.02822706848382723,0.0,-0.6963823333900787,1.8652321098918327,226.58600000067963
5,4,48,"(237.5, 187.5, 1.761548008038559)",0.19483072086985478,737.3137817382812,-0.2336247976088588,1.9985587592071816,125.68960000135121
5,4,49,"(262.5, 187.5, 1.7415094379554124)",0.22974566312441802,0.0,-0.47273493967310776,1.961423263972579,236.68969999926048
5,4,50,"(287.5, 187.5, 1.6846716355053617)",0.023533582687407423,0.0,-0.7033299322730463,1.859023050579254,241.98059999980615
5,4,51,"(287.5, 187.5, 1.6846716355053617)",0.1712899107189122,737.2146606445312,-0.23078672245819964,1.9826048227121522,123.33429999853252
5,4,52,"(312.5, 187.5, 1.5958170587390115)",0.15115978843585653,0.0,-0.4615155095899146,1.991562980954154,236.33909999989555
5,4,53,"(312.5, 212.5, 2.0303276744152)",0.03132859865824068,0.0,-0.6976349599029098,1.9649673981539573,228.45579999921029
5,4,54,"(312.5, 212.5, 2.0303276744152)",0.19934133295984405,737.2942504882812,-0.23403337397407262,2.079331683343591,125.17049999951269
5,4,55,"(312.5, 237.5, 2.5784026504198194)",0.33985824217569316,0.0,-0.4801319009720077,2.0699784387049736,234.351200000674
5,4,56,"(312.5, 262.5, 3.266470567666104)",0.08097728093463225,0.0,-0.7502028713913703,1.887824102723126,228.52810000040336
5,4,57,"(312.5, 262.5, 3.266470567666104)",0.45262766753764055,737.5134887695312,-0.2654789171121169,2.0574795870609783,125.42570000005071
5,4,58,"(312.5, 287.5, 4.124508633098295)",0.6878985400562498,0.0,-0.5282514738736576,1.8086730939295188,234.55679999824497
5,4,59,"(312.5, 312.5, 5.183930710700896)",0.0986432234446617,0.0,-0.8014644945551986,1.1802983426162406,224.7611999991932
5,4,60,"(312.5, 312.5, 5.183930710700896)",0.6227870046548283,739.4891967773438,-0.2685242876030591,1.547908737921815,122.23810000068625
5,4,61,"(287.5, 312.5, 5.684209381380459)",0.6923486764374799,0.0,-0.5171585760536638,1.7555835817789012,228.81000000052154
5,4,62,"(262.5, 312.5, 6.024387455566984)",0.057946920394869296,0.0,-0.7219218214150097,1.0664271411859134,226.2789000014891
5,4,63,"(262.5, 312.5, 6.024387455566984)",0.5074513847947197,740.1519165039062,-0.2373866510547386,1.3846379628625853,120.67860000024666
5,4,64,"(262.5, 337.5, 7.706480720276972)",0.4380695750778773,0.0,-0.47920168164144084,0.5844957163515536,220.05519999947865
5,4,65,"(262.5, 362.5, 9.841761282285685)",0.004744451493024624,0.0,-0.7729223961674044,0.05635681386884327,226.34779999862076
5,4,66,"(262.5, 362.5, 9.841761282285685)",0.40813373982346013,751.0578002929688,-0.3047818632274927,0.5326417148755869,173.532000000705
5,4,67,"(237.5, 362.5, 10.136936791802604)",0.5675342620508336,0.0,-0.48265227159024543,0.7062937087586301,217.37819999907515
5,4,68,"(212.5, 362.5, 9.863883753989105)",0.008384468033926552,0.0,-0.7135909094950782,0.07963842842432578,244.682799999282
5,4,69,"(212.5, 362.5, 9.863883753989105)",0.5041919142156759,750.4447021484375,-0.25192804800269625,0.6355594111369289,122.66230000022915
5,5,0,"(12.5, 12.5, 0.18196833376614466)",0.1198247458352132,362.05023193359375,-0.23354242399796143,2.7250447764384917,124.07729999904404
5,5,1,"(37.5, 12.5, 0.20209293496961436)",0.0718538504773311,0.0,-0.45810967025230837,2.606584299522328,226.6375999970478
5,5,2,"(37.5, 37.5, 0.2538960140809293)",0.008378724257165411,0.0,-0.6848841326520054,2.543932416174951,229.3485000009241
5,5,3,"(37.5, 37.5, 0.2538960140809293)",0.05849001485252622,729.2091674804688,-0.2284100890707934,2.5660802633413673,120.95029999909457
5,5,4,"(37.5, 62.5, 0.31824704025207695)",0.0758676840749955,0.0,-0.4565747787931139,2.507618756230156,231.4130999984627
5,5,5,"(37.5, 87.5, 0.39785095890575445)",0.00988353416324233,0.0,-0.6809452615515995,2.4209508397812876,228.92290000163484
5,5,6,"(37.5, 87.5, 0.39785095890575445)",0.07138810781546624,732.4390258789062,-0.2276191736839873,2.483574141266006,121.95150000115973
5,5,7,"(37.5, 112.5, 0.49583347937863365)",0.08897183390500224,0.0,-0.4569628112304718,2.4406838080890987,239.69519999809563
5,5,8,"(37.5, 137.5, 0.6157193847862111)",0.014830475052196052,0.0,-0.6854106708250604,2.390358344601668,232.96380000101635
5,5,9,"(37.5, 137.5, 0.6157193847862111)",0.08736665172202687,733.0084838867188,-0.23012836880466353,2.443591630285148,121.8217999994522
5,5,10,"(62.5, 137.5, 0.695764963091263)",0.13062042827940978,0.0,-0.46253644522899806,2.4037268829975935,231.87609999877168
5,5,11,"(87.5, 137.5, 0.7760333427861217)",0.018968379745889993,0.0,-0.6911687379689196,2.3160738520264323,231.15909999978612
5,5,12,"(87.5, 137.5, 0.7760333427861217)",0.1124325946395374,736.2758178710938,-0.23044688055139026,2.3464775608965387,123.53129999974044
5,5,13,"(112.5, 137.5, 0.8533265268579882)",0.12247233879746566,0.0,-0.4581026894116386,2.250858330668204,229.6961000029114
5,5,14,"(137.5, 137.5, 0.9239767104626037)",0.010794272025430292,0.0,-0.6828254058639517,2.153192371533795,229.2524999975285
5,5,15,"(137.5, 137.5, 0.9239767104626037)",0.09298283250403161,736.8405151367188,-0.22816984477430222,2.2009551033408488,119.01230000148644
5,5,16,"(162.5, 137.5, 0.9841255842166583)",0.1121780178298436,0.0,-0.45959948655274235,2.145811087385528,233.4880999987945
5,5,17,"(187.5, 137.5, 1.0301064259405408)",0.02575800071158673,0.0,-0.6932874357588701,2.0785551260957944,230.2863000004436
5,5,18,"(187.5, 137.5, 1.0301064259405408)",0.1328899389373573,737.021484375,-0.23309806697783264,2.106913903102856,120.30610000147135
5,5,19,"(212.5, 137.5, 1.0588784061617271)",0.18229067096792978,0.0,-0.4627464423602702,1.9826519017828235,235.3441000013845
5,5,20,"(237.5, 137.5, 1.0684335817122816)",0.0156010339657543,0.0,-0.6832647604965838,1.7910531097141156,228.71669999949518
5,5,21,"(237.5, 137.5, 1.0684335817122816)",0.12604828353595107,737.0260009765625,-0.22764277620347387,1.9035636120593442,120.38610000308836
5,5,22,"(262.5, 137.5, 1.058087161761929)",0.10722594606683122,0.0,-0.4565390288943776,1.8326477958769634,237.51749999792082
5,5,23,"(287.5, 137.5, 1.0285802416027139)",0.015357946356130933,0.0,-0.6839010286400169,1.777832594350987,232.49680000299122
5,5,24,"(287.5, 137.5, 1.0285802416027139)",0.10728721505740846,736.9781494140625,-0.2274246726327376,1.8942548950888138,121.40110000109416
5,5,25,"(287.5, 162.5, 1.316711791097397)",0.16166437591303526,0.0,-0.4592363163189497,1.8914266824951758,235.4273999990255
5,5,26,"(262.5, 162.5, 1.3575429670008718)",0.02221035460629269,0.0,-0.6878209504699329,1.7807844633542729,221.72199999840814
5,5,27,"(262.5, 162.5, 1.3575429670008718)",0.15492853938219922,737.1920166015625,-0.23038761735344265,1.9101003616705676,120.54630000056932
5,5,28,"(237.5, 162.5, 1.3718954582653125)",0.16126646020577756,0.0,-0.4619409788533303,1.836174584608802,232.27129999941099
5,5,29,"(212.5, 162.5, 1.3586399298398657)",0.020562802751849286,0.0,-0.6911146160316745,1.772554467843222,235.29929999858723
5,5,30,"(212.5, 162.5, 1.3586399298398657)",0.13653009796340435,737.1505126953125,-0.22930111180973764,1.9126837749962584,125.48600000081933
5,5,31,"(237.5, 162.5, 1.3718954582653125)",0.18315889044478958,0.0,-0.462304228624887,1.8789775329546938,239.54030000095372
5,5,32,"(262.5, 162.5, 1.3575429670008718)",0.021589115262025765,0.0,-0.6904768347371877,1.767394923119179,235.5067999997118
5,5,33,"(262.5, 162.5, 1.3575429670008718)",0.13783026941285273,737.1647338867188,-0.23062999805629517,1.8747822007618902,123.78320000061649
5,5,34,"(287.5, 162.5, 1.316711791097397)",0.15493103242724987,0.0,-0.4609916418798764,1.8569169405895503,230.95980000289273
5,5,35,"(262.5, 162.5, 1.3575429670008718)",0.021867906053846007,0.0,-0.6902920460484208,1.7764842859795498,225.23059999730322
5,5,36,"(262.5, 162.5, 1.3575429670008718)",0.15081014263382886,737.1718139648438,-0.23033811184707112,1.9089368902528625,122.54029999894556
5,5,37,"(237.5, 162.5, 1.3718954582653125)",0.15735237934633886,0.0,-0.4620409346087767,1.839016789829939,234.72050000054878
5,5,38,"(212.5, 162.5, 1.3586399298398657)",0.01966674625873373,0.0,-0.6911733067195788,1.773336381779782,235.10289999831002
5,5,39,"(212.5, 162.5, 1.3586399298398657)",0.13242635352079693,737.1495361328125,-0.22931730875339243,1.913726714760619,119.38450000161538
5,5,40,"(237.5, 162.5, 1.3718954582653125)",0.17277425471206465,0.0,-0.4623267819291943,1.8792695349273576,238.22460000155843
5,5,41,"(262.5, 162.5, 1.3575429670008718)",0.01968566079934885,0.0,-0.6904784550708573,1.7674214767370233,232.57999999987078
5,5,42,"(262.5, 162.5, 1.3575429670008718)",0.13856069308781765,737.1461791992188,-0.23063015920927082,1.8747867747898135,117.99570000221138
5,5,43,"(287.5, 162.5, 1.316711791097397)",0.1557974075878689,0.0,-0.4609916547118188,1.8569168627626966,237.3485999996774
5,5,44,"(312.5, 162.5, 1.25251589677834)",0.015611403932184886,0.0,-0.6880348730775196,1.794728923824658,231.73510000196984
5,5,45,"(312.5, 162.5, 1.25251589677834)",0.11459106949338495,737.0625610351562,-0.22881754829248654,2.001833248246898,118.40480000319076
5,5,46,"(287.5, 162.5, 1.316711791097397)",0.19626357522364793,0.0,-0.4638648089837211,1.9794604195422294,233.1069000028947
5,5,47,"(262.5, 162.5, 1.3575429670008718)",0.02097256481651258,0.0,-0.6910328189221692,1.814886181012953,225.92209999857005
5,5,48,"(262.5, 162.5, 1.3575429670008718)",0.16128043597079803,737.1973876953125,-0.23066174510182902,1.910781651959342,122.50520000088727
5,5,49,"(237.5, 162.5, 1.3718954582653125)",0.1566188691273106,0.0,-0.4617720419157061,1.8331653462051989,230.1012999996601
5,5,50,"(212.5, 162.5, 1.3586399298398657)",0.019683673977842722,0.0,-0.6910328247813944,1.771772333659078,238.1107000001066
5,5,51,"(212.5, 162.5, 1.3586399298398657)",0.13087282789259755,737.1624755859375,-0.2293010718009833,1.9119656074279978,119.70889999793144
5,5,52,"(237.5, 162.5, 1.3718954582653125)",0.1767599837512094,0.0,-0.46229349248560136,1.8788008779714656,232.31500000110827
5,5,53,"(262.5, 162.5, 1.3575429670008718)",0.0194603552420923,0.0,-0.6904763158003341,1.7673831410763012,240.27810000188765
5,5,54,"(262.5, 162.5, 1.3575429670008718)",0.1386158555940999,737.197021484375,-0.23062968515974633,1.8747780365572912,122.18270000084885
5,5,55,"(287.5, 162.5, 1.316711791097397)",0.15327232714889238,0.0,-0.46099158864545425,1.856916818099255,231.41069999837782
5,5,56,"(287.5, 187.5, 1.6846716355053617)",0.025444746017430894,0.0,-0.6909778927868758,1.7991543177985438,228.62140000142972
5,5,57,"(287.5, 187.5, 1.6846716355053617)",0.16176995564636026,737.2608642578125,-0.2307660581466226,1.9935440141838643,121.94000000090455
5,5,58,"(262.5, 187.5, 1.7415094379554124)",0.2207796864285784,0.0,-0.46721542870124516,1.9593220802294096,231.74659999858704
5,5,59,"(237.5, 187.5, 1.761548008038559)",0.03222375859818452,0.0,-0.7028611832486377,1.8548928377238103,244.32240000169259
5,5,60,"(237.5, 187.5, 1.761548008038559)",0.20211927208548697,737.2725219726562,-0.23610878270179686,1.9922841300641534,121.25969999760855
5,5,61,"(212.5, 187.5, 1.743039893786265)",0.20184488111983767,0.0,-0.46652614347825694,1.9550275094702512,232.55510000308277
5,5,62,"(187.5, 187.5, 1.6876002167496233)",0.015770114958301048,0.0,-0.6926892804394027,1.8704342444260271,244.62409999978263
5,5,63,"(187.5, 187.5, 1.6876002167496233)",0.14154456824508196,737.1760864257812,-0.2291911571032818,2.0469975386089376,120.38719999691239
5,5,64,"(187.5, 212.5, 2.1581048160551872)",0.23290050672525794,0.0,-0.4661152377833948,2.0526442319040483,232.3249000000942
5,5,65,"(187.5, 237.5, 2.7574493337721258)",0.04980895916622988,0.0,-0.7163141022208769,1.95114899227056,231.51030000008177
5,5,66,"(187.5, 237.5, 2.7574493337721258)",0.32592827795737195,737.4176635742188,-0.24890048409836973,2.1093890607275885,120.19779999900493
5,5,67,"(187.5, 262.5, 3.519235619237839)",0.6407116566857968,0.0,-0.520487772147483,2.025149026858849,227.20749999643886
5,5,68,"(187.5, 287.5, 4.484402965683246)",0.11695194244383399,0.0,-0.7945735078903938,1.5772316694838475,226.73460000078194
5,5,69,"(187.5, 287.5, 4.484402965683246)",0.6452327522480683,738.9721069335938,-0.2788687003005269,1.8657599742676434,118.77159999858122
5,6,0,"(12.5, 12.5, 0.18196833376614466)",0.11317732828243837,362.05914306640625,-0.2335424239979614,2.7250447692666637,125.37560000055237
5,6,1,"(37.5, 12.5, 0.20209293496961436)",0.06944049657227752,0.0,-0.45810967025230853,2.606584299522329,225.64500000225962
5,6,2,"(62.5, 12.5, 0.22209701748718602)",0.009816070397683492,0.0,-0.6849343827849881,2.5395899906882784,226.83369999867864
5,6,3,"(62.5, 12.5, 0.22209701748718602)",0.05963943159721863,547.7889404296875,-0.22856229502832873,2.56088751475175,118.38469999929657
5,6,4,"(87.5, 12.5, 0.24138074672889942)",0.06858708463788858,0.0,-0.45732951745201034,2.4959720318293726,230.88710000229185
5,6,5,"(87.5, 37.5, 0.305944805296555)",0.009596239775420581,0.0,-0.6836082729088457,2.4136538571460773,226.35509999963688
5,6,6,"(87.5, 37.5, 0.305944805296555)",0.06317010808840946,732.4471435546875,-0.22881096654873165,2.4658583532868015,121.13899999894784
5,6,7,"(87.5, 62.5, 0.3872155041735832)",0.0809073727936599,0.0,-0.4577420041420979,2.4022849043310055,235.86429999704706
5,6,8,"(87.5, 87.5, 0.48924148841142295)",0.0108031059304809,0.0,-0.6822063937486144,2.303872409131568,223.42050000224845
5,6,9,"(87.5, 87.5, 0.48924148841142295)",0.07619098998610359,735.6773071289062,-0.22752689071327617,2.3712639205075345,120.21180000010645
5,6,10,"(87.5, 112.5, 0.6169091202045394)",0.0938449090792799,0.0,-0.45562602265946156,2.3088147376311308,229.07949999716948
5,6,11,"(112.5, 112.5, 0.6744671801974309)",0.012077677994966245,0.0,-0.6808731178190268,2.21862219968618,222.12740000031772
5,6,12,"(112.5, 112.5, 0.6744671801974309)",0.08441751852692633,736.5152587890625,-0.2275234584097887,2.280411148476974,123.30909999946016
5,6,13,"(112.5, 137.5, 0.8533265268579882)",0.10008376647848025,0.0,-0.4555095178607554,2.219467670130553,231.62819999924977
5,6,14,"(112.5, 162.5, 1.0772911766684767)",0.018670686831078982,0.0,-0.6846920687816256,2.158276542677819,224.0233000011358
5,6,15,"(112.5, 162.5, 1.0772911766684767)",0.1225576460281847,736.7859497070312,-0.23070740586250205,2.238434454422368,121.19130000064615
5,6,16,"(112.5, 187.5, 1.356447175660002)",0.2237667705819516,0.0,-0.47172042075345566,2.2355358745451492,231.56510000262642
5,6,17,"(112.5, 212.5, 1.7023465120987893)",0.049975608785938486,0.0,-0.7209556576785542,2.17767087739365,224.31430000142427
5,6,18,"(112.5, 212.5, 1.7023465120987893)",0.2650467235755802,736.97607421875,-0.24721420053645693,2.2710981029207358,123.02899999849615
5,6,19,"(112.5, 237.5, 2.1276559796850996)",0.41509120621554263,0.0,-0.4970022648696926,2.1652667243791766,232.3980000001029
5,6,20,"(112.5, 262.5, 2.645266895480795)",0.04387511312965304,0.0,-0.7251680306335809,1.7939986398386998,226.4166999993904
5,6,21,"(112.5, 262.5, 2.645266895480795)",0.28658022605078576,737.6571655273438,-0.23533051953796646,1.9674756714736046,119.9529999976221
5,6,22,"(112.5, 287.5, 3.266470567666104)",0.3658244756672438,0.0,-0.48434638352810955,1.7747265453256997,228.9452999975765
5,6,23,"(112.5, 312.5, 3.997603125569143)",0.0823425998290738,0.0,-0.7448774638260641,1.2390595758445508,228.29039999851375
5,6,24,"(112.5, 312.5, 3.997603125569143)",0.41857611824615804,739.938232421875,-0.2469235772868621,1.2802666668764178,120.94169999909354
5,6,25,"(112.5, 337.5, 4.834376816244601)",0.38541301561040875,0.0,-0.4632331689758341,0.6399053573688889,234.43110000152956
5,6,26,"(112.5, 362.5, 5.753213768936505)",0.010510817170126368,0.0,-0.681054636454452,0.13020611849501254,225.83819999999832
5,6,27,"(112.5, 362.5, 5.753213768936505)",0.24396009920626005,744.935546875,-0.22339392567587832,0.5182322871375424,118.9172000013059
5,6,28,"(112.5, 387.5, 6.700045574866817)",0.15975173895253225,0.0,-0.44562136807204095,0.2967361386297225,234.41169999932754
5,6,29,"(137.5, 387.5, 8.184609533832969)",0.015630950530369007,0.0,-0.6763674055565423,0.20547689274291722,224.91850000005797
5,6,30,"(137.5, 387.5, 8.184609533832969)",0.35219718892067736,750.5308837890625,-0.22804456666546527,0.6847676679451036,117.65310000191675
5,6,31,"(137.5, 362.5, 6.88289330546234)",0.2612123973718604,0.0,-0.4511336891068163,0.24838901293179408,231.40039999998407
5,6,32,"(137.5, 337.5, 5.675677129206918)",0.005223327005892112,0.0,-0.6852310928087586,0.02406566607347504,228.5119999978633
5,6,33,"(137.5, 337.5, 5.675677129206918)",0.18284295887289426,746.8817749023438,-0.23502484051813347,0.35394712003082945,121.14219999784837
5,6,34,"(137.5, 312.5, 4.617102976724376)",0.28486580411298273,0.0,-0.47840928172702674,0.5335996730172036,248.44230000235257
5,6,35,"(137.5, 337.5, 5.675677129206918)",0.05725953479606723,0.0,-0.7321433501208061,0.36133477851321844,223.17349999866565
5,6,36,"(137.5, 337.5, 5.675677129206918)",0.47134287788312307,743.826416015625,-0.2433283007953652,0.8438709319422352,119.87760000192793
5,6,37,"(137.5, 362.5, 6.88289330546234)",0.2885196002696015,0.0,-0.46917661035904096,0.34217606330475153,233.71799999949872
5,6,38,"(137.5, 387.5, 8.184609533832969)",0.00712187091508769,0.0,-0.6857259839767531,0.02580687895092707,227.72009999971488
5,6,39,"(137.5, 387.5, 8.184609533832969)",0.17308126838686141,755.9823608398438,-0.2214314074561966,0.2472071633826885,123.44170000142185
5,6,40,"(162.5, 387.5, 9.797797492156253)",0.27812610848115216,0.0,-0.4591142302844903,0.24446077080303696,238.51680000007036
5,6,41,"(187.5, 387.5, 11.364582883745452)",-2.2479798644781113e-07,0.0,-0.750397424533787,0.005956616229726903,228.9811999980884
5,6,42,"(187.5, 387.5, 11.364582883745452)",0.0261438749187552,781.5186767578125,-0.2949069834738199,0.02679058819510027,122.07090000083554
5,6,43,"(187.5, 387.5, 11.364582883745452)",0.003323794211989743,0.0,-0.5898117977652703,0.0021318314816795715,201.23420000163605
5,6,44,"(212.5, 387.5, 12.56601886791643)",0.007901763543433062,0.0,-1.0643704356393788,0.0060825537298603485,240.28159999943455
5,6,45,"(212.5, 387.5, 12.56601886791643)",0.5331149316307765,769.0656127929688,-0.43567143143042747,0.5235685584640688,170.93169999861857
5,6,46,"(237.5, 387.5, 13.016039592385813)",0.6159461712356264,0.0,-0.6873709622080794,0.5707223508562745,223.3195999979216
5,6,47,"(237.5, 362.5, 10.136936791802604)",0.20249611139297047,0.0,-1.205846022199499,0.5326360708974299,239.24149999947986
5,6,48,"(237.5, 362.5, 10.136936791802604)",0.6642338959490612,753.2718505859375,-0.38390419690147803,0.6394084681975631,126.2070999982825
5,6,49,"(212.5, 362.5, 9.863883753989105)",0.6004594594588408,0.0,-0.5769895092381413,0.6744069971842429,218.270899997151
5,6,50,"(212.5, 387.5, 12.56601886791643)",0.004093105904755131,0.0,-0.8183656575729217,0.01724226768043996,271.4053000017884
5,6,51,"(212.5, 387.5, 12.56601886791643)",0.12060289169040372,778.3807373046875,-0.22287380256092612,0.12445153816009767,123.048799996468
5,6,52,"(237.5, 387.5, 13.016039592385813)",0.6277384854676855,0.0,-0.7250152412031934,0.5204011557648214,231.67689999900176
5,6,53,"(237.5, 362.5, 10.136936791802604)",0.20162103573479784,0.0,-1.1819665266440382,0.5335061961585109,240.11499999687658
5,6,54,"(237.5, 362.5, 10.136936791802604)",0.6488697712763498,753.9917602539062,-0.38228785253453745,0.6234864016125661,125.03209999704268
5,6,55,"(212.5, 362.5, 9.863883753989105)",0.5998014564644276,0.0,-0.5772653240753677,0.6708791723208347,216.18300000045565
5,6,56,"(212.5, 387.5, 12.56601886791643)",0.004093105904760007,0.0,-0.8183600622148278,0.017166079332056366,269.1459000016039
5,6,57,"(212.5, 387.5, 12.56601886791643)",0.12151131476898687,778.3132934570312,-0.2228731435276617,0.12437751698920353,121.32219999693916
5,6,58,"(237.5, 387.5, 13.016039592385813)",0.6448583213004763,0.0,-0.7250124446792697,0.5203802189371393,231.48800000126357
5,6,59,"(237.5, 362.5, 10.136936791802604)",0.19982955853143552,0.0,-1.1819663421859996,0.5335043686790217,241.7157000018051
5,6,60,"(237.5, 362.5, 10.136936791802604)",0.6453378988161916,754.1107177734375,-0.3822878162221372,0.6234851175742848,122.53849999979138
5,6,61,"(237.5, 337.5, 7.894671343450355)",0.47532777498196876,0.0,-0.6127728961901479,0.44367788064416214,231.31199999988894
5,6,62,"(262.5, 337.5, 7.706480720276972)",0.05768283208212756,0.0,-0.9648820310272572,0.3357248801349868,259.85120000041206
5,6,63,"(262.5, 337.5, 7.706480720276972)",0.6306340394181067,741.2595825195312,-0.2726542337236115,1.2112220964692446,119.79079999946407
5,6,64,"(262.5, 312.5, 6.024387455566984)",0.36163219070115504,0.0,-0.48815116795934127,0.6642347422461283,236.43779999838443
5,6,65,"(237.5, 312.5, 6.148385304590252)",0.03655280421177374,0.0,-0.7505954063499699,0.4883376426703821,266.7841000002227
5,6,66,"(237.5, 312.5, 6.148385304590252)",0.45941984427337135,740.0003051757812,-0.25342091598206373,1.1767764877965672,122.64100000174949
5,6,67,"(237.5, 337.5, 7.894671343450355)",0.4238147422315556,0.0,-0.4985809878254889,0.529842413595534,207.95670000006794
5,6,68,"(237.5, 362.5, 10.136936791802604)",0.02020158494510178,0.0,-0.8442036015116791,0.08848853997490011,225.54219999801717
5,6,69,"(237.5, 362.5, 10.136936791802604)",0.5527792216944555,748.1988525390625,-0.33816481973510115,0.7123615627178935,173.58560000138823
5,7,0,"(12.5, 12.5, 0.18196833376614466)",0.11167861895779187,362.0529479980469,-0.23354242399796143,2.725044781079146,123.39990000327816
5,7,1,"(12.5, 37.5, 0.22749405581943968)",0.07056477629038643,0.0,-0.4577593100294286,2.609659806213051,226.63100000136183
5,7,2,"(12.5, 62.5, 0.28363914902845005)",0.00940742095311671,0.0,-0.6838470363336301,2.5484362357896977,227.07340000124532
5,7,3,"(12.5, 62.5, 0.28363914902845005)",0.06265357136285855,547.7943115234375,-0.22777075561561994,2.5723870185584308,119.44479999874602
5,7,4,"(37.5, 62.5, 0.31824704025207695)",0.07619491681185515,0.0,-0.45617007751619265,2.5125170697576866,231.11430000062683
5,7,5,"(62.5, 62.5, 0.35313588701570037)",0.011808236440015834,0.0,-0.6813591107688864,2.419061064988039,227.14669999913895
5,7,6,"(62.5, 62.5, 0.35313588701570037)",0.06783801437473246,733.5789184570312,-0.22794899331245555,2.4720106628898217,120.35960000139312
5,7,7,"(87.5, 62.5, 0.3872155041735832)",0.08571898449229137,0.0,-0.4565724814258243,2.4001754092793406,232.39409999951022
5,7,8,"(87.5, 87.5, 0.48924148841142295)",0.01238580793140989,0.0,-0.681219179717835,2.3031195620720633,228.68229999949108
5,7,9,"(87.5, 87.5, 0.48924148841142295)",0.07929392901512505,735.672607421875,-0.22753705264829102,2.3726579428411028,123.14270000206307
5,7,10,"(87.5, 112.5, 0.6169091202045394)",0.09697835395763095,0.0,-0.4556823192491021,2.3095280805868037,231.6534000019601
5,7,11,"(87.5, 137.5, 0.7760333427861217)",0.01382990305623351,0.0,-0.6824146873890976,2.2335324913069234,221.79770000002463
5,7,12,"(87.5, 137.5, 0.7760333427861217)",0.1007311642445557,736.2540893554688,-0.2289627511441115,2.31652795660332,120.86970000018482
5,7,13,"(112.5, 137.5, 0.8533265268579882)",0.11797113530268524,0.0,-0.4576372365770809,2.245503504520274,228.07509999984177
5,7,14,"(137.5, 137.5, 0.9239767104626037)",0.013244579235699749,0.0,-0.682819655992499,2.15303827165164,231.97490000166
5,7,15,"(137.5, 137.5, 0.9239767104626037)",0.08972729862946857,736.8556518554688,-0.22816724611361708,2.200916941817942,119.82080000234419
5,7,16,"(162.5, 137.5, 0.9841255842166583)",0.11417202442049999,0.0,-0.4595984688310967,2.1458188134563763,233.64860000219778
5,7,17,"(187.5, 137.5, 1.0301064259405408)",0.024480395019049372,0.0,-0.6932870811745843,2.0785508723064248,230.009599999903
5,7,18,"(187.5, 137.5, 1.0301064259405408)",0.13513586067178304,737.0252685546875,-0.23309799792783487,2.106919094041042,122.65819999811356
5,7,19,"(212.5, 137.5, 1.0588784061617271)",0.18818852014741977,0.0,-0.46274666509891754,1.9826550468700723,232.20710000168765
5,7,20,"(237.5, 137.5, 1.0684335817122816)",0.017712151010825787,0.0,-0.6832648849310103,1.79105407137599,226.387299997441
5,7,21,"(237.5, 137.5, 1.0684335817122816)",0.12630782533807564,737.0536499023438,-0.22764278759316056,1.9035639701222977,123.62109999958193
5,7,22,"(262.5, 137.5, 1.058087161761929)",0.11668136442013086,0.0,-0.45653903538954277,1.8326479146922134,231.97350000191364
5,7,23,"(262.5, 162.5, 1.3575429670008718)",0.019718880454688437,0.0,-0.6861225107070974,1.7830269074445404,233.1850000009581
5,7,24,"(262.5, 162.5, 1.3575429670008718)",0.13510688044829902,737.1842041015625,-0.23020303114023832,1.8800126593962618,120.81709999984014
5,7,25,"(237.5, 162.5, 1.3718954582653125)",0.15563656845132134,0.0,-0.46203132808029374,1.83861442347374,229.20739999972284
5,7,26,"(237.5, 187.5, 1.761548008038559)",0.02362304677566413,0.0,-0.6946055583998211,1.7922290222654567,221.49200000058045
5,7,27,"(237.5, 187.5, 1.761548008038559)",0.18123991651509366,737.3104858398438,-0.2331830124677449,1.9558515525205384,123.9586000010604
5,7,28,"(212.5, 187.5, 1.743039893786265)",0.20224529715842293,0.0,-0.4664317912029457,1.9601071830730927,229.5324000006076
5,7,29,"(187.5, 187.5, 1.6876002167496233)",0.01771147797506244,0.0,-0.69305303672998,1.8751427276862171,244.93900000015856
5,7,30,"(187.5, 187.5, 1.6876002167496233)",0.14040946084422276,737.1460571289062,-0.22919868773937765,2.049384560935189,121.36809999719844
5,7,31,"(187.5, 212.5, 2.1581048160551872)",0.24060686385734376,0.0,-0.4660961010563179,2.05272725754993,229.9130999999761
5,7,32,"(187.5, 237.5, 2.7574493337721258)",0.054925421873722687,0.0,-0.7163109482455076,1.951084793042405,223.4892000014952
5,7,33,"(187.5, 237.5, 2.7574493337721258)",0.3197757606180721,737.4461669921875,-0.2489022096536996,2.1093754738958372,119.8952000013378
5,7,34,"(187.5, 262.5, 3.519235619237839)",0.6456943326953445,0.0,-0.5204892481311969,2.0251597260841474,232.70190000039292
5,7,35,"(187.5, 287.5, 4.484402965683246)",0.11390145619710629,0.0,-0.794573730625153,1.577234194803707,228.42489999675308
5,7,36,"(187.5, 287.5, 4.484402965683246)",0.6405128415756549,738.8953247070312,-0.2788686460649787,1.865760371100528,125.41600000258768
5,7,37,"(187.5, 312.5, 5.701335627950545)",0.6402610480984632,0.0,-0.5271140548917874,1.4895506759485857,232.33260000051814
5,7,38,"(187.5, 337.5, 7.2238068944948735)",0.14398209253946725,0.0,-0.8373149459486388,0.9910798438369718,227.66880000199308
5,7,39,"(187.5, 337.5, 7.2238068944948735)",0.838281990103391,741.6243286132812,-0.29422988824864926,1.3690653272878732,121.29219999769703
5,7,40,"(162.5, 337.5, 6.503826249283008)",0.5769927794484396,0.0,-0.5739965978549868,0.961190443529393,229.62969999935012
5,7,41,"(137.5, 337.5, 5.675677129206918)",0.014757287999014494,0.0,-0.8086601807598087,0.2808567576592769,232.5596000009682
5,7,42,"(137.5, 337.5, 5.675677129206918)",0.36582817070239415,745.0748291015625,-0.23916366643324666,0.6583955632836852,124.97839999923599
5,7,43,"(112.5, 337.5, 4.834376816244601)",0.31596859614842293,0.0,-0.47458120228374256,0.7389909895397911,248.61170000076527
5,7,44,"(112.5, 362.5, 5.753213768936505)",0.018824473023424933,0.0,-0.7021423512918473,0.364292567432433,225.71449999668403
5,7,45,"(112.5, 362.5, 5.753213768936505)",0.27656017044287395,743.806884765625,-0.2268477888694537,0.6505303171362519,119.30320000101347
5,7,46,"(112.5, 387.5, 6.700045574866817)",0.16757389408524115,0.0,-0.44550318611225165,0.2921953513165346,235.5533000009018
5,7,47,"(112.5, 362.5, 5.753213768936505)",0.012261365850770062,0.0,-0.6724894608286771,0.10514962164217137,229.55930000171065
5,7,48,"(112.5, 362.5, 5.753213768936505)",0.22986478323808246,745.0465087890625,-0.22388524916673483,0.4997790869240312,126.83259999903385
5,7,49,"(137.5, 362.5, 6.88289330546234)",0.3943644249095519,0.0,-0.46359948184885036,0.592069365165796,245.6025999999838
5,7,50,"(137.5, 387.5, 8.184609533832969)",0.005287875731778574,0.0,-0.6736211710299876,0.06386110048507486,253.61210000119172
5,7,51,"(137.5, 387.5, 8.184609533832969)",0.20442903645291988,755.1046142578125,-0.22156947362829202,0.34568154804162954,122.13460000202758
5,7,52,"(162.5, 387.5, 9.797797492156253)",0.29646266198596116,0.0,-0.4609457038880919,0.285633893145706,230.12980000203243
5,7,53,"(187.5, 387.5, 11.364582883745452)",-2.2479798644781113e-07,0.0,-0.7504454662084521,0.007081142135236758,225.36250000121072
5,7,54,"(187.5, 387.5, 11.364582883745452)",0.023886394264476273,781.4830322265625,-0.2949070690944462,0.027142658421290843,122.81419999999343
5,7,55,"(187.5, 362.5, 9.103110310900643)",0.013882463968291164,0.0,-0.6052839465055914,0.016475593008994885,190.54209999740124
5,7,56,"(212.5, 362.5, 9.863883753989105)",0.026293200751149017,0.0,-1.0275531729575687,0.0549911856278729,251.6366999989259
5,7,57,"(212.5, 362.5, 9.863883753989105)",0.7964232190814354,749.551025390625,-0.36449566136174555,1.0642361630893464,170.3708999993978
5,7,58,"(212.5, 387.5, 12.56601886791643)",0.1886567954612836,0.0,-0.4602185872617289,0.14107957223231116,216.37570000166306
5,7,59,"(237.5, 387.5, 13.016039592385813)",0.03954298794275165,0.0,-1.2162464510930941,0.05581817209436304,227.89209999973536
5,7,60,"(237.5, 387.5, 13.016039592385813)",0.6423198308672975,763.560791015625,-0.7456494218291492,0.6412340687017385,172.65480000060052
5,7,61,"(237.5, 412.5, 16.71281874556001)",0.01493353941407048,0.0,-1.860808051955594,0.009102006734094599,193.16430000253604
5,7,62,"(237.5, 437.5, 21.459341898515387)",7.432875766729316e-08,0.0,-3.029224299936185,5.730969994591121e-09,226.53349999745842
5,7,63,"(237.5, 437.5, 21.459341898515387)",0.0025019257911103616,856.8884887695312,-1.1683404932304369,0.0012346366972636935,121.83680000089225
5,8,0,"(12.5, 12.5, 0.18196833376614466)",0.11913773080116975,362.0521240234375,-0.23354242399796143,2.725044801626583,123.34670000200276
5,8,1,"(37.5, 12.5, 0.20209293496961436)",0.0688477524198128,0.0,-0.4581096702523085,2.6065842995223285,238.33969999759574
5,8,2,"(62.5, 12.5, 0.22209701748718602)",0.010580917199437778,0.0,-0.6849343827849882,2.5395899906882793,229.07820000182255
5,8,3,"(62.5, 12.5, 0.22209701748718602)",0.06132412247188184,547.7940673828125,-0.2285622950283287,2.5608875115944945,120.34870000206865
5,8,4,"(87.5, 12.5, 0.24138074672889942)",0.06830981586556925,0.0,-0.45732951745201034,2.495972031829373,232.53590000240365
5,8,5,"(112.5, 12.5, 0.25928464034296195)",0.007684463635095456,0.0,-0.684143619643601,2.415925654179827,220.84959999847342
5,8,6,"(112.5, 12.5, 0.25928464034296195)",0.06162038481383767,549.2417602539062,-0.229447686009595,2.4675084297116743,121.59160000010161
5,8,7,"(112.5, 37.5, 0.3298751691987006)",0.07522287291797505,0.0,-0.46020547289079666,2.4109754684217672,230.17260000051465
5,8,8,"(112.5, 62.5, 0.419239905687106)",0.011485273639367173,0.0,-0.6871531004226724,2.3208363224296447,226.2689000017417
5,8,9,"(112.5, 62.5, 0.419239905687106)",0.07486472177200201,735.0534057617188,-0.22960145687771985,2.3756217361101086,119.85490000006394
5,8,10,"(112.5, 87.5, 0.5321495904899729)",0.09219839451502863,0.0,-0.4584552306505544,2.303607104269494,227.44659999807482
5,8,11,"(112.5, 112.5, 0.6744671801974309)",0.010961640626190896,0.0,-0.6826267552302204,2.206727110032644,222.50740000163205
5,8,12,"(112.5, 112.5, 0.6744671801974309)",0.08412809849282069,736.505126953125,-0.22738387711029107,2.2749982381088643,120.20050000137417
5,8,13,"(112.5, 137.5, 0.8533265268579882)",0.1135800816573244,0.0,-0.4554004875137977,2.2174404317790537,227.97469999932218
5,8,14,"(112.5, 162.5, 1.0772911766684767)",0.016795445233593085,0.0,-0.6846734726762765,2.1581095520461084,222.5393000007898
5,8,15,"(112.5, 162.5, 1.0772911766684767)",0.12533465254811738,736.7681274414062,-0.23070313571201917,2.238009791034466,123.59719999949448
5,8,16,"(112.5, 187.5, 1.356447175660002)",0.23219892765058825,0.0,-0.4717076232347056,2.235352355944498,229.41769999670214
5,8,17,"(112.5, 212.5, 1.7023465120987893)",0.04915274679661189,0.0,-0.720951792884252,2.1776243818408805,225.59309999996913
5,8,18,"(112.5, 212.5, 1.7023465120987893)",0.2645941577020501,736.9811401367188,-0.24721574271126814,2.2710995077943474,121.67819999740459
5,8,19,"(112.5, 237.5, 2.1276559796850996)",0.41126710959731044,0.0,-0.4970027214135113,2.1652691590624014,232.0346000014979
5,8,20,"(112.5, 262.5, 2.645266895480795)",0.044966831803329096,0.0,-0.7251679763143769,1.793997581687774,222.35449999789125
5,8,21,"(112.5, 262.5, 2.645266895480795)",0.28541237828161714,737.7388916015625,-0.23533051261122878,1.9674755625114022,124.34860000212211
5,8,22,"(112.5, 287.5, 3.266470567666104)",0.3549568685287351,0.0,-0.48434638185574835,1.774726423834158,231.62910000246484
5,8,23,"(112.5, 312.5, 3.997603125569143)",0.08990237116812735,0.0,-0.7448774633728327,1.2390595475138138,227.38899999967543
5,8,24,"(112.5, 312.5, 3.997603125569143)",0.42093858112230687,740.0614624023438,-0.24692357728686207,1.2802666983706896,120.9530000014638
5,8,25,"(112.5, 337.5, 4.834376816244601)",0.38775731982777706,0.0,-0.4632331689758341,0.6399053573688889,230.86349999721278
5,8,26,"(112.5, 362.5, 5.753213768936505)",0.009101763988546098,0.0,-0.681054636454452,0.13020611849501254,223.96039999875939
5,8,27,"(112.5, 362.5, 5.753213768936505)",0.23691094549042313,745.0533447265625,-0.22339392567587837,0.5182323022556748,125.03019999712706
5,8,28,"(112.5, 387.5, 6.700045574866817)",0.1698918296133435,0.0,-0.445621368072041,0.29673613862972253,241.64830000154325
5,8,29,"(137.5, 387.5, 8.184609533832969)",0.016895681619626166,0.0,-0.6763674055565422,0.20547689274291722,223.15099999832455
5,8,30,"(137.5, 387.5, 8.184609533832969)",0.36137871616999606,750.3461303710938,-0.22804456666546527,0.6847675913249556,119.91929999931017
5,8,31,"(137.5, 362.5, 6.88289330546234)",0.2521096661980132,0.0,-0.45113368910681617,0.248389012931794,233.88319999867235
5,8,32,"(137.5, 337.5, 5.675677129206918)",0.0012002519021478326,0.0,-0.6852310928087587,0.024065666073475045,224.9201999984507
5,8,33,"(137.5, 337.5, 5.675677129206918)",0.1954551465240383,746.6827392578125,-0.2350248405181334,0.3539470945371804,122.78359999982058
5,8,34,"(137.5, 362.5, 6.88289330546234)",0.32419008455922993,0.0,-0.47276287308113224,0.41652183336820864,250.80530000195722
5,8,35,"(137.5, 387.5, 8.184609533832969)",0.012476195891668125,0.0,-0.6859701082028454,0.02833651651643316,230.22660000060569
5,8,36,"(137.5, 387.5, 8.184609533832969)",0.18234833091528332,756.0033569335938,-0.22143453192369586,0.25074978256563657,120.19770000188146
5,8,37,"(162.5, 387.5, 9.797797492156253)",0.2800597961674123,0.0,-0.45915590985916765,0.245381927705257,243.75749999671825
5,8,38,"(187.5, 387.5, 11.364582883745452)",-2.247979864478111e-07,0.0,-0.7503988715623656,0.005988485927204065,223.68970000025
5,8,39,"(187.5, 387.5, 11.364582883745452)",0.02360600727965223,781.4027709960938,-0.29490698701707285,0.026801555349707323,121.55689999781316
5,8,40,"(187.5, 387.5, 11.364582883745452)",0.0012051947878048337,0.0,-0.5898117981818294,0.0021320393444806125,204.78039999943576
5,8,41,"(187.5, 387.5, 11.364582883745452)",-2.2479798644781107e-07,0.0,-0.8847169500192764,3.5973115527355315e-06,231.88189999928
5,8,42,"(187.5, 387.5, 11.364582883745452)",0.013388645008175876,781.5147094726562,-0.29490554085635673,0.013925847581440822,120.2060999967216
5,8,43,"(187.5, 387.5, 11.364582883745452)",0.002833552772767843,0.0,-0.5898115433030903,0.00207627535037497,204.21509999869158
5,8,44,"(187.5, 362.5, 9.103110310900643)",-7.951166480779648e-08,0.0,-0.9001921970302821,2.6172264293561706e-05,224.98110000015004
5,8,45,"(187.5, 362.5, 9.103110310900643)",0.09075157930146359,767.0271606445312,-0.31037669256800526,0.11371085129095752,118.57909999889671
5,8,46,"(212.5, 362.5, 9.863883753989105)",1.0302284777140636,0.0,-0.6188264345094072,1.0290527259231474,231.69720000078087
5,8,47,"(212.5, 387.5, 12.56601886791643)",0.02850891649724102,0.0,-0.8482703678425519,0.3388142868692423,286.69539999827975
5,8,48,"(212.5, 387.5, 12.56601886791643)",0.22339861997273378,774.9454345703125,-0.22493091376740465,0.21997483525214828,121.9355999965046
5,8,49,"(212.5, 412.5, 15.910281935579775)",0.4196277286256804,0.0,-0.5927109679376115,0.1905291027532354,186.20649999866146
5,8,50,"(237.5, 412.5, 16.71281874556001)",0.1360578040281963,0.0,-1.1310444805471935,0.3684969462707326,294.66900000261376
5,8,51,"(237.5, 412.5, 16.71281874556001)",0.0825387720947343,805.7489013671875,-0.2714699869356146,0.05588118516351681,119.30710000160616
5,8,52,"(237.5, 387.5, 13.016039592385813)",0.04962284157767639,0.0,-1.8626059522187037,0.018149067833098786,213.303000000451
5,8,53,"(237.5, 412.5, 16.71281874556001)",-2.8324177867092826e-07,0.0,-2.586736665201757,3.027740423559838e-08,228.73190000245813
5,8,54,"(237.5, 412.5, 16.71281874556001)",0.024805921892989226,818.2105102539062,-0.2714196261083969,0.018316863784770654,118.94860000029439
5,8,55,"(237.5, 387.5, 13.016039592385813)",0.03362849788114213,0.0,-1.8644297104504237,0.015081062683348682,215.13599999889266
5,8,56,"(237.5, 412.5, 16.71281874556001)",-2.8325923100172114e-07,0.0,-2.5866601468076813,2.4694290979172836e-08,229.33019999982207
5,8,57,"(237.5, 412.5, 16.71281874556001)",0.02476173220944788,818.2097778320312,-0.27141944904782883,0.01707864556330791,119.80430000039632
5,8,58,"(237.5, 387.5, 13.016039592385813)",0.029471795592160836,0.0,-1.864589273642131,0.015119678277940616,215.51019999969867
5,8,59,"(237.5, 412.5, 16.71281874556001)",-2.83260113125142e-07,0.0,-2.5866562792158776,2.4402876970982095e-08,230.5844000002253
5,8,60,"(237.5, 412.5, 16.71281874556001)",0.023686997931407553,818.211181640625,-0.27141944378521926,0.017005269530266487,124.15690000125323
5,8,61,"(237.5, 387.5, 13.016039592385813)",0.03510384858902872,0.0,-1.8646153118793911,0.015124624177249727,216.61260000109905
5,8,62,"(237.5, 412.5, 16.71281874556001)",-2.832602500446532e-07,0.0,-2.5866556789136457,2.4354872819845275e-08,228.9046000005328
5,8,63,"(237.5, 412.5, 16.71281874556001)",0.02324361482234275,814.3013305664062,-0.27141944201317014,0.01699375174946628,123.32959999912418
5,8,64,"(237.5, 387.5, 13.016039592385813)",0.04165144429691028,0.0,-1.8645466135333542,0.01512640391570749,215.96629999839934
5,8,65,"(237.5, 412.5, 16.71281874556001)",-2.8325989068055204e-07,0.0,-2.586657254505956,2.4462376625812643e-08,226.45639999973355
5,8,66,"(237.5, 412.5, 16.71281874556001)",0.026095673469671163,814.29931640625,-0.2714194405454305,0.01702390053023096,123.83740000223042
5,8,67,"(237.5, 387.5, 13.016039592385813)",0.019370995449577735,0.0,-1.8646225346245897,0.015123011603502766,220.6877999997232
5,8,68,"(237.5, 412.5, 16.71281874556001)",-2.83260286814532e-07,0.0,-2.586655517701851,2.4342004487510652e-08,227.80869999769493
5,8,69,"(237.5, 412.5, 16.71281874556001)",0.02497400302014943,818.1688232421875,-0.27141944153707726,0.016990662735686897,121.83780000123079
5,9,0,"(12.5, 12.5, 0.18196833376614466)",0.11374283925303874,362.0633544921875,-0.23354242399796138,2.7250447683074146,121.44899999839254
5,9,1,"(12.5, 37.5, 0.22749405581943968)",0.07261886128262125,0.0,-0.4577593100294286,2.609659806213052,224.17510000013863
5,9,2,"(37.5, 37.5, 0.2538960140809293)",0.009824256102245752,0.0,-0.684691527873799,2.5468828373711787,224.55730000001495
5,9,3,"(37.5, 37.5, 0.2538960140809293)",0.060810495754078965,729.2221069335938,-0.22848167036603234,2.567184169266175,121.09979999877396
5,9,4,"(37.5, 62.5, 0.31824704025207695)",0.07482011771028504,0.0,-0.456623996962641,2.5080148425534667,231.23490000216407
5,9,5,"(37.5, 87.5, 0.39785095890575445)",0.009044936547680122,0.0,-0.6809642230989184,2.4211161376589048,225.1176999998279
5,9,6,"(37.5, 87.5, 0.39785095890575445)",0.06946459240348196,732.4495849609375,-0.22762190470470714,2.4836226920918083,121.60640000001877
5,9,7,"(37.5, 112.5, 0.49583347937863365)",0.09065989268139933,0.0,-0.45696460599145505,2.4407001853794275,229.6959000013885
5,9,8,"(37.5, 137.5, 0.6157193847862111)",0.015142406026518467,0.0,-0.6854111832247572,2.390363136050341,222.75809999700869
5,9,9,"(37.5, 137.5, 0.6157193847862111)",0.08603273145424428,733.0049438476562,-0.2301284006623841,2.4435926195809983,124.71539999751258
5,9,10,"(37.5, 162.5, 0.7613493298921569)",0.1250498513029164,0.0,-0.4632464676421304,2.4198120999259536,233.70760000034352
5,9,11,"(62.5, 162.5, 0.8666422036722684)",0.023430859049158877,0.0,-0.6960651635536937,2.3688602753517007,222.17989999990095
5,9,12,"(62.5, 162.5, 0.8666422036722684)",0.1260914058251635,735.275146484375,-0.2342514598795662,2.403992531209779,121.33119999998598
5,9,13,"(87.5, 162.5, 0.9734020271305479)",0.1788071272274255,0.0,-0.4699691704145611,2.353119124108082,238.08469999858062
5,9,14,"(112.5, 162.5, 1.0772911766684767)",0.027427643537499633,0.0,-0.6992089944097728,2.2410337068859474,224.043400001392
5,9,15,"(112.5, 162.5, 1.0772911766684767)",0.1442462293587743,736.8275756835938,-0.232194949994824,2.279655403677274,121.58840000120108
5,9,16,"(137.5, 162.5, 1.173168873178471)",0.1465925569313865,0.0,-0.4610298044803342,2.18327644816594,235.41800000020885
5,9,17,"(162.5, 162.5, 1.2554782219517804)",0.01808101932206564,0.0,-0.6882599361122026,2.108593374639032,230.23900000043795
5,9,18,"(162.5, 162.5, 1.2554782219517804)",0.10564902698202852,737.020751953125,-0.2294477218623797,2.1443754473722967,121.11690000165254
5,9,19,"(187.5, 162.5, 1.3188200407831676)",0.15108871785549532,0.0,-0.46251293802623283,2.095934148370145,237.49300000054063
5,9,20,"(212.5, 162.5, 1.3586399298398657)",0.03168630103269311,0.0,-0.6954258542230856,1.988949689741895,235.38870000265888
5,9,21,"(212.5, 162.5, 1.3586399298398657)",0.16842792630370937,737.1527099609375,-0.2331756503129171,2.026467450581141,120.25010000070324
5,9,22,"(237.5, 162.5, 1.3718954582653125)",0.1987444717736689,0.0,-0.46315041812480323,1.8923319293509944,231.1136999996961
5,9,23,"(262.5, 162.5, 1.3575429670008718)",0.017783398429567932,0.0,-0.690131720958428,1.7647696530816863,238.30309999902966
5,9,24,"(262.5, 162.5, 1.3575429670008718)",0.14053132171082833,737.1708374023438,-0.23063732759439623,1.8732063659226552,119.78960000124061
5,9,25,"(287.5, 162.5, 1.316711791097397)",0.15590322879757146,0.0,-0.46094451358842603,1.8559895468192387,230.7896999991499
5,9,26,"(312.5, 162.5, 1.25251589677834)",0.014597171296683852,0.0,-0.6880093623191182,1.794445349487924,242.6813999991282
5,9,27,"(312.5, 162.5, 1.25251589677834)",0.11582316106900897,737.1006469726562,-0.22881588951758414,2.0017223622286506,119.65730000156327
5,9,28,"(287.5, 162.5, 1.316711791097397)",0.1928502673341586,0.0,-0.4638624060074879,1.9794318166173444,230.77479999847128
5,9,29,"(262.5, 162.5, 1.3575429670008718)",0.023579195141806317,0.0,-0.6910323193000456,1.814879417861454,222.26889999728883
5,9,30,"(262.5, 162.5, 1.3575429670008718)",0.16061516012874644,737.1962280273438,-0.2306616787269249,1.9107803435777648,119.25419999897713
5,9,31,"(237.5, 162.5, 1.3718954582653125)",0.16302535065975587,0.0,-0.46177202930579014,1.8331651972985221,227.7643999987049
5,9,32,"(212.5, 162.5, 1.3586399298398657)",0.020973677436498,0.0,-0.6910328137268545,1.7717723337690252,244.63359999936074
5,9,33,"(212.5, 162.5, 1.3586399298398657)",0.13293411176413003,737.1229248046875,-0.22930107723157245,1.911965614591755,120.91460000010557
5,9,34,"(212.5, 187.5, 1.743039893786265)",0.19704851351863356,0.0,-0.46343767625467686,1.9570581477780895,231.78069999994477
5,9,35,"(237.5, 187.5, 1.761548008038559)",0.029276666541889877,0.0,-0.6963677696698901,1.8651000124389385,224.29410000040662
5,9,36,"(237.5, 187.5, 1.761548008038559)",0.19597680609036128,737.2723388671875,-0.2336232179831855,1.9985382591533964,121.24709999989136
5,9,37,"(262.5, 187.5, 1.7415094379554124)",0.2430129498743286,0.0,-0.4727344174221524,1.9614183674279844,232.36379999798373
5,9,38,"(287.5, 187.5, 1.6846716355053617)",0.026606400807697016,0.0,-0.7033298846810442,1.8590222629835855,240.60109999845736
5,9,39,"(287.5, 187.5, 1.6846716355053617)",0.1698613813943248,737.2050170898438,-0.23078670706542215,1.9826046964648139,118.91969999851426
5,9,40,"(262.5, 187.5, 1.7415094379554124)",0.23121671753374132,0.0,-0.4672466523889934,1.9602732594897467,233.25929999919026
5,9,41,"(237.5, 187.5, 1.761548008038559)",0.03315311421951165,0.0,-0.7030515531770692,1.8574573406222605,232.55909999716096
5,9,42,"(237.5, 187.5, 1.761548008038559)",0.19966170746006046,737.2423095703125,-0.23611731619607995,1.9942178222950162,123.09520000053453
5,9,43,"(212.5, 187.5, 1.743039893786265)",0.19608321170124524,0.0,-0.46653903920650774,1.9555600396882469,240.73610000050394
5,9,44,"(187.5, 187.5, 1.6876002167496233)",0.023062385618656447,0.0,-0.6927006786375717,1.87057343787692,245.02560000109952
5,9,45,"(187.5, 187.5, 1.6876002167496233)",0.14029926756770783,737.17578125,-0.2291900776681744,2.0470349963469827,123.59939999805647
5,9,46,"(187.5, 212.5, 2.1581048160551872)",0.23570892204973187,0.0,-0.46611470069232014,2.0526455357048685,232.5812000017322
5,9,47,"(187.5, 237.5, 2.7574493337721258)",0.05353679259617891,0.0,-0.7163141078384292,1.951149600962794,230.35449999952107
5,9,48,"(187.5, 237.5, 2.7574493337721258)",0.3264604934941795,737.399169921875,-0.24890057094821283,2.1093893758122317,126.40859999737586
5,9,49,"(187.5, 262.5, 3.519235619237839)",0.6401472414386582,0.0,-0.5204878040635728,2.0251493087047927,233.06769999908283
5,9,50,"(187.5, 287.5, 4.484402965683246)",0.11548455556234974,0.0,-0.7945734899931275,1.5772317489770709,228.82010000103037
5,9,51,"(187.5, 287.5, 4.484402965683246)",0.641895102290414,738.8069458007812,-0.27886870126922825,1.8657600790251267,125.43369999912102
5,9,52,"(187.5, 312.5, 5.701335627950545)",0.6250047419407463,0.0,-0.5271141226134202,1.4895513897773376,231.91299999962212
5,9,53,"(187.5, 337.5, 7.2238068944948735)",0.14773186047870218,0.0,-0.8373149849640613,0.9910800812734075,227.32940000059898
5,9,54,"(187.5, 337.5, 7.2238068944948735)",0.8364271446519944,741.6207885742188,-0.2942298806793461,1.3690653337619194,120.63499999931082
5,9,55,"(162.5, 337.5, 6.503826249283008)",0.5783360052745901,0.0,-0.5739966028683743,0.9611904413149186,232.69819999768515
5,9,56,"(137.5, 337.5, 5.675677129206918)",0.02041122565667194,0.0,-0.8086601818994671,0.28085676161693623,233.99430000063148
5,9,57,"(137.5, 337.5, 5.675677129206918)",0.3675055294913593,745.0770263671875,-0.2391636672812191,0.6583955654925071,126.1460999994597
5,9,58,"(137.5, 362.5, 6.88289330546234)",0.32945998754573785,0.0,-0.4719772690978282,0.40956053022632577,233.64389999915147
5,9,59,"(137.5, 387.5, 8.184609533832969)",0.00309601426124228,0.0,-0.6859758605571489,0.02824358829077877,230.93060000246624
5,9,60,"(137.5, 387.5, 8.184609533832969)",0.1783360407852373,756.3866577148438,-0.22143960250925357,0.25003100276778006,123.53780000194092
5,9,61,"(162.5, 387.5, 9.797797492156253)",0.2896669540398511,0.0,-0.45911645588739286,0.24450743461389168,237.98770000212244
5,9,62,"(187.5, 387.5, 11.364582883745452)",-2.2479798644781113e-07,0.0,-0.7503974218579654,0.005956664510931972,225.71260000040638
5,9,63,"(187.5, 387.5, 11.364582883745452)",0.025261189531863168,781.4007568359375,-0.2949069834718583,0.026790579189635566,120.54729999726987
5,9,64,"(212.5, 387.5, 12.56601886791643)",0.19737811868562521,0.0,-0.7679688577258355,0.10952063133952486,232.61989999809884
5,9,65,"(237.5, 387.5, 13.016039592385813)",0.21015135447187044,0.0,-1.5111052255603314,0.3369365824605829,285.27739999844925
5,9,66,"(237.5, 387.5, 13.016039592385813)",1.0705770322922192,777.71533203125,-0.7345811625031314,0.9435820143198267,173.19320000024163
5,9,67,"(237.5, 412.5, 16.71281874556001)",0.009504998757916524,0.0,-1.8608402779428928,0.006053082502972481,225.83510000185925
5,9,68,"(237.5, 437.5, 21.459341898515387)",7.432875766729316e-08,0.0,-3.0292242998758128,5.1414686954254696e-09,226.4991000010923
5,9,69,"(237.5, 437.5, 21.459341898515387)",0.002283226855510983,856.8884887695312,-1.1683404932304366,0.0012346329970034972,119.11099999997532
5,0,0,"(137.5, 362.5, 6.88289330546234)",0.6949959916630479,740.7196044921875,-0.24554063740923632,1.357627262116528,121.60230000154115
5,0,1,"(137.5, 387.5, 8.184609533832969)",0.36275852141874426,0.0,-0.4580815913290169,0.4587969067603662,230.68200000125216
5,0,2,"(162.5, 387.5, 9.797797492156253)",0.012389908234278556,0.0,-0.6910949595237211,0.07032780378602677,228.20190000129514
5,0,3,"(162.5, 387.5, 9.797797492156253)",0.3357553243405092,761.558349609375,-0.23593420130836756,0.42540476619165624,123.07850000070175
5,0,4,"(187.5, 387.5, 11.364582883745452)",0.008911964821159666,0.0,-0.5289823298656174,0.010086080623753846,230.45160000037868
5,0,5,"(212.5, 387.5, 12.56601886791643)",1.5264959074556828e-08,0.0,-1.0041628313599682,1.3149027406803735e-05,262.74669999838807
5,0,6,"(212.5, 387.5, 12.56601886791643)",0.13118382725357738,789.2355346679688,-0.4749893796730592,0.1348728416765417,121.71999999918626
5,0,7,"(237.5, 387.5, 13.016039592385813)",0.558550005968973,0.0,-0.7103129316950787,0.627894270865429,215.72310000192374
5,0,8,"(237.5, 387.5, 13.016039592385813)",1.5380162593996112e-07,0.0,-1.1876170731562827,0.09356239947271544,297.33110000233864
5,0,9,"(237.5, 387.5, 13.016039592385813)",0.09328061476468523,777.7969360351562,-0.36508441847748047,0.10666893375475434,122.10690000210889
5,0,10,"(237.5, 412.5, 16.71281874556001)",0.009234356843885521,0.0,-1.8606537368980844,0.009051517574079153,246.11469999945257
5,0,11,"(237.5, 437.5, 21.459341898515387)",7.432875766729316e-08,0.0,-3.0292242999364567,6.277075884776104e-09,229.11910000038915
5,0,12,"(237.5, 437.5, 21.459341898515387)",0.00097392439704683,856.8884887695312,-1.1683404932304369,0.0012346242832840832,121.79860000105691
5,0,13,"(262.5, 437.5, 19.691492564685472)",7.796668765051032e-07,0.0,-3.4661643578549133,3.873567553361392e-06,231.13809999995283
5,1,0,"(137.5, 362.5, 6.88289330546234)",0.6884001194801105,740.6602783203125,-0.24554063740923626,1.357627262713339,122.05660000108765
5,1,1,"(112.5, 362.5, 5.753213768936505)",0.30235735817439113,0.0,-0.47304064635533405,0.7118382630581005,228.76909999831696
5,1,2,"(112.5, 387.5, 6.700045574866817)",0.009396939848855129,0.0,-0.680969243908221,0.3045300442999921,225.58360000039102
5,1,3,"(112.5, 387.5, 6.700045574866817)",0.337472028979511,742.7577514648438,-0.22195432003235846,0.8082955082711965,130.33700000232784
5,1,4,"(112.5, 362.5, 5.753213768936505)",0.2599860098235076,0.0,-0.4502203936101732,0.40255565327729304,248.7384000014572
5,1,5,"(112.5, 337.5, 4.834376816244601)",0.004254631698132617,0.0,-0.6718711863920696,0.08988068766645038,231.1208000028273
5,1,6,"(112.5, 337.5, 4.834376816244601)",0.213344700890618,742.9019775390625,-0.22805624797664661,0.5443951055795265,120.85989999832236
5,1,7,"(112.5, 312.5, 3.997603125569143)",0.3245492508517755,0.0,-0.4628725586101048,0.6187427670430435,242.39049999960116
5,1,8,"(112.5, 287.5, 3.266470567666104)",0.02046662072339205,0.0,-0.6902834521619178,0.28608617612473114,231.28420000284677
5,1,9,"(112.5, 287.5, 3.266470567666104)",0.28231534297161226,738.802734375,-0.2350728313859747,1.2502093466596125,122.7123999997275
5,1,10,"(112.5, 312.5, 3.997603125569143)",0.46539186442205693,0.0,-0.4900510205675312,1.2386748124881628,232.38430000128574
5,1,11,"(112.5, 337.5, 4.834376816244601)",0.03388028591872107,0.0,-0.7062557052724906,0.4096854106779046,223.78310000203783
5,1,12,"(112.5, 337.5, 4.834376816244601)",0.3131950540629229,742.382568359375,-0.2275406411907144,0.7233179989990707,121.73790000088047
5,1,13,"(112.5, 362.5, 5.753213768936505)",0.25292459612198925,0.0,-0.453487939725087,0.4501115806398059,249.48220000078436
5,1,14,"(112.5, 387.5, 6.700045574866817)",0.0019795789072986525,0.0,-0.672918115466079,0.09479847612474014,226.5393999987282
5,1,15,"(112.5, 387.5, 6.700045574866817)",0.14186064199185427,748.8597412109375,-0.22146872690180255,0.3937159928084894,125.63399999999092
5,1,16,"(112.5, 362.5, 5.753213768936505)",0.2468540685126247,0.0,-0.44892010658755294,0.34134823018525046,233.1464999988384
5,1,17,"(112.5, 337.5, 4.834376816244601)",0.0046342735489289435,0.0,-0.6718186534712193,0.0887851473367862,231.30800000217278
5,1,18,"(112.5, 337.5, 4.834376816244601)",0.20914138105664776,743.0675048828125,-0.2280396695198116,0.5449093537975641,122.8332999999111
5,1,19,"(112.5, 312.5, 3.997603125569143)",0.34184589288984607,0.0,-0.4629221829291156,0.6197892237183126,246.24739999853773
5,1,20,"(112.5, 287.5, 3.266470567666104)",0.017492190003401388,0.0,-0.6902881542762548,0.2861641895224599,235.42390000147861
5,1,21,"(112.5, 287.5, 3.266470567666104)",0.2841308632229516,738.82470703125,-0.2350739184982353,1.250225207430188,133.87390000207233
5,1,22,"(112.5, 312.5, 3.997603125569143)",0.4560418700627355,0.0,-0.49005137887990524,1.2386777390627637,236.3681999995606
5,1,23,"(112.5, 337.5, 4.834376816244601)",0.03695517033337644,0.0,-0.7062558753584794,0.4096871550653549,224.63979999884032
5,1,24,"(112.5, 337.5, 4.834376816244601)",0.32276696230898416,742.3277587890625,-0.22754066269412113,0.7233186766238072,123.71100000018487
5,1,25,"(112.5, 362.5, 5.753213768936505)",0.24833402128458604,0.0,-0.4534879463095903,0.4501117525205811,248.0189000016253
5,1,26,"(112.5, 387.5, 6.700045574866817)",0.004107941562939207,0.0,-0.672918119856253,0.09479847704081094,225.9371000000101
5,1,27,"(112.5, 387.5, 6.700045574866817)",0.15080173685753795,748.876220703125,-0.22146872690180253,0.3937159610304058,124.85319999905187
5,1,28,"(112.5, 362.5, 5.753213768936505)",0.24571404249496415,0.0,-0.4489201065875529,0.3413482301852504,233.398299998953
5,1,29,"(112.5, 337.5, 4.834376816244601)",0.006809445718914181,0.0,-0.6718186534712192,0.08878514733678619,231.91529999894556
5,1,30,"(112.5, 337.5, 4.834376816244601)",0.21654462409294664,742.844970703125,-0.22803966951981156,0.5449093408856531,120.72840000109863
5,1,31,"(112.5, 312.5, 3.997603125569143)",0.34129371023911387,0.0,-0.4629221829291157,0.6197892237183127,244.6406000017305
5,1,32,"(112.5, 287.5, 3.266470567666104)",0.020221844315518555,0.0,-0.6902881542762548,0.28616418952245987,233.87689999799477
5,1,33,"(112.5, 287.5, 3.266470567666104)",0.2826912632371841,738.7446899414062,-0.2350739184982353,1.250225218572139,120.96170000222628
5,1,34,"(112.5, 312.5, 3.997603125569143)",0.4633950774880858,0.0,-0.49005137887990535,1.2386777390627637,233.91350000019884
5,1,35,"(112.5, 337.5, 4.834376816244601)",0.03926099588470811,0.0,-0.7062558753584794,0.40968715506535497,229.55329999967944
5,1,36,"(112.5, 337.5, 4.834376816244601)",0.3180963662210173,742.361328125,-0.22754066269412107,0.7233186889919394,122.82029999914812
5,1,37,"(112.5, 362.5, 5.753213768936505)",0.24188588477000056,0.0,-0.4534879463095903,0.4501117525205811,246.25290000039968
5,1,38,"(112.5, 387.5, 6.700045574866817)",0.008588462447121178,0.0,-0.672918119856253,0.09479847704081093,232.42689999824506
5,1,39,"(112.5, 387.5, 6.700045574866817)",0.14020760588204811,749.0977172851562,-0.22146872690180247,0.39371594221410683,120.20470000061323
5,1,40,"(112.5, 362.5, 5.753213768936505)",0.23339322253290828,0.0,-0.448920106587553,0.34134823018525046,232.76299999997718
5,1,41,"(137.5, 362.5, 6.88289330546234)",0.014110859483471171,0.0,-0.6744544924995611,0.13565053468832838,224.12709999844083
5,1,42,"(137.5, 362.5, 6.88289330546234)",0.38248742316089107,744.1910400390625,-0.23116382485009554,0.7060503413994841,120.68910000016331
5,1,43,"(137.5, 387.5, 8.184609533832969)",0.20815327967545474,0.0,-0.45098490439288585,0.2341027307172043,232.25010000169277
5,1,44,"(137.5, 412.5, 9.458994007438445)",0.003891021013254009,0.0,-0.6777688587581908,0.02881451864734609,228.45800000141026
5,1,45,"(137.5, 412.5, 9.458994007438445)",0.18389253732226823,758.3341674804688,-0.22816439870033708,0.330022419513288,125.27480000062496
5,1,46,"(137.5, 437.5, 10.499382396270086)",0.24382406800907067,0.0,-0.49728329918816105,0.17006919581511573,246.12139999953797
5,1,47,"(162.5, 437.5, 13.254586740016286)",-6.984919309616089e-08,0.0,-0.7672886337766399,0.00019570342694198874,227.33099999823025
5,1,48,"(162.5, 437.5, 13.254586740016286)",0.05624949430106822,782.2015380859375,-0.27223658892025426,0.05770774319723006,121.28089999896474
5,1,49,"(187.5, 437.5, 16.502195647044346)",-2.45610470448278e-08,0.0,-0.5216227691578631,2.0692669499347015e-05,198.877499999071
5,1,50,"(212.5, 437.5, 19.809611758762614)",1.5264959074556828e-08,0.0,-0.7530917643227171,1.7314945551547915e-10,236.5045000005921
5,1,51,"(212.5, 437.5, 19.809611758762614)",0.00268978246429067,859.4910278320312,-0.23146899906458013,0.001331864558337388,122.53350000173668
5,1,52,"(237.5, 437.5, 21.459341898515387)",7.062152433010859e-07,0.0,-1.399809492295002,3.873603053812812e-06,224.9020000017481
5,2,0,"(137.5, 362.5, 6.88289330546234)",0.6926349611559428,740.5789184570312,-0.2455406374092363,1.3576273095779339,122.45569999868167
5,2,1,"(112.5, 362.5, 5.753213768936505)",0.2905239394093073,0.0,-0.4730406463553341,0.7118382630581005,225.9143999981461
5,2,2,"(112.5, 387.5, 6.700045574866817)",0.011123965183881137,0.0,-0.6809692439082211,0.3045300442999922,228.76620000170078
5,2,3,"(112.5, 387.5, 6.700045574866817)",0.33560074374745835,742.6962890625,-0.2219543200323585,0.8082954729125434,121.13609999869368
5,2,4,"(112.5, 362.5, 5.753213768936505)",0.24829538452814354,0.0,-0.4502203936101733,0.4025556532772929,232.95610000059241
5,2,5,"(112.5, 337.5, 4.834376816244601)",0.007171603540568334,0.0,-0.6718711863920698,0.0898806876664504,231.39889999947627
5,2,6,"(112.5, 337.5, 4.834376816244601)",0.2140650224481125,742.9893188476562,-0.22805624797664653,0.5443951322329733,119.61149999842746
5,2,7,"(112.5, 312.5, 3.997603125569143)",0.34514379154682345,0.0,-0.46287255861010485,0.6187427670430435,248.5701000005065
5,2,8,"(112.5, 287.5, 3.266470567666104)",0.019639149308200918,0.0,-0.6902834521619178,0.2860861761247312,232.84579999744892
5,2,9,"(112.5, 287.5, 3.266470567666104)",0.28667402289259447,738.7764892578125,-0.23507283138597465,1.2502093481224925,120.70550000134972
5,2,10,"(112.5, 312.5, 3.997603125569143)",0.4591355183843001,0.0,-0.49005102056753114,1.2386748124881628,234.47179999857326
5,2,11,"(112.5, 337.5, 4.834376816244601)",0.043682391444780894,0.0,-0.7062557052724908,0.4096854106779047,236.3275000025169
5,2,12,"(112.5, 337.5, 4.834376816244601)",0.3228906814175391,742.4227905273438,-0.22754064119071443,0.7233179812254061,122.73679999998421
5,2,13,"(112.5, 362.5, 5.753213768936505)",0.2571733500192662,0.0,-0.45348793972508716,0.45011158063980605,246.63370000052964
5,2,14,"(112.5, 387.5, 6.700045574866817)",0.0024367862691549616,0.0,-0.6729181154660789,0.09479847612474014,226.1596999996982
5,2,15,"(112.5, 387.5, 6.700045574866817)",0.14674158376351149,748.7546997070312,-0.2214687269018025,0.3937159639601379,120.3473000023223
5,2,16,"(112.5, 362.5, 5.753213768936505)",0.24158433584655928,0.0,-0.44892010658755294,0.3413482301852504,232.92690000016592
5,2,17,"(137.5, 362.5, 6.88289330546234)",0.011906679719691306,0.0,-0.6744544924995611,0.13565053468832838,222.00770000199554
5,2,18,"(137.5, 362.5, 6.88289330546234)",0.3772933519941541,744.2293090820312,-0.23116382485009548,0.7060502859178952,123.849199997494
5,2,19,"(137.5, 387.5, 8.184609533832969)",0.18503031310149703,0.0,-0.45098490439288597,0.23410273071720425,231.32950000217534
5,2,20,"(137.5, 412.5, 9.458994007438445)",0.002887914578120425,0.0,-0.6777688587581908,0.02881451864734609,223.46850000030827
5,2,21,"(137.5, 412.5, 9.458994007438445)",0.188669449951733,758.4650268554688,-0.22816439870033706,0.3300223779270531,122.8493000016897
5,2,22,"(137.5, 437.5, 10.499382396270086)",0.22562190010648736,0.0,-0.49728329918816105,0.1700691958083515,244.46290000196313
5,2,23,"(112.5, 437.5, 8.264048786739911)",0.013766358296051991,0.0,-0.7556746302071224,0.04715592132392663,230.2343999981531
5,2,24,"(112.5, 437.5, 8.264048786739911)",0.16748182810804407,752.610107421875,-0.2576763484390876,0.1802264695246003,120.30930000037188
5,2,25,"(112.5, 412.5, 7.580708003809701)",0.021414319497544514,0.0,-0.48749931049611395,0.08692967361392935,233.94039999766392
5,2,26,"(112.5, 437.5, 8.264048786739911)",1.4839073185418132e-07,0.0,-0.7449709333370059,0.007753473307262381,225.82239999974263
5,2,27,"(112.5, 437.5, 8.264048786739911)",0.04913413418959811,752.3435668945312,-0.25708671455440435,0.08690958129477169,123.88229999851319
5,2,28,"(112.5, 462.5, 8.613227892873539)",0.23192209307380043,0.0,-0.5560181431012692,0.2046324151845621,240.58079999667825
5,2,29,"(87.5, 462.5, 6.711234702510277)",0.009561162442028053,0.0,-0.832603032698723,0.0771907983534478,225.021199999901
5,2,30,"(87.5, 462.5, 6.711234702510277)",0.25217118578415154,742.6195678710938,-0.2702946739838154,0.30075694345812765,121.86769999971148
5,2,31,"(87.5, 437.5, 6.482612700641647)",0.02379733996498216,0.0,-0.5151817746965868,0.03611917611949831,232.3569000000134
5,2,32,"(112.5, 437.5, 8.264048786739911)",0.0009132120758258509,0.0,-0.7722775020281594,0.0015770225026630572,225.69859999930486
5,2,33,"(112.5, 437.5, 8.264048786739911)",0.03899302660120196,753.0677490234375,-0.25703603397746244,0.06733616391767865,121.60980000044219
5,2,34,"(112.5, 462.5, 8.613227892873539)",0.21890086963910543,0.0,-0.5563670830845105,0.19373652963367047,232.70549999870127
5,2,35,"(87.5, 462.5, 6.711234702510277)",0.014069339881372578,0.0,-0.8324683979522856,0.07594915184197451,227.08160000183852
5,2,36,"(87.5, 462.5, 6.711234702510277)",0.262428080208838,742.8295288085938,-0.27037715031373993,0.30472144080908736,119.18050000167568
5,2,37,"(87.5, 437.5, 6.482612700641647)",0.02373725163737047,0.0,-0.515181668188989,0.03609549662719855,235.20519999874523
5,2,38,"(112.5, 437.5, 8.264048786739911)",1.483907321780164e-07,0.0,-0.7722773938543913,0.001576380408870917,232.1578999981284
5,2,39,"(112.5, 437.5, 8.264048786739911)",0.03837401529562722,753.2716064453125,-0.25703602313338747,0.06733290710745114,121.15439999979571
5,2,40,"(137.5, 437.5, 10.499382396270086)",0.06597383011936703,0.0,-0.5256346380233423,0.049552223706434875,201.9614000018919
5,2,41,"(162.5, 437.5, 13.254586740016286)",-6.984919309616089e-08,0.0,-0.7976711685674805,0.008141897783327802,239.21730000074604
5,2,42,"(162.5, 437.5, 13.254586740016286)",0.24461924704986468,757.7911987304688,-0.27223657224358316,0.2549218318742015,118.19359999935841
5,2,43,"(187.5, 437.5, 16.502195647044346)",-2.4561047044827077e-08,0.0,-0.5216227699690255,3.7457529186503615e-05,199.07529999909457
5,2,44,"(212.5, 437.5, 19.809611758762614)",1.5264959074556828e-08,0.0,-0.7530917643236109,2.0952024335237972e-10,235.64729999998235
5,2,45,"(212.5, 437.5, 19.809611758762614)",0.0017441139385006598,859.4910278320312,-0.2314689990645801,0.001331849449819475,122.08989999999176
5,2,46,"(237.5, 437.5, 21.459341898515387)",7.064106102428325e-07,0.0,-1.399809492295002,3.8736055758160265e-06,222.87519999736105
5,3,0,"(137.5, 362.5, 6.88289330546234)",0.6929142321789868,740.5088500976562,-0.24554063740923635,1.35762730777885,120.35800000012387
5,3,1,"(137.5, 387.5, 8.184609533832969)",0.37772204879942733,0.0,-0.4580815913290169,0.45879690676036644,233.49660000167205
5,3,2,"(162.5, 387.5, 9.797797492156253)",0.00948700308800483,0.0,-0.6910949595237211,0.07032780378602675,226.60430000178167
5,3,3,"(162.5, 387.5, 9.797797492156253)",0.33543460790009044,761.6666259765625,-0.23593420130836754,0.42540475684611595,124.29229999906966
5,3,4,"(187.5, 387.5, 11.364582883745452)",0.00833873280732253,0.0,-0.5289823298656176,0.010086080623753851,236.06160000053933
5,3,5,"(212.5, 387.5, 12.56601886791643)",1.5264959074556828e-08,0.0,-1.0041628313599682,1.3149027406803739e-05,265.03860000229906
5,3,6,"(212.5, 387.5, 12.56601886791643)",0.12738533043046935,788.8023681640625,-0.4749893796730592,0.13487288802818548,121.43699999796809
5,3,7,"(212.5, 412.5, 15.910281935579775)",0.8741051955873305,0.0,-0.6489668570567788,0.4875242618711677,199.21789999716566
5,3,8,"(237.5, 412.5, 16.71281874556001)",0.13174131512640824,0.0,-1.1765683006834307,0.3882950049346045,317.7077000000281
5,3,9,"(237.5, 412.5, 16.71281874556001)",0.08088379942351642,809.7504272460938,-0.27146953160002646,0.055723362619150583,121.9825000007404
5,3,10,"(237.5, 387.5, 13.016039592385813)",0.03254586370279315,0.0,-1.862606108293775,0.017921462152554666,215.05420000175945
5,3,11,"(237.5, 412.5, 16.71281874556001)",-2.832417774728335e-07,0.0,-2.586736670451047,3.026624118406199e-08,231.86920000080136
5,3,12,"(237.5, 412.5, 16.71281874556001)",0.027798980604437862,818.2097778320312,-0.27141962612304005,0.018316939359612233,123.44870000015362
5,3,13,"(237.5, 387.5, 13.016039592385813)",0.03546993483280374,0.0,-1.8643608181862694,0.015079217121719583,218.90300000086427
5,3,14,"(237.5, 412.5, 16.71281874556001)",-2.8325884120517127e-07,0.0,-2.586661855827259,2.4810755773468183e-08,229.72089999893797
5,3,15,"(237.5, 412.5, 16.71281874556001)",0.023004044883298283,818.2097778320312,-0.27141945405434115,0.017110659718587672,120.19170000348822
5,3,16,"(237.5, 387.5, 13.016039592385813)",0.03442730571165394,0.0,-1.8645290246343584,0.015117667430299943,222.32509999957983
5,3,17,"(237.5, 412.5, 16.71281874556001)",-2.8325979453732896e-07,0.0,-2.5866576760309505,2.449594004717001e-08,228.92380000121193
5,3,18,"(237.5, 412.5, 16.71281874556001)",0.02490088159999742,818.2097778320312,-0.2714194417870573,0.01703194049351314,123.07110000256216
5,3,19,"(237.5, 387.5, 13.016039592385813)",0.028939147921464386,0.0,-1.8645640074550438,0.015123034703169065,221.2108999992779
5,3,20,"(237.5, 412.5, 16.71281874556001)",-2.8325998199231524e-07,0.0,-2.586656854147274,2.4448691145974796e-08,242.54149999978836
5,3,21,"(237.5, 412.5, 16.71281874556001)",0.02561142714271618,813.760986328125,-0.2714194393662285,0.017016249818157032,122.59099999937462
5,3,22,"(237.5, 387.5, 13.016039592385813)",0.033182542762465676,0.0,-1.8645820615939046,0.01512412632745106,222.96350000033271
5,3,23,"(237.5, 412.5, 16.71281874556001)",-2.832600768829886e-07,0.0,-2.586656438113936,2.4415535226564273e-08,235.32469999918249
5,3,24,"(237.5, 412.5, 16.71281874556001)",0.028497272523449607,818.2118530273438,-0.2714194442533047,0.01700834292403688,121.51660000017728
5,3,25,"(237.5, 387.5, 13.016039592385813)",0.03340435948841429,0.0,-1.8645689506652279,0.01512491561434598,222.71100000216393
5,3,26,"(262.5, 387.5, 12.530028997518446)",0.012176925937153119,0.0,-2.8575314210304144,0.006001593075459232,257.62679999752436
5,3,27,"(262.5, 387.5, 12.530028997518446)",0.7511177086808001,773.3661499023438,-0.384038697790638,0.6437959898918653,121.05359999986831
5,3,28,"(262.5, 412.5, 15.847883528411389)",0.7023906130741289,0.0,-2.046089044460404,0.42015924907092095,219.9153000001388
5,3,29,"(262.5, 437.5, 19.691492564685472)",9.549699872471058e-08,0.0,-4.646768118404923,0.21669664185259252,298.95530000067083
5,3,30,"(262.5, 437.5, 19.691492564685472)",0.0034310245879562483,856.8884887695312,-2.2978238646254994,0.0014584537334099844,120.13669999942067
5,3,31,"(262.5, 437.5, 19.691492564685472)",7.778308875479141e-07,0.0,-4.595647729171851,3.874356702190001e-06,204.45379999728175
5,4,0,"(137.5, 362.5, 6.88289330546234)",0.6866553663894316,740.6183471679688,-0.24554063740923637,1.357627346010284,123.8377000008768
5,4,1,"(137.5, 387.5, 8.184609533832969)",0.35491562329882415,0.0,-0.4580815913290168,0.45879690676036633,231.6934999980731
5,4,2,"(137.5, 412.5, 9.458994007438445)",0.006762693325678468,0.0,-0.6818324774468526,0.07224511470391341,227.7447000014945
5,4,3,"(137.5, 412.5, 9.458994007438445)",0.22192044143283596,757.4901123046875,-0.22948968507091555,0.40483840391510256,122.32930000027409
5,4,4,"(137.5, 437.5, 10.499382396270086)",0.24917688179565228,0.0,-0.498119457299659,0.1943720377123202,257.3558000003686
5,4,5,"(112.5, 437.5, 8.264048786739911)",0.01198791464169994,0.0,-0.7559124010739631,0.05074364839610795,234.06809999869438
5,4,6,"(112.5, 437.5, 8.264048786739911)",0.16815926807208606,752.4673461914062,-0.2576983420037068,0.18165238262793443,122.00490000032005
5,4,7,"(112.5, 412.5, 7.580708003809701)",0.0254565473499555,0.0,-0.48750041866226657,0.08698995820913823,233.51139999795123
5,4,8,"(112.5, 437.5, 8.264048786739911)",0.0009132120758257995,0.0,-0.7449712426921122,0.007755825826922752,225.55909999937285
5,4,9,"(112.5, 437.5, 8.264048786739911)",0.050418819874432065,752.79248046875,-0.25708673275935345,0.08691407831933064,121.82580000080634
5,4,10,"(137.5, 437.5, 10.499382396270086)",0.06135414706028134,0.0,-0.5257058623746028,0.05262549983841486,204.0783000011288
5,4,11,"(162.5, 437.5, 13.254586740016286)",-6.984919309616089e-08,0.0,-0.7976703269954664,0.007427346668059825,239.43299999882584
5,4,12,"(162.5, 437.5, 13.254586740016286)",0.23675712898422607,759.0919799804688,-0.27223656523738793,0.24895390837946219,121.05529999826103
5,4,13,"(187.5, 437.5, 16.502195647044346)",-2.4561047044827792e-08,0.0,-0.521622764244406,3.7087438874471574e-05,199.68449999942095
5,4,14,"(212.5, 437.5, 19.809611758762614)",1.5264959074556828e-08,0.0,-0.7530917643235968,2.0895216203992047e-10,232.67439999835915
5,4,15,"(212.5, 437.5, 19.809611758762614)",0.0018562092395723662,859.4910278320312,-0.2314689990645801,0.0013318489152466225,120.34760000096867
5,4,16,"(237.5, 437.5, 21.459341898515387)",7.06142672155574e-07,0.0,-1.399809492295002,3.873602116504497e-06,227.5716999974975
5,5,0,"(137.5, 362.5, 6.88289330546234)",0.6881588005063694,740.6344604492188,-0.24554063740923635,1.3576273188181522,122.93890000000829
5,5,1,"(112.5, 362.5, 5.753213768936505)",0.31678896960882025,0.0,-0.47304064635533405,0.7118382630581005,229.53899999993155
5,5,2,"(112.5, 387.5, 6.700045574866817)",0.011461168527583202,0.0,-0.6809692439082212,0.3045300442999922,227.32490000271355
5,5,3,"(112.5, 387.5, 6.700045574866817)",0.33384921318840954,742.7315063476562,-0.22195432003235846,0.8082954585964863,122.730799997953
5,5,4,"(112.5, 362.5, 5.753213768936505)",0.2491318875993035,0.0,-0.45022039361017324,0.40255565327729304,231.01640000095358
5,5,5,"(112.5, 337.5, 4.834376816244601)",0.004444969197116765,0.0,-0.6718711863920696,0.0898806876664504,232.75420000209124
5,5,6,"(112.5, 337.5, 4.834376816244601)",0.21428119293514752,742.96240234375,-0.22805624797664653,0.5443951053325988,121.25880000166944
5,5,7,"(112.5, 312.5, 3.997603125569143)",0.3365197253590427,0.0,-0.4628725586101048,0.6187427670430437,249.42809999993187
5,5,8,"(112.5, 287.5, 3.266470567666104)",0.017916018764183982,0.0,-0.6902834521619178,0.2860861761247312,234.31800000253133
5,5,9,"(112.5, 287.5, 3.266470567666104)",0.2850849629417178,738.776123046875,-0.23507283138597473,1.2502093701629395,117.79089999981807
5,5,10,"(112.5, 312.5, 3.997603125569143)",0.4706705773362704,0.0,-0.49005102056753114,1.2386748124881628,234.53859999790438
5,5,11,"(112.5, 337.5, 4.834376816244601)",0.0390553995966863,0.0,-0.7062557052724908,0.40968541067790476,226.05119999934686
5,5,12,"(112.5, 337.5, 4.834376816244601)",0.32163981627261373,742.3436279296875,-0.22754064119071443,0.7233179575105816,120.36770000122488
5,5,13,"(112.5, 362.5, 5.753213768936505)",0.23969617139379484,0.0,-0.45348793972508705,0.45011158063980594,246.66099999740254
5,5,14,"(112.5, 387.5, 6.700045574866817)",0.003993659590679585,0.0,-0.672918115466079,0.09479847612474014,224.87249999903725
5,5,15,"(112.5, 387.5, 6.700045574866817)",0.1438479311337621,748.7676391601562,-0.22146872690180253,0.39371599462051055,122.0102000006591
5,5,16,"(112.5, 362.5, 5.753213768936505)",0.24135237063243245,0.0,-0.4489201065875529,0.3413482301852504,234.28879999846686
5,5,17,"(112.5, 337.5, 4.834376816244601)",0.005698891977466153,0.0,-0.6718186534712193,0.08878514733678622,231.14220000206842
5,5,18,"(112.5, 337.5, 4.834376816244601)",0.21073027795104593,743.0105590820312,-0.22803966951981156,0.5449093368015537,121.85280000267085
5,5,19,"(112.5, 312.5, 3.997603125569143)",0.3480453701402411,0.0,-0.4629221829291156,0.6197892237183126,251.29740000193124
5,5,20,"(112.5, 287.5, 3.266470567666104)",0.018289382259050014,0.0,-0.6902881542762548,0.2861641895224598,233.16610000256333
5,5,21,"(112.5, 287.5, 3.266470567666104)",0.286484687781644,738.7081909179688,-0.23507391849823528,1.250225217240278,121.11850000292179
5,5,22,"(112.5, 312.5, 3.997603125569143)",0.4563853104621335,0.0,-0.49005137887990535,1.2386777390627637,235.57609999988927
5,5,23,"(112.5, 337.5, 4.834376816244601)",0.03646331280468971,0.0,-0.7062558753584794,0.4096871550653549,224.4444999996631
5,5,24,"(112.5, 337.5, 4.834376816244601)",0.3140521177777588,742.4769897460938,-0.2275406626941211,0.7233186569592628,124.02280000242172
5,5,25,"(112.5, 362.5, 5.753213768936505)",0.24786656230968646,0.0,-0.45348794630959033,0.4501117525205812,247.4400000028254
5,5,26,"(112.5, 387.5, 6.700045574866817)",0.002209255471841798,0.0,-0.672918119856253,0.09479847704081093,222.96239999923273
5,5,27,"(112.5, 387.5, 6.700045574866817)",0.1434182312660256,749.0591430664062,-0.2214687269018025,0.3937159775802715,124.3700999984867
5,5,28,"(112.5, 362.5, 5.753213768936505)",0.22010917380417877,0.0,-0.44892010658755277,0.3413482301852503,237.25950000152807
5,5,29,"(112.5, 337.5, 4.834376816244601)",0.004445048669979572,0.0,-0.6718186534712193,0.0887851473367862,234.38479999822448
5,5,30,"(112.5, 337.5, 4.834376816244601)",0.21553211742378414,742.8070068359375,-0.22803966951981158,0.544909389679908,124.40199999764445
5,5,31,"(112.5, 312.5, 3.997603125569143)",0.3373284380123136,0.0,-0.4629221829291156,0.6197892237183126,247.95520000043325
5,5,32,"(112.5, 287.5, 3.266470567666104)",0.018935337662691242,0.0,-0.6902881542762548,0.28616418952245987,235.2178000001004
5,5,33,"(112.5, 287.5, 3.266470567666104)",0.2795967901345736,738.7564086914062,-0.23507391849823533,1.2502252158837266,121.41129999872646
5,5,34,"(112.5, 312.5, 3.997603125569143)",0.45949107804968525,0.0,-0.49005137887990524,1.2386777390627637,233.55589999846416
5,5,35,"(112.5, 337.5, 4.834376816244601)",0.03635642180840782,0.0,-0.7062558753584796,0.409687155065355,227.67550000207848
5,5,36,"(112.5, 337.5, 4.834376816244601)",0.31971326911841313,742.4086303710938,-0.2275406626941211,0.7233186947486494,122.03710000176216
5,5,37,"(112.5, 362.5, 5.753213768936505)",0.24341064090169853,0.0,-0.4534879463095904,0.4501117525205811,245.66350000168313
5,5,38,"(112.5, 387.5, 6.700045574866817)",0.01130834221836973,0.0,-0.6729181198562529,0.09479847704081092,231.2132000006386
5,5,39,"(112.5, 387.5, 6.700045574866817)",0.14455805850374234,749.0313110351562,-0.2214687269018025,0.3937159802557284,120.87640000027022
5,5,40,"(112.5, 362.5, 5.753213768936505)",0.22216026282092985,0.0,-0.4489201065875529,0.3413482301852503,234.65270000087912
5,5,41,"(112.5, 337.5, 4.834376816244601)",0.003482155501855978,0.0,-0.6718186534712192,0.08878514733678619,230.26510000272538
5,5,42,"(112.5, 337.5, 4.834376816244601)",0.2154347084622793,742.9645385742188,-0.22803966951981158,0.5449093367711859,121.2020000020857
5,5,43,"(112.5, 312.5, 3.997603125569143)",0.3261192993425841,0.0,-0.4629221829291156,0.6197892237183126,246.17790000047535
5,5,44,"(112.5, 287.5, 3.266470567666104)",0.01877265671888053,0.0,-0.6902881542762548,0.2861641895224598,235.0006000015128
5,5,45,"(112.5, 287.5, 3.266470567666104)",0.2799160775226733,738.7362670898438,-0.23507391849823536,1.2502252258065716,121.799500000634
5,5,46,"(112.5, 312.5, 3.997603125569143)",0.4554990011122504,0.0,-0.49005137887990535,1.238677739062764,234.38610000084736
5,5,47,"(112.5, 337.5, 4.834376816244601)",0.03888556609552416,0.0,-0.7062558753584794,0.409687155065355,222.72049999810406
5,5,48,"(112.5, 337.5, 4.834376816244601)",0.3234880187657001,742.3978271484375,-0.22754066269412115,0.7233186459555614,122.31439999959548
5,5,49,"(112.5, 362.5, 5.753213768936505)",0.2557381391350974,0.0,-0.45348794630959033,0.4501117525205811,247.58510000174283
5,5,50,"(112.5, 387.5, 6.700045574866817)",0.001979578907304948,0.0,-0.6729181198562532,0.09479847704081094,229.85849999895436
5,5,51,"(112.5, 387.5, 6.700045574866817)",0.14764546426497557,748.9766235351562,-0.22146872690180247,0.39371594699110074,121.7443000023195
5,5,52,"(112.5, 362.5, 5.753213768936505)",0.23115694691172506,0.0,-0.4489201065875529,0.3413482301852504,235.83639999924344
5,5,53,"(112.5, 337.5, 4.834376816244601)",0.0049379393458345005,0.0,-0.6718186534712194,0.0887851473367862,231.01060000044527
5,5,54,"(112.5, 337.5, 4.834376816244601)",0.20977085593629852,743.0242919921875,-0.22803966951981158,0.5449093185488053,119.90909999803989
5,5,55,"(112.5, 312.5, 3.997603125569143)",0.31872948318464756,0.0,-0.4629221829291155,0.6197892237183124,247.8173000017705
5,5,56,"(112.5, 287.5, 3.266470567666104)",0.02367780109244358,0.0,-0.6902881542762547,0.28616418952245976,229.97539999778382
5,5,57,"(112.5, 287.5, 3.266470567666104)",0.2783114747901699,738.7373657226562,-0.2350739184982354,1.2502252400881868,125.7143000002543
5,5,58,"(112.5, 312.5, 3.997603125569143)",0.4513958359357222,0.0,-0.4900513788799054,1.238677739062764,233.6332000013499
5,5,59,"(112.5, 337.5, 4.834376816244601)",0.042877649267508554,0.0,-0.7062558753584793,0.4096871550653549,225.75050000159536
5,5,60,"(112.5, 337.5, 4.834376816244601)",0.31997870682555946,742.4108276367188,-0.22754066269412115,0.7233186887092067,126.27280000015162
5,5,61,"(112.5, 362.5, 5.753213768936505)",0.24394350638513151,0.0,-0.45348794630959033,0.4501117525205811,247.4369999981718
5,5,62,"(112.5, 387.5, 6.700045574866817)",0.00537585156659904,0.0,-0.672918119856253,0.09479847704081092,223.74270000000251
5,5,63,"(112.5, 387.5, 6.700045574866817)",0.1437317643049627,748.8106689453125,-0.22146872690180247,0.39371597104641454,124.50130000070203
5,5,64,"(112.5, 362.5, 5.753213768936505)",0.20679809728129078,0.0,-0.4489201065875529,0.3413482301852503,233.4444000007352
5,5,65,"(112.5, 337.5, 4.834376816244601)",0.004063102106258396,0.0,-0.6718186534712192,0.08878514733678619,231.87749999851803
5,5,66,"(112.5, 337.5, 4.834376816244601)",0.20820278711303172,742.9563598632812,-0.22803966951981158,0.5449093156146013,125.52059999870835
5,5,67,"(112.5, 312.5, 3.997603125569143)",0.3451080181191592,0.0,-0.46292218292911563,0.6197892237183127,251.62819999968633
5,5,68,"(112.5, 287.5, 3.266470567666104)",0.013728355368005162,0.0,-0.6902881542762549,0.2861641895224599,234.43509999924572
5,5,69,"(112.5, 287.5, 3.266470567666104)",0.2866743714095398,738.7639770507812,-0.23507391849823533,1.2502252205653315,120.91149999832851
5,6,0,"(137.5, 362.5, 6.88289330546234)",0.6909004294848484,740.630126953125,-0.24554063740923632,1.3576272998494852,120.83110000094166
5,6,1,"(112.5, 362.5, 5.753213768936505)",0.297581467794984,0.0,-0.47304064635533405,0.7118382630581004,230.18560000127763
5,6,2,"(112.5, 387.5, 6.700045574866817)",0.008199283853170808,0.0,-0.6809692439082211,0.3045300442999922,225.20129999975325
5,6,3,"(112.5, 387.5, 6.700045574866817)",0.33825569510255793,742.6181640625,-0.22195432003235846,0.8082954487264019,121.19580000216956
5,6,4,"(112.5, 362.5, 5.753213768936505)",0.278167204956666,0.0,-0.4502203936101733,0.4025556532772931,235.9614999986661
5,6,5,"(112.5, 337.5, 4.834376816244601)",0.006991120676186103,0.0,-0.6718711863920698,0.0898806876664504,231.12550000223564
5,6,6,"(112.5, 337.5, 4.834376816244601)",0.21320484653598096,742.8812866210938,-0.22805624797664653,0.5443951252274164,119.48580000171205
5,6,7,"(112.5, 312.5, 3.997603125569143)",0.34729983975230433,0.0,-0.4628725586101048,0.6187427670430435,244.78689999887138
5,6,8,"(112.5, 287.5, 3.266470567666104)",0.019804134964934755,0.0,-0.690283452161918,0.2860861761247312,231.9733999975142
5,6,9,"(112.5, 287.5, 3.266470567666104)",0.2783274742795872,738.7433471679688,-0.23507283138597468,1.2502093504938405,123.95090000063647
5,6,10,"(112.5, 312.5, 3.997603125569143)",0.4518553538827599,0.0,-0.49005102056753125,1.2386748124881628,240.0883000009344
5,6,11,"(112.5, 337.5, 4.834376816244601)",0.03708010166884699,0.0,-0.7062557052724906,0.4096854106779046,226.9458000009763
5,6,12,"(112.5, 337.5, 4.834376816244601)",0.3204381595291377,742.40185546875,-0.22754064119071443,0.7233179687988451,122.08910000117612
5,6,13,"(112.5, 362.5, 5.753213768936505)",0.24844327905199431,0.0,-0.45348793972508716,0.45011158063980605,248.1699000018125
5,6,14,"(112.5, 387.5, 6.700045574866817)",0.002436786269171074,0.0,-0.6729181154660788,0.09479847612474011,226.38480000023264
5,6,15,"(112.5, 387.5, 6.700045574866817)",0.1438121827026266,748.7728271484375,-0.22146872690180253,0.39371598722413464,122.74860000252374
5,6,16,"(112.5, 362.5, 5.753213768936505)",0.23283681315719418,0.0,-0.44892010658755294,0.34134823018525046,234.46530000001076
5,6,17,"(137.5, 362.5, 6.88289330546234)",0.015140430380892392,0.0,-0.6744544924995611,0.13565053468832838,225.20480000093812
5,6,18,"(137.5, 362.5, 6.88289330546234)",0.37914377111587305,744.126220703125,-0.2311638248500955,0.7060503288128936,123.6094999985653
5,6,19,"(137.5, 387.5, 8.184609533832969)",0.22825648761049616,0.0,-0.45098490439288597,0.23410273071720442,236.49670000304468
5,6,20,"(162.5, 387.5, 9.797797492156253)",0.004035720912116539,0.0,-0.6855158846948058,0.022703709958004113,232.41240000061225
5,6,21,"(162.5, 387.5, 9.797797492156253)",0.27616641578111395,763.4591674804688,-0.23493224093266923,0.3475610289017714,120.18869999883464
5,6,22,"(187.5, 387.5, 11.364582883745452)",0.015547385133025917,0.0,-0.5289689421213998,0.009477574462014601,232.1632999992289
5,6,23,"(187.5, 362.5, 9.103110310900643)",-7.951166480779649e-08,0.0,-0.8392680525562161,0.00012281650519966434,245.92060000213678
5,6,24,"(187.5, 362.5, 9.103110310900643)",0.1644353521952349,764.9285888671875,-0.3103130779133086,0.1888874690937001,124.1450999987137
5,6,25,"(212.5, 362.5, 9.863883753989105)",1.0246979061093835,0.0,-0.6159444255500233,1.041879582709879,233.23709999749553
5,6,26,"(212.5, 387.5, 12.56601886791643)",0.028508837024377537,0.0,-0.8457911875634577,0.3402494228332534,280.78129999994417
5,6,27,"(212.5, 387.5, 12.56601886791643)",0.23011824601768538,774.8211059570312,-0.22511164396435457,0.2247258727638628,120.14890000136802
5,6,28,"(237.5, 387.5, 13.016039592385813)",0.6637430957925354,0.0,-0.727321163253912,0.5421955453674565,234.19990000184043
5,6,29,"(237.5, 362.5, 10.136936791802604)",0.1992989182472261,0.0,-1.1824436054726932,0.5352534694144553,242.69640000056825
5,6,30,"(237.5, 362.5, 10.136936791802604)",0.6496604230735533,753.65234375,-0.3823450205848695,0.6249468526597791,120.65029999939725
5,6,31,"(212.5, 362.5, 9.863883753989105)",0.5938547608518646,0.0,-0.577278381588344,0.6711108723918114,218.48379999937606
5,6,32,"(212.5, 387.5, 12.56601886791643)",0.001407320611178852,0.0,-0.8183617016610896,0.017180137266875787,270.8679999996093
5,6,33,"(212.5, 387.5, 12.56601886791643)",0.12659983207262226,778.4505004882812,-0.22287329538839235,0.1243953175737558,120.93569999706233
5,6,34,"(237.5, 387.5, 13.016039592385813)",0.6586877764909856,0.0,-0.7250130788264709,0.5203852615084942,232.6173999972525
5,6,35,"(237.5, 362.5, 10.136936791802604)",0.20102943976720927,0.0,-1.1819664104049599,0.5335048020890443,242.49959999724524
5,6,36,"(237.5, 362.5, 10.136936791802604)",0.6412226288548029,754.03125,-0.3822878012906886,0.6234853965644764,121.80359999911161
5,6,37,"(212.5, 362.5, 9.863883753989105)",0.5921840890844097,0.0,-0.5772653021788953,0.6708790087755285,216.40000000115833
5,6,38,"(212.5, 387.5, 12.56601886791643)",0.0027678959692489158,0.0,-0.8183600604893777,0.0171660730794945,272.19829999739886
5,6,39,"(212.5, 387.5, 12.56601886791643)",0.12134552671799431,778.4320068359375,-0.22287314331725694,0.12437753113560512,125.84739999874728
5,6,40,"(237.5, 387.5, 13.016039592385813)",0.6386520740892119,0.0,-0.7250124446792701,0.5203802189371396,230.49830000309157
5,6,41,"(237.5, 362.5, 10.136936791802604)",0.20224561293918947,0.0,-1.1819663421859996,0.5335043686790216,239.30809999728808
5,6,42,"(237.5, 362.5, 10.136936791802604)",0.6510312541671328,753.5576171875,-0.38228781622213714,0.6234850562682098,119.99169999762671
5,6,43,"(237.5, 337.5, 7.894671343450355)",0.4952934255846807,0.0,-0.6127728961901479,0.443677880644162,238.84320000070147
5,6,44,"(262.5, 337.5, 7.706480720276972)",0.05911580721539307,0.0,-0.9648820310272573,0.3357248801349868,265.7206000003498
5,6,45,"(262.5, 337.5, 7.706480720276972)",0.6301344129025097,741.1234741210938,-0.2726542337236116,1.2112221534246828,121.68169999858947
5,6,46,"(262.5, 312.5, 6.024387455566984)",0.3578068432581031,0.0,-0.48815116795934127,0.6642347422461284,233.28219999893918
5,6,47,"(237.5, 312.5, 6.148385304590252)",0.03328344970942908,0.0,-0.7505954063499698,0.48833764267038204,271.0912999973516
5,6,48,"(237.5, 312.5, 6.148385304590252)",0.4588871662350651,740.0809936523438,-0.2534209159820637,1.1767765416187757,119.94599999889033
5,6,49,"(237.5, 337.5, 7.894671343450355)",0.43491239296984097,0.0,-0.49858098782548876,0.5298424135955339,210.0243999993836
5,6,50,"(237.5, 362.5, 10.136936791802604)",0.012348076949527425,0.0,-0.8442036015116788,0.0884885399749001,230.41299999749754
5,6,51,"(237.5, 362.5, 10.136936791802604)",0.5459941686816122,748.4057006835938,-0.3381648197351012,0.7123615898809933,171.14550000042072
5,6,52,"(262.5, 362.5, 9.841761282285685)",0.500001707938998,0.0,-0.4805947852391148,0.7013004317506601,233.60710000270046
5,6,53,"(287.5, 362.5, 9.065091200270214)",0.01784555241463103,0.0,-0.6875775855295975,0.09639368249557478,230.09710000042105
5,6,54,"(287.5, 362.5, 9.065091200270214)",0.3592261536476567,753.7942504882812,-0.2248875696895117,0.5186107934668597,119.24150000049849
5,6,55,"(287.5, 337.5, 7.198514700667702)",0.4389266445588982,0.0,-0.6017585386255044,0.6964106933690046,238.8137000016286
5,6,56,"(312.5, 337.5, 6.4720487778634865)",0.012371855477481652,0.0,-0.851435520606921,0.18976537668167304,295.28320000099484
5,6,57,"(312.5, 337.5, 6.4720487778634865)",0.35228666869491687,745.2266845703125,-0.24663767959718902,0.5660271479103774,120.42859999928623
5,6,58,"(337.5, 337.5, 5.641752186721501)",0.7125925460971974,0.0,-0.5492489340618304,0.834376104810383,233.25850000037462
5,6,59,"(362.5, 337.5, 4.801447242030367)",0.08509087562559212,0.0,-0.8573762002919327,0.6786999128144047,226.85420000198064
5,6,60,"(362.5, 337.5, 4.801447242030367)",0.4766851242570167,739.441162109375,-0.2641136562746592,1.2326751174440271,123.20270000054734
5,6,61,"(362.5, 312.5, 3.972924796908688)",0.5528555819555753,0.0,-0.5635809676722052,1.56211364115996,248.5372000010102
5,6,62,"(362.5, 287.5, 3.2481324511568093)",0.03396066278221728,0.0,-0.8296120529627077,1.1325968550688148,294.49680000107037
5,6,63,"(362.5, 287.5, 3.2481324511568093)",0.2971397344164397,739.0545654296875,-0.2320076973044218,1.507008111260975,121.62900000112131
5,6,64,"(362.5, 312.5, 3.972924796908688)",0.4716363642145377,0.0,-0.4924645615222772,1.4229219952177354,235.20529999950668
5,6,65,"(362.5, 337.5, 4.801447242030367)",0.1103262106577582,0.0,-0.8299214578453629,1.094111325327724,238.29099999784376
5,6,66,"(362.5, 337.5, 4.801447242030367)",0.5997156270747132,738.7538452148438,-0.33478103750889776,1.5418478096193802,120.00850000185892
5,6,67,"(362.5, 362.5, 5.709929773131825)",1.108047546399203,0.0,-0.7184152140757945,1.137889201551562,233.32680000021355
5,6,68,"(337.5, 362.5, 6.836404624384365)",0.0401388009389172,0.0,-0.8864637543014963,0.5899024043505426,264.352999998664
5,6,69,"(337.5, 362.5, 6.836404624384365)",0.4310415508355855,745.7651977539062,-0.23504716490528538,0.7327686019855632,123.48689999998896
5,7,0,"(137.5, 362.5, 6.88289330546234)",0.6925539291936654,740.5148315429688,-0.2455406374092363,1.3576273228705247,122.17529999907129
5,7,1,"(137.5, 387.5, 8.184609533832969)",0.3791376183442551,0.0,-0.4580815913290168,0.4587969067603662,232.726599999296
5,7,2,"(137.5, 412.5, 9.458994007438445)",0.005827774604154339,0.0,-0.6818324774468525,0.07224511470391341,226.8798999975843
5,7,3,"(137.5, 412.5, 9.458994007438445)",0.22416880478648696,757.9219360351562,-0.22948968507091558,0.4048384446486044,126.46550000135903
5,7,4,"(137.5, 437.5, 10.499382396270086)",0.2415345543634288,0.0,-0.49811945729965895,0.19437203764296812,241.60329999722308
5,7,5,"(162.5, 437.5, 13.254586740016286)",-6.98491930961609e-08,0.0,-0.7672894439561854,0.00020571693935107383,225.21680000136257
5,7,6,"(162.5, 437.5, 13.254586740016286)",0.0542961052568402,781.0663452148438,-0.27223658911327075,0.057726037780967944,119.86549999710405
5,7,7,"(137.5, 437.5, 10.499382396270086)",0.19792862194119612,0.0,-0.5427669881465914,0.14847691737823085,233.3329999964917
5,7,8,"(137.5, 412.5, 9.458994007438445)",2.9647101958592728e-08,0.0,-0.7673010384006924,0.0003240327593615146,240.48879999827477
5,7,9,"(137.5, 412.5, 9.458994007438445)",0.09584826744361193,760.8641357421875,-0.226627778743266,0.12092317176257315,126.54679999832297
5,7,10,"(137.5, 387.5, 8.184609533832969)",0.1529239790981198,0.0,-0.4511266764758074,0.2236265303916932,251.12459999945713
5,7,11,"(137.5, 362.5, 6.88289330546234)",0.0014599721568297245,0.0,-0.6779624943451933,0.02731008049280716,227.74109999954817
5,7,12,"(137.5, 362.5, 6.88289330546234)",0.1679102545678066,751.177490234375,-0.22836788042992845,0.24481036778567078,125.89980000120704
5,7,13,"(112.5, 362.5, 5.753213768936505)",0.1796942881054194,0.0,-0.45288687768556446,0.31879630263795494,250.1401999979862
5,7,14,"(112.5, 387.5, 6.700045574866817)",0.005259026462837892,0.0,-0.6758181295650371,0.13868189159226074,221.45029999956023
5,7,15,"(112.5, 387.5, 6.700045574866817)",0.29329836316542535,743.92626953125,-0.2214644910184013,0.6560590272880787,122.97820000094362
5,7,16,"(112.5, 362.5, 5.753213768936505)",0.24892692748374212,0.0,-0.4492476144934492,0.37732802621054035,238.3110000009765
5,7,17,"(112.5, 337.5, 4.834376816244601)",0.0038705393672018116,0.0,-0.6718266831735844,0.08886517947351244,233.13799999959883
5,7,18,"(112.5, 337.5, 4.834376816244601)",0.20901842820556038,742.9271850585938,-0.2280423971059548,0.5428849938471354,121.10609999945154
5,7,19,"(112.5, 312.5, 3.997603125569143)",0.3233540427046184,0.0,-0.46282605488117384,0.6177503223435784,246.85130000216304
5,7,20,"(112.5, 287.5, 3.266470567666104)",0.01716007292271656,0.0,-0.6902803499550624,0.28601874022106244,235.12080000000424
5,7,21,"(112.5, 287.5, 3.266470567666104)",0.2851374814183796,738.7939453125,-0.23507204839771836,1.2501730408539626,123.7583000001905
5,7,22,"(112.5, 312.5, 3.997603125569143)",0.4642997189201866,0.0,-0.49005025189406154,1.2386660384305885,233.98190000079921
5,7,23,"(112.5, 337.5, 4.834376816244601)",0.0349287713567275,0.0,-0.706255601865605,0.4096836436445637,228.71699999814155
5,7,24,"(112.5, 337.5, 4.834376816244601)",0.32064372973308064,742.3092651367188,-0.22754065364899156,0.7233170748178214,119.98709999897983
5,7,25,"(112.5, 362.5, 5.753213768936505)",0.25228186920021967,0.0,-0.4534879327363324,0.450111454698933,248.3618000005663
5,7,26,"(112.5, 387.5, 6.700045574866817)",0.0070595635721941,0.0,-0.6729181154660775,0.09479847612472457,233.40119999920717
5,7,27,"(112.5, 387.5, 6.700045574866817)",0.14537404892965963,748.9752807617188,-0.22146872690180253,0.3937159449635851,121.02750000121887
5,7,28,"(112.5, 362.5, 5.753213768936505)",0.21529735723056792,0.0,-0.4489201065875529,0.3413482301852504,233.68649999974878
5,7,29,"(112.5, 337.5, 4.834376816244601)",0.004445048669978104,0.0,-0.6718186534712192,0.08878514733678619,229.86910000327043
5,7,30,"(112.5, 337.5, 4.834376816244601)",0.21750027152466478,742.9946899414062,-0.22803966951981156,0.5449093185183911,121.2020000020857
5,7,31,"(112.5, 312.5, 3.997603125569143)",0.34442611076069896,0.0,-0.4629221829291156,0.6197892237183126,247.1146999996563
5,7,32,"(112.5, 287.5, 3.266470567666104)",0.023051316539414307,0.0,-0.6902881542762548,0.28616418952245987,230.87170000144397
5,7,33,"(112.5, 287.5, 3.266470567666104)",0.2855122152562032,738.7069702148438,-0.23507391849823536,1.2502251714474553,120.85500000102911
5,7,34,"(112.5, 312.5, 3.997603125569143)",0.4518993365587863,0.0,-0.4900513788799052,1.2386777390627635,232.89899999872432
5,7,35,"(112.5, 337.5, 4.834376816244601)",0.03002450118466523,0.0,-0.7062558753584796,0.40968715506535497,226.2321999987762
5,7,36,"(112.5, 337.5, 4.834376816244601)",0.31885723828794243,742.357177734375,-0.2275406626941211,0.7233186785244619,122.08290000125999
5,7,37,"(112.5, 362.5, 5.753213768936505)",0.26562988879239907,0.0,-0.45348794630959033,0.4501117525205811,243.35009999776958
5,7,38,"(112.5, 387.5, 6.700045574866817)",0.0038788213084267175,0.0,-0.672918119856253,0.09479847704081093,223.7687000015285
5,7,39,"(112.5, 387.5, 6.700045574866817)",0.145991058161875,748.7644653320312,-0.2214687269018025,0.3937159564413959,122.0065000015893
5,7,40,"(112.5, 362.5, 5.753213768936505)",0.2362199255965972,0.0,-0.448920106587553,0.3413482301852504,232.20719999881112
5,7,41,"(137.5, 362.5, 6.88289330546234)",0.012546754131712499,0.0,-0.6744544924995611,0.13565053468832836,224.16680000242195
5,7,42,"(137.5, 362.5, 6.88289330546234)",0.3851483734083573,744.1255493164062,-0.23116382485009548,0.7060503368165136,121.24319999929867
5,7,43,"(137.5, 387.5, 8.184609533832969)",0.20011414933872695,0.0,-0.45098490439288585,0.2341027307172043,236.29770000115968
5,7,44,"(137.5, 412.5, 9.458994007438445)",0.001023083770030893,0.0,-0.6777688587581909,0.028814518647346098,224.74999999758438
5,7,45,"(137.5, 412.5, 9.458994007438445)",0.18560871828487482,758.42822265625,-0.22816439870033706,0.3300223872415576,123.01799999841023
5,7,46,"(137.5, 437.5, 10.499382396270086)",0.23863418055682825,0.0,-0.49728329918816105,0.17006919577727886,243.3385999975144
5,7,47,"(112.5, 437.5, 8.264048786739911)",0.015504747629134561,0.0,-0.7556746302071223,0.047155921323926625,230.94920000221464
5,7,48,"(112.5, 437.5, 8.264048786739911)",0.16444256817711406,752.5673217773438,-0.2576763484390876,0.18022644871013985,126.43870000101742
5,7,49,"(87.5, 437.5, 6.482612700641647)",0.020817364655615546,0.0,-0.5032922241100891,0.04144791850475302,234.8122000003059
5,7,50,"(87.5, 462.5, 6.711234702510277)",6.568928589162754e-07,0.0,-0.7722737188656661,0.0014885344075343603,226.33869999845047
5,7,51,"(87.5, 462.5, 6.711234702510277)",0.05652823783866823,743.2529296875,-0.2690378768524785,0.08921189012852213,124.76729999980307
5,7,52,"(112.5, 462.5, 8.613227892873539)",0.42268461952312786,0.0,-0.5652933724805785,0.3963314609225151,203.64499999777763
5,7,53,"(112.5, 437.5, 8.264048786739911)",0.02051249146459649,0.0,-0.8332443422001514,0.08305245354249877,229.2167999985395
5,7,54,"(112.5, 437.5, 8.264048786739911)",0.19292264553486735,752.283935546875,-0.25802753492194386,0.20282925790586892,121.10150000080466
5,7,55,"(112.5, 412.5, 7.580708003809701)",0.01693351052186648,0.0,-0.48734097621260253,0.07717791596297359,230.2402000022994
5,7,56,"(112.5, 437.5, 8.264048786739911)",0.002693404133111074,0.0,-0.7449189988283716,0.0073587886390895025,225.68259999752627
5,7,57,"(112.5, 437.5, 8.264048786739911)",0.05109809013733656,752.3278198242188,-0.25708459294320185,0.0863717718186038,121.73389999952633
5,7,58,"(137.5, 437.5, 10.499382396270086)",0.06995283324901615,0.0,-0.5257061658422271,0.05264190882042087,206.30750000054832
5,7,59,"(162.5, 437.5, 13.254586740016286)",-6.984919309616089e-08,0.0,-0.7976703264117853,0.007427342028912205,234.11769999802345
5,7,60,"(162.5, 437.5, 13.254586740016286)",0.23949548103314744,759.3268432617188,-0.27223656255007206,0.24895377494045715,120.54749999879277
5,7,61,"(187.5, 437.5, 16.502195647044346)",-2.456104704482708e-08,0.0,-0.521622764244406,3.7087438874469846e-05,203.4306999994442
5,7,62,"(212.5, 437.5, 19.809611758762614)",1.5264959074556828e-08,0.0,-0.7530917643235968,2.0895216203992047e-10,233.36209999979474
5,7,63,"(212.5, 437.5, 19.809611758762614)",0.0007430432592841933,859.4910278320312,-0.23146899906458013,0.0013318524461275387,119.28119999720366
5,7,64,"(237.5, 437.5, 21.459341898515387)",7.061033136923871e-07,0.0,-1.3998094922950024,3.873601608375035e-06,226.8746999980067
5,8,0,"(137.5, 362.5, 6.88289330546234)",0.6968405703537098,740.60986328125,-0.2455406374092363,1.3576272698356426,122.61020000005374
5,8,1,"(112.5, 362.5, 5.753213768936505)",0.3137131295232121,0.0,-0.47304064635533405,0.7118382630581005,229.5735000006971
5,8,2,"(112.5, 387.5, 6.700045574866817)",0.008938222502669093,0.0,-0.6809692439082211,0.3045300442999922,228.3123000015621
5,8,3,"(112.5, 387.5, 6.700045574866817)",0.3393946724923475,742.69091796875,-0.2219543200323585,0.8082954519074714,122.97749999925145
5,8,4,"(112.5, 362.5, 5.753213768936505)",0.2550942202810312,0.0,-0.4502203936101733,0.4025556532772929,233.63249999965774
5,8,5,"(112.5, 337.5, 4.834376816244601)",0.006470096607995485,0.0,-0.67187118639207,0.08988068766645041,232.08359999989625
5,8,6,"(112.5, 337.5, 4.834376816244601)",0.2132545112647306,742.9473876953125,-0.22805624797664656,0.5443951411288779,120.84389999654377
5,8,7,"(112.5, 312.5, 3.997603125569143)",0.3463074884328164,0.0,-0.46287255861010485,0.6187427670430437,257.61400000192225
5,8,8,"(112.5, 287.5, 3.266470567666104)",0.02062151332695245,0.0,-0.6902834521619179,0.2860861761247312,237.39539999951376
5,8,9,"(112.5, 287.5, 3.266470567666104)",0.2833763253972885,738.8250122070312,-0.2350728313859747,1.2502093396815908,120.71219999779714
5,8,10,"(112.5, 312.5, 3.997603125569143)",0.4510359267279982,0.0,-0.49005102056753125,1.2386748124881628,233.64420000143582
5,8,11,"(112.5, 337.5, 4.834376816244601)",0.03794579952954866,0.0,-0.7062557052724906,0.40968541067790465,229.3707999997423
5,8,12,"(112.5, 337.5, 4.834376816244601)",0.31568492309251783,742.3842163085938,-0.22754064119071443,0.7233179655974967,121.80319999970379
5,8,13,"(112.5, 362.5, 5.753213768936505)",0.27138791140610885,0.0,-0.4534879397250872,0.45011158063980605,248.5796000000846
5,8,14,"(112.5, 387.5, 6.700045574866817)",0.005491961414616574,0.0,-0.672918115466079,0.09479847612474014,235.24219999671914
5,8,15,"(112.5, 387.5, 6.700045574866817)",0.14511449928250789,748.9236450195312,-0.2214687269018025,0.3937159574345377,122.90520000169636
5,8,16,"(112.5, 362.5, 5.753213768936505)",0.2379659156299241,0.0,-0.4489201065875529,0.3413482301852504,237.55610000080196
5,8,17,"(137.5, 362.5, 6.88289330546234)",0.0125543835262469,0.0,-0.6744544924995614,0.13565053468832838,225.08969999762485
5,8,18,"(137.5, 362.5, 6.88289330546234)",0.37971811486588264,744.11669921875,-0.2311638248500955,0.706050358687719,118.46749999676831
5,8,19,"(137.5, 387.5, 8.184609533832969)",0.22272241851296842,0.0,-0.4509849043928859,0.23410273071720436,237.9551000012725
5,8,20,"(162.5, 387.5, 9.797797492156253)",0.009655326604833538,0.0,-0.6855158846948057,0.022703709958004106,227.42619999917224
5,8,21,"(162.5, 387.5, 9.797797492156253)",0.28196035664121616,763.1478271484375,-0.23493224093266926,0.34756092963009716,122.92540000271401
5,8,22,"(187.5, 387.5, 11.364582883745452)",0.012282491884429744,0.0,-0.5289689421213998,0.009477574462014601,234.47070000111125
5,8,23,"(187.5, 362.5, 9.103110310900643)",-7.951166480779649e-08,0.0,-0.8392680525562162,0.00012281650519966434,241.61559999993187
5,8,24,"(187.5, 362.5, 9.103110310900643)",0.16191956831410595,764.9622192382812,-0.3103130779133086,0.18888753843089534,121.33879999964847
5,8,25,"(212.5, 362.5, 9.863883753989105)",1.0257778165993883,0.0,-0.6159444255500233,1.041879582709879,241.93379999996978
5,8,26,"(212.5, 387.5, 12.56601886791643)",0.03137272099654882,0.0,-0.8457911875634577,0.34024942283325343,276.14399999947636
5,8,27,"(212.5, 387.5, 12.56601886791643)",0.23047146675208954,774.5075073242188,-0.22511164396435457,0.22472590867422781,122.65499999921303
5,8,28,"(237.5, 387.5, 13.016039592385813)",0.6723753760997351,0.0,-0.7273211632539129,0.5421955453674572,237.42029999993974
5,8,29,"(237.5, 362.5, 10.136936791802604)",0.19999668995539308,0.0,-1.182443605472693,0.5352534694144553,240.40659999809577
5,8,30,"(237.5, 362.5, 10.136936791802604)",0.6508836093421776,753.934326171875,-0.3823450205848695,0.6249468890315634,122.16590000025462
5,8,31,"(212.5, 362.5, 9.863883753989105)",0.619258030445362,0.0,-0.5772783815883442,0.6711108723918113,220.62060000098427
5,8,32,"(212.5, 387.5, 12.56601886791643)",0.002767895969250042,0.0,-0.8183617016610898,0.01718013726687579,269.8668999983056
5,8,33,"(212.5, 387.5, 12.56601886791643)",0.12447820134038158,778.224365234375,-0.22287329538839237,0.12439533016759602,120.76669999805745
5,8,34,"(237.5, 387.5, 13.016039592385813)",0.6388612021798874,0.0,-0.7250130788264698,0.5203852615084936,237.92549999780022
5,8,35,"(237.5, 362.5, 10.136936791802604)",0.20274899403252059,0.0,-1.18196641040496,0.5335048020890444,244.09390000073472
5,8,36,"(237.5, 362.5, 10.136936791802604)",0.6515770729845568,754.0439453125,-0.3822878012906886,0.6234853610947695,123.21869999868795
5,8,37,"(212.5, 362.5, 9.863883753989105)",0.599880163046198,0.0,-0.5772653021788953,0.6708790087755283,224.32610000032582
5,8,38,"(212.5, 387.5, 12.56601886791643)",0.0053880369911373256,0.0,-0.8183600604893779,0.017166073079494488,271.2213000013435
5,8,39,"(212.5, 387.5, 12.56601886791643)",0.12505221701324112,778.839599609375,-0.22287314331725694,0.12437752450731841,126.1543000000529
5,8,40,"(237.5, 387.5, 13.016039592385813)",0.6554013067066913,0.0,-0.7250124446792691,0.5203802189371389,234.7595999999612
5,8,41,"(237.5, 362.5, 10.136936791802604)",0.20151247580845544,0.0,-1.1819663421859998,0.5335043686790217,239.90039999989676
5,8,42,"(237.5, 362.5, 10.136936791802604)",0.6539325816821658,753.916259765625,-0.38228781622213726,0.6234850623589883,124.89429999914137
5,8,43,"(237.5, 337.5, 7.894671343450355)",0.4889521998234034,0.0,-0.612772896190148,0.4436778806441622,233.21569999825442
5,8,44,"(262.5, 337.5, 7.706480720276972)",0.07434376080826718,0.0,-0.9648820310272573,0.33572488013498675,262.7360000005865
5,8,45,"(262.5, 337.5, 7.706480720276972)",0.6244487277477416,741.23388671875,-0.27265423372361147,1.2112221083054768,121.32600000040838
5,8,46,"(262.5, 312.5, 6.024387455566984)",0.35659343147753986,0.0,-0.4881511679593412,0.6642347422461283,235.83200000211946
5,8,47,"(287.5, 312.5, 5.684209381380459)",0.05998667081200316,0.0,-0.7586498679411899,0.4063237599658427,229.18819999904372
5,8,48,"(287.5, 312.5, 5.684209381380459)",0.5999725308102279,740.1427001953125,-0.27478881433277386,1.5397097422365618,121.93409999963478
5,8,49,"(287.5, 337.5, 7.198514700667702)",1.0263042239218196,0.0,-0.5780812288979582,1.425072596734539,232.36159999942174
5,8,50,"(287.5, 362.5, 9.065091200270214)",0.14595039685567396,0.0,-0.9126896719839576,0.7015786439511255,303.4802000001946
5,8,51,"(287.5, 362.5, 9.065091200270214)",0.7046998301471349,755.758544921875,-0.3319752502079998,0.6932839634154748,122.16239999906975
5,8,52,"(287.5, 387.5, 11.306348749090457)",0.012609270628917778,0.0,-0.6200786188692631,0.006659664794856772,232.36130000077537
5,8,53,"(287.5, 387.5, 11.306348749090457)",-2.2315362002700567e-07,0.0,-0.9236023603950694,6.455578731586869e-06,242.63520000022254
5,8,54,"(287.5, 387.5, 11.306348749090457)",0.009937238588659171,781.5197143554688,-0.3035457813102454,0.010804025320811561,121.50459999975283
5,8,55,"(287.5, 412.5, 13.851283065501828)",0.02788248955957101,0.0,-0.5512101970795834,0.013232993782279065,231.55499999847962
5,8,56,"(287.5, 437.5, 16.365669713099226)",-6.4207900625964e-08,0.0,-0.7896253543323217,1.1060045045989542e-08,228.0021000005945
5,8,57,"(287.5, 437.5, 16.365669713099226)",0.0018308574417215515,817.164306640625,-0.23842223629145073,0.0015295307718870632,121.60619999849587
5,8,58,"(312.5, 437.5, 13.134116007120344)",0.14328738848617564,0.0,-2.1369680623080907,0.06626641363863614,223.53819999989355
5,8,59,"(312.5, 462.5, 14.033224262378283)",4.358201598127683e-07,0.0,-2.4471912304327335,5.772845702171707e-05,230.46139999860316
5,8,60,"(312.5, 462.5, 14.033224262378283)",0.002388253564330605,814.9884033203125,-0.4542229404050897,0.001389909811873634,121.05069999961415
5,8,61,"(287.5, 462.5, 17.977012825427398)",2.6587562090995197e-06,0.0,-1.0221332636974905,4.238707205608944e-05,217.40720000161673
5,9,0,"(137.5, 362.5, 6.88289330546234)",0.6932431656324046,740.5758056640625,-0.2455406374092363,1.3576273364667486,128.22719999894616
5,9,1,"(137.5, 387.5, 8.184609533832969)",0.35450246144677633,0.0,-0.4580815913290168,0.4587969067603661,234.44679999738582
5,9,2,"(137.5, 412.5, 9.458994007438445)",0.00511220097542304,0.0,-0.6818324774468525,0.07224511470391341,227.5087000016356
5,9,3,"(137.5, 412.5, 9.458994007438445)",0.2278746974469978,757.7063598632812,-0.22948968507091558,0.4048384304281585,121.73339999935706
5,9,4,"(137.5, 437.5, 10.499382396270086)",0.28486362772213314,0.0,-0.498119457299659,0.1943720377956474,244.67179999919608
5,9,5,"(162.5, 437.5, 13.254586740016286)",-6.984919309616089e-08,0.0,-0.7672894439561854,0.00020571693935107383,229.76130000097328
5,9,6,"(162.5, 437.5, 13.254586740016286)",0.055311222360038215,777.9168090820312,-0.27223658911327087,0.057725990849727085,122.23070000254666
5,9,7,"(162.5, 462.5, 14.173358874352427)",2.1971186623917212e-06,0.0,-0.7140970566352316,0.00036700517824608066,234.2854000016814
5,9,8,"(187.5, 462.5, 18.15511649450833)",4.358201598127683e-07,0.0,-1.3032709562721214,9.535320173373912e-08,229.23829999854206
5,9,9,"(187.5, 462.5, 18.15511649450833)",0.036293316551320606,814.9467163085938,-0.5891736142729114,0.02633352128339405,119.73940000098082
5,0,0,"(487.5, 487.5, 2.4370033062802148)",0.4828704776931434,362.5658874511719,-0.2867539643116593,2.471585645258132,120.05859999771928
5,0,1,"(462.5, 487.5, 3.127296379115885)",0.4043415219664516,0.0,-0.484714955597642,1.5215482544858203,223.6062000010861
5,0,2,"(437.5, 487.5, 4.012520353342856)",0.08778444925943624,0.0,-0.746656733388171,1.1609863373584106,228.42409999793745
5,0,3,"(437.5, 487.5, 4.012520353342856)",0.46367457505540943,550.5460815429688,-0.2592700530183733,1.1577610371662084,120.96250000104192
5,0,4,"(412.5, 487.5, 5.147226552974528)",0.4335854585240834,0.0,-0.4913576599502064,0.4923174380425294,231.71730000103707
5,0,5,"(387.5, 487.5, 6.600725374454914)",0.005045011639602908,0.0,-0.7241221822313807,0.15847561547957129,226.50770000109333
5,0,6,"(387.5, 487.5, 6.600725374454914)",0.2608877774987708,557.3145141601562,-0.24676360209138085,0.6968185422072596,121.04209999961313
5,0,7,"(362.5, 487.5, 8.460406646791682)",0.5427221671298228,0.0,-0.5104820541944304,0.6593680484907785,242.5905000018247
5,0,8,"(337.5, 487.5, 10.834577821017316)",1.373700797779214e-07,0.0,-0.7618154650095141,0.0691204927075821,282.2621999985131
5,0,9,"(337.5, 487.5, 10.834577821017316)",0.03316458125995251,586.5512084960938,-0.2593771835530066,0.035535937650186616,119.87170000065817
5,0,10,"(312.5, 487.5, 13.851283065501828)",2.9106175988699293e-07,0.0,-0.5070335175656989,4.110991371976519e-06,219.84750000046915
5,0,11,"(287.5, 487.5, 17.635701174636083)",5.99684426560998e-08,0.0,-0.7275981015932897,4.936103263716336e-10,228.7417000006826
5,0,12,"(287.5, 487.5, 17.635701174636083)",0.003960401654807052,607.22607421875,-0.22056458409015714,0.0019382698984354754,120.48510000022361
5,0,13,"(287.5, 462.5, 17.977012825427398)",0.06558616305882128,0.0,-0.7884705176278644,0.02150409837192974,229.46550000051502
5,1,0,"(487.5, 487.5, 2.4370033062802148)",0.48710046200008145,362.52947998046875,-0.2867539643116593,2.4715856351593293,122.64700000014273
5,1,1,"(462.5, 487.5, 3.127296379115885)",0.3799946222106682,0.0,-0.4847149555976418,1.5215482544255852,220.60960000089835
5,1,2,"(437.5, 487.5, 4.012520353342856)",0.08708055814105994,0.0,-0.7466567333881711,1.160986337358411,224.21490000124322
5,1,3,"(437.5, 487.5, 4.012520353342856)",0.4633149433140756,550.3330688476562,-0.2592700530183733,1.1577610100677735,120.27790000138339
5,1,4,"(412.5, 487.5, 5.147226552974528)",0.4321821540449606,0.0,-0.4913576599502063,0.4923174380425294,230.84469999957946
5,1,5,"(412.5, 462.5, 5.176557100199439)",0.049056306481324315,0.0,-0.7387581047413597,0.2078020819441289,235.02010000083828
5,1,6,"(412.5, 462.5, 5.176557100199439)",0.378889261262472,739.51171875,-0.2600919189032285,0.6392506897494631,121.49919999865233
5,1,7,"(387.5, 462.5, 6.644563227708976)",0.5287055412053605,0.0,-0.5489828302565419,0.4152104997005192,230.6481999985408
5,1,8,"(362.5, 462.5, 8.527721324025148)",0.01181519155702291,0.0,-0.8500968779991197,0.09084899658392294,240.03779999839026
5,1,9,"(362.5, 462.5, 8.527721324025148)",0.3250513602650036,753.398681640625,-0.31274222114853745,0.4256157537833452,122.03099999896949
5,1,10,"(337.5, 462.5, 10.942007264844266)",0.9170924169125375,0.0,-0.6662546292767699,0.6107275590064128,218.81650000068475
5,1,11,"(312.5, 462.5, 14.033224262378283)",4.3582015981276834e-07,0.0,-1.1348635197352015,0.014740486516993077,237.2904000003473
5,1,12,"(312.5, 462.5, 14.033224262378283)",0.0025748793836390727,814.9884033203125,-0.4542229404117405,0.0016851815264128877,119.1359000004013
5,1,13,"(287.5, 462.5, 17.977012825427398)",2.6587562090995206e-06,0.0,-1.0221332636974938,4.2387072075922365e-05,226.60749999704421
5,2,0,"(487.5, 487.5, 2.4370033062802148)",0.48514383740235256,362.5983581542969,-0.2867539643116592,2.4715856379829844,124.83540000175708
5,2,1,"(487.5, 462.5, 2.446737931289699)",0.41983220015878103,0.0,-0.4964528304450427,1.8154480476080666,222.68500000063796
5,2,2,"(487.5, 437.5, 2.3962294749129978)",0.0477007180451985,0.0,-0.7273413480003537,1.4909462081827738,225.98020000077668
5,2,3,"(487.5, 437.5, 2.3962294749129978)",0.3243248758092677,548.5403442382812,-0.2386624822931507,1.870315961839756,119.83430000327644
5,2,4,"(462.5, 437.5, 3.0693002026442198)",0.3761135009479067,0.0,-0.4760157365969013,1.506896252116359,227.41369999857852
5,2,5,"(437.5, 437.5, 3.9290738535618197)",0.02906595667201338,0.0,-0.6919162873670289,1.106028376951534,234.60249999698135
5,2,6,"(437.5, 437.5, 3.9290738535618197)",0.26714247713341494,736.573974609375,-0.22916422883549928,1.3201353888739304,121.19969999912428
5,2,7,"(412.5, 437.5, 5.025427393027027)",0.3757637827679429,0.0,-0.4786109525294338,1.2437555420113562,231.46909999923082
5,2,8,"(387.5, 437.5, 6.419652941837749)",0.07016129295033405,0.0,-0.7345343769789883,0.8051097974839367,230.51680000207853
5,2,9,"(387.5, 437.5, 6.419652941837749)",0.4741638280536274,742.4680786132812,-0.2535251102313302,0.7132715382500526,122.01090000235126
5,2,10,"(362.5, 437.5, 8.184609533832969)",0.599099197964356,0.0,-0.5478787322494147,0.4271550162831118,209.07010000155424
5,2,11,"(337.5, 437.5, 10.400297021568935)",0.11435875296590634,0.0,-0.9700693198894176,0.27475319293989114,244.14369999794872
5,2,12,"(337.5, 437.5, 10.400297021568935)",0.6077787348987932,753.9190673828125,-0.42923157204144163,0.4908402834399147,119.08029999904102
5,2,13,"(312.5, 437.5, 13.134116007120344)",0.6718704799906512,0.0,-0.8814852642717353,0.6680395042932488,202.1697000018321
5,2,14,"(287.5, 437.5, 16.365669713099226)",1.5265254831493036e-08,0.0,-2.4818203994393393,0.2473351613635254,261.6571999969892
5,2,15,"(287.5, 437.5, 16.365669713099226)",0.6278666487260853,777.585693359375,-0.31818930005146084,0.42885786297959033,121.47030000051018
5,2,16,"(312.5, 437.5, 13.134116007120344)",0.1303266050120493,0.0,-2.001777386623648,0.05332241469575624,211.45360000082292
5,2,17,"(287.5, 437.5, 16.365669713099226)",-6.377597334978796e-08,0.0,-2.531740563307638,4.317590719538639e-09,239.6177999980864
5,2,18,"(287.5, 437.5, 16.365669713099226)",0.0028188575714909177,817.164306640625,-0.2384222364490825,0.0026090480885881734,123.13039999935427
5,2,19,"(312.5, 437.5, 13.134116007120344)",0.12561382713106858,0.0,-2.114946966209259,0.054455772215291416,219.8759999992035
5,2,20,"(287.5, 437.5, 16.365669713099226)",-6.420789895209334e-08,0.0,-2.5317405033048366,1.3166984038422793e-09,236.54589999932796
5,2,21,"(287.5, 437.5, 16.365669713099226)",0.0037756487133187486,817.164306640625,-0.23842223633858953,0.0021960402931847905,120.79910000102245
5,2,22,"(312.5, 437.5, 13.134116007120344)",0.12631609233001284,0.0,-2.122694214168512,0.05672420384725357,223.1059000005189
5,2,23,"(287.5, 437.5, 16.365669713099226)",-6.420789905303328e-08,0.0,-2.5317405023935335,1.285201315777272e-09,235.68370000066352
5,2,24,"(287.5, 437.5, 16.365669713099226)",0.0030396655309382144,817.164306640625,-0.23842223633640736,0.0021827729698318137,122.85950000295998
5,2,25,"(312.5, 437.5, 13.134116007120344)",0.12340718965217128,0.0,-2.1237946302854356,0.056640075993099975,221.1922999995295
5,2,26,"(287.5, 437.5, 16.365669713099226)",-6.420789906485695e-08,0.0,-2.5317405022866257,1.2805450058207107e-09,235.36579999927199
5,2,27,"(287.5, 437.5, 16.365669713099226)",0.0025436711230430046,817.164306640625,-0.23842223633614945,0.0021811461114232007,122.71990000226651
5,2,28,"(312.5, 437.5, 13.134116007120344)",0.14470928573962685,0.0,-2.1247068946036145,0.056444256247697236,225.72700000091572
5,2,29,"(287.5, 437.5, 16.365669713099226)",-6.420789907373984e-08,0.0,-2.5317405022062474,1.2764353489644356e-09,236.76130000239937
5,2,30,"(287.5, 437.5, 16.365669713099226)",0.002566774645131406,817.164306640625,-0.23842223633595538,0.002179953945397225,139.20489999873098
5,2,31,"(312.5, 437.5, 13.134116007120344)",0.14537942107537827,0.0,-2.122291391039482,0.05703148386030184,224.6396000009554
5,2,32,"(287.5, 437.5, 16.365669713099226)",-6.42078990503852e-08,0.0,-2.5317405024176414,1.287483948913742e-09,240.45269999987795
5,2,33,"(287.5, 437.5, 16.365669713099226)",0.0022146232688374876,817.164306640625,-0.2384222363364649,0.0021831342573721555,122.9693999994197
5,2,34,"(312.5, 437.5, 13.134116007120344)",0.12051030079557534,0.0,-2.1232870010457794,0.05675690900947708,227.07839999930002
5,2,35,"(312.5, 462.5, 14.033224262378283)",4.3582015981276834e-07,0.0,-2.4471933979977973,5.037020663208e-05,235.36220000096364
5,2,36,"(312.5, 462.5, 14.033224262378283)",0.00261192456432931,814.9884033203125,-0.4542229404050747,0.0013867973773215576,120.8385999998427
5,2,37,"(287.5, 462.5, 17.977012825427398)",2.658776173034875e-06,0.0,-1.0221332636974902,4.238707224314117e-05,214.6714999980759
5,3,0,"(487.5, 487.5, 2.4370033062802148)",0.4821485701777662,362.5500793457031,-0.28675396431165917,2.471585586562695,126.21370000124443
5,3,1,"(487.5, 462.5, 2.446737931289699)",0.4275083870843695,0.0,-0.4964528304450426,1.8154480475750356,222.95199999643955
5,3,2,"(462.5, 462.5, 3.1411719247664083)",0.03961873054504406,0.0,-0.7169920223608399,1.418857217569518,223.79609999916283
5,3,3,"(462.5, 462.5, 3.1411719247664083)",0.29728511744267166,730.73681640625,-0.23526094541554166,1.583849392788578,119.20619999727933
5,3,4,"(437.5, 462.5, 4.032539977718922)",0.36539971111375386,0.0,-0.4838051223866293,1.3133917752896327,232.86770000049728
5,3,5,"(412.5, 462.5, 5.176557100199439)",0.10999045769373536,0.0,-0.7703255231671053,1.074956893254545,237.62949999945704
5,3,6,"(412.5, 462.5, 5.176557100199439)",0.5509420154165561,737.4901123046875,-0.27344298247310395,0.9487727838088664,125.2383999999438
5,3,7,"(387.5, 462.5, 6.644563227708976)",0.5834604230175203,0.0,-0.5530611085974538,0.45679391642144573,231.0034000001906
5,3,8,"(362.5, 462.5, 8.527721324025148)",0.00917128846047762,0.0,-0.8503620506137778,0.0944575879703068,236.0542999995232
5,3,9,"(362.5, 462.5, 8.527721324025148)",0.32856296226506787,753.4569702148438,-0.3127384448548531,0.41883096864357067,123.16849999842816
5,3,10,"(337.5, 462.5, 10.942007264844266)",0.9061307922759095,0.0,-0.6663744865923423,0.6090069557622645,216.89920000062557
5,3,11,"(312.5, 462.5, 14.033224262378283)",4.358201598127683e-07,0.0,-1.134863514663487,0.014676678135224311,237.0045999996364
5,3,12,"(312.5, 462.5, 14.033224262378283)",0.00279916220653909,814.9884033203125,-0.45422294041173134,0.001684960263203656,121.07420000029379
5,3,13,"(287.5, 462.5, 17.977012825427398)",2.6587562090995193e-06,0.0,-1.0221332636974938,4.2387072075912004e-05,218.57480000107898
5,4,0,"(487.5, 487.5, 2.4370033062802148)",0.48401219796411765,362.5079345703125,-0.2867539643116592,2.4715856360025636,122.50440000207163
5,4,1,"(462.5, 487.5, 3.127296379115885)",0.37789815269190336,0.0,-0.4847149555976417,1.5215482547549857,224.22480000022915
5,4,2,"(437.5, 487.5, 4.012520353342856)",0.0875420570373514,0.0,-0.7466567333881711,1.1609863373584106,222.66899999885936
5,4,3,"(437.5, 487.5, 4.012520353342856)",0.46114560561853996,550.599853515625,-0.25927005301837336,1.1577609648536134,122.60579999929178
5,4,4,"(412.5, 487.5, 5.147226552974528)",0.42551539559472357,0.0,-0.49135765995020636,0.49231743804252914,228.73620000245865
5,4,5,"(387.5, 487.5, 6.600725374454914)",0.0027981549501510795,0.0,-0.724122182231381,0.15847561547957137,226.48929999922984
5,4,6,"(387.5, 487.5, 6.600725374454914)",0.25971803554992745,557.260498046875,-0.2467636020913808,0.6968185408393388,121.68630000087433
5,4,7,"(362.5, 487.5, 8.460406646791682)",0.5392683089869252,0.0,-0.5104820541944305,0.6593680484907783,238.53529999905732
5,4,8,"(337.5, 487.5, 10.834577821017316)",1.3737007975578308e-07,0.0,-0.7618154650095141,0.06912049270758208,280.79799999977695
5,4,9,"(337.5, 487.5, 10.834577821017316)",0.033646767249602486,586.1439819335938,-0.25937718355300665,0.035535913217627654,124.26589999813586
5,4,10,"(312.5, 487.5, 13.851283065501828)",2.910617598869929e-07,0.0,-0.5070335175656989,4.110991371976519e-06,216.80619999824557
5,4,11,"(287.5, 487.5, 17.635701174636083)",5.99684426560998e-08,0.0,-0.7275981015932897,4.936103263716336e-10,223.4485000008135
5,4,12,"(287.5, 487.5, 17.635701174636083)",0.0009676537461025973,607.22607421875,-0.22056458409015708,0.0019382699746781878,121.02120000054128
5,4,13,"(287.5, 462.5, 17.977012825427398)",0.06285559350623168,0.0,-0.7884705176278644,0.021504098234146573,228.1429000031494
5,5,0,"(487.5, 487.5, 2.4370033062802148)",0.48685610196737183,362.60791015625,-0.2867539643116592,2.4715855898930585,121.0785000002943
5,5,1,"(487.5, 462.5, 2.446737931289699)",0.43633494322471683,0.0,-0.4964528304450427,1.8154480473288253,221.85200000240002
5,5,2,"(487.5, 437.5, 2.3962294749129978)",0.04299250741799711,0.0,-0.7273413480003537,1.4909462081827736,226.32039999734843
5,5,3,"(487.5, 437.5, 2.3962294749129978)",0.3248757083948529,548.5577392578125,-0.23866248229315074,1.8703159484215957,122.11160000151722
5,5,4,"(462.5, 437.5, 3.0693002026442198)",0.38881725109747994,0.0,-0.4760157365969014,1.5068962521462521,224.63510000306997
5,5,5,"(437.5, 437.5, 3.9290738535618197)",0.027327805757510492,0.0,-0.6919162873670289,1.1060283769515338,223.4000999997079
5,5,6,"(437.5, 437.5, 3.9290738535618197)",0.26531818793996803,736.53662109375,-0.22916422883549928,1.3201353964273486,120.88999999832595
5,5,7,"(412.5, 437.5, 5.025427393027027)",0.38019541993274214,0.0,-0.4786109525294338,1.243755541884753,230.07000000143307
5,5,8,"(387.5, 437.5, 6.419652941837749)",0.07418619592984832,0.0,-0.7345343769789883,0.8051097974839369,228.99989999859827
5,5,9,"(387.5, 437.5, 6.419652941837749)",0.4641442511925297,742.3739624023438,-0.2535251102313303,0.7132715337529143,120.00230000194279
5,5,10,"(362.5, 437.5, 8.184609533832969)",0.5487536858991302,0.0,-0.5478787322494146,0.4271550164177928,207.8454000002239
5,5,11,"(337.5, 437.5, 10.400297021568935)",0.10758408904076859,0.0,-0.9700693198894177,0.2747531929398911,245.3070999981719
5,5,12,"(337.5, 437.5, 10.400297021568935)",0.5917395327018985,754.0230712890625,-0.42923157204144147,0.4908403584803244,123.50159999914467
5,5,13,"(312.5, 437.5, 13.134116007120344)",0.6590422536959163,0.0,-0.8814852642717357,0.6680395045211786,201.87889999942854
5,5,14,"(312.5, 437.5, 13.134116007120344)",0.00119051709771731,0.0,-1.2787870611256926,0.03553818221194351,263.2090999977663
5,5,15,"(312.5, 437.5, 13.134116007120344)",0.12039763229128135,775.65234375,-0.3898295020752258,0.11735380384052141,127.0174000019324
5,5,16,"(287.5, 437.5, 16.365669713099226)",0.08128747026477572,0.0,-1.9919496680759736,0.04627978375164739,246.49760000102106
5,5,17,"(262.5, 437.5, 19.691492564685472)",9.612478398528802e-08,0.0,-4.290807668823985,4.538210041839919e-06,261.0930999981065
5,5,18,"(262.5, 437.5, 19.691492564685472)",0.0012109763738670984,856.8884887695312,-2.2978238646245286,0.0012767142413815781,125.75720000313595
5,5,19,"(262.5, 437.5, 19.691492564685472)",7.756254880341045e-07,0.0,-4.595647729172352,3.874334686215188e-06,208.43709999826388
5,6,0,"(487.5, 487.5, 2.4370033062802148)",0.48452763209352173,362.4981994628906,-0.2867539643116593,2.4715856490971424,123.69629999739118
5,6,1,"(487.5, 462.5, 2.446737931289699)",0.420287741718052,0.0,-0.4964528304450426,1.8154480475100945,224.3999000020267
5,6,2,"(487.5, 437.5, 2.3962294749129978)",0.0469319770733369,0.0,-0.7273413480003535,1.4909462081827736,224.2216999984521
5,6,3,"(487.5, 437.5, 2.3962294749129978)",0.3223973510401768,548.508056640625,-0.23866248229315076,1.8703159233516844,119.01769999894896
5,6,4,"(462.5, 437.5, 3.0693002026442198)",0.39343190784490545,0.0,-0.4760157365969014,1.5068962517528257,225.48160000224016
5,6,5,"(437.5, 437.5, 3.9290738535618197)",0.02446312705676054,0.0,-0.6919162873670288,1.1060283769515338,225.58319999734522
5,6,6,"(437.5, 437.5, 3.9290738535618197)",0.2613122434798279,736.4495239257812,-0.22916422883549925,1.320135399445615,122.164000000339
5,6,7,"(412.5, 437.5, 5.025427393027027)",0.37204064988044505,0.0,-0.47861095252943386,1.2437555419864554,234.5248999990872
5,6,8,"(387.5, 437.5, 6.419652941837749)",0.0836937725543755,0.0,-0.7345343769789884,0.8051097974839367,232.8029999989667
5,6,9,"(387.5, 437.5, 6.419652941837749)",0.4620303988082999,742.2998046875,-0.2535251102313302,0.7132714664058993,122.44780000037281
5,6,10,"(362.5, 437.5, 8.184609533832969)",0.5436729747235273,0.0,-0.5478787322494147,0.4271550165666857,207.78920000157086
5,6,11,"(362.5, 462.5, 8.527721324025148)",0.08564881483720294,0.0,-0.932315343329978,0.5219339173162693,304.3820999992022
5,6,12,"(362.5, 462.5, 8.527721324025148)",0.4598294261309959,755.3956298828125,-0.3153760963246125,0.49419730640156534,125.12190000052215
5,6,13,"(337.5, 462.5, 10.942007264844266)",0.6838751252371087,0.0,-0.6752538435350358,0.39388314674433694,218.74120000211406
5,6,14,"(312.5, 462.5, 14.033224262378283)",4.3582015981276834e-07,0.0,-1.1348642488190093,0.00972747022446711,232.59039999902598
5,6,15,"(312.5, 462.5, 14.033224262378283)",0.0027408692988037573,814.9884033203125,-0.4542229404109241,0.001667722752856166,125.06589999975404
5,6,16,"(287.5, 462.5, 17.977012825427398)",2.658776172659722e-06,0.0,-1.0221332636974938,4.2387072262267336e-05,219.01209999850835
5,7,0,"(487.5, 487.5, 2.4370033062802148)",0.4868217779201485,362.5538635253906,-0.2867539643116593,2.4715856636614224,119.8385000025155
5,7,1,"(487.5, 462.5, 2.446737931289699)",0.4306904329781503,0.0,-0.49645283044504274,1.815448047372506,223.54499999710242
5,7,2,"(487.5, 437.5, 2.3962294749129978)",0.041990434130046314,0.0,-0.7273413480003537,1.490946208182774,224.50149999713176
5,7,3,"(487.5, 437.5, 2.3962294749129978)",0.3259900264428078,548.4915771484375,-0.23866248229315074,1.8703159288469828,122.5510000003851
5,7,4,"(462.5, 437.5, 3.0693002026442198)",0.38766138399664896,0.0,-0.47601573659690133,1.5068962518603983,228.35029999987455
5,7,5,"(437.5, 437.5, 3.9290738535618197)",0.02903464436528499,0.0,-0.691916287367029,1.106028376951534,227.93519999686396
5,7,6,"(437.5, 437.5, 3.9290738535618197)",0.2622312570479871,736.3650512695312,-0.2291642288354993,1.3201354305361304,120.1452999994217
5,7,7,"(412.5, 437.5, 5.025427393027027)",0.3700839798389715,0.0,-0.4786109525294338,1.243755541997877,234.76039999877685
5,7,8,"(387.5, 437.5, 6.419652941837749)",0.07707241177560656,0.0,-0.7345343769789884,0.8051097974839367,240.8162000028824
5,7,9,"(387.5, 437.5, 6.419652941837749)",0.46356956690581863,742.5242919921875,-0.25352511023133023,0.7132714586745998,121.78440000207047
5,7,10,"(362.5, 437.5, 8.184609533832969)",0.5578847167103447,0.0,-0.5478787322494146,0.42715501622896906,207.49029999933555
5,7,11,"(337.5, 437.5, 10.400297021568935)",0.09285323818528732,0.0,-0.9700693198894178,0.27475319293989114,242.03660000057425
5,7,12,"(337.5, 437.5, 10.400297021568935)",0.6019580672911886,754.1338500976562,-0.4292315720414416,0.4908402494156363,120.5640999978641
5,7,13,"(312.5, 437.5, 13.134116007120344)",0.6726636699968574,0.0,-0.8814852642717352,0.668039504755136,201.66130000143312
5,7,14,"(287.5, 437.5, 16.365669713099226)",0.015530203778914831,0.0,-2.48182039943934,0.24733516136352512,264.71719999972265
5,7,15,"(287.5, 437.5, 16.365669713099226)",0.6293954371209053,777.509765625,-0.3181893000514609,0.428857773310972,123.08789999951841
5,7,16,"(312.5, 437.5, 13.134116007120344)",0.13250786712660811,0.0,-2.0016593954222697,0.05333641093576994,213.17009999984293
5,7,17,"(287.5, 437.5, 16.365669713099226)",-6.420789236975056e-08,0.0,-2.5317405629238174,4.34217492265048e-09,241.40170000100625
5,7,18,"(287.5, 437.5, 16.365669713099226)",0.002285969107226843,817.164306640625,-0.23842223644846539,0.002607542093821765,125.47650000124122
5,7,19,"(312.5, 437.5, 13.134116007120344)",0.12734256315665632,0.0,-2.1130896344988694,0.054871397042723674,222.01229999700445
5,7,20,"(312.5, 437.5, 13.134116007120344)",0.20652113327101812,0.0,-2.60825534078276,0.2266146470053371,275.2950000030978
5,7,21,"(312.5, 437.5, 13.134116007120344)",0.4566645156244664,772.1551513671875,-0.40238093431099137,0.40156992182782425,126.10389999827021
5,7,22,"(287.5, 437.5, 16.365669713099226)",0.05244306169459159,0.0,-1.9928560789139658,0.031114737878994783,246.48260000321898
5,7,23,"(262.5, 437.5, 19.691492564685472)",9.696009852513195e-08,0.0,-4.29080763092773,3.9491044836977555e-06,259.7763000012492
5,7,24,"(262.5, 437.5, 19.691492564685472)",0.0027825288166047728,856.8884887695312,-2.297823864624528,0.0012752110096724341,118.14050000248244
5,7,25,"(262.5, 437.5, 19.691492564685472)",7.763187992012709e-07,0.0,-4.595647729172233,3.874341862852423e-06,202.39070000025094
5,8,0,"(487.5, 487.5, 2.4370033062802148)",0.48378899321770996,362.53753662109375,-0.2867539643116593,2.4715855634034187,123.03890000112006
5,8,1,"(462.5, 487.5, 3.127296379115885)",0.3884300503455982,0.0,-0.4847149555976419,1.5215482544885015,222.41120000035153
5,8,2,"(437.5, 487.5, 4.012520353342856)",0.0870263576507565,0.0,-0.7466567333881711,1.1609863373584108,226.7710000014631
5,8,3,"(437.5, 487.5, 4.012520353342856)",0.4577886506887303,550.427734375,-0.2592700530183734,1.1577609861724907,118.54270000185352
5,8,4,"(412.5, 487.5, 5.147226552974528)",0.42431246991575666,0.0,-0.49135765995020625,0.49231743804252925,231.43500000151107
5,8,5,"(387.5, 487.5, 6.600725374454914)",0.011399582028363385,0.0,-0.7241221822313807,0.15847561547957129,227.12329999922076
5,8,6,"(387.5, 487.5, 6.600725374454914)",0.25530450086933704,556.9952392578125,-0.2467636020913808,0.6968185496960678,120.32819999876665
5,8,7,"(362.5, 487.5, 8.460406646791682)",0.5516603252394431,0.0,-0.5104820541944305,0.6593680484907785,241.57909999848926
5,8,8,"(337.5, 487.5, 10.834577821017316)",1.3737008332077853e-07,0.0,-0.7618154650095144,0.0691204927075821,283.87389999988955
5,8,9,"(337.5, 487.5, 10.834577821017316)",0.03569149908010331,586.1570434570312,-0.2593771835530066,0.035535901887238326,121.36389999795938
5,8,10,"(312.5, 487.5, 13.851283065501828)",2.9106175988699293e-07,0.0,-0.5070335175656989,4.110991371976519e-06,218.19410000171047
5,8,11,"(287.5, 487.5, 17.635701174636083)",5.99684426560998e-08,0.0,-0.7275981015932897,4.936103263716336e-10,226.27610000199638
5,8,12,"(287.5, 487.5, 17.635701174636083)",0.0032618178640140346,607.22607421875,-0.2205645840901571,0.0019382767356674057,122.24589999823365
5,8,13,"(287.5, 462.5, 17.977012825427398)",0.053827198446998493,0.0,-0.7884705176278644,0.021504098366321053,234.8902999983693
5,9,0,"(487.5, 487.5, 2.4370033062802148)",0.4887449240153482,362.499267578125,-0.2867539643116593,2.4715856178705735,125.12640000204556
5,9,1,"(487.5, 462.5, 2.446737931289699)",0.4230225858996673,0.0,-0.4964528304450426,1.815448047516618,223.03130000000237
5,9,2,"(487.5, 437.5, 2.3962294749129978)",0.042846595247602634,0.0,-0.7273413480003537,1.490946208182774,225.1074999985576
5,9,3,"(487.5, 437.5, 2.3962294749129978)",0.3225826300470593,548.572021484375,-0.2386624822931507,1.8703159532655556,121.09729999792762
5,9,4,"(462.5, 437.5, 3.0693002026442198)",0.36204458409084506,0.0,-0.4760157365969013,1.506896252188317,226.3529000010749
5,9,5,"(437.5, 437.5, 3.9290738535618197)",0.0275398393472041,0.0,-0.691916287367029,1.106028376951534,226.54099999999744
5,9,6,"(437.5, 437.5, 3.9290738535618197)",0.26187178374491143,736.510009765625,-0.22916422883549925,1.3201354073272231,120.38570000004256
5,9,7,"(412.5, 437.5, 5.025427393027027)",0.3637165332636046,0.0,-0.47861095252943386,1.243755542005445,230.7208999991417
5,9,8,"(387.5, 437.5, 6.419652941837749)",0.08035479982694349,0.0,-0.7345343769789884,0.8051097974839369,231.76609999791253
5,9,9,"(387.5, 437.5, 6.419652941837749)",0.4653507569036771,742.443115234375,-0.25352511023133023,0.7132715260317657,120.57540000023437
5,9,10,"(362.5, 437.5, 8.184609533832969)",0.573285641955776,0.0,-0.5478787322494147,0.4271550166594419,207.09160000114935
5,9,11,"(362.5, 462.5, 8.527721324025148)",0.10553371906268302,0.0,-0.932315343329978,0.5219339173162693,296.82429999957094
5,9,12,"(362.5, 462.5, 8.527721324025148)",0.4529829470667484,755.3400268554688,-0.3153760963246125,0.494197344350017,128.85969999842928
5,9,13,"(337.5, 462.5, 10.942007264844266)",0.6904956860188907,0.0,-0.6752538435350357,0.3938831467269402,219.58640000229934
5,9,14,"(312.5, 462.5, 14.033224262378283)",4.358201598127683e-07,0.0,-1.1348642488190093,0.009727470224467108,235.50390000309562
5,9,15,"(312.5, 462.5, 14.033224262378283)",0.0011657981933586362,814.9884033203125,-0.45422294041092404,0.0016677350074004926,123.70839999857708
5,9,16,"(287.5, 462.5, 17.977012825427398)",2.6587562090995197e-06,0.0,-1.0221332636974936,4.238707207495037e-05,217.89069999795174
5,0,0,"(262.5, 487.5, 22.1418731987782)",0.0014907010512901788,626.5459594726562,-0.48324416630661216,0.0012331416368276454,122.35789999976987
5,1,0,"(262.5, 487.5, 22.1418731987782)",0.0018605143668233692,626.5459594726562,-0.4832441663066121,0.0012331367686050465,121.04109999927459
5,2,0,"(262.5, 487.5, 22.1418731987782)",0.0031473339434147474,626.5459594726562,-0.4832441663066122,0.0012331329587605803,123.83649999901536
5,3,0,"(262.5, 487.5, 22.1418731987782)",0.0013137273439547653,626.5459594726562,-0.4832441663066122,0.0012331441074879812,124.31389999983367
5,4,0,"(262.5, 487.5, 22.1418731987782)",0.001875480623378743,626.5459594726562,-0.48324416630661204,0.0012331359955845079,123.31590000030701
5,5,0,"(262.5, 487.5, 22.1418731987782)",0.0015105978898299285,626.5459594726562,-0.48324416630661216,0.0012331293842422772,122.99400000119931
5,6,0,"(262.5, 487.5, 22.1418731987782)",0.0007598282930451842,626.5459594726562,-0.4832441663066121,0.0012331372359465046,122.7790000011737
5,7,0,"(262.5, 487.5, 22.1418731987782)",0.002074609201527806,626.5459594726562,-0.4832441663066122,0.0012331444732834942,122.85440000050585
5,8,0,"(262.5, 487.5, 22.1418731987782)",0.00148660395668247,626.5459594726562,-0.48324416630661216,0.0012331409888096138,124.27609999940614
5,9,0,"(262.5, 487.5, 22.1418731987782)",0.0016091446403872244,626.5459594726562,-0.4832441663066121,0.0012331432158700416,124.95249999847147
5,0,0,"(462.5, 487.5, 3.127296379115885)",0.5364949758681689,546.7304077148438,-0.27351681553351703,2.1026452352669147,124.52399999892805
5,0,1,"(437.5, 487.5, 4.012520353342856)",0.5731275321446477,0.0,-0.5105399178726971,1.1939255645701092,236.3829000023543
5,0,2,"(412.5, 487.5, 5.147226552974528)",0.056480919321362795,0.0,-0.7375348475590566,0.5413642555276305,231.43160000108765
5,0,3,"(412.5, 487.5, 5.147226552974528)",0.3628464165650164,555.81787109375,-0.24601749413133173,0.6072198702853298,119.3435999994108
5,0,4,"(387.5, 487.5, 6.600725374454914)",0.22718638015383644,0.0,-0.4969818752969432,0.5536864187734041,249.30119999771705
5,0,5,"(362.5, 487.5, 8.460406646791682)",0.07057251532872313,0.0,-0.7632575739284526,0.44630812618310145,230.93539999899804
5,0,6,"(362.5, 487.5, 8.460406646791682)",0.4607969252689371,561.78759765625,-0.2619913106769002,0.6371085030178529,121.45080000118469
5,0,7,"(337.5, 487.5, 10.834577821017316)",0.03499156038001418,0.0,-0.5147504431450798,0.026479936651441622,233.30519999944954
5,0,8,"(312.5, 487.5, 13.851283065501828)",-2.1148783465226493e-08,0.0,-0.7622864492833401,2.3372066287175033e-08,226.606800002628
5,0,9,"(312.5, 487.5, 13.851283065501828)",0.0013438530370928432,600.398193359375,-0.24765737490158404,0.0013992324754020639,122.31370000154129
5,0,10,"(287.5, 487.5, 17.635701174636083)",4.4445020703900946e-07,0.0,-0.4682219593680258,6.872676705488186e-05,209.5841999980621
5,0,11,"(287.5, 462.5, 17.977012825427398)",5.169373859340944e-07,0.0,-1.0361316675553,6.877786090682567e-05,233.65579999881447
5,0,12,"(287.5, 462.5, 17.977012825427398)",0.13562010871323862,831.8748168945312,-0.5678956069423843,0.09226722298511518,119.35059999814257
5,1,0,"(462.5, 487.5, 3.127296379115885)",0.5407361288077509,546.6954956054688,-0.27351681553351703,2.102645235968277,123.67529999755789
5,1,1,"(437.5, 487.5, 4.012520353342856)",0.5828570517215174,0.0,-0.5105399178726974,1.1939255647099778,233.96750000028987
5,1,2,"(412.5, 487.5, 5.147226552974528)",0.05414155622324743,0.0,-0.7375348475590566,0.5413642555276305,232.94499999974505
5,1,3,"(412.5, 487.5, 5.147226552974528)",0.3692055860251938,555.57958984375,-0.24601749413133164,0.6072199247349966,122.15919999653124
5,1,4,"(387.5, 487.5, 6.600725374454914)",0.22916319339688968,0.0,-0.49698187529694304,0.5536864187734041,248.5406999985571
5,1,5,"(362.5, 487.5, 8.460406646791682)",0.0708294510841418,0.0,-0.7632575739284527,0.44630812618310156,228.3069000004616
5,1,6,"(362.5, 487.5, 8.460406646791682)",0.46006287822426684,561.830810546875,-0.26199131067690007,0.6371085168737988,119.4632000006095
5,1,7,"(337.5, 487.5, 10.834577821017316)",0.04476211594312656,0.0,-0.5147504431450799,0.02647993665144162,233.78179999781423
5,1,8,"(312.5, 487.5, 13.851283065501828)",-2.1148783465226497e-08,0.0,-0.7622864492833402,2.337206628717504e-08,229.2360000028566
5,1,9,"(312.5, 487.5, 13.851283065501828)",0.0019238491823522085,600.398193359375,-0.24765737490158402,0.0013992591201990481,121.47290000211797
5,1,10,"(287.5, 487.5, 17.635701174636083)",4.4445020703900936e-07,0.0,-0.4682219593680258,6.872676705488186e-05,210.352399997646
5,1,11,"(287.5, 462.5, 17.977012825427398)",5.169373861943178e-07,0.0,-1.0361316675552996,6.877786090682566e-05,235.31329999968875
5,1,12,"(287.5, 462.5, 17.977012825427398)",0.13630059636363998,832.0033569335938,-0.5678956069423843,0.0922672798242831,121.22049999743467
5,2,0,"(462.5, 487.5, 3.127296379115885)",0.5443033978589821,546.8134765625,-0.273516815533517,2.1026452783627225,124.55189999673166
5,2,1,"(437.5, 487.5, 4.012520353342856)",0.5932692867377118,0.0,-0.5105399178726974,1.1939255645634397,234.51400000340072
5,2,2,"(412.5, 487.5, 5.147226552974528)",0.06289175649480676,0.0,-0.7375348475590565,0.5413642555276305,231.95900000064285
5,2,3,"(412.5, 487.5, 5.147226552974528)",0.3681234053217436,555.6456909179688,-0.24601749413133175,0.6072199099918419,119.48169999959646
5,2,4,"(387.5, 487.5, 6.600725374454914)",0.2121175698713889,0.0,-0.49698187529694315,0.553686418773404,248.0857999980799
5,2,5,"(362.5, 487.5, 8.460406646791682)",0.0715848406155789,0.0,-0.7632575739284526,0.44630812618310134,226.72740000052727
5,2,6,"(362.5, 487.5, 8.460406646791682)",0.4653495626900903,561.6350708007812,-0.2619913106769002,0.6371084926167486,123.03749999773572
5,2,7,"(337.5, 487.5, 10.834577821017316)",0.04079710601404623,0.0,-0.5147504431450799,0.026479936651441622,237.45380000036675
5,2,8,"(312.5, 487.5, 13.851283065501828)",-2.114878346522649e-08,0.0,-0.7622864492833402,2.3372066287175013e-08,226.48110000227462
5,2,9,"(312.5, 487.5, 13.851283065501828)",0.0022211438195832507,600.398193359375,-0.24765737490158402,0.0013992291261252744,121.27479999981006
5,2,10,"(287.5, 487.5, 17.635701174636083)",4.4445020703900936e-07,0.0,-0.4682219593680258,6.872676705488186e-05,208.62380000107805
5,2,11,"(287.5, 462.5, 17.977012825427398)",5.169373859340944e-07,0.0,-1.0361316675553,6.877786090682567e-05,231.32930000065244
5,2,12,"(287.5, 462.5, 17.977012825427398)",0.12916372081155958,832.54541015625,-0.5678956069423841,0.09226717894211064,120.89420000120299
5,3,0,"(462.5, 487.5, 3.127296379115885)",0.5449916171307035,546.720458984375,-0.27351681553351703,2.102645300754697,122.28069999764557
5,3,1,"(437.5, 487.5, 4.012520353342856)",0.5931516788338439,0.0,-0.5105399178726974,1.193925564467095,234.2713999969419
5,3,2,"(412.5, 487.5, 5.147226552974528)",0.06963479022176831,0.0,-0.7375348475590566,0.5413642555276306,234.03130000224337
5,3,3,"(412.5, 487.5, 5.147226552974528)",0.3672117604938941,555.8164672851562,-0.24601749413133173,0.6072198911677982,123.35850000090431
5,3,4,"(387.5, 487.5, 6.600725374454914)",0.2194292925160818,0.0,-0.49698187529694315,0.5536864187734041,245.06269999983488
5,3,5,"(362.5, 487.5, 8.460406646791682)",0.06901087363561367,0.0,-0.7632575739284526,0.4463081261831015,229.28110000066226
5,3,6,"(362.5, 487.5, 8.460406646791682)",0.46242118226237444,561.5689697265625,-0.26199131067690007,0.6371085125102173,121.9602000019222
5,3,7,"(337.5, 487.5, 10.834577821017316)",0.05260508177493375,0.0,-0.5147504431450799,0.02647993665144163,230.24069999883068
5,3,8,"(312.5, 487.5, 13.851283065501828)",-2.1148783465226497e-08,0.0,-0.7622864492833402,2.3372066287175046e-08,225.6989000015892
5,3,9,"(312.5, 487.5, 13.851283065501828)",0.0020991459618339594,600.398193359375,-0.24765737490158402,0.0013992446697010084,124.02160000056028
5,3,10,"(287.5, 487.5, 17.635701174636083)",4.444502065012317e-07,0.0,-0.4682219593680258,6.872676705488184e-05,210.23570000033942
5,3,11,"(287.5, 462.5, 17.977012825427398)",5.169373859340944e-07,0.0,-1.0361316675553,6.877786090682567e-05,231.564999998227
5,3,12,"(287.5, 462.5, 17.977012825427398)",0.1333062871696508,838.5418701171875,-0.5678956069423842,0.09226728369651023,125.05260000034468
5,4,0,"(462.5, 487.5, 3.127296379115885)",0.5388930139415206,546.7974853515625,-0.2735168155335169,2.1026451961415327,124.66679999852204
5,4,1,"(437.5, 487.5, 4.012520353342856)",0.5781298585447695,0.0,-0.5105399178726974,1.1939255646340816,235.371100003249
5,4,2,"(412.5, 487.5, 5.147226552974528)",0.06454224884505556,0.0,-0.7375348475590566,0.5413642555276303,228.17480000230717
5,4,3,"(412.5, 487.5, 5.147226552974528)",0.36936965932468757,555.6253662109375,-0.24601749413133173,0.6072197424607945,122.8540999982215
5,4,4,"(387.5, 487.5, 6.600725374454914)",0.23250230901211558,0.0,-0.4969818752969431,0.5536864187734041,249.91559999762103
5,4,5,"(362.5, 487.5, 8.460406646791682)",0.06762820482253415,0.0,-0.7632575739284526,0.4463081261831014,230.16669999924488
5,4,6,"(362.5, 487.5, 8.460406646791682)",0.46737994502086444,562.0703125,-0.26199131067690007,0.6371085547519688,121.1637000014889
5,4,7,"(337.5, 487.5, 10.834577821017316)",0.033477777908833946,0.0,-0.5147504431450798,0.02647993665144161,236.14830000224174
5,4,8,"(312.5, 487.5, 13.851283065501828)",-2.1148783465226493e-08,0.0,-0.7622864492833402,2.337206628717502e-08,227.79769999760902
5,4,9,"(312.5, 487.5, 13.851283065501828)",0.002236473734204705,600.398193359375,-0.24765737490158402,0.0013992510734403998,122.31160000010277
5,4,10,"(287.5, 487.5, 17.635701174636083)",4.4445020758998285e-07,0.0,-0.46822195936802585,6.872676705488186e-05,209.81590000155848
5,4,11,"(287.5, 462.5, 17.977012825427398)",5.169373859340944e-07,0.0,-1.0361316675553,6.877786090682567e-05,232.69900000013877
5,4,12,"(287.5, 462.5, 17.977012825427398)",0.14032194276157314,833.7738037109375,-0.5678956069423842,0.09226722019067678,125.73340000017197
5,5,0,"(462.5, 487.5, 3.127296379115885)",0.5348091385373123,546.7586059570312,-0.273516815533517,2.102645360478487,124.57050000011805
5,5,1,"(437.5, 487.5, 4.012520353342856)",0.5826555975550386,0.0,-0.5105399178726974,1.1939255645223885,233.8409000003594
5,5,2,"(412.5, 487.5, 5.147226552974528)",0.06762094795696402,0.0,-0.7375348475590566,0.5413642555276306,227.41099999984726
5,5,3,"(412.5, 487.5, 5.147226552974528)",0.3658260381073821,555.6592407226562,-0.2460174941313317,0.6072198610139881,124.02640000073006
5,5,4,"(387.5, 487.5, 6.600725374454914)",0.22704472707255954,0.0,-0.4969818752969433,0.5536864187734042,246.67559999943478
5,5,5,"(362.5, 487.5, 8.460406646791682)",0.07207566499708894,0.0,-0.7632575739284526,0.44630812618310145,229.50180000043474
5,5,6,"(362.5, 487.5, 8.460406646791682)",0.4693577633251245,561.7740478515625,-0.26199131067690007,0.6371085263977256,123.6797999990813
5,5,7,"(337.5, 487.5, 10.834577821017316)",0.03165187137728533,0.0,-0.5147504431450798,0.02647993665144162,230.24960000111605
5,5,8,"(312.5, 487.5, 13.851283065501828)",-2.1148783465226497e-08,0.0,-0.7622864492833402,2.3372066287175036e-08,225.39749999850756
5,5,9,"(312.5, 487.5, 13.851283065501828)",0.0016977993429438426,600.398193359375,-0.247657374901584,0.0013992445057315834,120.61360000006971
5,5,10,"(287.5, 487.5, 17.635701174636083)",4.4445020703900936e-07,0.0,-0.4682219593680258,6.872676705488186e-05,211.39060000132304
5,5,11,"(287.5, 462.5, 17.977012825427398)",5.169373859340944e-07,0.0,-1.0361316675553,6.877786090682567e-05,230.68849999981467
5,5,12,"(287.5, 462.5, 17.977012825427398)",0.140891267704059,837.7994384765625,-0.5678956069423843,0.09226715140183596,120.9208000000217
5,6,0,"(462.5, 487.5, 3.127296379115885)",0.5412048184520818,546.790283203125,-0.273516815533517,2.1026452723323885,122.80620000092313
5,6,1,"(462.5, 462.5, 3.1411719247664083)",0.32595153951388983,0.0,-0.48473660307417404,1.4463358355879277,230.47529999894323
5,6,2,"(462.5, 437.5, 3.0693002026442198)",0.033379609386133255,0.0,-0.726496505339316,1.293172964545185,242.26199999975506
5,6,3,"(462.5, 437.5, 3.0693002026442198)",0.2962030409897552,733.4940795898438,-0.2331474856785893,1.5019192504032053,124.92039999779081
5,6,4,"(462.5, 412.5, 2.919906180572381)",0.40367737900730816,0.0,-0.4867406224169245,1.4171213096132884,231.87030000190134
5,6,5,"(437.5, 412.5, 3.7158125367455015)",0.05658299724260841,0.0,-0.7387529800331963,1.1213304344155333,227.52480000053765
5,6,6,"(437.5, 412.5, 3.7158125367455015)",0.39382750175740794,738.2266235351562,-0.25381776151059937,1.398605567114553,119.10970000099041
5,6,7,"(412.5, 412.5, 4.71743372998353)",0.3072080685814575,0.0,-0.5073304510626546,1.1441231310243813,250.58720000015455
5,6,8,"(387.5, 412.5, 5.968521653217249)",0.053907622893639755,0.0,-0.7514740177202118,0.9828474965235894,243.97500000122818
5,6,9,"(387.5, 412.5, 5.968521653217249)",0.4482918692192953,742.2427978515625,-0.24490365240367157,1.1683039742684325,123.02460000137216
5,6,10,"(362.5, 412.5, 7.512358105982148)",0.6832887114811639,0.0,-0.535974438736971,0.7520732606837673,236.59350000161794
5,6,11,"(337.5, 412.5, 9.377700043801939)",0.0011900795313310032,0.0,-0.7891668774969377,0.07413459180874796,235.07040000185953
5,6,12,"(337.5, 412.5, 9.377700043801939)",0.14275199243317427,766.3126831054688,-0.27249382493429125,0.18543495338452842,122.15899999864632
5,6,13,"(312.5, 412.5, 11.543004562335339)",0.008899988677511421,0.0,-0.5435595762572107,0.009176571524911773,232.86260000168113
5,6,14,"(287.5, 412.5, 13.851283065501828)",-2.447147077570359e-08,0.0,-0.7911538395836407,3.3211293687237914e-06,242.3008999976446
5,6,15,"(287.5, 412.5, 13.851283065501828)",0.0335121164262395,798.0101928710938,-0.2476575992307556,0.04074968807232033,121.71630000011646
5,6,16,"(262.5, 412.5, 15.847883528411389)",-1.2577647919016366e-06,0.0,-0.46821343907283103,0.00015041715258958915,218.74279999974533
5,6,17,"(262.5, 387.5, 12.530028997518446)",7.34073534986788e-05,0.0,-2.46214759774321,0.011739496651568386,246.77169999995385
5,6,18,"(262.5, 387.5, 12.530028997518446)",0.4488837861422797,758.810302734375,-0.4999707612235611,0.623710550636402,174.58569999871543
5,6,19,"(262.5, 362.5, 9.841761282285685)",0.5754426419718204,0.0,-0.7285950596590605,0.48247388646889133,247.26540000119712
5,6,20,"(287.5, 362.5, 9.065091200270214)",0.08022085825597583,0.0,-1.2208983195135739,0.15291612962320783,251.88510000225506
5,6,21,"(287.5, 362.5, 9.065091200270214)",0.6358003522637806,753.6724243164062,-0.3166515516554913,0.7551535744887184,120.50869999802671
5,6,22,"(312.5, 362.5, 7.999359988870806)",0.28222057210492996,0.0,-0.46008557500363134,0.42090476347003747,232.72889999861945
5,6,23,"(337.5, 362.5, 6.836404624384365)",0.0021664296897693906,0.0,-0.679984436590123,0.04032086022110292,234.57939999934752
5,6,24,"(337.5, 362.5, 6.836404624384365)",0.21118865733344644,750.45849609375,-0.2306258041833068,0.31717780327098355,121.36370000007446
5,6,25,"(337.5, 337.5, 5.641752186721501)",0.3794400549619691,0.0,-0.48627757049321074,0.6483145856193382,228.80880000229809
5,6,26,"(362.5, 337.5, 4.801447242030367)",0.17245785395302812,0.0,-0.8471417182781682,0.6332238994027076,256.9026000019221
5,6,27,"(362.5, 337.5, 4.801447242030367)",0.6236349799762144,738.9978637695312,-0.2843725098385081,1.3509939949585104,122.49949999750243
5,6,28,"(362.5, 362.5, 5.709929773131825)",1.1545504416273915,0.0,-0.6777399120419685,1.1840207729999332,233.9136000009603
5,6,29,"(362.5, 387.5, 6.644563227708976)",0.18477243185043146,0.0,-1.067593629137742,0.620168629261705,306.22829999992973
5,6,30,"(362.5, 387.5, 6.644563227708976)",0.8088299078813748,743.4732055664062,-0.3740536597454343,1.039974068643752,172.27439999987837
5,6,31,"(337.5, 387.5, 8.122025837780313)",0.5380639051871416,0.0,-0.5918699811762441,0.7464773917858869,233.82850000052713
5,6,32,"(337.5, 412.5, 9.377700043801939)",0.05745766063526054,0.0,-0.7948105035286721,0.38066099757664895,292.78960000010557
5,6,33,"(337.5, 412.5, 9.377700043801939)",0.3563296361916978,754.1166381835938,-0.22582512989571962,0.4910929062760033,123.54720000075758
5,6,34,"(312.5, 412.5, 11.543004562335339)",0.024245392700529528,0.0,-0.5437229597398197,0.017635225871595585,239.4691999979841
5,6,35,"(287.5, 412.5, 13.851283065501828)",-2.447147077570359e-08,0.0,-0.7911539247654276,4.384597991635409e-06,243.50659999981872
5,6,36,"(287.5, 412.5, 13.851283065501828)",0.03771303299683054,796.9183959960938,-0.24765759924307068,0.04078465502024679,122.49229999724776
5,6,37,"(262.5, 412.5, 15.847883528411389)",-1.2577647919016364e-06,0.0,-0.4682134390730531,0.00015042947805628373,218.9010000001872
5,6,38,"(262.5, 387.5, 12.530028997518446)",-6.267663550702651e-08,0.0,-2.4621821026378874,0.01172279158164766,249.0725999996357
5,6,39,"(262.5, 387.5, 12.530028997518446)",0.45499118545707484,758.8386840820312,-0.4999707602896393,0.6237185821140327,175.0952000002144
5,6,40,"(262.5, 362.5, 9.841761282285685)",0.5914089433552934,0.0,-0.7285950704816346,0.48247487393079613,258.2239000003028
5,6,41,"(262.5, 337.5, 7.706480720276972)",0.013564505924782437,0.0,-1.1403509584964384,0.04627228418468658,266.6061999989324
5,6,42,"(262.5, 337.5, 7.706480720276972)",0.23244224227020027,751.4422607421875,-0.23833762350278873,0.31032656637987155,121.8421000012313
5,6,43,"(237.5, 337.5, 7.894671343450355)",0.8924993144562148,0.0,-0.5492856023366026,1.1708241314731909,234.33429999931832
5,6,44,"(237.5, 312.5, 6.148385304590252)",0.0583060383796593,0.0,-0.828900105139652,0.8430501002171393,273.5973999988346
5,6,45,"(237.5, 312.5, 6.148385304590252)",0.3769664006091753,743.6441040039062,-0.2377402120028506,0.8366670410244359,122.86200000016834
5,6,46,"(237.5, 337.5, 7.894671343450355)",0.45284477265814504,0.0,-0.49629989008223296,0.5541460103352511,213.98300000146264
5,6,47,"(237.5, 362.5, 10.136936791802604)",0.017606239765891596,0.0,-0.8437264005548044,0.09046227347842098,233.3558999998786
5,6,48,"(237.5, 362.5, 10.136936791802604)",0.556646866469459,748.2197875976562,-0.33632484724337725,0.7204252500843349,173.18769999837968
5,6,49,"(262.5, 362.5, 9.841761282285685)",0.48921462207344113,0.0,-0.4805337397070712,0.7019355772549822,231.41670000040904
5,6,50,"(287.5, 362.5, 9.065091200270214)",0.016469559321799988,0.0,-0.687576828587314,0.0963833585882338,229.02800000156276
5,6,51,"(287.5, 362.5, 9.065091200270214)",0.3655893037564022,753.6395874023438,-0.22488710236637566,0.5186189633610069,121.85800000224845
5,6,52,"(312.5, 362.5, 7.999359988870806)",0.23351546598354073,0.0,-0.4557074708972849,0.35380500066918197,247.8125000016007
5,6,53,"(337.5, 362.5, 6.836404624384365)",0.0019218122276184713,0.0,-0.67984197428744,0.038071923941913936,231.93370000080904
5,6,54,"(337.5, 362.5, 6.836404624384365)",0.2072649408957819,750.6288452148438,-0.23061769550248343,0.31251421832709503,126.25340000158758
5,6,55,"(337.5, 337.5, 5.641752186721501)",0.4079470428715565,0.0,-0.4862796590424868,0.649353469956616,224.45840000000317
5,6,56,"(337.5, 312.5, 4.592532186196013)",0.010378437116743673,0.0,-0.7086489581151167,0.21686403539121762,225.15519999797107
5,6,57,"(337.5, 312.5, 4.592532186196013)",0.35860037175112847,739.758056640625,-0.23634157173619794,1.125494130270638,126.46130000211997
5,6,58,"(337.5, 337.5, 5.641752186721501)",0.7016279081921343,0.0,-0.5020915171030219,1.1773887046735816,232.77019999659387
5,6,59,"(337.5, 362.5, 6.836404624384365)",0.027336279551167474,0.0,-0.7138057194835196,0.2571540488766303,237.90119999830495
5,6,60,"(337.5, 362.5, 6.836404624384365)",0.29612916557039404,749.9028930664062,-0.23179824674818483,0.45650066844803505,122.36620000112453
5,6,61,"(337.5, 387.5, 8.122025837780313)",0.18523337685606867,0.0,-0.4541146134140805,0.15895922926001024,234.05249999996158
5,6,62,"(337.5, 412.5, 9.377700043801939)",0.002887937550739881,0.0,-0.6778129833111145,0.022782872408975433,226.7725000019709
5,6,63,"(337.5, 412.5, 9.377700043801939)",0.17106787049843936,759.27685546875,-0.22497422806109704,0.3161334478580615,121.80570000055013
5,6,64,"(337.5, 437.5, 10.400297021568935)",0.23694414496723037,0.0,-0.48338568527436443,0.15918077984171872,243.01570000170614
5,6,65,"(362.5, 437.5, 8.184609533832969)",0.052300706505737135,0.0,-0.9688087539222502,0.3422671411974974,281.08029999930295
5,6,66,"(362.5, 437.5, 8.184609533832969)",0.501306474250985,744.8062744140625,-0.2867130935991307,0.6685682301372244,119.85049999930197
5,6,67,"(337.5, 437.5, 10.400297021568935)",0.7658313603208173,0.0,-0.7233661438710212,0.43702893731416165,203.48069999818108
5,6,68,"(312.5, 437.5, 13.134116007120344)",0.2333715160687645,0.0,-1.484180686775544,0.503523794630866,249.55620000037015
5,6,69,"(312.5, 437.5, 13.134116007120344)",0.6546724118378922,763.7098999023438,-0.43613138018585385,0.6809088054480318,120.95480000061798
5,7,0,"(462.5, 487.5, 3.127296379115885)",0.5347252496453784,546.7357788085938,-0.2735168155335169,2.102645266185216,123.23830000241287
5,7,1,"(437.5, 487.5, 4.012520353342856)",0.5948093637179049,0.0,-0.5105399178726974,1.1939255646387748,240.5631000001449
5,7,2,"(412.5, 487.5, 5.147226552974528)",0.05830092728133841,0.0,-0.7375348475590566,0.5413642555276306,229.27730000083102
5,7,3,"(412.5, 487.5, 5.147226552974528)",0.37073653538263646,555.5986328125,-0.2460174941313317,0.6072198850254608,122.45090000214987
5,7,4,"(387.5, 487.5, 6.600725374454914)",0.2321382904842846,0.0,-0.49698187529694315,0.553686418773404,250.82069999916712
5,7,5,"(362.5, 487.5, 8.460406646791682)",0.07194461425145147,0.0,-0.7632575739284526,0.44630812618310145,225.72649999710848
5,7,6,"(362.5, 487.5, 8.460406646791682)",0.46327714916781415,562.10791015625,-0.26199131067690007,0.6371085078599237,121.30380000235164
5,7,7,"(337.5, 487.5, 10.834577821017316)",0.041763427724208865,0.0,-0.5147504431450799,0.02647993665144163,233.4475999996357
5,7,8,"(312.5, 487.5, 13.851283065501828)",-2.1148783465226493e-08,0.0,-0.7622864492833402,2.3372066287175027e-08,228.35540000232868
5,7,9,"(312.5, 487.5, 13.851283065501828)",0.0026443121445152828,600.398193359375,-0.247657374901584,0.0013992585785108412,117.85640000016429
5,7,10,"(287.5, 487.5, 17.635701174636083)",4.4445020703900756e-07,0.0,-0.46822195936802585,6.872676705488186e-05,209.25870000064606
5,7,11,"(287.5, 462.5, 17.977012825427398)",5.169373859340944e-07,0.0,-1.0361316675553,6.877786090682567e-05,232.47739999715122
5,7,12,"(287.5, 462.5, 17.977012825427398)",0.1401220129510171,833.4849853515625,-0.5678956069423842,0.09226716637733197,118.99479999920004
5,8,0,"(462.5, 487.5, 3.127296379115885)",0.5337375681184334,546.798828125,-0.2735168155335169,2.1026452805836904,123.32919999971637
5,8,1,"(437.5, 487.5, 4.012520353342856)",0.5899471942543625,0.0,-0.5105399178726974,1.193925564577134,230.86410000178148
5,8,2,"(412.5, 487.5, 5.147226552974528)",0.053958768645950936,0.0,-0.7375348475590566,0.5413642555276305,229.66079999969224
5,8,3,"(412.5, 487.5, 5.147226552974528)",0.3698054721676697,555.7102661132812,-0.2460174941313317,0.6072198333559325,121.53820000094129
5,8,4,"(387.5, 487.5, 6.600725374454914)",0.2214925032762057,0.0,-0.49698187529694315,0.5536864187734041,245.24139999994077
5,8,5,"(362.5, 487.5, 8.460406646791682)",0.07123690843581042,0.0,-0.7632575739284526,0.4463081261831015,226.71400000035646
5,8,6,"(362.5, 487.5, 8.460406646791682)",0.45565815704979457,562.1029052734375,-0.2619913106769001,0.637108482312201,122.66420000014477
5,8,7,"(337.5, 487.5, 10.834577821017316)",0.03198039405716752,0.0,-0.5147504431450799,0.02647993665144162,234.78989999784972
5,8,8,"(337.5, 462.5, 10.942007264844266)",0.022440550227915648,0.0,-0.882544369590036,0.02530908430637565,246.03729999944335
5,8,9,"(337.5, 462.5, 10.942007264844266)",0.5482355909947454,761.4815673828125,-0.36611458458824164,0.5454662314634884,123.01099999967846
5,8,10,"(312.5, 462.5, 14.033224262378283)",2.0920951697441176e-06,0.0,-0.8226027930386146,0.00019823949700474027,243.19789999935892
5,8,11,"(287.5, 462.5, 17.977012825427398)",5.169373859340944e-07,0.0,-1.3905139672354316,7.240842176577245e-08,257.70099999863305
5,8,12,"(287.5, 462.5, 17.977012825427398)",0.03476583289090393,853.4103393554688,-0.5679102477281459,0.022218544811987453,121.61420000120415
5,9,0,"(462.5, 487.5, 3.127296379115885)",0.538853678970483,546.8268432617188,-0.27351681553351703,2.102645354193267,122.70929999795044
5,9,1,"(437.5, 487.5, 4.012520353342856)",0.5871097380608205,0.0,-0.5105399178726973,1.1939255646015046,232.1375999999873
5,9,2,"(412.5, 487.5, 5.147226552974528)",0.06360216438767476,0.0,-0.7375348475590566,0.5413642555276305,231.40019999846118
5,9,3,"(412.5, 487.5, 5.147226552974528)",0.3652866539615836,555.6826782226562,-0.24601749413133173,0.6072198706089889,122.54480000046897
5,9,4,"(387.5, 487.5, 6.600725374454914)",0.22548004222700768,0.0,-0.49698187529694304,0.5536864187734041,255.07809999908204
5,9,5,"(362.5, 487.5, 8.460406646791682)",0.07183152437209636,0.0,-0.7632575739284523,0.44630812618310134,228.37280000021565
5,9,6,"(362.5, 487.5, 8.460406646791682)",0.4647163494593392,561.7728271484375,-0.2619913106769001,0.6371085354175413,120.0775999968755
5,9,7,"(337.5, 487.5, 10.834577821017316)",0.027606115380002273,0.0,-0.5147504431450798,0.026479936651441615,233.36090000157128
5,9,8,"(337.5, 487.5, 10.834577821017316)",0.0009330822861757847,0.0,-0.7742572204883187,0.003758870165407952,235.50579999937327
5,9,9,"(337.5, 487.5, 10.834577821017316)",0.1500324446888441,581.7080688476562,-0.25962042680380343,0.13449616905864703,123.88040000223555
5,9,10,"(312.5, 487.5, 13.851283065501828)",2.9106175988699267e-07,0.0,-0.5070335178238038,4.116004341834957e-06,217.7147000002151
5,9,11,"(287.5, 487.5, 17.635701174636083)",5.99684426560998e-08,0.0,-0.7275981015932897,4.936103263716336e-10,227.33720000178437
5,9,12,"(287.5, 487.5, 17.635701174636083)",0.0028536254836680364,607.22607421875,-0.22056458409015714,0.0019382545372749835,118.28130000139936
5,9,13,"(287.5, 462.5, 17.977012825427398)",0.06289138183744009,0.0,-0.7884705176278644,0.021504098369574415,230.63309999997728
5,0,0,"(187.5, 387.5, 11.364582883745452)",0.2909171122999989,775.636962890625,-0.2969238325578725,0.3040902858472595,129.7182000016619
5,0,1,"(187.5, 412.5, 13.941569591049829)",0.09786028122727652,0.0,-0.5358579835312506,0.05742464661407111,222.72940000038943
5,0,2,"(187.5, 437.5, 16.502195647044346)",-6.585226704676946e-08,0.0,-0.7846532183837288,6.920580243374347e-07,224.93049999684445
5,0,3,"(187.5, 437.5, 16.502195647044346)",0.0035999983093531526,817.1593017578125,-0.24938619374142876,0.0021829102359488227,120.65440000151284
5,0,4,"(212.5, 437.5, 19.809611758762614)",3.844804941195388e-07,0.0,-0.4808551928313952,1.364211820072796e-05,194.78109999909066
5,0,5,"(237.5, 437.5, 21.459341898515387)",7.432875766729315e-08,0.0,-1.6491956859894499,1.9292666839003377e-13,226.1489000011352
5,0,6,"(237.5, 437.5, 21.459341898515387)",0.002309566424870173,856.8884887695312,-1.1683404932304366,0.0012346284743522088,121.17200000284356
5,0,7,"(237.5, 437.5, 21.459341898515387)",7.067226018458218e-07,0.0,-2.3366809864608746,3.87360935246883e-06,212.85250000073574
5,1,0,"(187.5, 387.5, 11.364582883745452)",0.2892964868863547,775.6898193359375,-0.2969238325578725,0.30409020746483867,127.12550000287592
5,1,1,"(212.5, 387.5, 12.56601886791643)",0.7558997625717848,0.0,-0.6940107434854647,0.42324830864823754,232.1723999993992
5,1,2,"(237.5, 387.5, 13.016039592385813)",0.2281370162964142,0.0,-1.4554432127402301,0.44421776965978077,283.13250000064727
5,1,3,"(237.5, 387.5, 13.016039592385813)",0.9880925346543968,764.0756225585938,-0.5824710383168539,1.0057091869351187,120.34090000088327
5,1,4,"(237.5, 412.5, 16.71281874556001)",0.01252067607265772,0.0,-1.860833382309675,0.0063193105095866505,231.33840000082273
5,1,5,"(237.5, 437.5, 21.459341898515387)",7.432875766729316e-08,0.0,-3.029224299883271,5.284359733755754e-09,226.48419999677571
5,1,6,"(237.5, 437.5, 21.459341898515387)",0.0008523260345482127,856.8884887695312,-1.168340493230437,0.0012346236357468265,118.14469999808352
5,2,0,"(187.5, 387.5, 11.364582883745452)",0.2920284828185753,774.824951171875,-0.2969238325578725,0.3040902855673465,122.87640000067768
5,2,1,"(187.5, 412.5, 13.941569591049829)",0.09289670686444682,0.0,-0.5358579835312506,0.05742464661407111,227.38340000069002
5,2,2,"(212.5, 412.5, 15.910281935579775)",0.06914613147576008,0.0,-0.9637960999149805,0.09270703279588337,281.2894000016968
5,2,3,"(212.5, 412.5, 15.910281935579775)",0.8750093711919342,764.63134765625,-0.4162218747282427,0.6862411061054401,172.88819999885163
5,2,4,"(237.5, 412.5, 16.71281874556001)",0.01402163232868914,0.0,-0.6366156957690446,0.01127565533294067,197.7127999998629
5,2,5,"(237.5, 387.5, 13.016039592385813)",-2.3253582111240876e-07,0.0,-2.26927580964968,0.21316691347619587,243.2998000003863
5,2,6,"(237.5, 387.5, 13.016039592385813)",0.30361477255851627,808.704345703125,-0.7863786765882974,0.24629243303104448,126.15219999861438
5,2,7,"(237.5, 412.5, 16.71281874556001)",0.006557882055297894,0.0,-1.860873560429733,0.003194846164214612,234.06900000190944
5,2,8,"(237.5, 437.5, 21.459341898515387)",7.432875766729316e-08,0.0,-3.0292242997635683,3.889080885529399e-09,226.56620000270777
5,2,9,"(237.5, 437.5, 21.459341898515387)",0.0019348577625312587,856.8884887695312,-1.1683404932304369,0.001234624368256618,121.88360000072862
5,2,10,"(237.5, 437.5, 21.459341898515387)",7.06701773222796e-07,0.0,-2.336680986460874,3.87360908278606e-06,212.98620000015944
5,3,0,"(187.5, 387.5, 11.364582883745452)",0.29732618490795454,775.3304443359375,-0.2969238325578726,0.30409020524471364,122.71839999812073
5,3,1,"(187.5, 412.5, 13.941569591049829)",0.09548823008086271,0.0,-0.5358579835312506,0.057424646614071116,222.67920000012964
5,3,2,"(187.5, 437.5, 16.502195647044346)",-6.585226704676946e-08,0.0,-0.7846532183837288,6.920580243374347e-07,225.15190000194707
5,3,3,"(187.5, 437.5, 16.502195647044346)",0.002947210485297546,817.1593017578125,-0.24938619374142876,0.002182916068377558,122.28329999925336
5,3,4,"(212.5, 437.5, 19.809611758762614)",3.844804941195382e-07,0.0,-0.4808551928313951,1.3642118200727959e-05,195.84069999837084
5,3,5,"(237.5, 437.5, 21.459341898515387)",7.432875766729315e-08,0.0,-1.6491956859894499,1.9292666839003374e-13,225.6213000000571
5,3,6,"(237.5, 437.5, 21.459341898515387)",0.0012516969228228317,856.8884887695312,-1.1683404932304369,0.001234622135807104,125.2589000032458
5,3,7,"(262.5, 437.5, 19.691492564685472)",7.788635980495409e-07,0.0,-3.4661643578549137,3.873558302649542e-06,233.3223999994516
5,4,0,"(187.5, 387.5, 11.364582883745452)",0.2921869052833357,774.9111938476562,-0.2969238325578725,0.30409027711842945,122.68970000150148
5,4,1,"(212.5, 387.5, 12.56601886791643)",0.7668795889821776,0.0,-0.6940107434854645,0.4232483086482375,234.33210000075633
5,4,2,"(237.5, 387.5, 13.016039592385813)",0.2287090619405124,0.0,-1.4554432127402301,0.44421776965978077,284.2472000011185
5,4,3,"(237.5, 387.5, 13.016039592385813)",0.987925925155067,764.40234375,-0.5824710383168539,1.0057091701607006,122.76449999990291
5,4,4,"(237.5, 412.5, 16.71281874556001)",0.010032679938419255,0.0,-1.860833382309675,0.006319310509586658,231.84069999842905
5,4,5,"(237.5, 437.5, 21.459341898515387)",7.432875766729316e-08,0.0,-3.029224299883271,5.284359733755757e-09,227.20760000083828
5,4,6,"(237.5, 437.5, 21.459341898515387)",0.0019484363411634603,856.8884887695312,-1.168340493230437,0.0012346202932361152,119.51940000290051
5,5,0,"(187.5, 387.5, 11.364582883745452)",0.28869317116886767,775.0645141601562,-0.2969238325578725,0.3040903165534902,124.09040000056848
5,5,1,"(212.5, 387.5, 12.56601886791643)",0.7723360177901296,0.0,-0.6940107434854647,0.4232483086482375,229.48750000068685
5,5,2,"(237.5, 387.5, 13.016039592385813)",0.22880395253499203,0.0,-1.4554432127402301,0.4442177696597807,282.3638000008941
5,5,3,"(237.5, 387.5, 13.016039592385813)",0.9886438897583101,763.9230346679688,-0.5824710383168539,1.0057091958429893,119.39360000178567
5,5,4,"(237.5, 412.5, 16.71281874556001)",0.004455649677543649,0.0,-1.8608333823096752,0.006319310509586695,231.05789999681292
5,5,5,"(237.5, 437.5, 21.459341898515387)",7.432875766729316e-08,0.0,-3.029224299883271,5.284359733755756e-09,225.60689999954775
5,5,6,"(237.5, 437.5, 21.459341898515387)",0.002161391209902784,856.8884887695312,-1.1683404932304369,0.0012346163094485803,124.75350000022445
5,5,7,"(262.5, 437.5, 19.691492564685472)",7.797747069968327e-07,0.0,-3.466164357854914,3.873569506535377e-06,229.31030000108876
5,6,0,"(187.5, 387.5, 11.364582883745452)",0.2821785511598424,775.3316650390625,-0.2969238325578726,0.3040902637298789,121.94129999988945
5,6,1,"(212.5, 387.5, 12.56601886791643)",0.7634394241096345,0.0,-0.6940107434854645,0.4232483086482375,231.62650000085705
5,6,2,"(237.5, 387.5, 13.016039592385813)",0.22841771443685926,0.0,-1.4554432127402301,0.44421776965978077,279.45160000308533
5,6,3,"(237.5, 387.5, 13.016039592385813)",0.9916868270512232,764.1775512695312,-0.5824710383168539,1.0057091809809382,120.74329999813926
5,6,4,"(237.5, 412.5, 16.71281874556001)",0.012657764657006413,0.0,-1.860833382309675,0.006319310509586655,233.3330000001297
5,6,5,"(237.5, 437.5, 21.459341898515387)",7.432875766729316e-08,0.0,-3.029224299883271,5.284359733755754e-09,234.72380000021076
5,6,6,"(237.5, 437.5, 21.459341898515387)",0.001590675275945189,856.8884887695312,-1.1683404932304369,0.0012346242816234105,120.98779999723774
5,6,7,"(262.5, 437.5, 19.691492564685472)",7.794331104995255e-07,0.0,-3.466164357854916,3.873566444109828e-06,231.69839999900432
5,7,0,"(187.5, 387.5, 11.364582883745452)",0.2833157138615327,775.0670166015625,-0.2969238325578726,0.3040902815276527,122.69730000116397
5,7,1,"(212.5, 387.5, 12.56601886791643)",0.7680634499326857,0.0,-0.6940107434854644,0.4232483086482375,229.2075000004843
5,7,2,"(237.5, 387.5, 13.016039592385813)",0.23050610224401907,0.0,-1.4554432127402304,0.4442177696597808,282.484100000147
5,7,3,"(237.5, 387.5, 13.016039592385813)",0.9836838876990968,763.5518798828125,-0.582471038316854,1.0057091788305357,119.69759999919916
5,7,4,"(237.5, 412.5, 16.71281874556001)",0.004811289626069837,0.0,-1.860833382309675,0.0063193105095867095,232.67159999886644
5,7,5,"(237.5, 437.5, 21.459341898515387)",7.432875766729316e-08,0.0,-3.029224299883271,5.284359733755755e-09,227.50490000180434
5,7,6,"(237.5, 437.5, 21.459341898515387)",0.002061252458857553,856.8884887695312,-1.1683404932304369,0.0012346198675400142,120.13160000060452
5,8,0,"(187.5, 387.5, 11.364582883745452)",0.28482018131634323,774.9967651367188,-0.2969238325578725,0.3040902395435428,120.67739999838523
5,8,1,"(212.5, 387.5, 12.56601886791643)",0.7687611618968462,0.0,-0.6940107434854647,0.4232483086482375,229.9406000020099
5,8,2,"(237.5, 387.5, 13.016039592385813)",0.22905762990315373,0.0,-1.4554432127402304,0.4442177696597808,284.16420000212383
5,8,3,"(237.5, 387.5, 13.016039592385813)",0.991728551777443,764.1631469726562,-0.5824710383168539,1.0057092125911424,124.19500000032713
5,8,4,"(237.5, 412.5, 16.71281874556001)",0.019252485403515485,0.0,-1.860833382309675,0.006319310509586636,233.5443000010855
5,8,5,"(237.5, 437.5, 21.459341898515387)",7.432875766729316e-08,0.0,-3.029224299883271,5.28435973375575e-09,227.31190000195056
5,8,6,"(237.5, 437.5, 21.459341898515387)",0.0021609931038705198,856.8884887695312,-1.168340493230437,0.0012346288877789998,122.05630000244128
5,9,0,"(187.5, 387.5, 11.364582883745452)",0.2872923827532957,775.49609375,-0.2969238325578725,0.30409026325056765,122.0469999971101
5,9,1,"(187.5, 412.5, 13.941569591049829)",0.09821245263052754,0.0,-0.5358579835312506,0.05742464661407111,223.79910000017844
5,9,2,"(187.5, 437.5, 16.502195647044346)",-6.585226704676946e-08,0.0,-0.7846532183837288,6.920580243374347e-07,227.04899999735062
5,9,3,"(187.5, 437.5, 16.502195647044346)",0.003420945507658532,817.1593017578125,-0.24938619374142879,0.0021829090325032685,122.86169999788399
5,9,4,"(212.5, 437.5, 19.809611758762614)",3.8448049411953965e-07,0.0,-0.4808551928313952,1.364211820072796e-05,194.46800000150688
5,9,5,"(237.5, 437.5, 21.459341898515387)",7.432875766729315e-08,0.0,-1.6491956859894499,1.9292666839003374e-13,228.51339999760967
5,9,6,"(237.5, 437.5, 21.459341898515387)",0.0015887804000758057,856.8884887695312,-1.168340493230437,0.001234621643262289,122.47189999834518
5,0,0,"(212.5, 487.5, 22.32743679833657)",0.00339121569324866,607.22607421875,-1.750514562212205,0.0013907337753911331,123.2588000020769
5,1,0,"(212.5, 487.5, 22.32743679833657)",0.001238840816552929,607.22607421875,-1.750514562212208,0.0013907358847811279,123.11350000163657
5,2,0,"(212.5, 487.5, 22.32743679833657)",0.0023316529811202554,607.22607421875,-1.7505145622122036,0.0013907425139230401,123.01599999773316
5,3,0,"(212.5, 487.5, 22.32743679833657)",0.001622931169394555,607.22607421875,-1.7505145622122045,0.0013907494608617933,121.04360000012093
5,4,0,"(212.5, 487.5, 22.32743679833657)",0.002150002765660376,607.22607421875,-1.7505145622122058,0.0013907470440458077,121.35809999745106
5,5,0,"(212.5, 487.5, 22.32743679833657)",0.0017897198335020406,607.22607421875,-1.7505145622122082,0.001390744580148218,121.92019999929471
5,6,0,"(212.5, 487.5, 22.32743679833657)",0.0005657453879562469,607.22607421875,-1.7505145622122043,0.0013907529200250586,123.2982000001357
5,7,0,"(212.5, 487.5, 22.32743679833657)",0.0010621952158015723,607.22607421875,-1.7505145622122051,0.0013907477078279424,123.52549999923212
5,8,0,"(212.5, 487.5, 22.32743679833657)",0.0016098829770443113,607.22607421875,-1.7505145622122065,0.0013907420048859468,122.84650000219699
5,9,0,"(212.5, 487.5, 22.32743679833657)",0.0016900906518740695,607.22607421875,-1.7505145622122058,0.0013907527912782889,121.75650000062888
