resolution,trial,step,observation,info_gain,pred_divergence,expected_accuracy,expected_Qs_entropy,inference_time_ms
20,0,0,"(437.5, 412.5, 3.7158125367455015)",0.6440840245543138,736.302001953125,-0.22783037332438197,2.4370797337069843,2261.267500000031
20,0,1,"(412.5, 412.5, 4.71743372998353)",0.5188034682342275,0.0,-0.41516154611361256,1.986138953660298,5752.255299999888
20,0,2,"(387.5, 412.5, 5.968521653217249)",0.0664044121901326,0.0,-0.6178521322744889,1.7511350739656881,6327.43119999941
20,0,3,"(387.5, 412.5, 5.968521653217249)",0.49325927781259626,740.2713623046875,-0.2064652138038174,1.8044435408137756,2264.869599999656
20,0,4,"(362.5, 412.5, 7.512358105982148)",0.6455636691439918,0.0,-0.415029074048281,1.5893821902929943,5751.740900001096
20,0,5,"(337.5, 412.5, 9.377700043801939)",0.08373869458835048,0.0,-0.6240738269421785,1.3075670636343444,6383.256899998742
20,0,6,"(337.5, 412.5, 9.377700043801939)",0.6996320459067624,745.386474609375,-0.215703346684242,1.4417656725099324,2253.6322999985714
20,0,7,"(312.5, 412.5, 11.543004562335339)",0.8315862943599505,0.0,-0.4300459192583007,1.2467339986670802,5424.109300000055
20,0,8,"(312.5, 437.5, 13.134116007120344)",0.08876245220502851,0.0,-0.6462745130316259,0.6481537364946099,6921.268500000224
20,0,9,"(312.5, 437.5, 13.134116007120344)",0.7398115370838754,754.5903930664062,-0.21008017341371624,0.8631274050210425,2261.5033999991283
20,0,10,"(287.5, 437.5, 16.365669713099226)",0.9120951557809043,0.0,-0.4373113355262372,0.7420872936832206,5389.869499998895
20,0,11,"(287.5, 462.5, 17.977012825427398)",0.02718969186147356,0.0,-0.6205941589860269,0.25393269183287764,6386.776999999711
20,0,12,"(287.5, 462.5, 17.977012825427398)",0.5843151319400404,787.6173095703125,-0.19513784508149676,0.5146635779382106,2246.749300000374
20,1,0,"(437.5, 412.5, 3.7158125367455015)",0.637415560806792,736.1396484375,-0.227830373324382,2.4370797147836063,2248.46129999969
20,1,1,"(412.5, 412.5, 4.71743372998353)",0.5237121353977336,0.0,-0.41516154611361256,1.9861389536602976,5707.397500000297
20,1,2,"(387.5, 412.5, 5.968521653217249)",0.06630991895995057,0.0,-0.6178521322744888,1.751135073965688,6236.879599999156
20,1,3,"(387.5, 412.5, 5.968521653217249)",0.4953797488578483,740.0507202148438,-0.20646521380381738,1.8044435291077117,2245.1074000000517
20,1,4,"(362.5, 412.5, 7.512358105982148)",0.6383595368775646,0.0,-0.415029074048281,1.5893821902929943,5716.999000000214
20,1,5,"(337.5, 412.5, 9.377700043801939)",0.08555854360262087,0.0,-0.6240738269421783,1.3075670636343442,6337.835099999211
20,1,6,"(337.5, 412.5, 9.377700043801939)",0.7013981667498783,745.7183837890625,-0.21570334668424196,1.4417656844403046,2240.4324999988603
20,1,7,"(312.5, 412.5, 11.543004562335339)",0.8162376604216085,0.0,-0.43004591925830066,1.24673399866708,5355.887600000642
20,1,8,"(312.5, 437.5, 13.134116007120344)",0.08975848555563894,0.0,-0.6462745130316258,0.6481537364946103,6836.239899999782
20,1,9,"(312.5, 437.5, 13.134116007120344)",0.7451978514212955,754.89697265625,-0.2100801734137163,0.8631273616618087,2234.0972000001784
20,1,10,"(287.5, 437.5, 16.365669713099226)",0.8862670773863459,0.0,-0.4373113355262372,0.7420872934917788,5418.3467000002565
20,1,11,"(287.5, 462.5, 17.977012825427398)",0.025770783424377483,0.0,-0.6205941589860269,0.2539326918328776,6370.965599999181
20,1,12,"(287.5, 462.5, 17.977012825427398)",0.5694959070214316,786.849609375,-0.19513784508149673,0.514663646068888,2248.0299999988347
20,2,0,"(437.5, 412.5, 3.7158125367455015)",0.6430817805686802,736.2448120117188,-0.22783037332438194,2.4370797766135395,2268.0311999993137
20,2,1,"(412.5, 412.5, 4.71743372998353)",0.5283848372722236,0.0,-0.41516154611361256,1.9861389536602976,5736.361900000702
20,2,2,"(387.5, 412.5, 5.968521653217249)",0.07063554724056878,0.0,-0.6178521322744888,1.751135073965688,6257.461400000466
20,2,3,"(387.5, 412.5, 5.968521653217249)",0.49703531899552184,740.2870483398438,-0.20646521380381738,1.8044435327300306,2269.5686999995814
20,2,4,"(362.5, 412.5, 7.512358105982148)",0.6294696314420297,0.0,-0.415029074048281,1.5893821902929943,5711.674500000299
20,2,5,"(337.5, 412.5, 9.377700043801939)",0.08547907074292721,0.0,-0.6240738269421783,1.3075670636343442,6325.558900000033
20,2,6,"(337.5, 412.5, 9.377700043801939)",0.6985558957696237,745.537109375,-0.21570334668424196,1.4417656926975873,2255.4670000008628
20,2,7,"(312.5, 412.5, 11.543004562335339)",0.8197605166536506,0.0,-0.4300459192583006,1.2467339986670802,5334.759499999564
20,2,8,"(312.5, 437.5, 13.134116007120344)",0.08228661119938911,0.0,-0.6462745130316259,0.6481537364946102,6837.431399999332
20,2,9,"(312.5, 437.5, 13.134116007120344)",0.7428261231601415,754.3401489257812,-0.21008017341371626,0.8631273620475738,2271.2926999993215
20,2,10,"(287.5, 437.5, 16.365669713099226)",0.8756503459066863,0.0,-0.4373113355262371,0.7420872938397032,5391.064400000687
20,2,11,"(287.5, 462.5, 17.977012825427398)",0.02479843298594566,0.0,-0.6205941589860269,0.25393269183287764,6363.734900000054
20,2,12,"(287.5, 462.5, 17.977012825427398)",0.5808947211825708,786.569091796875,-0.19513784508149679,0.5146635497727247,2290.9499000015785
20,3,0,"(437.5, 412.5, 3.7158125367455015)",0.6432488514764836,736.0916137695312,-0.22783037332438197,2.437079745911352,2239.2438000006223
20,3,1,"(412.5, 412.5, 4.71743372998353)",0.5015988443984817,0.0,-0.41516154611361256,1.9861389536602974,5723.645100000795
20,3,2,"(387.5, 412.5, 5.968521653217249)",0.06902630130450252,0.0,-0.6178521322744888,1.751135073965688,6325.054799999634
20,3,3,"(387.5, 412.5, 5.968521653217249)",0.49862309220640777,740.154296875,-0.20646521380381735,1.8044435488770911,2257.1518999993714
20,3,4,"(362.5, 412.5, 7.512358105982148)",0.6391164305872478,0.0,-0.41502907404828093,1.5893821902929943,5754.005999999208
20,3,5,"(337.5, 412.5, 9.377700043801939)",0.08110099534194855,0.0,-0.6240738269421783,1.3075670636343442,6381.798200000048
20,3,6,"(337.5, 412.5, 9.377700043801939)",0.7063987125222573,745.417236328125,-0.21570334668424193,1.441765635728271,2282.566100000622
20,3,7,"(312.5, 412.5, 11.543004562335339)",0.8223383879053647,0.0,-0.43004591925830066,1.24673399866708,5399.986700000227
20,3,8,"(312.5, 437.5, 13.134116007120344)",0.09072559078533816,0.0,-0.6462745130316258,0.64815373649461,6889.049899999009
20,3,9,"(312.5, 437.5, 13.134116007120344)",0.7481778588566815,754.744873046875,-0.2100801734137163,0.863127314878094,2207.49479999904
20,3,10,"(287.5, 437.5, 16.365669713099226)",0.9015149712385667,0.0,-0.4373113355262372,0.7420872931824268,5352.289700000256
20,3,11,"(287.5, 462.5, 17.977012825427398)",0.027072866757710614,0.0,-0.6205941589860269,0.25393269183287764,6318.426899999395
20,3,12,"(287.5, 462.5, 17.977012825427398)",0.5818019034498783,786.9798583984375,-0.19513784508149676,0.5146635587968328,2216.174899998805
20,4,0,"(437.5, 412.5, 3.7158125367455015)",0.6397388228967116,736.240966796875,-0.22783037332438202,2.4370797624883336,2268.4458999992785
20,4,1,"(412.5, 412.5, 4.71743372998353)",0.5281697816117635,0.0,-0.4151615461136125,1.9861389536602976,5696.149800000057
20,4,2,"(387.5, 412.5, 5.968521653217249)",0.0725605388482313,0.0,-0.6178521322744889,1.7511350739656881,6239.698299999873
20,4,3,"(387.5, 412.5, 5.968521653217249)",0.49604733356184777,740.2889404296875,-0.20646521380381735,1.804443551446333,2237.9079000002093
20,4,4,"(362.5, 412.5, 7.512358105982148)",0.6380262789969539,0.0,-0.4150290740482809,1.589382190292994,5683.168400000795
20,4,5,"(337.5, 412.5, 9.377700043801939)",0.08101405203343291,0.0,-0.6240738269421783,1.3075670636343442,6302.415699999983
20,4,6,"(337.5, 412.5, 9.377700043801939)",0.7097623851611053,745.40771484375,-0.21570334668424196,1.441765652309017,2279.922900001111
20,4,7,"(312.5, 412.5, 11.543004562335339)",0.8138528004460117,0.0,-0.4300459192583007,1.2467339986670802,5342.544099999941
20,4,8,"(312.5, 437.5, 13.134116007120344)",0.08857473731040869,0.0,-0.6462745130316258,0.6481537364946099,6859.1770000002725
20,4,9,"(312.5, 437.5, 13.134116007120344)",0.7484320700618413,754.9129028320312,-0.21008017341371626,0.8631273800711069,2271.266399999149
20,4,10,"(287.5, 437.5, 16.365669713099226)",0.8638859936634308,0.0,-0.43731133552623713,0.7420872934993914,5382.808899999873
20,4,11,"(287.5, 462.5, 17.977012825427398)",0.02519174416860128,0.0,-0.6205941589860268,0.2539326918328776,6348.244900000282
20,4,12,"(287.5, 462.5, 17.977012825427398)",0.5811308900739929,787.0302124023438,-0.19513784508149676,0.5146635441852274,2262.8359999998793
20,5,0,"(437.5, 412.5, 3.7158125367455015)",0.6466495140680629,736.1682739257812,-0.227830373324382,2.437079764152728,2253.5470000002533
20,5,1,"(412.5, 412.5, 4.71743372998353)",0.5140661853654661,0.0,-0.4151615461136125,1.9861389536602976,5739.412199998696
20,5,2,"(387.5, 412.5, 5.968521653217249)",0.06998784343400787,0.0,-0.6178521322744889,1.7511350739656883,6276.085199999216
20,5,3,"(387.5, 412.5, 5.968521653217249)",0.49543451517168946,740.0537719726562,-0.20646521380381733,1.8044435185090628,2240.0346000013087
20,5,4,"(362.5, 412.5, 7.512358105982148)",0.6392819865625502,0.0,-0.4150290740482809,1.5893821902929937,5765.582699999868
20,5,5,"(337.5, 412.5, 9.377700043801939)",0.0857581794261816,0.0,-0.6240738269421784,1.3075670636343444,6385.995500000718
20,5,6,"(337.5, 412.5, 9.377700043801939)",0.7077646188456346,745.648681640625,-0.215703346684242,1.4417656566639905,2248.5771000010573
20,5,7,"(312.5, 412.5, 11.543004562335339)",0.814554155494855,0.0,-0.43004591925830066,1.2467339986670802,5457.996400000411
20,5,8,"(312.5, 437.5, 13.134116007120344)",0.08191960553329487,0.0,-0.6462745130316259,0.6481537364946102,6895.2597999996215
20,5,9,"(312.5, 437.5, 13.134116007120344)",0.7440382402816789,754.7046508789062,-0.21008017341371624,0.8631274058570717,2246.1112000000867
20,5,10,"(287.5, 437.5, 16.365669713099226)",0.9116694239676757,0.0,-0.4373113355262372,0.742087293846769,5414.180800000395
20,5,11,"(287.5, 462.5, 17.977012825427398)",0.024599671363839042,0.0,-0.620594158986027,0.25393269183287764,6371.0499000007985
20,5,12,"(287.5, 462.5, 17.977012825427398)",0.5889256651117265,786.8284301757812,-0.19513784508149679,0.514663496599716,2253.968900000473
20,6,0,"(437.5, 412.5, 3.7158125367455015)",0.6414768993608655,736.161376953125,-0.22783037332438197,2.4370797744884745,2250.3762999986066
20,6,1,"(437.5, 387.5, 3.41874755045311)",0.4727187698292684,0.0,-0.42423230232497267,2.143459632613827,5775.923699999112
20,6,2,"(437.5, 362.5, 3.0693002026442198)",0.05161374310655002,0.0,-0.63275962177705,2.0229267747638002,7449.195999999574
20,6,3,"(437.5, 362.5, 3.0693002026442198)",0.36984903667204455,736.4910278320312,-0.20188062246623234,2.2507665696382557,2239.6042000000307
20,6,4,"(437.5, 337.5, 2.697731893066704)",0.40770968080175324,0.0,-0.40949029277115645,2.256397324953457,5758.702999999514
20,6,5,"(437.5, 312.5, 2.3288409680820936)",0.04793748756249912,0.0,-0.614732346533337,2.1586607966649685,7386.817599999631
20,6,6,"(437.5, 312.5, 2.3288409680820936)",0.3149340225093829,736.04736328125,-0.20048294504657604,2.4344456747688965,2245.474600000307
20,6,7,"(437.5, 287.5, 1.9802988879790537)",0.3408070074889188,0.0,-0.4063198690777686,2.4669308293894114,5726.237000000765
20,6,8,"(437.5, 262.5, 1.6629239389874948)",0.04215059181055944,0.0,-0.6093424925512628,2.3896301520746634,6792.572099999234
20,6,9,"(437.5, 262.5, 1.6629239389874948)",0.25975087467625313,735.6299438476562,-0.20056195015595116,2.574426717372889,2256.4297999997507
20,6,10,"(412.5, 262.5, 1.9657998932270644)",0.35238798629844714,0.0,-0.40512613311572476,2.5429478357283823,5729.562200000146
20,6,11,"(387.5, 262.5, 2.2927863351327353)",0.047733162840207816,0.0,-0.6011059082839453,2.4208373317846044,6259.0196000001015
20,6,12,"(387.5, 262.5, 2.2927863351327353)",0.30420352288091024,737.1979370117188,-0.20051793114703517,2.5288783566226662,2239.759399999457
20,6,13,"(387.5, 237.5, 1.86489266876442)",0.3460994461464626,0.0,-0.4074113790176662,2.5033246674633016,5774.848099999872
20,6,14,"(387.5, 212.5, 1.5068207512166414)",0.036389763156556204,0.0,-0.6042870599863477,2.4119974755235454,6619.391199999882
20,6,15,"(387.5, 212.5, 1.5068207512166414)",0.20691304798347196,736.9224853515625,-0.19763295837891706,2.5531755475712448,2264.7830999994767
20,6,16,"(362.5, 212.5, 1.6949517469263145)",0.2692561119941192,0.0,-0.39803277794136427,2.5330642903612817,5795.009299999947
20,6,17,"(362.5, 237.5, 2.1176379791076854)",0.04332659641899982,0.0,-0.5986473288112545,2.4537973562871738,6263.292900001034
20,6,18,"(362.5, 237.5, 2.1176379791076854)",0.2725337488816241,737.2245483398438,-0.20138403497840074,2.530798227215436,2265.3709999995044
20,6,19,"(362.5, 262.5, 2.6317000424023482)",0.38632329924753195,0.0,-0.4070865916320985,2.4700585822760233,5748.771200000192
20,6,20,"(362.5, 287.5, 3.2481324511568093)",0.06561597188315116,0.0,-0.6155753815871322,2.2884152039408847,6221.772200000487
20,6,21,"(362.5, 287.5, 3.2481324511568093)",0.40507361889564764,737.6843872070312,-0.20776823285338705,2.39452624430094,2268.454400000337
20,6,22,"(362.5, 312.5, 3.972924796908688)",0.5614902964428037,0.0,-0.4138947640318301,2.20853505184462,5741.520000001401
20,6,23,"(362.5, 337.5, 4.801447242030367)",0.07555699348451685,0.0,-0.6176114799067397,1.8596548667353303,6238.306100000045
20,6,24,"(362.5, 337.5, 4.801447242030367)",0.5199521583779352,739.0570068359375,-0.2071855710068054,2.003269396631347,2257.4139000007563
20,6,25,"(362.5, 362.5, 5.709929773131825)",0.6333011280191293,0.0,-0.41026376347153903,1.767256836198673,5734.2290000015055
20,6,26,"(362.5, 387.5, 6.644563227708976)",0.07582737505433736,0.0,-0.6107265979404114,1.407253081440111,6266.718999999284
20,6,27,"(362.5, 387.5, 6.644563227708976)",0.6042041951301681,740.9069213867188,-0.20312642640198966,1.6046797139370739,2262.0372000001225
20,6,28,"(337.5, 387.5, 8.122025837780313)",0.6265341651676049,0.0,-0.4032016284865266,1.4901404852035693,5743.140399999902
20,6,29,"(312.5, 387.5, 9.73254467824523)",0.06749138732752016,0.0,-0.6091978396454365,1.3077864345960843,6265.247000001182
20,6,30,"(312.5, 387.5, 9.73254467824523)",0.7502663500609444,747.7625122070312,-0.20585116942283677,1.449274999503707,2270.312399999966
20,6,31,"(312.5, 412.5, 11.543004562335339)",0.854914200632151,0.0,-0.4212545112282201,1.163076293167479,5778.484899999967
20,6,32,"(337.5, 412.5, 9.377700043801939)",0.08173733452956097,0.0,-0.6386025805404236,0.8842618698436131,7570.720600000641
20,6,33,"(337.5, 412.5, 9.377700043801939)",0.6894809774137528,746.3258056640625,-0.2172580699868237,1.2830456723965815,2257.815599999958
20,6,34,"(337.5, 437.5, 10.400297021568935)",0.8174359974411293,0.0,-0.42196021345751533,1.1999687985751164,5769.0439999987575
20,6,35,"(312.5, 437.5, 13.134116007120344)",0.07405147453149101,0.0,-0.6255050978440422,0.6769676381943939,6359.101899999587
20,6,36,"(312.5, 437.5, 13.134116007120344)",0.6896037149551791,760.0514526367188,-0.21094132571634094,0.9303649185660736,2208.4451999999146
20,6,37,"(287.5, 437.5, 16.365669713099226)",0.9030104425214415,0.0,-0.4358971508234408,0.7674138434028575,5358.851900000445
20,6,38,"(287.5, 412.5, 13.851283065501828)",0.06600115199883759,0.0,-0.6455752694069533,0.3466614377568123,7919.242800000575
20,6,39,"(287.5, 412.5, 13.851283065501828)",0.689073134870943,760.6837768554688,-0.20633632000527943,0.7923936389078476,2219.3809999989753
20,6,40,"(262.5, 412.5, 15.847883528411389)",1.3233862255012556,0.0,-0.48790743360809236,0.9550556367199914,5689.760699999169
20,6,41,"(262.5, 387.5, 12.530028997518446)",0.10310960809389585,0.0,-0.7163677912617774,0.6493767856978908,6430.438900000809
20,6,42,"(262.5, 387.5, 12.530028997518446)",0.7518012867906911,757.062255859375,-0.21039871979007188,0.9477867400038311,2241.879899998821
20,6,43,"(237.5, 387.5, 13.016039592385813)",0.9194253883950506,0.0,-0.4256729082051946,0.9521819268200654,5722.0674000000145
20,6,44,"(237.5, 412.5, 16.71281874556001)",0.028601045409853185,0.0,-0.6232710749876053,0.47757469235363226,6221.903100000418
20,6,45,"(237.5, 412.5, 16.71281874556001)",0.752715590709714,773.5724487304688,-0.19904849061486074,0.7341834227860103,2237.394100000529
20,6,46,"(212.5, 412.5, 15.910281935579775)",1.1632626189650406,0.0,-0.4647083758833089,0.7007693820597118,6061.85799999912
20,6,47,"(212.5, 437.5, 19.809611758762614)",0.06574067970114142,0.0,-0.7703624115542481,0.4489726776525145,7758.1888000004255
20,6,48,"(212.5, 437.5, 19.809611758762614)",0.8544570510303204,805.8804321289062,-0.2690777598246205,0.6144612256911057,2267.536299999847
20,6,49,"(237.5, 437.5, 21.459341898515387)",1.3517768982980871,0.0,-0.5816758698180101,0.5813488444174271,5712.940499999604
20,7,0,"(437.5, 412.5, 3.7158125367455015)",0.6409999746446717,736.3342895507812,-0.22783037332438197,2.4370797415002596,2225.674200000867
20,7,1,"(412.5, 412.5, 4.71743372998353)",0.5039866027069964,0.0,-0.4151615461136125,1.9861389536602976,5704.468600000837
20,7,2,"(387.5, 412.5, 5.968521653217249)",0.07182271281875988,0.0,-0.6178521322744888,1.7511350739656877,6282.416799998828
20,7,3,"(387.5, 412.5, 5.968521653217249)",0.49375729518364186,739.9923706054688,-0.20646521380381738,1.8044435116364776,2222.7530000000115
20,7,4,"(362.5, 412.5, 7.512358105982148)",0.6290535418996726,0.0,-0.4150290740482809,1.5893821902929939,5744.336899999325
20,7,5,"(337.5, 412.5, 9.377700043801939)",0.08407232165337178,0.0,-0.6240738269421784,1.3075670636343444,6364.759699999922
20,7,6,"(337.5, 412.5, 9.377700043801939)",0.7053735916100774,745.6412353515625,-0.21570334668424196,1.4417656451109195,2255.1889999995183
20,7,7,"(312.5, 412.5, 11.543004562335339)",0.8192710261440538,0.0,-0.43004591925830066,1.24673399866708,5422.426600000108
20,7,8,"(312.5, 437.5, 13.134116007120344)",0.08522312839825931,0.0,-0.6462745130316259,0.6481537364946102,6873.035799999343
20,7,9,"(312.5, 437.5, 13.134116007120344)",0.7442522094216315,754.8400268554688,-0.2100801734137163,0.8631273830217429,2251.474499998949
20,7,10,"(287.5, 437.5, 16.365669713099226)",0.8867593692992375,0.0,-0.4373113355262372,0.7420872934669017,5434.266500000376
20,7,11,"(287.5, 462.5, 17.977012825427398)",0.02725327014923037,0.0,-0.6205941589860268,0.2539326918328776,6427.13029999868
20,7,12,"(287.5, 462.5, 17.977012825427398)",0.5806282346054646,786.6828002929688,-0.19513784508149679,0.5146635507797984,2259.8398000009183
20,8,0,"(437.5, 412.5, 3.7158125367455015)",0.6449588725019288,736.2403564453125,-0.22783037332438197,2.437079727472288,2319.032800000059
20,8,1,"(437.5, 387.5, 3.41874755045311)",0.4898445778499795,0.0,-0.4242323023249728,2.1434596326369206,5772.761999998693
20,8,2,"(437.5, 362.5, 3.0693002026442198)",0.055487806598348656,0.0,-0.63275962177705,2.0229267747638002,7476.057500000024
20,8,3,"(437.5, 362.5, 3.0693002026442198)",0.37442938486062227,736.4656372070312,-0.2018806224662323,2.250766571543464,2259.9726999997074
20,8,4,"(437.5, 337.5, 2.697731893066704)",0.41918190794521976,0.0,-0.40949029277115645,2.256397324763103,5772.175899999638
20,8,5,"(412.5, 337.5, 3.3073470145874904)",0.05614548424877826,0.0,-0.6111775988830761,2.1297072472003507,6244.1517999995995
20,8,6,"(412.5, 337.5, 3.3073470145874904)",0.3715215820962801,737.4525146484375,-0.20148424673769783,2.2862867905464377,2234.5402000009926
20,8,7,"(387.5, 337.5, 4.012520353342856)",0.4787592006683529,0.0,-0.4065191687611602,2.1484303240914744,5722.360199999457
20,8,8,"(362.5, 337.5, 4.801447242030367)",0.05798316001892233,0.0,-0.6049240050351862,1.9532480845311295,6243.463199998587
20,8,9,"(362.5, 337.5, 4.801447242030367)",0.46188501200687637,738.9422607421875,-0.20273248364103968,2.080714019382476,2216.421499999342
20,8,10,"(337.5, 337.5, 5.641752186721501)",0.5794080014866785,0.0,-0.40856402122643476,1.9836009329029203,5676.112200000716
20,8,11,"(312.5, 337.5, 6.4720487778634865)",0.06411051253476069,0.0,-0.6106860271939594,1.7895434362676885,6185.800600000221
20,8,12,"(312.5, 337.5, 6.4720487778634865)",0.5811690246388391,740.379150390625,-0.20054723727064433,1.9540071224939983,2202.443199999834
20,8,13,"(287.5, 337.5, 7.198514700667702)",0.7172148568474062,0.0,-0.4105745025169302,1.8540652260232804,5645.703599999251
20,8,14,"(262.5, 337.5, 7.706480720276972)",0.08862860997517553,0.0,-0.6256080636809574,1.6361603109116465,6293.456299999889
20,8,15,"(262.5, 337.5, 7.706480720276972)",0.7482588395673939,741.31689453125,-0.2113054405699704,1.8631456444446255,2192.482899999959
20,8,16,"(262.5, 312.5, 6.024387455566984)",0.5575975145331706,0.0,-0.4173295004211632,1.7856355162189603,5279.124000000593
20,8,17,"(237.5, 312.5, 6.148385304590252)",0.07246245940526676,0.0,-0.6258328405308822,1.6445631630870696,6284.073999999237
20,8,18,"(237.5, 312.5, 6.148385304590252)",0.5929199954887034,739.4873046875,-0.20456909511374757,2.0374221242969526,2214.9435999999696
20,8,19,"(237.5, 337.5, 7.894671343450355)",0.7286846573097765,0.0,-0.41508695679591756,1.7548972397202671,5686.888100000942
20,8,20,"(237.5, 362.5, 10.136936791802604)",0.06455498933793273,0.0,-0.6133193686877756,1.322409494653255,6380.760399999417
20,8,21,"(237.5, 362.5, 10.136936791802604)",0.71317486359943,749.8593139648438,-0.20055784948357325,1.409152946829607,2254.464100000405
20,8,22,"(212.5, 362.5, 9.863883753989105)",0.9451662055397123,0.0,-0.43055382721798796,1.4525431868134036,5680.169200000819
20,8,23,"(187.5, 362.5, 9.103110310900643)",0.08757448196411619,0.0,-0.6381645629589177,1.1886273235804476,6615.833900001235
20,8,24,"(187.5, 362.5, 9.103110310900643)",0.7943336103880814,743.6254272460938,-0.21083287432021428,1.539945587740423,2234.572200000912
20,8,25,"(187.5, 387.5, 11.364582883745452)",0.831690821746619,0.0,-0.4281805128801446,1.3231203713508697,5279.90999999929
20,8,26,"(162.5, 387.5, 9.797797492156253)",0.0824952224890382,0.0,-0.6419498258477673,1.0560245830584396,7841.120799999771
20,8,27,"(162.5, 387.5, 9.797797492156253)",0.7736101684538806,746.704345703125,-0.20883496002082486,1.374146263357932,2254.2850999998336
20,8,28,"(162.5, 412.5, 11.634380720059667)",0.9104085869931839,0.0,-0.4126044650149856,1.1989551528913673,5591.022700000394
20,8,29,"(137.5, 412.5, 9.458994007438445)",0.08477953076362378,0.0,-0.6291945248370318,0.8215034419554447,7137.302900000577
20,8,30,"(137.5, 412.5, 9.458994007438445)",0.6916503248264215,746.4800415039062,-0.21561587546760694,1.253202952918519,2276.532199999565
20,8,31,"(137.5, 437.5, 10.499382396270086)",0.8036317204827088,0.0,-0.41807245725266984,1.1774072851022999,5747.812200001135
20,8,32,"(162.5, 437.5, 13.254586740016286)",0.0649298926194397,0.0,-0.6186098850646865,0.6623075374905845,6338.958899999852
20,8,33,"(162.5, 437.5, 13.254586740016286)",0.6561953001358674,761.5076904296875,-0.20618616362898218,0.9055199975415702,2280.6679000004806
20,8,34,"(187.5, 437.5, 16.502195647044346)",0.8222394886354891,0.0,-0.41797376582166795,0.7309837825540585,5355.118999999831
20,8,35,"(187.5, 462.5, 18.15511649450833)",0.02357001851002097,0.0,-0.6015045742257056,0.20588792796239194,6320.640100000674
20,8,36,"(187.5, 462.5, 18.15511649450833)",0.5348915530123092,789.2279052734375,-0.1924937176403237,0.4561639786554516,2254.568800000925
20,9,0,"(437.5, 412.5, 3.7158125367455015)",0.6468143854007217,736.0916137695312,-0.22783037332438197,2.4370797184484867,2241.0302000007505
20,9,1,"(437.5, 387.5, 3.41874755045311)",0.47296332315029654,0.0,-0.4242323023249728,2.143459632680953,5703.2374999998865
20,9,2,"(412.5, 387.5, 4.295992126710907)",0.05484643578532759,0.0,-0.6237058070528062,1.9801439294660315,6194.373300000734
20,9,3,"(412.5, 387.5, 4.295992126710907)",0.41993958354597777,738.1555786132812,-0.20318925722466014,2.066874223003229,2192.9159999999683
20,9,4,"(387.5, 387.5, 5.365977503075057)",0.5110108858384167,0.0,-0.40894780878255466,1.8872577782284399,5679.312000000209
20,9,5,"(362.5, 387.5, 6.644563227708976)",0.06201650202273954,0.0,-0.6063743051350253,1.6225012200889701,6191.81430000026
20,9,6,"(362.5, 387.5, 6.644563227708976)",0.5172571006645815,741.8138427734375,-0.2013301872003182,1.7293314976905076,2209.2969000004814
20,9,7,"(337.5, 387.5, 8.122025837780313)",0.6255348204846246,0.0,-0.40294682985708075,1.5468523347803322,5961.301200000889
20,9,8,"(312.5, 387.5, 9.73254467824523)",0.07597193618614702,0.0,-0.6101462514117266,1.322922181794108,6194.082599999092
20,9,9,"(312.5, 387.5, 9.73254467824523)",0.7484946347679171,747.7037963867188,-0.20593898338808075,1.4498624714583979,2225.8550000005926
20,9,10,"(312.5, 412.5, 11.543004562335339)",0.866659523970309,0.0,-0.4212814491383327,1.1632637595986346,5658.028399999239
20,9,11,"(312.5, 437.5, 13.134116007120344)",0.09327039122582827,0.0,-0.6430672462225157,0.9340347320081258,7105.186099999628
20,9,12,"(312.5, 437.5, 13.134116007120344)",0.9080915088825623,754.0458984375,-0.20946649547301652,0.9657260140968282,2262.836799998695
20,9,13,"(287.5, 437.5, 16.365669713099226)",0.8905900799766909,0.0,-0.43680485679147374,0.6982439423358981,5342.644899999868
20,9,14,"(287.5, 462.5, 17.977012825427398)",0.02166442076365363,0.0,-0.6204406068975504,0.24735339404069528,6303.993899999114
20,9,15,"(287.5, 462.5, 17.977012825427398)",0.5851541540561451,785.3997192382812,-0.19510473486376584,0.5148838078842294,2256.0112999999546
20,0,0,"(37.5, 437.5, 3.968016468858607)",0.6528055299744053,733.29052734375,-0.22698860751321034,2.3381423726949264,2233.0490999993344
20,0,1,"(37.5, 412.5, 3.751648026446586)",0.49607572137827854,0.0,-0.42310715409830174,2.0234613857433956,5677.804099999776
20,0,2,"(37.5, 387.5, 3.4504418791542615)",0.05828134715556374,0.0,-0.6310492429168288,1.8975392619813374,6998.750200000359
20,0,3,"(37.5, 387.5, 3.4504418791542615)",0.38234098920690573,734.5396118164062,-0.20179851283672623,2.113524326331001,2219.2739000001893
20,0,4,"(62.5, 387.5, 4.334940067576602)",0.4613749639448844,0.0,-0.4064891370667785,1.9919569880735934,5670.802399999957
20,0,5,"(87.5, 387.5, 5.413067831237064)",0.06351375083127095,0.0,-0.6080828714070889,1.792492286381723,6190.090599999166
20,0,6,"(87.5, 387.5, 5.413067831237064)",0.4535269454804071,739.4454956054688,-0.20370560301702595,1.8733986368506064,2224.54480000124
20,0,7,"(112.5, 387.5, 6.700045574866817)",0.5527033504135987,0.0,-0.4061512908281158,1.6912807498306415,5664.262700000108
20,0,8,"(137.5, 387.5, 8.184609533832969)",0.057834297418587075,0.0,-0.6016122965895119,1.4313121538969518,6322.322999998505
20,0,9,"(137.5, 387.5, 8.184609533832969)",0.5834470473348874,744.9624633789062,-0.19925241404167796,1.5524046786821968,2223.8324000009015
20,0,10,"(137.5, 362.5, 6.88289330546234)",0.677054294064947,0.0,-0.41713806499995143,1.5364183301542302,5714.140599999155
20,0,11,"(162.5, 362.5, 8.044975170611863)",0.0637306322654061,0.0,-0.6185917069881409,1.3460964306639847,6776.972899999237
20,0,12,"(162.5, 362.5, 8.044975170611863)",0.7057681881965329,742.43310546875,-0.20161279188736647,1.760164424342081,2215.732900000148
20,0,13,"(187.5, 362.5, 9.103110310900643)",0.8531070128043046,0.0,-0.41757156659108696,1.6330248730946386,5676.590099999885
20,0,14,"(212.5, 362.5, 9.863883753989105)",0.0890650749206476,0.0,-0.6369184645272324,1.3903745670153447,7077.185900001496
20,0,15,"(212.5, 362.5, 9.863883753989105)",0.8593055676961012,745.8634643554688,-0.20819469894462864,1.5449345345478631,2238.129699999263
20,0,16,"(212.5, 337.5, 7.7206787211523045)",0.5998329993245893,0.0,-0.41767764303423427,1.4350151822298314,5711.159799999223
20,0,17,"(237.5, 337.5, 7.894671343450355)",0.07471209764481891,0.0,-0.6295246270695439,1.288298523394369,6494.0198000003875
20,0,18,"(237.5, 337.5, 7.894671343450355)",0.6770381021003494,742.05810546875,-0.206609243917648,1.7196111218048262,2239.7332999989885
20,0,19,"(237.5, 362.5, 10.136936791802604)",0.7287755824489544,0.0,-0.40811008219793327,1.4035428781288208,5527.307500000461
20,0,20,"(237.5, 387.5, 13.016039592385813)",0.08491896589596279,0.0,-0.6167485538344433,1.0266376445154757,6261.828299999252
20,0,21,"(237.5, 387.5, 13.016039592385813)",0.8571578621790071,754.7157592773438,-0.21657624442999143,1.1447996449934796,2222.543100000621
20,0,22,"(212.5, 387.5, 12.56601886791643)",1.0353730070643112,0.0,-0.4366955901635727,1.0686209270538722,5668.189100000745
20,0,23,"(212.5, 412.5, 15.910281935579775)",0.1425429781277962,0.0,-0.6839607410120907,0.5578590216632433,6729.834600000686
20,0,24,"(212.5, 412.5, 15.910281935579775)",1.1067659024420595,757.5263671875,-0.2581259795252549,0.9313551085736842,2207.7037999988534
20,0,25,"(187.5, 412.5, 13.941569591049829)",0.8540644169395317,0.0,-0.482500322357025,0.9353677313034653,4667.342700000518
20,0,26,"(187.5, 437.5, 16.502195647044346)",0.022477400799600252,0.0,-0.7070700587312063,0.5193868950915799,6870.240800000829
20,0,27,"(187.5, 437.5, 16.502195647044346)",0.776593165165981,767.3279418945312,-0.20967451092159445,0.7223868645089803,2198.8066000012623
20,0,28,"(212.5, 437.5, 19.809611758762614)",1.1259396795608805,0.0,-0.49011038906289855,0.545747723339021,5618.41800000002
20,1,0,"(37.5, 437.5, 3.968016468858607)",0.65927248357528,733.3329467773438,-0.22698860751321037,2.3381423627553075,2203.0081000011705
20,1,1,"(62.5, 437.5, 5.075028620853257)",0.5015421674989385,0.0,-0.41414514203463293,1.8701874006179986,5630.302600000505
20,1,2,"(87.5, 437.5, 6.482612700641647)",0.0619295388460233,0.0,-0.6126298290753897,1.6085030051256928,6158.646800000497
20,1,3,"(87.5, 437.5, 6.482612700641647)",0.47158466984131514,739.9020385742188,-0.20153563312670444,1.6607753105915264,2234.1531999991275
20,1,4,"(112.5, 437.5, 8.264048786739911)",0.5300909215134495,0.0,-0.39973068287743097,1.3954190006145977,5684.615000000122
20,1,5,"(137.5, 437.5, 10.499382396270086)",0.0383002658685154,0.0,-0.5894722309859534,1.0660626782530809,6261.761899999328
20,1,6,"(137.5, 437.5, 10.499382396270086)",0.5715398573590794,750.4302978515625,-0.19708655377809303,1.176644257495033,2217.7313000011054
20,1,7,"(162.5, 437.5, 13.254586740016286)",0.7393660929242686,0.0,-0.40764404527903464,0.9638664887953704,5683.311300001151
20,1,8,"(162.5, 462.5, 14.173358874352427)",0.019430274764710993,0.0,-0.5983304038401975,0.5795563160152831,6428.557600000204
20,1,9,"(162.5, 462.5, 14.173358874352427)",0.408028919372441,769.1032104492188,-0.19418666881834723,0.6832991978361883,2211.958500000037
20,1,10,"(187.5, 462.5, 18.15511649450833)",0.6206380534197248,0.0,-0.39885102636042646,0.565437772279655,5269.941300000937
20,2,0,"(37.5, 437.5, 3.968016468858607)",0.6571604607980109,733.2816162109375,-0.22698860751321037,2.338142395101967,2216.6561000012734
20,2,1,"(62.5, 437.5, 5.075028620853257)",0.49661746355543007,0.0,-0.4141451420346329,1.8701874008853714,5689.485099999729
20,2,2,"(87.5, 437.5, 6.482612700641647)",0.06895605226355672,0.0,-0.6126298290753897,1.6085030051256926,6181.285799999387
20,2,3,"(87.5, 437.5, 6.482612700641647)",0.46889742592998346,739.989990234375,-0.20153563312670444,1.6607753020492861,2213.641700000153
20,2,4,"(112.5, 437.5, 8.264048786739911)",0.5342986651299517,0.0,-0.39973068287743097,1.3954190004612488,5710.470899999564
20,2,5,"(137.5, 437.5, 10.499382396270086)",0.04786776502926118,0.0,-0.5894722309859534,1.066062678253081,6311.9440999998915
20,2,6,"(137.5, 437.5, 10.499382396270086)",0.5721888459703925,750.606689453125,-0.197086553778093,1.1766442467124507,2216.9002999999066
20,2,7,"(162.5, 437.5, 13.254586740016286)",0.7343502396766508,0.0,-0.4076440452790346,0.963866489261845,5700.867200001085
20,2,8,"(162.5, 462.5, 14.173358874352427)",0.023246084650362757,0.0,-0.5983304038401974,0.579556316015283,6499.199600000793
20,2,9,"(162.5, 462.5, 14.173358874352427)",0.40990819156876873,769.1244506835938,-0.19418666881834723,0.6832991584930467,2246.3373000009597
20,2,10,"(187.5, 462.5, 18.15511649450833)",0.5789495204218511,0.0,-0.39885102636042646,0.5654377729905758,5328.181200000472
20,3,0,"(37.5, 437.5, 3.968016468858607)",0.6586901963049336,733.267578125,-0.22698860751321037,2.3381424083730664,2231.514299999617
20,3,1,"(62.5, 437.5, 5.075028620853257)",0.5041157141124772,0.0,-0.4141451420346328,1.8701874005271726,5699.015900001541
20,3,2,"(87.5, 437.5, 6.482612700641647)",0.05419436593853033,0.0,-0.6126298290753897,1.6085030051256926,6155.050600000322
20,3,3,"(87.5, 437.5, 6.482612700641647)",0.4682528255790284,739.8577270507812,-0.20153563312670444,1.660775346081648,2226.972200000091
20,3,4,"(112.5, 437.5, 8.264048786739911)",0.5286608903274501,0.0,-0.39973068287743097,1.3954190006119804,5728.671499999109
20,3,5,"(137.5, 437.5, 10.499382396270086)",0.04287893573443812,0.0,-0.5894722309859532,1.066062678253081,6299.731999999494
20,3,6,"(137.5, 437.5, 10.499382396270086)",0.5695158201121225,750.4082641601562,-0.19708655377809303,1.1766442304753124,2234.685100000206
20,3,7,"(162.5, 437.5, 13.254586740016286)",0.7588503457350766,0.0,-0.4076440452790346,0.963866489337239,5683.916799998769
20,3,8,"(162.5, 462.5, 14.173358874352427)",0.02813827494779613,0.0,-0.5983304038401973,0.5795563160152829,6435.771399999794
20,3,9,"(162.5, 462.5, 14.173358874352427)",0.4095898464718304,769.5537719726562,-0.19418666881834723,0.6832991162607526,2207.1555999991688
20,3,10,"(187.5, 462.5, 18.15511649450833)",0.6044461636274511,0.0,-0.39885102636042646,0.565437772397612,5269.579499999963
20,4,0,"(37.5, 437.5, 3.968016468858607)",0.6564214867163801,733.2366333007812,-0.22698860751321034,2.3381424611933994,2215.624200000093
20,4,1,"(62.5, 437.5, 5.075028620853257)",0.505920776947172,0.0,-0.4141451420346329,1.8701874007455221,5625.094999999419
20,4,2,"(87.5, 437.5, 6.482612700641647)",0.06474558015662615,0.0,-0.6126298290753897,1.6085030051256928,6163.20750000159
20,4,3,"(87.5, 437.5, 6.482612700641647)",0.4683342888208593,739.7861328125,-0.20153563312670444,1.6607753259703282,2244.702199999665
20,4,4,"(112.5, 437.5, 8.264048786739911)",0.5364321776559821,0.0,-0.3997306828774311,1.3954190004563347,5657.1888999988005
20,4,5,"(137.5, 437.5, 10.499382396270086)",0.04702503482500016,0.0,-0.5894722309859534,1.066062678253081,6323.732700000619
20,4,6,"(137.5, 437.5, 10.499382396270086)",0.5688776790464943,750.4623413085938,-0.19708655377809303,1.1766442115613338,2215.920399999959
20,4,7,"(162.5, 437.5, 13.254586740016286)",0.7624522532725835,0.0,-0.4076440452790346,0.9638664888861059,5649.365999999645
20,4,8,"(162.5, 462.5, 14.173358874352427)",0.024087622761730522,0.0,-0.5983304038401975,0.579556316015283,6448.512100001608
20,4,9,"(162.5, 462.5, 14.173358874352427)",0.40753455919993203,769.5498657226562,-0.19418666881834729,0.6832991518866735,2221.543899999233
20,4,10,"(187.5, 462.5, 18.15511649450833)",0.5933315879206755,0.0,-0.39885102636042646,0.5654377726090772,5312.235399998826
20,5,0,"(37.5, 437.5, 3.968016468858607)",0.6622932018506336,733.331298828125,-0.22698860751321032,2.338142393181351,2225.6656999998086
20,5,1,"(62.5, 437.5, 5.075028620853257)",0.5164274051667187,0.0,-0.41414514203463293,1.8701874006160741,5677.213199998732
20,5,2,"(87.5, 437.5, 6.482612700641647)",0.06346837182838935,0.0,-0.6126298290753897,1.6085030051256926,6211.350400000811
20,5,3,"(87.5, 437.5, 6.482612700641647)",0.4657412086678826,740.03076171875,-0.20153563312670447,1.660775342041927,2231.6577000001416
20,5,4,"(112.5, 437.5, 8.264048786739911)",0.5441951057541246,0.0,-0.39973068287743097,1.3954190005203018,5688.879399998768
20,5,5,"(137.5, 437.5, 10.499382396270086)",0.04670634865760097,0.0,-0.5894722309859534,1.066062678253081,6352.624299999661
20,5,6,"(137.5, 437.5, 10.499382396270086)",0.5720166206961061,750.2577514648438,-0.19708655377809303,1.1766442510266626,2219.195199999376
20,5,7,"(162.5, 437.5, 13.254586740016286)",0.7678292644379706,0.0,-0.4076440452790346,0.9638664891412715,5691.5993000002345
20,5,8,"(162.5, 462.5, 14.173358874352427)",0.025706564386683492,0.0,-0.5983304038401975,0.5795563160152831,6516.620800000965
20,5,9,"(162.5, 462.5, 14.173358874352427)",0.4088317127410346,769.4572143554688,-0.19418666881834729,0.6832991367359732,2223.69609999987
20,5,10,"(187.5, 462.5, 18.15511649450833)",0.6018094609381646,0.0,-0.3988510263604265,0.565437772152407,5336.559100000159
20,5,11,"(187.5, 437.5, 16.502195647044346)",0.06264767547447286,0.0,-0.6069759498752112,0.27638656732142924,6718.143000000055
20,5,12,"(187.5, 437.5, 16.502195647044346)",0.5849088333193092,776.861083984375,-0.21343294482601988,0.46276984827753526,2220.4099999999016
20,5,13,"(212.5, 437.5, 19.809611758762614)",0.9607337873254256,0.0,-0.4818615465218695,0.5466517084510848,6041.457699999228
20,5,14,"(212.5, 412.5, 15.910281935579775)",0.09268623590469335,0.0,-0.7551399769380255,0.23508425222010648,7561.607300000105
20,5,15,"(212.5, 412.5, 15.910281935579775)",0.7473908388685995,776.2714233398438,-0.27023852095579604,0.6190770126816301,2226.2734999985696
20,5,16,"(237.5, 412.5, 16.71281874556001)",0.9064385875759634,0.0,-0.47556129655786966,0.7281814599639745,5328.499499999452
20,5,17,"(237.5, 437.5, 21.459341898515387)",0.013581350445751084,0.0,-0.6483502322517397,0.19243426077893616,6711.8709000005765
20,5,18,"(237.5, 437.5, 21.459341898515387)",0.5936820876701966,804.5776977539062,-0.19461337492265052,0.3964957094635585,2225.2799999987474
20,5,19,"(262.5, 437.5, 19.691492564685472)",1.0584403519520218,0.0,-0.5367426766938471,0.5378408452241795,5881.697799999529
20,6,0,"(37.5, 437.5, 3.968016468858607)",0.6668592624370477,733.2095947265625,-0.22698860751321032,2.3381423717687273,2206.92229999986
20,6,1,"(62.5, 437.5, 5.075028620853257)",0.5134033164518298,0.0,-0.41414514203463293,1.8701874007090542,5627.92570000056
20,6,2,"(87.5, 437.5, 6.482612700641647)",0.060278092821438124,0.0,-0.6126298290753897,1.6085030051256926,6163.938400000916
20,6,3,"(87.5, 437.5, 6.482612700641647)",0.4697560780046375,739.9638671875,-0.20153563312670447,1.6607752731952898,2201.5105999998923
20,6,4,"(112.5, 437.5, 8.264048786739911)",0.5557790702848823,0.0,-0.3997306828774309,1.3954190008442038,5663.5681000007025
20,6,5,"(137.5, 437.5, 10.499382396270086)",0.04673662781714567,0.0,-0.5894722309859534,1.066062678253081,6283.9000999993
20,6,6,"(137.5, 437.5, 10.499382396270086)",0.5695695062654931,750.242919921875,-0.19708655377809303,1.1766442316952856,2235.0113000011333
20,6,7,"(137.5, 412.5, 9.458994007438445)",0.8621517674629979,0.0,-0.4236953183639046,1.1694844023697504,5683.440099999643
20,6,8,"(162.5, 412.5, 11.634380720059667)",0.0721804797649573,0.0,-0.6232717439321914,0.7781406079492217,6207.575700000234
20,6,9,"(162.5, 412.5, 11.634380720059667)",0.8202082898884572,751.2642822265625,-0.2091159840473047,1.2508389009241054,2220.7904999995662
20,6,10,"(162.5, 437.5, 13.254586740016286)",0.8868781067270515,0.0,-0.42206453171500924,0.8151954043276336,5431.8174
20,6,11,"(187.5, 437.5, 16.502195647044346)",0.034333797792601504,0.0,-0.6251750033197864,0.36162075584351644,6184.43059999845
20,6,12,"(187.5, 437.5, 16.502195647044346)",0.7490575964089591,768.87548828125,-0.210957879282527,0.7188540054746898,2260.015100000601
20,6,13,"(187.5, 462.5, 18.15511649450833)",0.6449985353692489,0.0,-0.40762875804789955,0.45833262816585535,5653.306199999861
20,7,0,"(37.5, 437.5, 3.968016468858607)",0.6639577740007747,733.33203125,-0.22698860751321032,2.338142362012581,2218.383999999787
20,7,1,"(62.5, 437.5, 5.075028620853257)",0.5060884360939355,0.0,-0.4141451420346329,1.870187400602407,5656.692900000053
20,7,2,"(87.5, 437.5, 6.482612700641647)",0.060316001375520185,0.0,-0.6126298290753898,1.6085030051256926,6223.660800000289
20,7,3,"(87.5, 437.5, 6.482612700641647)",0.46635679149700743,739.8914184570312,-0.20153563312670444,1.6607752975296832,2237.633000000642
20,7,4,"(112.5, 437.5, 8.264048786739911)",0.5270155397130467,0.0,-0.3997306828774309,1.3954190006960694,5734.267800000453
20,7,5,"(137.5, 437.5, 10.499382396270086)",0.04556734363238401,0.0,-0.5894722309859534,1.066062678253081,6395.476499999859
20,7,6,"(137.5, 437.5, 10.499382396270086)",0.5696013949336654,750.5741577148438,-0.197086553778093,1.1766442903104941,2257.6974000003247
20,7,7,"(162.5, 437.5, 13.254586740016286)",0.7549098238223334,0.0,-0.4076440452790346,0.9638664888616688,5729.915100000653
20,7,8,"(162.5, 462.5, 14.173358874352427)",0.02264336248238782,0.0,-0.5983304038401974,0.5795563160152831,6530.6141000000935
20,7,9,"(162.5, 462.5, 14.173358874352427)",0.4083441960033269,769.2985229492188,-0.19418666881834726,0.6832991275617682,2243.351499999335
20,7,10,"(187.5, 462.5, 18.15511649450833)",0.5911694641890182,0.0,-0.39885102636042646,0.5654377726723521,5369.07760000031
20,8,0,"(37.5, 437.5, 3.968016468858607)",0.6619997479676716,733.2722778320312,-0.22698860751321034,2.338142333219443,2258.585800000219
20,8,1,"(62.5, 437.5, 5.075028620853257)",0.5101642059838738,0.0,-0.4141451420346329,1.8701874007324715,5684.75430000035
20,8,2,"(87.5, 437.5, 6.482612700641647)",0.05500967800619273,0.0,-0.6126298290753897,1.6085030051256926,6260.344799999075
20,8,3,"(87.5, 437.5, 6.482612700641647)",0.4674398405664764,739.898681640625,-0.20153563312670444,1.6607753317497902,2208.206400000563
20,8,4,"(112.5, 437.5, 8.264048786739911)",0.5561052429678819,0.0,-0.3997306828774309,1.3954190005148732,5700.883800000156
20,8,5,"(137.5, 437.5, 10.499382396270086)",0.04413174589475581,0.0,-0.5894722309859534,1.0660626782530809,6360.157900000559
20,8,6,"(137.5, 437.5, 10.499382396270086)",0.5734279975992573,750.4190673828125,-0.197086553778093,1.1766442064598577,2232.22750000059
20,8,7,"(137.5, 412.5, 9.458994007438445)",0.8714541026997045,0.0,-0.4236953183639046,1.1694844023697504,5678.654800000004
20,8,8,"(162.5, 412.5, 11.634380720059667)",0.0673018793265314,0.0,-0.6232717439321915,0.7781406079492217,6175.862300000517
20,8,9,"(162.5, 412.5, 11.634380720059667)",0.8268968959038637,751.2377319335938,-0.2091159840473047,1.250838899325693,2235.022699998808
20,8,10,"(162.5, 437.5, 13.254586740016286)",0.8736154866532725,0.0,-0.4220645317150092,0.8151954037463748,5419.417100001738
20,8,11,"(187.5, 437.5, 16.502195647044346)",0.04112364103397034,0.0,-0.6251750033197861,0.3616207558435164,6179.98290000105
20,8,12,"(187.5, 437.5, 16.502195647044346)",0.7441276021317765,769.4869995117188,-0.21095787928252702,0.7188540755292453,2239.434999999503
20,8,13,"(187.5, 462.5, 18.15511649450833)",0.6242569502257127,0.0,-0.40762875804789955,0.45833262789486745,5690.259000000879
20,9,0,"(37.5, 437.5, 3.968016468858607)",0.6586408811693778,733.2830810546875,-0.22698860751321034,2.3381423612682375,2251.4439999995375
20,9,1,"(62.5, 437.5, 5.075028620853257)",0.5037420030768611,0.0,-0.4141451420346329,1.8701874006572865,5705.393500000355
20,9,2,"(87.5, 437.5, 6.482612700641647)",0.05817285676797897,0.0,-0.6126298290753898,1.6085030051256928,6182.825599998978
20,9,3,"(87.5, 437.5, 6.482612700641647)",0.47076758891995824,739.8511962890625,-0.20153563312670442,1.6607752955503663,2265.5338999993546
20,9,4,"(112.5, 437.5, 8.264048786739911)",0.5414366560205747,0.0,-0.39973068287743097,1.395419000843268,5675.440700000763
20,9,5,"(137.5, 437.5, 10.499382396270086)",0.04104660948117859,0.0,-0.5894722309859532,1.0660626782530809,6340.405899998586
20,9,6,"(137.5, 437.5, 10.499382396270086)",0.5692794076681076,750.599365234375,-0.19708655377809306,1.176644297053185,2263.7353999998595
20,9,7,"(137.5, 412.5, 9.458994007438445)",0.862452204295737,0.0,-0.42369531836390467,1.1694844023697508,5711.285299999872
20,9,8,"(162.5, 412.5, 11.634380720059667)",0.07197551925977828,0.0,-0.6232717439321914,0.7781406079492218,6207.785700000386
20,9,9,"(162.5, 412.5, 11.634380720059667)",0.8251784261647537,751.8640747070312,-0.20911598404730472,1.2508388945110864,2237.3461999995925
20,9,10,"(162.5, 437.5, 13.254586740016286)",0.8680318549093567,0.0,-0.42206453171500924,0.8151954046647215,5463.508700000602
20,9,11,"(187.5, 437.5, 16.502195647044346)",0.037949892381824626,0.0,-0.6251750033197863,0.3616207558435164,6250.681799998347
20,9,12,"(187.5, 437.5, 16.502195647044346)",0.7505035554889818,770.605712890625,-0.21095787928252702,0.7188541163983125,2228.918699998758
20,9,13,"(187.5, 462.5, 18.15511649450833)",0.6241622198545282,0.0,-0.40762875804789966,0.4583326280419871,5742.165199999363
20,0,0,"(12.5, 437.5, 3.099809189999389)",0.6150742448053902,548.7392578125,-0.23359329197411352,2.5562155655759407,2244.201100000282
20,0,1,"(37.5, 437.5, 3.968016468858607)",0.48055431949060246,0.0,-0.414669844526389,2.044971844102153,5619.839299999512
20,0,2,"(62.5, 437.5, 5.075028620853257)",0.06236463288464576,0.0,-0.6145305109942122,1.8185836708206962,6250.3992000001745
20,0,3,"(62.5, 437.5, 5.075028620853257)",0.4202773645652712,736.9623413085938,-0.20316068664319864,1.8519398850470685,2254.039699999339
20,0,4,"(87.5, 437.5, 6.482612700641647)",0.49781454459449437,0.0,-0.4045974186624733,1.6228697967092254,5780.888000001141
20,0,5,"(112.5, 437.5, 8.264048786739911)",0.056088119745247716,0.0,-0.5977093374385536,1.2954984648371997,6361.0191000007035
20,0,6,"(112.5, 437.5, 8.264048786739911)",0.5066010371671045,744.5623779296875,-0.19809990230176322,1.4051310373433081,2222.6204999988113
20,0,7,"(137.5, 437.5, 10.499382396270086)",0.5635035464512594,0.0,-0.3931587675018868,1.1420984823275255,5731.167899999491
20,0,8,"(137.5, 462.5, 11.051579161286583)",0.026265556613595333,0.0,-0.5885904619734484,0.7772572452019978,6955.108599999221
20,0,9,"(137.5, 462.5, 11.051579161286583)",0.43154301455429156,753.8021850585938,-0.19465669953505385,0.9316585455018169,2245.5216999987897
20,0,10,"(162.5, 462.5, 14.173358874352427)",0.43218048001727655,0.0,-0.3894978743785507,0.7217998660857995,5326.977500000794
20,0,11,"(162.5, 437.5, 13.254586740016286)",0.06061817208926728,0.0,-0.5961934985090623,0.5451439550459222,6355.53230000005
20,0,12,"(162.5, 437.5, 13.254586740016286)",0.7076312257299233,756.3182373046875,-0.20727720758670148,0.8471141747109509,2210.921199999575
20,0,13,"(187.5, 437.5, 16.502195647044346)",0.7920936119294386,0.0,-0.41714952644541037,0.7173623964344777,5332.265799999732
20,0,14,"(187.5, 412.5, 13.941569591049829)",0.053421154618264084,0.0,-0.623406203986679,0.2957342111102988,7769.012599999769
20,0,15,"(187.5, 412.5, 13.941569591049829)",0.6645280469220554,764.244873046875,-0.20653715819090357,0.7496581158239985,2222.375400000601
20,0,16,"(212.5, 412.5, 15.910281935579775)",1.2496296595946412,0.0,-0.48213738267839223,0.9191243906381245,5674.77830000098
20,0,17,"(237.5, 412.5, 16.71281874556001)",0.039153451720874644,0.0,-0.7228692814239295,0.680424748262179,7587.037100000089
20,0,18,"(237.5, 412.5, 16.71281874556001)",0.9191273851497556,767.3494262695312,-0.20735212670206332,0.8662684044926245,2230.506299998524
20,0,19,"(237.5, 437.5, 21.459341898515387)",0.4752868648681691,0.0,-0.3928543252697567,0.3710834318747719,4231.543500000043
20,0,20,"(262.5, 437.5, 19.691492564685472)",0.19569184382755614,0.0,-0.7628932934375136,0.25729798027541834,6953.706700000112
20,0,21,"(262.5, 437.5, 19.691492564685472)",0.6641853201070497,796.9332275390625,-0.28777299313288285,0.39231802132765303,2245.6672999996954
20,1,0,"(12.5, 437.5, 3.099809189999389)",0.6155885247270175,548.8652954101562,-0.2335932919741135,2.556215496563086,2269.174600000042
20,1,1,"(37.5, 437.5, 3.968016468858607)",0.48521622960301325,0.0,-0.414669844526389,2.044971844102859,5564.598599999954
20,1,2,"(62.5, 437.5, 5.075028620853257)",0.06305771569410835,0.0,-0.6145305109942122,1.8185836708206962,6201.865299999554
20,1,3,"(62.5, 437.5, 5.075028620853257)",0.42546435109642644,736.9056396484375,-0.20316068664319867,1.8519399205350227,2232.5098999990587
20,1,4,"(87.5, 437.5, 6.482612700641647)",0.503760451304327,0.0,-0.4045974186624734,1.6228697964621979,5683.63219999992
20,1,5,"(112.5, 437.5, 8.264048786739911)",0.05245589216549811,0.0,-0.5977093374385537,1.2954984648371997,6299.654599999485
20,1,6,"(112.5, 437.5, 8.264048786739911)",0.5036909937931429,744.389404296875,-0.19809990230176316,1.4051310736638634,2236.7904000002454
20,1,7,"(137.5, 437.5, 10.499382396270086)",0.5872681026914269,0.0,-0.3931587675018869,1.1420984825307399,5688.747699998203
20,1,8,"(162.5, 437.5, 13.254586740016286)",0.07586138447125457,0.0,-0.6009569097356255,0.8995704294392896,6300.23970000002
20,1,9,"(162.5, 437.5, 13.254586740016286)",0.736199799036098,756.08935546875,-0.2085814024878575,1.0009829397145737,2236.967300001197
20,1,10,"(162.5, 412.5, 11.634380720059667)",0.7972644799206484,0.0,-0.4211475886158136,0.8135630322507408,5618.7234000008175
20,1,11,"(187.5, 412.5, 13.941569591049829)",0.05562875171503367,0.0,-0.621075599366174,0.48426577678639643,6541.525900000124
20,1,12,"(187.5, 412.5, 13.941569591049829)",0.8844172039529815,754.3550415039062,-0.20210450593904675,1.0775886212028123,2263.011600000027
20,1,13,"(187.5, 437.5, 16.502195647044346)",0.7803307903351313,0.0,-0.41487052885031644,0.719435853668181,5327.939500000866
20,1,14,"(212.5, 437.5, 19.809611758762614)",0.15972115596135422,0.0,-0.7003481825630697,0.3811857789801571,6919.563700001163
20,1,15,"(212.5, 437.5, 19.809611758762614)",0.9155532201553064,795.8230590820312,-0.28012627023232006,0.5584838340192848,2256.5703000000212
20,1,16,"(237.5, 437.5, 21.459341898515387)",1.2926515769245424,0.0,-0.6026130312881199,0.6820197072256889,5347.875999999815
20,2,0,"(12.5, 437.5, 3.099809189999389)",0.6144487554245387,548.8108520507812,-0.23359329197411355,2.5562155099709156,2255.1524999998946
20,2,1,"(37.5, 437.5, 3.968016468858607)",0.5005040903014129,0.0,-0.41466984452638916,2.04497184424129,5587.0114999997895
20,2,2,"(62.5, 437.5, 5.075028620853257)",0.06564368307588826,0.0,-0.6145305109942122,1.8185836708206962,6192.128000000594
20,2,3,"(62.5, 437.5, 5.075028620853257)",0.42405147777739693,736.8963012695312,-0.20316068664319864,1.8519398697503304,2231.130000000121
20,2,4,"(87.5, 437.5, 6.482612700641647)",0.4999300448702213,0.0,-0.40459741866247345,1.6228697967495285,5656.904699999359
20,2,5,"(112.5, 437.5, 8.264048786739911)",0.052416473627094534,0.0,-0.5977093374385537,1.2954984648371997,6262.820900001316
20,2,6,"(112.5, 437.5, 8.264048786739911)",0.4996677842073163,744.7283325195312,-0.1980999023017632,1.4051310398074555,2232.696200000646
20,2,7,"(137.5, 437.5, 10.499382396270086)",0.5717458366866361,0.0,-0.39315876750188683,1.1420984819471525,5686.081100000592
20,2,8,"(162.5, 437.5, 13.254586740016286)",0.07383689284325036,0.0,-0.6009569097356254,0.8995704294392894,6289.466099999117
20,2,9,"(162.5, 437.5, 13.254586740016286)",0.7437097436760463,755.7811889648438,-0.2085814024878575,1.0009829037670788,2220.38319999956
20,2,10,"(187.5, 437.5, 16.502195647044346)",0.8405822608189741,0.0,-0.41884071233135645,0.756718813505957,5270.565400000123
20,2,11,"(187.5, 462.5, 18.15511649450833)",0.025703149537237697,0.0,-0.601594081811632,0.20792273876993211,6284.615599999597
20,2,12,"(187.5, 462.5, 18.15511649450833)",0.531788192508546,789.916259765625,-0.19251721495918836,0.4566383888311507,2224.7953999994934
20,3,0,"(12.5, 437.5, 3.099809189999389)",0.6174640449122404,548.8597412109375,-0.2335932919741136,2.556215474609934,2212.33729999949
20,3,1,"(37.5, 437.5, 3.968016468858607)",0.5049418712973016,0.0,-0.41466984452638894,2.044971844098986,5536.537100000714
20,3,2,"(62.5, 437.5, 5.075028620853257)",0.06675582627454006,0.0,-0.6145305109942122,1.8185836708206962,6216.432999999597
20,3,3,"(62.5, 437.5, 5.075028620853257)",0.4182901906512985,736.8776245117188,-0.20316068664319864,1.8519398658677304,2239.913499999602
20,3,4,"(87.5, 437.5, 6.482612700641647)",0.5084778291481911,0.0,-0.4045974186624733,1.6228697966430499,5678.1441000002815
20,3,5,"(112.5, 437.5, 8.264048786739911)",0.05567470192909171,0.0,-0.5977093374385536,1.2954984648371994,6370.241600001464
20,3,6,"(112.5, 437.5, 8.264048786739911)",0.5051219607820918,744.6710205078125,-0.19809990230176322,1.4051309891644512,2222.939100000076
20,3,7,"(137.5, 437.5, 10.499382396270086)",0.5662291911382586,0.0,-0.3931587675018868,1.1420984821130904,5734.291300001132
20,3,8,"(162.5, 437.5, 13.254586740016286)",0.07321318984032167,0.0,-0.6009569097356255,0.8995704294392896,6374.771499999042
20,3,9,"(162.5, 437.5, 13.254586740016286)",0.7306761867630863,756.4617919921875,-0.20858140248785756,1.000982932887514,2258.322900001076
20,3,10,"(187.5, 437.5, 16.502195647044346)",0.82500241085982,0.0,-0.41884071233135645,0.7567188133209934,5352.398799999719
20,3,11,"(187.5, 462.5, 18.15511649450833)",0.018191217134400143,0.0,-0.601594081811632,0.20792273876993211,6339.645300000484
20,3,12,"(187.5, 462.5, 18.15511649450833)",0.5517000253858485,789.5055541992188,-0.1925172149591884,0.456638296216596,2255.051899999671
20,4,0,"(12.5, 437.5, 3.099809189999389)",0.615561048568323,548.7879638671875,-0.23359329197411355,2.5562155127691457,2240.6049000001076
20,4,1,"(37.5, 437.5, 3.968016468858607)",0.49602879080781714,0.0,-0.41466984452638905,2.0449718442832236,5602.945099999488
20,4,2,"(37.5, 412.5, 3.751648026446586)",0.05774422983329983,0.0,-0.6167189369595233,1.923996685850972,6251.551600000312
20,4,3,"(37.5, 412.5, 3.751648026446586)",0.389041940432133,734.5165405273438,-0.20136468606331176,2.0527828723326405,2248.874799999612
20,4,4,"(37.5, 387.5, 3.4504418791542615)",0.4248424180296111,0.0,-0.41044502403742855,2.01637769989765,5766.968999998426
20,4,5,"(37.5, 362.5, 3.0963977943191585)",0.051362186670298626,0.0,-0.6170628796213985,1.8927330898310557,7334.405699999479
20,4,6,"(37.5, 362.5, 3.0963977943191585)",0.35820445114460375,734.4984741210938,-0.20128016880639799,2.1750548804998795,2261.9252000004053
20,4,7,"(37.5, 337.5, 2.720263300914144)",0.41614135994926477,0.0,-0.40804960418775005,2.21533628773879,5746.6836999992665
20,4,8,"(62.5, 337.5, 3.333747410702351)",0.05340325832367597,0.0,-0.6103219132440291,2.099566149965034,6261.540499999683
20,4,9,"(62.5, 337.5, 3.333747410702351)",0.37268690579302427,736.54736328125,-0.20140811314280432,2.2603133673152795,2241.3380999987567
20,4,10,"(87.5, 337.5, 4.042605949689198)",0.4755151272346604,0.0,-0.40608357954170854,2.1217361775073433,5748.18150000101
20,4,11,"(112.5, 337.5, 4.834376816244601)",0.06183391312758109,0.0,-0.6040422380038684,1.9329479669794922,6185.758499999793
20,4,12,"(112.5, 337.5, 4.834376816244601)",0.4549510824597442,739.0802612304688,-0.20233500759738862,2.051270717830048,2233.758000000307
20,4,13,"(137.5, 337.5, 5.675677129206918)",0.5747380389174754,0.0,-0.40787487630639674,1.9536369419339874,5703.76159999978
20,4,14,"(162.5, 337.5, 6.503826249283008)",0.06723045806087433,0.0,-0.6101254137451454,1.7801984075499349,6237.386200000401
20,4,15,"(162.5, 337.5, 6.503826249283008)",0.5878387904857699,740.5758056640625,-0.20031912221049109,1.9337146485649617,2221.487299999353
20,4,16,"(162.5, 362.5, 8.044975170611863)",0.6993981336981638,0.0,-0.40803968595206336,1.6693411196668466,5679.948500001046
20,4,17,"(162.5, 387.5, 9.797797492156253)",0.08365973830221858,0.0,-0.6134730749534681,1.3687089798955594,6305.198699999892
20,4,18,"(162.5, 387.5, 9.797797492156253)",0.7808267523900405,747.5591430664062,-0.20617402439103313,1.4565375661642452,2220.4282999991847
20,4,19,"(137.5, 387.5, 8.184609533832969)",0.6390187484103713,0.0,-0.4088711156934246,1.3363487442204496,5362.592900000891
20,4,20,"(137.5, 412.5, 9.458994007438445)",0.09527614712715626,0.0,-0.6298745711869134,1.0691025215832086,6298.117499998625
20,4,21,"(137.5, 412.5, 9.458994007438445)",0.8254382127312639,743.0593872070312,-0.21943102518083935,1.4529984998585401,2227.8027000011207
20,4,22,"(162.5, 412.5, 11.634380720059667)",0.7899009463976486,0.0,-0.4314922318854083,1.1526634208566136,5256.531700000778
20,4,23,"(162.5, 437.5, 13.254586740016286)",0.06177394588790605,0.0,-0.6309187177567241,0.5617532681307336,6571.098800000982
20,4,24,"(162.5, 437.5, 13.254586740016286)",0.7109330011911984,756.4912719726562,-0.20545059137957666,0.8341826317444812,2254.984400000467
20,4,25,"(187.5, 437.5, 16.502195647044346)",0.7745820483936114,0.0,-0.41938062890758454,0.7032499376040044,5356.279500001619
20,4,26,"(187.5, 462.5, 18.15511649450833)",0.019151646643877734,0.0,-0.6011944628092677,0.19842878253765053,6395.837899999606
20,4,27,"(187.5, 462.5, 18.15511649450833)",0.5379276833957212,787.7188720703125,-0.19241045490877187,0.45534718156950466,2228.2169999998587
20,5,0,"(12.5, 437.5, 3.099809189999389)",0.6165423353286612,548.7713012695312,-0.23359329197411358,2.5562154737005955,2253.7190999992163
20,5,1,"(37.5, 437.5, 3.968016468858607)",0.5011401243831864,0.0,-0.414669844526389,2.0449718440883067,5544.611700001042
20,5,2,"(62.5, 437.5, 5.075028620853257)",0.05948819220068317,0.0,-0.6145305109942121,1.818583670820696,6172.698799999125
20,5,3,"(62.5, 437.5, 5.075028620853257)",0.4205636190676895,736.9710083007812,-0.2031606866431986,1.8519398938673621,2255.978799999866
20,5,4,"(87.5, 437.5, 6.482612700641647)",0.5122566381713739,0.0,-0.40459741866247334,1.6228697968725343,5665.51360000085
20,5,5,"(112.5, 437.5, 8.264048786739911)",0.054170280694956045,0.0,-0.5977093374385536,1.2954984648371997,6289.851000001363
20,5,6,"(112.5, 437.5, 8.264048786739911)",0.5101902235179949,744.4235229492188,-0.1980999023017632,1.405131015008598,2238.8177000011638
20,5,7,"(137.5, 437.5, 10.499382396270086)",0.5740118154652702,0.0,-0.39315876750188683,1.1420984819907523,5716.010600001027
20,5,8,"(162.5, 437.5, 13.254586740016286)",0.07372237245241807,0.0,-0.6009569097356255,0.8995704294392896,6362.316299999293
20,5,9,"(162.5, 437.5, 13.254586740016286)",0.7389794244436781,756.1129760742188,-0.2085814024878575,1.000982988289846,2236.736499999097
20,5,10,"(187.5, 437.5, 16.502195647044346)",0.8079495452655618,0.0,-0.4188407123313565,0.7567188132027183,5336.387199999081
20,5,11,"(187.5, 462.5, 18.15511649450833)",0.01867457106709957,0.0,-0.601594081811632,0.20792273876993217,6340.244700000767
20,5,12,"(187.5, 462.5, 18.15511649450833)",0.5388667883640235,789.04638671875,-0.19251721495918836,0.456638335636052,2258.1523999997444
20,6,0,"(12.5, 437.5, 3.099809189999389)",0.6133316822678702,548.8621826171875,-0.2335932919741135,2.5562155285268653,2234.8920000004
20,6,1,"(37.5, 437.5, 3.968016468858607)",0.4956363296172285,0.0,-0.4146698445263891,2.04497184423962,5586.75840000069
20,6,2,"(62.5, 437.5, 5.075028620853257)",0.06712458034354368,0.0,-0.6145305109942122,1.8185836708206962,6218.719399999827
20,6,3,"(62.5, 437.5, 5.075028620853257)",0.4182971099343262,736.8156127929688,-0.20316068664319864,1.8519398849389925,2227.5696999986394
20,6,4,"(87.5, 437.5, 6.482612700641647)",0.4952760675164144,0.0,-0.40459741866247334,1.6228697967170367,5645.610600000509
20,6,5,"(112.5, 437.5, 8.264048786739911)",0.048305819431959905,0.0,-0.5977093374385536,1.2954984648371997,6272.617200000241
20,6,6,"(112.5, 437.5, 8.264048786739911)",0.506566325208453,744.4008178710938,-0.1980999023017632,1.4051310018826366,2185.574600000109
20,6,7,"(137.5, 437.5, 10.499382396270086)",0.5790724961820872,0.0,-0.39315876750188694,1.1420984822695237,5697.660400001041
20,6,8,"(162.5, 437.5, 13.254586740016286)",0.06866559386254271,0.0,-0.6009569097356255,0.8995704294392896,6301.423400000203
20,6,9,"(162.5, 437.5, 13.254586740016286)",0.7331183031131785,756.1238403320312,-0.20858140248785745,1.0009829873463778,2216.895499999737
20,6,10,"(187.5, 437.5, 16.502195647044346)",0.8228403941874329,0.0,-0.41884071233135645,0.7567188130393049,5327.89589999993
20,6,11,"(187.5, 462.5, 18.15511649450833)",0.01915164664387698,0.0,-0.6015940818116319,0.2079227387699321,6295.065099999192
20,6,12,"(187.5, 462.5, 18.15511649450833)",0.5302225935594155,788.5526123046875,-0.19251721495918836,0.4566383134088605,2197.758899999826
20,7,0,"(12.5, 437.5, 3.099809189999389)",0.6166403618746407,548.798095703125,-0.23359329197411358,2.5562154905404633,2200.720099999671
20,7,1,"(12.5, 412.5, 2.9483028787697823)",0.4805153768781908,0.0,-0.4227061500739254,2.213467554242859,5668.900000000576
20,7,2,"(12.5, 387.5, 2.7344809963379078)",0.05384957293671754,0.0,-0.6274073825829706,2.093659570861231,6202.814799999032
20,7,3,"(12.5, 387.5, 2.7344809963379078)",0.37342901311412663,549.994873046875,-0.2018230407181616,2.3054947806682917,2246.1163999996643
20,7,4,"(12.5, 362.5, 2.4787539260087077)",0.4233471503073645,0.0,-0.4092863397134717,2.2880093807898425,5681.842100000722
20,7,5,"(37.5, 362.5, 3.0963977943191585)",0.05487703283627984,0.0,-0.6094799157274412,2.1313185294451578,6217.392700000346
20,7,6,"(37.5, 362.5, 3.0963977943191585)",0.3651990847414662,734.2406616210938,-0.20190385362569738,2.282607925189857,2252.0361000006233
20,7,7,"(62.5, 362.5, 3.843509781658517)",0.4490467195823437,0.0,-0.4063863105663368,2.114854617054839,5667.726900001071
20,7,8,"(87.5, 362.5, 4.730210615988501)",0.06342170635857575,0.0,-0.6043205875816541,1.9099678272139495,6210.059700000784
20,7,9,"(87.5, 362.5, 4.730210615988501)",0.43302900576638886,738.774658203125,-0.20322007318977106,2.0076293530834333,2244.5589999988442
20,7,10,"(112.5, 362.5, 5.753213768936505)",0.555418302814479,0.0,-0.4081058271477208,1.8567023222098027,5715.666400001282
20,7,11,"(137.5, 362.5, 6.88289330546234)",0.05854127307733285,0.0,-0.6078366193463883,1.6467015512786212,6248.552600000039
20,7,12,"(137.5, 362.5, 6.88289330546234)",0.5674433164318855,741.7876586914062,-0.20130768802523413,1.7737648454409995,2262.3490000005404
20,7,13,"(162.5, 362.5, 8.044975170611863)",0.6788126092878257,0.0,-0.405062009473985,1.6622615368175955,5680.465699999331
20,7,14,"(162.5, 387.5, 9.797797492156253)",0.08459425965944099,0.0,-0.619182250833511,1.2639582170531067,6662.447799999427
20,7,15,"(162.5, 387.5, 9.797797492156253)",0.7602492298421037,746.7503051757812,-0.20699098105362082,1.438039255203592,2254.555999999866
20,7,16,"(162.5, 412.5, 11.634380720059667)",0.8838766209502513,0.0,-0.41226749011401903,1.2047699330754627,5445.156399999178
20,7,17,"(137.5, 412.5, 9.458994007438445)",0.08739013473191962,0.0,-0.6309300180623382,0.8343071972539452,7786.978900001486
20,7,18,"(137.5, 412.5, 9.458994007438445)",0.6892894950469094,746.3448486328125,-0.2158389656247805,1.25191200982276,2233.9671999998245
20,7,19,"(137.5, 437.5, 10.499382396270086)",0.8067381199540984,0.0,-0.41816172263137896,1.1794301421968865,5684.540399999605
20,7,20,"(162.5, 437.5, 13.254586740016286)",0.06137348214787219,0.0,-0.6186420019547664,0.6625411287341778,6319.338599998446
20,7,21,"(162.5, 437.5, 13.254586740016286)",0.6486358670781258,760.242431640625,-0.20618952782812586,0.9055518049306208,2223.4052999992855
20,7,22,"(187.5, 437.5, 16.502195647044346)",0.8154519255218533,0.0,-0.4179747561239621,0.7309918928019834,5344.203399999969
20,7,23,"(187.5, 462.5, 18.15511649450833)",0.015677411109220458,0.0,-0.6015049006015527,0.20589092700501457,6304.449999999633
20,7,24,"(187.5, 462.5, 18.15511649450833)",0.5406713844978568,789.4697875976562,-0.19249377363276327,0.45616497858464744,2203.3941999998206
20,8,0,"(12.5, 437.5, 3.099809189999389)",0.6178552605698207,548.8989868164062,-0.23359329197411358,2.556215552366526,2202.0394999999553
20,8,1,"(12.5, 412.5, 2.9483028787697823)",0.47981055668722683,0.0,-0.42270615007392554,2.213467554242859,5654.435700000249
20,8,2,"(37.5, 412.5, 3.751648026446586)",0.061035518844903935,0.0,-0.6195655826746178,2.0172685947878026,6163.145900000018
20,8,3,"(37.5, 412.5, 3.751648026446586)",0.3880196304918355,734.459228515625,-0.20279240217518202,2.0996432278434436,2249.6246000009705
20,8,4,"(62.5, 412.5, 4.762387255147607)",0.4860839707953436,0.0,-0.40736398185018025,1.9007017431146707,5658.277500000622
20,8,5,"(87.5, 412.5, 6.024387455566984)",0.06620203951994141,0.0,-0.6081340865177667,1.6644545244519529,6220.504100001563
20,8,6,"(87.5, 412.5, 6.024387455566984)",0.4808057170440036,740.0279541015625,-0.20527309966579654,1.752574920382166,2211.3072000011016
20,8,7,"(112.5, 412.5, 7.580708003809701)",0.6273093621751357,0.0,-0.4141248629139985,1.5628229892838623,5624.8398000007
20,8,8,"(137.5, 412.5, 9.458994007438445)",0.08835914731024809,0.0,-0.6245244034342603,1.302439286075377,6247.084000000541
20,8,9,"(137.5, 412.5, 9.458994007438445)",0.7079557767124871,745.8067016601562,-0.2153013119815134,1.429309316322156,2215.435799998886
20,8,10,"(162.5, 412.5, 11.634380720059667)",0.7847661602797517,0.0,-0.42625090553339917,1.2223669303815903,5263.986300000397
20,8,11,"(162.5, 437.5, 13.254586740016286)",0.07422464092571668,0.0,-0.6307222098823149,0.5767098621975455,6633.448500000668
20,8,12,"(162.5, 437.5, 13.254586740016286)",0.6988175695808785,756.7042236328125,-0.2054520695500934,0.8366948520508101,2241.9378999984474
20,8,13,"(187.5, 437.5, 16.502195647044346)",0.798160043667966,0.0,-0.41938109076117236,0.704222112656387,5259.3182000000525
20,8,14,"(187.5, 462.5, 18.15511649450833)",0.023570097982876972,0.0,-0.6012016516628934,0.19864342327458168,6259.750200000781
20,8,15,"(187.5, 462.5, 18.15511649450833)",0.5457992292376124,789.3745727539062,-0.19241231878619874,0.455371265306224,2237.2357999993255
20,9,0,"(12.5, 437.5, 3.099809189999389)",0.6161856493726285,548.7312622070312,-0.23359329197411355,2.556215486991245,2244.915100000071
20,9,1,"(37.5, 437.5, 3.968016468858607)",0.47429640572213716,0.0,-0.41466984452638905,2.0449718443551097,5491.727100001299
20,9,2,"(62.5, 437.5, 5.075028620853257)",0.05560332039996093,0.0,-0.6145305109942122,1.818583670820696,6136.511500000779
20,9,3,"(62.5, 437.5, 5.075028620853257)",0.42321921269089097,736.9739379882812,-0.20316068664319864,1.8519398906726297,2209.009899999728
20,9,4,"(87.5, 437.5, 6.482612700641647)",0.5054070638799101,0.0,-0.40459741866247334,1.6228697967127128,5633.27069999832
20,9,5,"(112.5, 437.5, 8.264048786739911)",0.05824326475460238,0.0,-0.5977093374385536,1.2954984648371997,6251.870799998869
20,9,6,"(112.5, 437.5, 8.264048786739911)",0.504264838206084,744.3433227539062,-0.19809990230176322,1.4051310136223785,2215.701099999933
20,9,7,"(137.5, 437.5, 10.499382396270086)",0.5733629560101888,0.0,-0.3931587675018869,1.1420984824081928,5705.625799999325
20,9,8,"(162.5, 437.5, 13.254586740016286)",0.0769236187140107,0.0,-0.6009569097356255,0.8995704294392894,6316.681199999948
20,9,9,"(162.5, 437.5, 13.254586740016286)",0.7318177929000337,756.7135620117188,-0.20858140248785748,1.000982974246766,2223.362200000338
20,9,10,"(187.5, 437.5, 16.502195647044346)",0.83165141042018,0.0,-0.41884071233135645,0.7567188132737376,5368.646999999328
20,9,11,"(187.5, 462.5, 18.15511649450833)",0.02099597205718556,0.0,-0.601594081811632,0.20792273876993211,6334.802999999738
20,9,12,"(187.5, 462.5, 18.15511649450833)",0.5373741800511322,790.4071655273438,-0.19251721495918833,0.45663837398084656,2247.1433999999135
20,0,0,"(112.5, 212.5, 1.7023465120987893)",0.3741875708275341,736.9845581054688,-0.2119362313663042,2.6931398091969867,2254.369100000986
20,0,1,"(112.5, 237.5, 2.1276559796850996)",0.36081458007041534,0.0,-0.41184207436086495,2.567971310133438,5691.205299999638
20,0,2,"(112.5, 262.5, 2.645266895480795)",0.0598959674437892,0.0,-0.6164572744391108,2.4340522851990856,6228.273000000627
20,0,3,"(112.5, 262.5, 2.645266895480795)",0.3401561341903809,737.2544555664062,-0.20473929080721393,2.497761851056618,2255.3698000010627
20,0,4,"(112.5, 287.5, 3.266470567666104)",0.4778528338366893,0.0,-0.4125644926834524,2.363549708876867,5710.054400000445
20,0,5,"(112.5, 312.5, 3.997603125569143)",0.08061724404492566,0.0,-0.6202666098490922,2.07631896354295,6262.577600000441
20,0,6,"(112.5, 312.5, 3.997603125569143)",0.4737696757930042,738.2864990234375,-0.20849994858298282,2.1831562382629346,2212.8373000014108
20,0,7,"(112.5, 337.5, 4.834376816244601)",0.6135939270533162,0.0,-0.41469560767159686,1.9522143237661658,5646.392200000264
20,0,8,"(112.5, 362.5, 5.753213768936505)",0.08026724557081223,0.0,-0.6157655147843373,1.553096705444921,6144.861799999489
20,0,9,"(112.5, 362.5, 5.753213768936505)",0.5352223424104843,740.2913208007812,-0.20655196318980357,1.7193258247777714,2224.7358999993594
20,0,10,"(112.5, 387.5, 6.700045574866817)",0.609831027067492,0.0,-0.4101941244761991,1.5010748630337545,5961.199400000623
20,0,11,"(112.5, 412.5, 7.580708003809701)",0.08706238865853608,0.0,-0.6251308141537576,1.1543974031322086,6182.369199999812
20,0,12,"(112.5, 412.5, 7.580708003809701)",0.6216841496764502,742.927734375,-0.21750977360716126,1.3755769314690667,2239.316699999108
20,0,13,"(137.5, 412.5, 9.458994007438445)",0.7781625278877479,0.0,-0.42844379871847826,1.3368592226306872,5435.071599998992
20,0,14,"(162.5, 412.5, 11.634380720059667)",0.08067525426546714,0.0,-0.6303498085163821,1.1095063894808712,6263.240199999927
20,0,15,"(162.5, 412.5, 11.634380720059667)",0.7892884588581152,752.11474609375,-0.21124557155464463,1.2524048873951135,2214.055399999779
20,0,16,"(162.5, 437.5, 13.254586740016286)",0.8608157666640904,0.0,-0.4218267558684764,0.8157580917026499,5448.371000000407
20,0,17,"(187.5, 437.5, 16.502195647044346)",0.032209567725674945,0.0,-0.6252484189641967,0.36300983209044135,6178.738599999633
20,0,18,"(187.5, 437.5, 16.502195647044346)",0.7644394851255243,770.00732421875,-0.21095271449970152,0.7189531255295833,2242.7516000007017
20,0,19,"(187.5, 462.5, 18.15511649450833)",0.6274105157904858,0.0,-0.4076286092592407,0.4583597812839135,5669.806800000515
20,1,0,"(112.5, 212.5, 1.7023465120987893)",0.37574007294053097,736.966064453125,-0.21193623136630418,2.6931397849042926,2250.0289999989036
20,1,1,"(112.5, 237.5, 2.1276559796850996)",0.36927046709319367,0.0,-0.41184207436086495,2.567971310133438,5713.06469999945
20,1,2,"(112.5, 262.5, 2.645266895480795)",0.06257841487725307,0.0,-0.6164572744391109,2.4340522851990856,6210.752899998624
20,1,3,"(112.5, 262.5, 2.645266895480795)",0.34139048711351294,737.280517578125,-0.20473929080721395,2.4977619016823875,2248.0010999988735
20,1,4,"(112.5, 287.5, 3.266470567666104)",0.47343635575303344,0.0,-0.4125644926834523,2.363549708876867,5701.283800000965
20,1,5,"(112.5, 312.5, 3.997603125569143)",0.08144543071586613,0.0,-0.620266609849092,2.0763189635429495,6274.910799998906
20,1,6,"(112.5, 312.5, 3.997603125569143)",0.4784398876877928,738.3460083007812,-0.20849994858298276,2.1831562699138725,2226.5723000000435
20,1,7,"(112.5, 337.5, 4.834376816244601)",0.6127399098029545,0.0,-0.41469560767159686,1.952214323766166,5691.839999999502
20,1,8,"(112.5, 362.5, 5.753213768936505)",0.07127234836424473,0.0,-0.6157655147843373,1.553096705444921,6223.263199999565
20,1,9,"(112.5, 362.5, 5.753213768936505)",0.5374458256638555,740.5380249023438,-0.20655196318980348,1.719325825082774,2221.720700001242
20,1,10,"(112.5, 387.5, 6.700045574866817)",0.6191379325588763,0.0,-0.41019412447619896,1.5010748630337545,5697.96580000002
20,1,11,"(112.5, 412.5, 7.580708003809701)",0.09099947412810426,0.0,-0.6251308141537575,1.1543974031322086,6237.780599998587
20,1,12,"(112.5, 412.5, 7.580708003809701)",0.6271754732842919,742.658203125,-0.21750977360716128,1.3755769586490942,2213.5987999990903
20,1,13,"(137.5, 412.5, 9.458994007438445)",0.7648329592242006,0.0,-0.4284437987184782,1.3368592226306872,5495.396399999663
20,1,14,"(137.5, 437.5, 10.499382396270086)",0.06337133049964667,0.0,-0.6248712372710994,0.8806240106223705,6589.0266000005795
20,1,15,"(137.5, 437.5, 10.499382396270086)",0.606622399422505,749.7039184570312,-0.19941770510065468,1.1078735014530596,2228.638400001728
20,1,16,"(162.5, 437.5, 13.254586740016286)",0.6872418913689116,0.0,-0.4058063163037967,0.905094157609505,5228.86010000002
20,1,17,"(162.5, 462.5, 14.173358874352427)",0.02184958755970305,0.0,-0.597716189445154,0.5722853582381768,6601.322500000606
20,1,18,"(162.5, 462.5, 14.173358874352427)",0.4055604602305964,769.0328369140625,-0.19412597803604012,0.6816424188968999,2210.4208000000654
20,1,19,"(187.5, 462.5, 18.15511649450833)",0.6024140153530119,0.0,-0.3987939949893732,0.5644901648985136,5270.523099999991
20,2,0,"(112.5, 212.5, 1.7023465120987893)",0.37517304789247397,736.9550170898438,-0.21193623136630424,2.693139792951934,2212.135700001454
20,2,1,"(112.5, 237.5, 2.1276559796850996)",0.36705164186305195,0.0,-0.411842074360865,2.567971310133438,5641.552099999899
20,2,2,"(112.5, 262.5, 2.645266895480795)",0.06005777418612693,0.0,-0.6164572744391109,2.434052285199086,6153.938699999344
20,2,3,"(112.5, 262.5, 2.645266895480795)",0.3403869166389986,737.3626098632812,-0.20473929080721387,2.4977618411548583,2233.710800001063
20,2,4,"(112.5, 287.5, 3.266470567666104)",0.48117043447985874,0.0,-0.41256449268345247,2.3635497088768673,5701.280999999653
20,2,5,"(112.5, 312.5, 3.997603125569143)",0.07684188584488515,0.0,-0.6202666098490919,2.076318963542949,6256.510100000014
20,2,6,"(112.5, 312.5, 3.997603125569143)",0.469871168630202,738.36083984375,-0.20849994858298285,2.18315626797587,2219.1920000004757
20,2,7,"(112.5, 337.5, 4.834376816244601)",0.612843806693028,0.0,-0.41469560767159674,1.9522143237661658,5601.506400000289
20,2,8,"(112.5, 362.5, 5.753213768936505)",0.07536766429740087,0.0,-0.6157655147843374,1.5530967054449212,6135.0524999998015
20,2,9,"(112.5, 362.5, 5.753213768936505)",0.5359996814445978,740.4183349609375,-0.20655196318980357,1.7193257950441565,2197.9792000001908
20,2,10,"(112.5, 387.5, 6.700045574866817)",0.6202144191143206,0.0,-0.4101941244761991,1.5010748630337545,5630.776500000138
20,2,11,"(112.5, 412.5, 7.580708003809701)",0.08832266926767617,0.0,-0.6251308141537575,1.1543974031322086,6170.250600000145
20,2,12,"(112.5, 412.5, 7.580708003809701)",0.6271916266794285,742.9606323242188,-0.21750977360716128,1.3755768592184274,2239.1281000000163
20,2,13,"(112.5, 437.5, 8.264048786739911)",0.6167644353048993,0.0,-0.4139005759474625,1.2108349045271745,5634.488600000623
20,2,14,"(137.5, 437.5, 10.499382396270086)",0.040109306573876825,0.0,-0.6022371614626235,0.8861201597926216,6190.761600000769
20,2,15,"(137.5, 437.5, 10.499382396270086)",0.5256666955493623,753.373291015625,-0.19728758484934483,1.1063493950866325,2260.459600000104
20,2,16,"(162.5, 437.5, 13.254586740016286)",0.722996415423209,0.0,-0.40662555193980743,0.9381297023744855,5565.528999999515
20,2,17,"(162.5, 462.5, 14.173358874352427)",0.022620076934501673,0.0,-0.5981606481917702,0.5777313824646076,6478.400399999373
20,2,18,"(162.5, 462.5, 14.173358874352427)",0.40270285397327876,768.9120483398438,-0.1941733154196564,0.6828451832486229,2249.0465999999287
20,2,19,"(187.5, 462.5, 18.15511649450833)",0.6050256605591393,0.0,-0.39883677093395437,0.565181996878178,5287.8163999994285
20,3,0,"(112.5, 212.5, 1.7023465120987893)",0.37211535445653615,736.9705810546875,-0.2119362313663042,2.693139782716696,2242.872899998474
20,3,1,"(137.5, 212.5, 1.8800807210840746)",0.32162331265875604,0.0,-0.4067418761910279,2.571218931336837,5618.691899999249
20,3,2,"(162.5, 212.5, 2.0359929489759456)",0.0464115093151578,0.0,-0.6038685309378122,2.4961842630833466,6189.21489999957
20,3,3,"(162.5, 212.5, 2.0359929489759456)",0.26423849213959216,737.2343139648438,-0.1994908688024204,2.54533039102857,2265.9567999999126
20,3,4,"(187.5, 212.5, 2.1581048160551872)",0.3180357556501884,0.0,-0.3998291069220683,2.504131038309653,5671.5342000006785
20,3,5,"(187.5, 187.5, 1.6876002167496233)",0.02820571015280774,0.0,-0.5945420133384536,2.4317855305455884,6188.74969999888
20,3,6,"(187.5, 187.5, 1.6876002167496233)",0.20573686459518403,737.1668090820312,-0.19606173804518878,2.5107104010979384,2231.279600000562
20,3,7,"(212.5, 187.5, 1.743039893786265)",0.25160305194695565,0.0,-0.3938539415564064,2.476676027696793,5739.004900000509
20,3,8,"(237.5, 187.5, 1.761548008038559)",0.03385478009781716,0.0,-0.5902264780656317,2.4082676668283436,6587.609400001384
20,3,9,"(237.5, 187.5, 1.761548008038559)",0.22748885728843748,737.1837768554688,-0.19745552536139852,2.4750257165631,2241.188299998612
20,3,10,"(262.5, 187.5, 1.7415094379554124)",0.26879398296361184,0.0,-0.39606543645210956,2.446580600874435,5694.916500000545
20,3,11,"(287.5, 187.5, 1.6846716355053617)",0.03223331769306921,0.0,-0.5905744113119556,2.3796509770534815,6625.631199998679
20,3,12,"(287.5, 187.5, 1.6846716355053617)",0.2055210777448638,737.1336059570312,-0.19592755516319665,2.4677579940927785,2239.635600000838
20,3,13,"(287.5, 212.5, 2.154010388857775)",0.2774089508264792,0.0,-0.3955471803858257,2.4692955972157358,5648.600099999385
20,3,14,"(287.5, 237.5, 2.751681670936008)",0.04403883218766726,0.0,-0.5990630222723047,2.4064636865720828,6192.07760000063
20,3,15,"(287.5, 237.5, 2.751681670936008)",0.3109138035563304,737.3054809570312,-0.20212980041247558,2.5172077019918784,2194.4915000003675
20,3,16,"(287.5, 262.5, 3.5110384656530513)",0.45606762088890174,0.0,-0.40868626530641355,2.468047697433322,5659.570200001326
20,3,17,"(287.5, 287.5, 4.472629217733303)",0.060427427291876695,0.0,-0.6132016672870123,2.208220078144942,6181.584500000099
20,3,18,"(287.5, 287.5, 4.472629217733303)",0.4643095643575709,738.2822875976562,-0.2057688246706972,2.3215542069042323,2267.8675999995903
20,3,19,"(287.5, 312.5, 5.684209381380459)",0.5857612138604327,0.0,-0.4124819182286095,2.0936401837277576,5688.1295000002865
20,3,20,"(287.5, 337.5, 7.198514700667702)",0.06487409273783054,0.0,-0.6154114555974279,1.7253310589859256,6288.910100000066
20,3,21,"(287.5, 337.5, 7.198514700667702)",0.6119069330159772,741.7803344726562,-0.2056629424121732,1.8347018041991583,2184.7510999996302
20,3,22,"(262.5, 337.5, 7.706480720276972)",0.768355179776245,0.0,-0.42658993076068474,1.8170238923920083,5657.813899999383
20,3,23,"(237.5, 337.5, 7.894671343450355)",0.07876425981518663,0.0,-0.6383459981134461,1.6199373176696221,7056.511699998737
20,3,24,"(237.5, 337.5, 7.894671343450355)",0.7400069717700306,741.86279296875,-0.2051020241495959,1.8118543458636471,2234.6890999997413
20,3,25,"(237.5, 362.5, 10.136936791802604)",0.7307720456620956,0.0,-0.40840400057652504,1.3827464593441035,5675.35080000016
20,3,26,"(237.5, 387.5, 13.016039592385813)",0.08426299691199739,0.0,-0.6166101071901555,1.0237046679166955,6335.371600000144
20,3,27,"(237.5, 387.5, 13.016039592385813)",0.8492602411954332,755.1430053710938,-0.2165572945442711,1.1447690277266358,2221.0128999995504
20,3,28,"(212.5, 387.5, 12.56601886791643)",1.0364968742735114,0.0,-0.4367348666394301,1.0683711257437736,5679.091099998914
20,3,29,"(212.5, 412.5, 15.910281935579775)",0.14195003112157636,0.0,-0.6839635874112739,0.5579077809413678,6753.309800000352
20,3,30,"(212.5, 412.5, 15.910281935579775)",1.0996649792744175,756.7066040039062,-0.25812777400477604,0.9313829236422851,2241.521299998567
20,3,31,"(187.5, 412.5, 13.941569591049829)",0.8452404305870665,0.0,-0.48250145579768766,0.9353635139597659,4711.34610000081
20,3,32,"(187.5, 437.5, 16.502195647044346)",0.024565550188216535,0.0,-0.7070700824326902,0.5193828599265137,6985.157600000093
20,3,33,"(187.5, 437.5, 16.502195647044346)",0.7709274605684594,768.305908203125,-0.2096744917687582,0.7223861046197287,2262.2451999995974
20,3,34,"(212.5, 437.5, 19.809611758762614)",1.0949948602113047,0.0,-0.4901103612204555,0.5457476693080842,5682.939099999203
20,3,35,"(212.5, 412.5, 15.910281935579775)",0.10669261217117287,0.0,-0.7578840838649591,0.27284079471384115,7861.919700000726
20,3,36,"(212.5, 412.5, 15.910281935579775)",0.7779786085879051,775.4676513671875,-0.2705547892256028,0.6346254825764338,2250.953799999479
20,3,37,"(237.5, 412.5, 16.71281874556001)",0.9233376722032718,0.0,-0.475091519032638,0.7250099876939355,5361.25119999997
20,3,38,"(237.5, 437.5, 21.459341898515387)",0.016268248359365026,0.0,-0.6483127567712842,0.19192253988586747,6724.592000000484
20,3,39,"(237.5, 437.5, 21.459341898515387)",0.5789951639540211,806.0342407226562,-0.19461218531652127,0.3964022909141227,2263.8470999991114
20,3,40,"(262.5, 437.5, 19.691492564685472)",1.039153695084042,0.0,-0.5367385178273356,0.5378745192523965,5980.58779999883
20,4,0,"(112.5, 212.5, 1.7023465120987893)",0.3710972368772008,736.9707641601562,-0.21193623136630418,2.6931398430130424,2246.15730000005
20,4,1,"(137.5, 212.5, 1.8800807210840746)",0.31700499090990975,0.0,-0.406741876191028,2.5712189313368365,5777.846599999975
20,4,2,"(162.5, 212.5, 2.0359929489759456)",0.047822073101965096,0.0,-0.6038685309378122,2.496184263083346,6263.442400000713
20,4,3,"(162.5, 212.5, 2.0359929489759456)",0.2655398332487956,737.2271728515625,-0.19949086880242042,2.5453304055001986,2238.1783000000723
20,4,4,"(162.5, 237.5, 2.5862997483722747)",0.3547236762732442,0.0,-0.4042107717860587,2.4900387634541676,5752.420200000415
20,4,5,"(162.5, 262.5, 3.2775456166337156)",0.062138870358436696,0.0,-0.6092482662960274,2.3253824455368517,6219.395099999019
20,4,6,"(162.5, 262.5, 3.2775456166337156)",0.3705947695618342,737.6952514648438,-0.2050922044270316,2.431833938531163,2231.692600000315
20,4,7,"(162.5, 287.5, 4.140142738102741)",0.5138010295997926,0.0,-0.4090382392913392,2.2593151563278853,5710.599199999706
20,4,8,"(162.5, 312.5, 5.206150757863988)",0.06784518063065272,0.0,-0.60679178044705,1.9218372258720753,6253.408599999602
20,4,9,"(162.5, 312.5, 5.206150757863988)",0.5005272825495513,739.5462646484375,-0.20242586253852562,2.058141423057304,2239.1908999998122
20,4,10,"(162.5, 337.5, 6.503826249283008)",0.5768733484707098,0.0,-0.4042297696786582,1.860506383822952,5757.88780000039
20,4,11,"(162.5, 362.5, 8.044975170611863)",0.06561811268329167,0.0,-0.6076522811749949,1.5649752161423292,6450.528899998972
20,4,12,"(162.5, 362.5, 8.044975170611863)",0.6654432434376297,743.6730346679688,-0.20349879200214901,1.683734782518956,2230.387800000244
20,4,13,"(162.5, 387.5, 9.797797492156253)",0.8058960319408315,0.0,-0.4113215833587198,1.4624888190266894,5684.378399999332
20,4,14,"(137.5, 387.5, 8.184609533832969)",0.06885130206744178,0.0,-0.6112236404751613,1.0646086757059403,6391.667599998982
20,4,15,"(137.5, 387.5, 8.184609533832969)",0.664179434184915,743.4443969726562,-0.20096614116188,1.5227439011621495,2231.6281000003073
20,4,16,"(137.5, 412.5, 9.458994007438445)",0.8899666498158242,0.0,-0.4219715161022978,1.4034240620205096,5648.882999999842
20,4,17,"(162.5, 412.5, 11.634380720059667)",0.07385672132173934,0.0,-0.6297297206398479,0.9182351343945994,6224.09830000106
20,4,18,"(162.5, 412.5, 11.634380720059667)",0.7238022024267574,754.1444702148438,-0.21156275916201628,1.1442143998275678,2248.421899999812
20,4,19,"(162.5, 437.5, 13.254586740016286)",0.9100050667224467,0.0,-0.42436907620935904,0.8428401152275874,5328.582100000858
20,4,20,"(187.5, 437.5, 16.502195647044346)",0.03625759730736896,0.0,-0.6249769679787309,0.3609981637616835,6202.737399999023
20,4,21,"(187.5, 437.5, 16.502195647044346)",0.7478616302675348,769.6181030273438,-0.2109256855005863,0.7177947294491419,2283.574500001123
20,4,22,"(187.5, 462.5, 18.15511649450833)",0.6354005228265219,0.0,-0.40761843127841646,0.45830658188166123,5718.247799999517
20,5,0,"(112.5, 212.5, 1.7023465120987893)",0.37347071368885043,736.9457397460938,-0.21193623136630424,2.693139814272491,2252.318799999557
20,5,1,"(137.5, 212.5, 1.8800807210840746)",0.33082788218149184,0.0,-0.406741876191028,2.571218931336837,5679.707499999495
20,5,2,"(162.5, 212.5, 2.0359929489759456)",0.03973364333314362,0.0,-0.6038685309378123,2.496184263083346,6234.371200000169
20,5,3,"(162.5, 212.5, 2.0359929489759456)",0.2630468028237264,737.2694091796875,-0.19949086880242042,2.5453304327868085,2232.554500000333
20,5,4,"(162.5, 237.5, 2.5862997483722747)",0.3544514751884085,0.0,-0.4042107717860587,2.4900387634541676,5718.57590000036
20,5,5,"(162.5, 262.5, 3.2775456166337156)",0.05765175322691949,0.0,-0.6092482662960272,2.3253824455368513,6248.38920000002
20,5,6,"(162.5, 262.5, 3.2775456166337156)",0.3700864762017276,737.645751953125,-0.20509220442703158,2.4318338931783905,2248.336399999971
20,5,7,"(162.5, 287.5, 4.140142738102741)",0.5185250954469977,0.0,-0.40903823929133926,2.2593151563278853,5761.488100000861
20,5,8,"(162.5, 312.5, 5.206150757863988)",0.06483586132525612,0.0,-0.60679178044705,1.9218372258720753,6242.044399999941
20,5,9,"(162.5, 312.5, 5.206150757863988)",0.5004751722197103,739.5989990234375,-0.20242586253852565,2.0581414447360054,2272.7158999987296
20,5,10,"(162.5, 337.5, 6.503826249283008)",0.5599340211737768,0.0,-0.4042297696786582,1.8605063838229519,5759.808400000111
20,5,11,"(162.5, 362.5, 8.044975170611863)",0.06516678631306108,0.0,-0.6076522811749949,1.5649752161423294,6478.822600000058
20,5,12,"(162.5, 362.5, 8.044975170611863)",0.6694606301693523,743.7516479492188,-0.20349879200214901,1.6837347468484634,2240.9788000004482
20,5,13,"(137.5, 362.5, 6.88289330546234)",0.6874893052712444,0.0,-0.4144430560104723,1.6794649668547046,5738.193999999567
20,5,14,"(137.5, 387.5, 8.184609533832969)",0.095675140619246,0.0,-0.6244855384210477,1.3853974387318821,6211.976700000378
20,5,15,"(137.5, 387.5, 8.184609533832969)",0.7354391912898276,742.39501953125,-0.20380096920966287,1.652332643402689,2267.3627999993187
20,5,16,"(112.5, 387.5, 6.700045574866817)",0.5543132648709168,0.0,-0.4079119735870171,1.544562072883164,5318.005400000402
20,5,17,"(112.5, 362.5, 5.753213768936505)",0.0518036435047604,0.0,-0.6062492153138883,1.2738831009270932,6428.269100000762
20,5,18,"(112.5, 362.5, 5.753213768936505)",0.4687069245895327,741.1085205078125,-0.20286344428600564,1.6314898157383027,2252.6558999998088
20,5,19,"(112.5, 337.5, 4.834376816244601)",0.46431758674561296,0.0,-0.40636482617590064,1.6773299229378869,6045.165200001065
20,5,20,"(112.5, 312.5, 3.997603125569143)",0.03981349120538772,0.0,-0.6075547018730663,1.5038883247395,6215.666699999929
20,5,21,"(112.5, 312.5, 3.997603125569143)",0.3947249052634203,738.539794921875,-0.1997688307184773,1.9636427816443376,2194.6026000005077
20,5,22,"(112.5, 287.5, 3.266470567666104)",0.39961997834035773,0.0,-0.40519228794156337,2.104015809510566,6034.7998999986885
20,5,23,"(112.5, 262.5, 2.645266895480795)",0.040920312205964184,0.0,-0.6101795187689648,2.0216619479363955,6309.034699999756
20,5,24,"(112.5, 262.5, 2.645266895480795)",0.3131802901049114,737.4144897460938,-0.19870699762307426,2.3666410471801913,2184.977400000207
20,5,25,"(112.5, 237.5, 2.1276559796850996)",0.3286370128497421,0.0,-0.40246420533869043,2.4206669799084937,5696.6267000007065
20,5,26,"(112.5, 212.5, 1.7023465120987893)",0.03862004975476001,0.0,-0.6020298015409602,2.34143800209404,6389.962100000048
20,5,27,"(112.5, 212.5, 1.7023465120987893)",0.22831944621714173,737.05078125,-0.19753090010402838,2.529550774449686,2244.6428000002925
20,5,28,"(137.5, 212.5, 1.8800807210840746)",0.28850312977803716,0.0,-0.3992331302661706,2.522282455356964,5702.714099999866
20,5,29,"(162.5, 212.5, 2.0359929489759456)",0.03853805363179525,0.0,-0.5959381183213046,2.445492178020288,6214.681499999642
20,5,30,"(162.5, 212.5, 2.0359929489759456)",0.2548225755137471,737.2182006835938,-0.19874143653122364,2.5313843638894165,2256.3372000004165
20,5,31,"(187.5, 212.5, 2.1581048160551872)",0.2962268057600389,0.0,-0.3994313998263576,2.500615328808057,5794.026900000972
20,5,32,"(212.5, 212.5, 2.2358312589572185)",0.04494627316789084,0.0,-0.5964563711419152,2.4309278163687655,6498.131099999227
20,5,33,"(212.5, 212.5, 2.2358312589572185)",0.2654412412964448,737.175537109375,-0.19805618350885235,2.519388925371689,2254.24860000021
20,5,34,"(237.5, 212.5, 2.261871450534782)",0.3198193305627597,0.0,-0.3978415443431988,2.4990748986113176,5721.831700000621
20,5,35,"(262.5, 212.5, 2.2336800277132602)",0.045260985692342444,0.0,-0.5968908638350231,2.435580555377146,6894.188500000382
20,5,36,"(262.5, 212.5, 2.2336800277132602)",0.2849733751620633,737.1529541015625,-0.19868716243769272,2.5262020941994257,2239.698400000634
20,5,37,"(287.5, 212.5, 2.154010388857775)",0.31443024293757066,0.0,-0.3975943449957397,2.4969149510561803,5751.1107999998785
20,5,38,"(312.5, 212.5, 2.0303276744152)",0.04174041748045579,0.0,-0.5943292028127393,2.426702041231508,6813.504300000204
20,5,39,"(312.5, 212.5, 2.0303276744152)",0.24783646074804158,737.1409912109375,-0.1982293702284332,2.5111948411950973,2248.9485000005516
20,5,40,"(312.5, 237.5, 2.5784026504198194)",0.34419235580285723,0.0,-0.4024594241500479,2.494582732237539,5765.643000000637
20,5,41,"(312.5, 262.5, 3.266470567666104)",0.060051520665477996,0.0,-0.6086773379265248,2.357029215050211,6261.587699998927
20,5,42,"(312.5, 262.5, 3.266470567666104)",0.3793462142550713,737.5853271484375,-0.20507210064425913,2.4654163546810723,2266.486200000145
20,5,43,"(312.5, 287.5, 4.124508633098295)",0.5202441457790898,0.0,-0.40912943707960836,2.3119322821694652,5756.407099999706
20,5,44,"(312.5, 312.5, 5.183930710700896)",0.05940373241901377,0.0,-0.607562628071262,1.9905978598793417,6265.951199999108
20,5,45,"(312.5, 312.5, 5.183930710700896)",0.5000653757422553,739.1035766601562,-0.20211490133661425,2.131583296685796,2247.5989000013215
20,5,46,"(312.5, 337.5, 6.4720487778634865)",0.6187521837596914,0.0,-0.4064352874423103,1.9166536906615779,5787.089200000992
20,5,47,"(312.5, 362.5, 7.999359988870806)",0.06538629531861029,0.0,-0.608095951419768,1.5759532309673756,6448.623700000098
20,5,48,"(312.5, 362.5, 7.999359988870806)",0.6655417008867031,743.5150756835938,-0.20439736891291038,1.6945822457708979,2229.7741000002134
20,5,49,"(337.5, 362.5, 6.836404624384365)",0.6859827396270874,0.0,-0.415218425555021,1.69534652745826,5578.894600001149
20,5,50,"(337.5, 387.5, 8.122025837780313)",0.08758959174156407,0.0,-0.6277983245166329,1.4082844917453998,6194.354299999759
20,5,51,"(337.5, 387.5, 8.122025837780313)",0.7440524714490381,742.0870361328125,-0.20586068078009317,1.6891684380941385,2252.7616000006674
20,5,52,"(362.5, 387.5, 6.644563227708976)",0.5552974517266124,0.0,-0.4107157263105872,1.588290815659527,5341.820999999982
20,5,53,"(387.5, 387.5, 5.365977503075057)",0.038199136654547286,0.0,-0.6002243786373307,1.4251930235413532,6325.066800000059
20,5,54,"(387.5, 387.5, 5.365977503075057)",0.4013897645357075,740.692626953125,-0.19866378247692978,1.704173737747394,2225.6803999989643
20,5,55,"(387.5, 362.5, 4.6920389042223976)",0.46672859471703443,0.0,-0.4082992057519741,1.718658191363568,6063.423100000364
20,5,56,"(387.5, 337.5, 4.012520353342856)",0.05024657150112619,0.0,-0.616032055235207,1.5291168071128012,6271.4429999996355
20,5,57,"(387.5, 337.5, 4.012520353342856)",0.4080379386118802,738.8729248046875,-0.20208598945847098,1.961581228841719,2219.138299999031
20,5,58,"(387.5, 312.5, 3.371997408476144)",0.43108892442213675,0.0,-0.40833653676286996,2.063026962714735,6047.8603999999905
20,5,59,"(387.5, 287.5, 2.795360823982221)",0.046647086739545617,0.0,-0.6162026534018371,1.9577488787789061,6586.707100001149
20,5,60,"(387.5, 287.5, 2.795360823982221)",0.34280606441881883,737.6475219726562,-0.20058754111903979,2.326558738199929,2241.7299000007915
20,5,61,"(387.5, 262.5, 2.2927863351327353)",0.36476560447732,0.0,-0.4062710651878009,2.401382971791441,5778.754500001014
20,5,62,"(387.5, 237.5, 1.86489266876442)",0.04343668123086203,0.0,-0.610939505538102,2.3230653732925655,6944.678500000009
20,5,63,"(387.5, 237.5, 1.86489266876442)",0.2693516479458629,737.1226806640625,-0.1999444992601873,2.5182121379387663,2240.035499999067
20,5,64,"(387.5, 212.5, 1.5068207512166414)",0.2542817869809235,0.0,-0.40108797470505386,2.5225791185218656,5702.1082999999635
20,5,65,"(362.5, 212.5, 1.6949517469263145)",0.03934248536821452,0.0,-0.5988085119205249,2.461879276343805,6178.280200001609
20,5,66,"(362.5, 212.5, 1.6949517469263145)",0.22356912586217115,737.0894775390625,-0.19820305214133796,2.547588741411815,2257.988100000148
20,5,67,"(337.5, 212.5, 1.8733097780882446)",0.2747319799171779,0.0,-0.3980477064712539,2.512199452181969,5663.000999998985
20,5,68,"(312.5, 212.5, 2.0303276744152)",0.04066316286721317,0.0,-0.5936063551091793,2.440241232151404,6181.117300000551
20,5,69,"(312.5, 212.5, 2.0303276744152)",0.2467760064221123,737.235595703125,-0.19776621442904863,2.5165033892437263,2246.532799999841
20,6,0,"(112.5, 212.5, 1.7023465120987893)",0.3693744790439158,736.9950561523438,-0.21193623136630424,2.693139834351725,2232.7788999991753
20,6,1,"(137.5, 212.5, 1.8800807210840746)",0.3284692013648313,0.0,-0.40674187619102803,2.571218931336837,5698.654399999214
20,6,2,"(162.5, 212.5, 2.0359929489759456)",0.043766414125755965,0.0,-0.6038685309378122,2.4961842630833466,6220.722000000023
20,6,3,"(162.5, 212.5, 2.0359929489759456)",0.26579817794048527,737.2527465820312,-0.19949086880242042,2.545330399783635,2264.4796000004135
20,6,4,"(162.5, 237.5, 2.5862997483722747)",0.35413309952723904,0.0,-0.4042107717860587,2.4900387634541676,5734.573300000193
20,6,5,"(162.5, 262.5, 3.2775456166337156)",0.06036241352556901,0.0,-0.6092482662960272,2.3253824455368526,6249.214999999822
20,6,6,"(162.5, 262.5, 3.2775456166337156)",0.3784727718353568,737.6460571289062,-0.2050922044270316,2.4318339370994297,2259.0595000001485
20,6,7,"(162.5, 287.5, 4.140142738102741)",0.512802167277337,0.0,-0.40903823929133926,2.2593151563278853,5737.04319999888
20,6,8,"(162.5, 312.5, 5.206150757863988)",0.06428106129169067,0.0,-0.6067917804470501,1.9218372258720757,6224.57729999951
20,6,9,"(162.5, 312.5, 5.206150757863988)",0.501188238043749,739.5234985351562,-0.20242586253852568,2.0581414377630125,2283.5175999989588
20,6,10,"(162.5, 337.5, 6.503826249283008)",0.5859622845706195,0.0,-0.4042297696786582,1.8605063838229523,5720.48949999953
20,6,11,"(162.5, 362.5, 8.044975170611863)",0.07156013945737248,0.0,-0.6076522811749948,1.564975216142329,6412.8457000006165
20,6,12,"(162.5, 362.5, 8.044975170611863)",0.6620474969649113,743.9063110351562,-0.20349879200214904,1.683734795283897,2201.343900000211
20,6,13,"(137.5, 362.5, 6.88289330546234)",0.6891440976199327,0.0,-0.4144430560104723,1.6794649668547046,5693.941900000937
20,6,14,"(112.5, 362.5, 5.753213768936505)",0.049518242478387466,0.0,-0.6041079410217538,1.4975549969693636,6215.902899999492
20,6,15,"(112.5, 362.5, 5.753213768936505)",0.47616667567274334,740.6213989257812,-0.20141554600639755,1.7660525640116873,2221.921199999997
20,6,16,"(112.5, 337.5, 4.834376816244601)",0.4802810139735601,0.0,-0.4117438558632252,1.7453780126252634,5964.978500000143
20,6,17,"(112.5, 312.5, 3.997603125569143)",0.04763672252496668,0.0,-0.6102162588539471,1.5252987723217954,6215.106899999228
20,6,18,"(112.5, 312.5, 3.997603125569143)",0.3949995001214687,738.6442260742188,-0.19994403717424677,1.9681702846439095,2213.7162999988504
20,6,19,"(112.5, 287.5, 3.266470567666104)",0.3859305645658744,0.0,-0.4052283153230075,2.104306825294059,6018.64360000036
20,6,20,"(112.5, 262.5, 2.645266895480795)",0.036138827602095185,0.0,-0.6101880447964033,2.021733028182444,6314.688499998738
20,6,21,"(112.5, 262.5, 2.645266895480795)",0.31601412780438837,737.4208374023438,-0.1987072097394511,2.366620883160176,2203.0099000003247
20,6,22,"(112.5, 237.5, 2.1276559796850996)",0.34934514153279894,0.0,-0.4024638780185308,2.4206609528805134,5724.119299999074
20,6,23,"(112.5, 212.5, 1.7023465120987893)",0.03414699931940219,0.0,-0.6020296481442389,2.3414365267753263,6399.73370000007
20,6,24,"(112.5, 212.5, 1.7023465120987893)",0.22768462200459305,737.0150756835938,-0.19753088297987678,2.529550494275075,2250.2236000000266
20,6,25,"(137.5, 212.5, 1.8800807210840746)",0.30217071930413947,0.0,-0.39923313077506145,2.522282426973229,5724.2094000012
20,6,26,"(162.5, 212.5, 2.0359929489759456)",0.040212864677127765,0.0,-0.5959381171017942,2.4454921257040168,6222.476600001755
20,6,27,"(162.5, 212.5, 2.0359929489759456)",0.25423036796803034,737.2537841796875,-0.1987414365349347,2.531384322454658,2258.701500000825
20,6,28,"(162.5, 237.5, 2.5862997483722747)",0.3529339227040848,0.0,-0.4037979535782641,2.4859064802719,5738.6408999991545
20,6,29,"(162.5, 262.5, 3.2775456166337156)",0.05777310828368899,0.0,-0.6091328452879494,2.324262084651469,6221.919200001139
20,6,30,"(162.5, 262.5, 3.2775456166337156)",0.3769625533057118,737.6807861328125,-0.20508123943797227,2.4313038260486692,2260.5538999996497
20,6,31,"(162.5, 287.5, 4.140142738102741)",0.5249808057406176,0.0,-0.40902802929973825,2.2591490035905752,5721.069200000784
20,6,32,"(162.5, 312.5, 5.206150757863988)",0.06174667179583817,0.0,-0.6067900379928598,1.9218170230736922,6244.008100000428
20,6,33,"(162.5, 312.5, 5.206150757863988)",0.5032496835054916,739.6184692382812,-0.2024257724108093,2.058137760329562,2246.385399999781
20,6,34,"(162.5, 337.5, 6.503826249283008)",0.5954414024384798,0.0,-0.40422970066001696,1.8605052986982036,5749.345399999584
20,6,35,"(162.5, 362.5, 8.044975170611863)",0.06503668924173554,0.0,-0.6076522270116361,1.564974669963933,6478.742500001317
20,6,36,"(162.5, 362.5, 8.044975170611863)",0.6638658801241988,743.6422729492188,-0.20349878590452974,1.6837345314524566,2251.623699999982
20,6,37,"(162.5, 387.5, 9.797797492156253)",0.8199898584490039,0.0,-0.41132156959259636,1.4624888050328602,5754.323300001488
20,6,38,"(162.5, 412.5, 11.634380720059667)",0.07622938354810371,0.0,-0.6089403383256528,1.095144010226094,6258.167500000127
20,6,39,"(162.5, 412.5, 11.634380720059667)",0.8820029432483278,751.7567138671875,-0.20988047058130557,1.2447139471246895,2271.675199999663
20,6,40,"(137.5, 412.5, 9.458994007438445)",0.7208261732679849,0.0,-0.42857205087453215,1.1024277098301536,5398.288700000194
20,6,41,"(137.5, 387.5, 8.184609533832969)",0.03242865204810834,0.0,-0.6266375543596571,0.9062671211216059,6899.734399999943
20,6,42,"(137.5, 387.5, 8.184609533832969)",0.5005129369933998,746.884765625,-0.19621429257703626,1.2689752680136568,2256.9281999985833
20,6,43,"(162.5, 387.5, 9.797797492156253)",0.7397526196687304,0.0,-0.4041522428134998,1.3468626687922853,5742.6396000009845
20,6,44,"(162.5, 412.5, 11.634380720059667)",0.07613274455070047,0.0,-0.614749017564795,0.9356587401450702,6217.573699999775
20,6,45,"(162.5, 412.5, 11.634380720059667)",0.7960997946322884,751.2073364257812,-0.21158178485063495,1.1545185988731683,2222.2779000003356
20,6,46,"(162.5, 437.5, 13.254586740016286)",0.9103136823973403,0.0,-0.4230561608606599,0.9241714646715709,5475.3511999988405
20,6,47,"(187.5, 437.5, 16.502195647044346)",0.04661776125429342,0.0,-0.6240926637877992,0.35323576484588726,6290.936100000181
20,6,48,"(187.5, 437.5, 16.502195647044346)",0.749386023198508,770.07958984375,-0.21083390155139137,0.7137698625571557,2228.3612999999605
20,6,49,"(187.5, 462.5, 18.15511649450833)",0.6402744469513184,0.0,-0.40762072740221594,0.4585921966954169,5701.896800001123
20,7,0,"(112.5, 212.5, 1.7023465120987893)",0.37128454420850393,736.970947265625,-0.2119362313663042,2.6931398130113107,2234.253099999478
20,7,1,"(137.5, 212.5, 1.8800807210840746)",0.3234343234697594,0.0,-0.406741876191028,2.5712189313368374,5653.154400000858
20,7,2,"(162.5, 212.5, 2.0359929489759456)",0.03965424994631442,0.0,-0.6038685309378122,2.4961842630833466,6151.623499999914
20,7,3,"(162.5, 212.5, 2.0359929489759456)",0.2653640390210361,737.2755737304688,-0.19949086880242042,2.5453304275295374,2231.236900001022
20,7,4,"(187.5, 212.5, 2.1581048160551872)",0.31505320963622596,0.0,-0.3998291069220683,2.5041310383096524,5667.677599998569
20,7,5,"(212.5, 212.5, 2.2358312589572185)",0.03849132855733876,0.0,-0.5965703196462736,2.4317543694711685,6466.178100001343
20,7,6,"(212.5, 212.5, 2.2358312589572185)",0.26914452832155633,737.2196044921875,-0.19805282044471098,2.5196516666124578,2215.794300000198
20,7,7,"(237.5, 212.5, 2.261871450534782)",0.3123957944231418,0.0,-0.39784097838613636,2.499111835791808,5656.7616000011185
20,7,8,"(262.5, 212.5, 2.2336800277132602)",0.042914470036832096,0.0,-0.5968912402051508,2.435580992006071,6853.900800000702
20,7,9,"(262.5, 212.5, 2.2336800277132602)",0.28346757525130595,737.1384887695312,-0.19868688983584115,2.5262002882556667,2222.3209000003408
20,7,10,"(287.5, 212.5, 2.154010388857775)",0.3131225001020408,0.0,-0.3975943123613066,2.49691462070374,5657.935700000962
20,7,11,"(312.5, 212.5, 2.0303276744152)",0.034252961476670035,0.0,-0.594329187898082,2.426702061264676,6737.781399999221
20,7,12,"(312.5, 212.5, 2.0303276744152)",0.24835115000135577,737.1450805664062,-0.19822937332951496,2.511194724187657,2251.121900000726
20,7,13,"(312.5, 237.5, 2.5784026504198194)",0.34055955051414866,0.0,-0.40245943519360416,2.4945827162333534,5639.810200000284
20,7,14,"(312.5, 262.5, 3.266470567666104)",0.05922134717302829,0.0,-0.6086773338067645,2.357029246211332,6174.433899999713
20,7,15,"(312.5, 262.5, 3.266470567666104)",0.373470085496314,737.572509765625,-0.20507210451358698,2.465416414088975,2262.0067999996536
20,7,16,"(312.5, 287.5, 4.124508633098295)",0.533043023450164,0.0,-0.40912943671029284,2.3119322921289363,5703.604099999211
20,7,17,"(312.5, 312.5, 5.183930710700896)",0.05441530048848944,0.0,-0.607562628165846,1.9905978580750165,6172.0351000003575
20,7,18,"(312.5, 312.5, 5.183930710700896)",0.5013665912451644,739.1809692382812,-0.20211490132820606,2.1315832896668674,2252.5385999997525
20,7,19,"(312.5, 337.5, 6.4720487778634865)",0.6032715678333498,0.0,-0.4064352874423103,1.916653690661578,5707.221799999388
20,7,20,"(312.5, 362.5, 7.999359988870806)",0.06626454989116518,0.0,-0.608095951419768,1.575953230967376,6391.786099999081
20,7,21,"(312.5, 362.5, 7.999359988870806)",0.6666224599141021,743.535888671875,-0.20439736891291035,1.6945821848177478,2245.3876999989006
20,7,22,"(287.5, 362.5, 9.065091200270214)",0.7736162371582599,0.0,-0.42126850302544777,1.5935503746031778,5707.25289999973
20,7,23,"(262.5, 362.5, 9.841761282285685)",0.08705369631449554,0.0,-0.6378285013419492,1.3913041131974437,7002.583499999673
20,7,24,"(262.5, 362.5, 9.841761282285685)",0.8501908042419962,745.7266235351562,-0.2082517613650815,1.5474803638030037,2254.3753999998444
20,7,25,"(262.5, 387.5, 12.530028997518446)",0.7980492836117982,0.0,-0.4103124213171229,1.082107599484239,5468.678400000499
20,7,26,"(262.5, 412.5, 15.847883528411389)",0.1091996530691729,0.0,-0.6526217302407288,0.7346183999229984,6461.84059999905
20,7,27,"(262.5, 412.5, 15.847883528411389)",1.0280040881654378,758.8533935546875,-0.25221179083540324,0.9383088667566463,2219.886900000347
20,7,28,"(237.5, 412.5, 16.71281874556001)",0.900467842491711,0.0,-0.4632114120951009,0.6984308516234096,4935.633600000074
20,7,29,"(237.5, 437.5, 21.459341898515387)",0.013581270972875394,0.0,-0.6405041785769908,0.16751610880213458,6398.0869999995775
20,7,30,"(237.5, 437.5, 21.459341898515387)",0.5930090247492203,805.9081420898438,-0.19453131552842726,0.39188397057479796,2240.9090000001015
20,7,31,"(212.5, 437.5, 19.809611758762614)",0.8618008671098928,0.0,-0.5225501013167418,0.5139038027472991,5687.504700001227
20,8,0,"(112.5, 212.5, 1.7023465120987893)",0.3719096002943833,736.9140014648438,-0.21193623136630418,2.69313983185756,2193.3919999992213
20,8,1,"(112.5, 237.5, 2.1276559796850996)",0.36954331266827145,0.0,-0.41184207436086506,2.5679713101334385,5689.899999999398
20,8,2,"(112.5, 262.5, 2.645266895480795)",0.05582711597284596,0.0,-0.6164572744391109,2.434052285199086,6198.109099999783
20,8,3,"(112.5, 262.5, 2.645266895480795)",0.3404867537251298,737.270751953125,-0.20473929080721393,2.4977618826754613,2186.61450000036
20,8,4,"(112.5, 287.5, 3.266470567666104)",0.48302093951045666,0.0,-0.4125644926834524,2.363549708876867,5662.222099999781
20,8,5,"(112.5, 312.5, 3.997603125569143)",0.0815687725941106,0.0,-0.6202666098490921,2.0763189635429504,6257.426999998643
20,8,6,"(112.5, 312.5, 3.997603125569143)",0.47336503747495867,738.3438720703125,-0.20849994858298282,2.1831562640271116,2203.251099999761
20,8,7,"(112.5, 337.5, 4.834376816244601)",0.6026701692758234,0.0,-0.4146956076715968,1.9522143237661653,5733.599900000627
20,8,8,"(112.5, 362.5, 5.753213768936505)",0.07908548414706845,0.0,-0.6157655147843373,1.553096705444921,6192.910700001448
20,8,9,"(112.5, 362.5, 5.753213768936505)",0.5340579948739831,740.4386596679688,-0.2065519631898035,1.7193258428029377,2236.3052000000607
20,8,10,"(112.5, 387.5, 6.700045574866817)",0.609617608954081,0.0,-0.4101941244761991,1.5010748630337545,5663.948299999902
20,8,11,"(112.5, 412.5, 7.580708003809701)",0.0973577797412525,0.0,-0.6251308141537576,1.1543974031322088,6238.618600000336
20,8,12,"(112.5, 412.5, 7.580708003809701)",0.6264848176452028,743.1595458984375,-0.2175097736071613,1.3755769062175485,2234.741300000678
20,8,13,"(112.5, 437.5, 8.264048786739911)",0.6187041924835661,0.0,-0.41390057594746243,1.2108349045793396,5733.2653000012215
20,8,14,"(137.5, 437.5, 10.499382396270086)",0.040424495935458965,0.0,-0.6022371614626233,0.8861201597926215,6238.461200000529
20,8,15,"(137.5, 437.5, 10.499382396270086)",0.5206735071480189,753.9574584960938,-0.19728758484934478,1.1063494280974657,2218.3377999990626
20,8,16,"(162.5, 437.5, 13.254586740016286)",0.7185472944348021,0.0,-0.40662555193980743,0.9381297020342246,5571.326499999486
20,8,17,"(187.5, 437.5, 16.502195647044346)",0.05131468673547109,0.0,-0.6125456871391811,0.6464293895996694,6219.746999999188
20,8,18,"(187.5, 437.5, 16.502195647044346)",0.834243241846825,769.162109375,-0.2116647469339045,0.8122697104748228,2220.649900000353
20,8,19,"(187.5, 412.5, 13.941569591049829)",0.6709419934693719,0.0,-0.41520803978968657,0.6733101111072144,5591.67189999971
20,8,20,"(212.5, 412.5, 15.910281935579775)",0.1510896484057056,0.0,-0.7074572213512333,0.4916795586959484,6686.472199999116
20,8,21,"(212.5, 412.5, 15.910281935579775)",1.0148643041495249,761.9230346679688,-0.2743209869717795,0.8457261511836079,2252.3056999998516
20,8,22,"(237.5, 412.5, 16.71281874556001)",0.9231379788211467,0.0,-0.47318618713739424,0.7875016157017616,5347.654900000634
20,8,23,"(237.5, 437.5, 21.459341898515387)",0.01887336870032933,0.0,-0.6479669546295067,0.18689775439209264,6659.147499998653
20,8,24,"(237.5, 437.5, 21.459341898515387)",0.604326775741732,803.4520874023438,-0.19460102864588047,0.39542315196807193,2270.2110999998695
20,8,25,"(262.5, 437.5, 19.691492564685472)",1.0761285734311745,0.0,-0.5367041585834351,0.5382433191503034,5900.086499999816
20,9,0,"(112.5, 212.5, 1.7023465120987893)",0.3721323972274649,736.937255859375,-0.2119362313663042,2.693139813418374,2269.283200001155
20,9,1,"(112.5, 237.5, 2.1276559796850996)",0.3726615813179336,0.0,-0.41184207436086495,2.5679713101334376,5715.893700000379
20,9,2,"(112.5, 262.5, 2.645266895480795)",0.05711147685847218,0.0,-0.6164572744391109,2.434052285199086,6190.697400001227
20,9,3,"(112.5, 262.5, 2.645266895480795)",0.3447629114324139,737.2862548828125,-0.20473929080721398,2.497761853447189,2207.544599999892
20,9,4,"(112.5, 287.5, 3.266470567666104)",0.48062659664972796,0.0,-0.41256449268345236,2.363549708876867,5639.965899999879
20,9,5,"(112.5, 312.5, 3.997603125569143)",0.0766375611226082,0.0,-0.620266609849092,2.076318963542949,6275.101199998971
20,9,6,"(112.5, 312.5, 3.997603125569143)",0.46957325030515756,738.3870849609375,-0.20849994858298285,2.183156271748092,2250.57519999973
20,9,7,"(112.5, 337.5, 4.834376816244601)",0.5924486706263661,0.0,-0.41469560767159686,1.9522143237661658,5655.369400001291
20,9,8,"(112.5, 362.5, 5.753213768936505)",0.07446405788264449,0.0,-0.6157655147843375,1.5530967054449212,6172.676799998953
20,9,9,"(112.5, 362.5, 5.753213768936505)",0.5346175210814487,740.5836791992188,-0.20655196318980357,1.7193258092837285,2213.652700000239
20,9,10,"(112.5, 387.5, 6.700045574866817)",0.6410231623907795,0.0,-0.4101941244761991,1.5010748630337545,5639.484999999695
20,9,11,"(112.5, 412.5, 7.580708003809701)",0.09199590484301642,0.0,-0.6251308141537574,1.1543974031322086,6124.688099998821
20,9,12,"(112.5, 412.5, 7.580708003809701)",0.6289648387714292,742.76171875,-0.21750977360716128,1.375576906706726,2223.361600001226
20,9,13,"(137.5, 412.5, 9.458994007438445)",0.7702752681785312,0.0,-0.42844379871847826,1.336859222630687,5383.384400000068
20,9,14,"(162.5, 412.5, 11.634380720059667)",0.0750619272391105,0.0,-0.630349808516382,1.109506389480871,6270.691899999292
20,9,15,"(162.5, 412.5, 11.634380720059667)",0.7831105521600089,752.0970458984375,-0.21124557155464457,1.2524048705033264,2252.2783000003983
20,9,16,"(162.5, 437.5, 13.254586740016286)",0.8664619639734374,0.0,-0.4218267558684763,0.8157580921540333,5389.019399999597
20,9,17,"(187.5, 437.5, 16.502195647044346)",0.030121974647060904,0.0,-0.6252484189641967,0.3630098320904413,6199.141099999906
20,9,18,"(187.5, 437.5, 16.502195647044346)",0.7438136055535634,769.77294921875,-0.21095271449970152,0.7189532367890074,2231.6993000004004
20,9,19,"(187.5, 462.5, 18.15511649450833)",0.6372651226686091,0.0,-0.4076286092592407,0.45835978116633824,5636.211799999728
20,0,0,"(12.5, 12.5, 0.18196833376614466)",0.11281134093276943,362.0484924316406,-0.1959632746344768,2.853500389843836,2250.801100000899
20,0,1,"(12.5, 37.5, 0.22749405581943968)",0.0753264366461093,0.0,-0.3841777655306389,2.789367837494502,5500.372999998945
20,0,2,"(12.5, 62.5, 0.28363914902845005)",0.008160332838698738,0.0,-0.5740320921964477,2.7544427371676132,6162.671500000215
20,0,3,"(12.5, 62.5, 0.28363914902845005)",0.06738339430380809,547.7933959960938,-0.1912936227344301,2.7701412744972593,2205.3945000006934
20,0,4,"(12.5, 87.5, 0.352540271786735)",0.07922732967479884,0.0,-0.38274299024686176,2.741510230505265,5632.679700000153
20,0,5,"(12.5, 112.5, 0.4366052607899271)",0.010888730486234515,0.0,-0.5724401784790357,2.704342973202574,6169.184399999722
20,0,6,"(12.5, 112.5, 0.4366052607899271)",0.07739657555475148,549.2520751953125,-0.19137249529413167,2.735040144808347,2222.326700000849
20,0,7,"(12.5, 137.5, 0.5384650369387245)",0.10218775142833449,0.0,-0.38393152108605155,2.7139390804314925,5706.29530000042
20,0,8,"(37.5, 137.5, 0.6157193847862111)",0.01576730112235267,0.0,-0.5752382920031011,2.6756302779010848,6255.039800000304
20,0,9,"(37.5, 137.5, 0.6157193847862111)",0.09559884882634462,733.0366821289062,-0.1926552878899023,2.702083232533592,2266.8160000011994
20,0,10,"(62.5, 137.5, 0.695764963091263)",0.12329429166269174,0.0,-0.3860966231890176,2.667821772145779,5712.094500000603
20,0,11,"(62.5, 162.5, 0.8666422036722684)",0.017956053217268227,0.0,-0.5786227252077865,2.628365630088609,6229.878000000099
20,0,12,"(62.5, 162.5, 0.8666422036722684)",0.11937474235212804,735.2965087890625,-0.19432893643503735,2.6623561436567424,2290.570999999545
20,0,13,"(62.5, 187.5, 1.074866029298603)",0.17251531423799576,0.0,-0.39228010310264594,2.642828293499372,5738.321400000132
20,0,14,"(62.5, 212.5, 1.3262341043694308)",0.031697630882267715,0.0,-0.592160782615853,2.5994384933240062,6231.286000000182
20,0,15,"(62.5, 212.5, 1.3262341043694308)",0.18415567456962387,735.3570556640625,-0.20065144386655445,2.6430272527067094,2221.52079999978
20,0,16,"(87.5, 212.5, 1.5144023862066305)",0.2740123729019849,0.0,-0.40180206897402865,2.6043945712849306,5689.548899999863
20,0,17,"(112.5, 212.5, 1.7023465120987893)",0.04125982026257332,0.0,-0.5980520763093597,2.520090582732555,6179.115099999763
20,0,18,"(112.5, 212.5, 1.7023465120987893)",0.23833401213545485,736.9633178710938,-0.19989042308059596,2.5808083325649034,2181.015899999693
20,0,19,"(112.5, 237.5, 2.1276559796850996)",0.3387086950714773,0.0,-0.4052883074607354,2.522102130339643,5655.032500000743
20,0,20,"(112.5, 262.5, 2.645266895480795)",0.0584648996591446,0.0,-0.6086503847865824,2.368862689224832,6199.412300000404
20,0,21,"(112.5, 262.5, 2.645266895480795)",0.3323866841101232,737.3005981445312,-0.2047086686699337,2.474119163582319,2197.915800001283
20,0,22,"(112.5, 287.5, 3.266470567666104)",0.48780950133773426,0.0,-0.412262107330277,2.3525833833594123,6004.534300000159
20,0,23,"(112.5, 312.5, 3.997603125569143)",0.07734200855098777,0.0,-0.6197466037796932,2.071298098823482,6440.422300000137
20,0,24,"(112.5, 312.5, 3.997603125569143)",0.4702927436798202,738.3196411132812,-0.20844492227628825,2.1821999313212763,2307.2811999991245
20,0,25,"(112.5, 337.5, 4.834376816244601)",0.5904253449796025,0.0,-0.4146869436140005,1.9520611483948695,5814.438100000189
20,0,26,"(112.5, 362.5, 5.753213768936505)",0.07281420131525959,0.0,-0.6157612603168885,1.5530526707929886,6342.776800000138
20,0,27,"(112.5, 362.5, 5.753213768936505)",0.5321040102287845,740.4761962890625,-0.2065514867078844,1.7193171780649743,2279.8002999988967
20,0,28,"(112.5, 387.5, 6.700045574866817)",0.6147530549604208,0.0,-0.4101939769793249,1.501072454122656,5683.46549999842
20,0,29,"(112.5, 412.5, 7.580708003809701)",0.08980571230252431,0.0,-0.6251307503295267,1.1543968052051972,6203.605599999719
20,0,30,"(112.5, 412.5, 7.580708003809701)",0.6293682348422094,742.4999389648438,-0.21750977402036858,1.3755767780091168,2239.8046999987855
20,0,31,"(112.5, 437.5, 8.264048786739911)",0.5961352943600434,0.0,-0.4139005910932927,1.2108348895378982,5685.92869999884
20,0,32,"(137.5, 437.5, 10.499382396270086)",0.045435339212411927,0.0,-0.602237158468928,0.8861201422440164,6203.736299999946
20,0,33,"(137.5, 437.5, 10.499382396270086)",0.5253709800892815,754.0174560546875,-0.19728758412154487,1.1063493938938567,2306.1652000014874
20,0,34,"(162.5, 437.5, 13.254586740016286)",0.7175419472243965,0.0,-0.40662555701381853,0.938129733921522,5556.739199999356
20,0,35,"(162.5, 462.5, 14.173358874352427)",0.020987704396258057,0.0,-0.5981606481916399,0.5777313824805498,6495.490700001028
20,0,36,"(162.5, 462.5, 14.173358874352427)",0.40581366208212594,768.17822265625,-0.19417331541966332,0.6828452181607091,2263.4092999996938
20,0,37,"(187.5, 462.5, 18.15511649450833)",0.6175643618392024,0.0,-0.3988367709339544,0.5651819968215105,5350.355800001125
20,1,0,"(12.5, 12.5, 0.18196833376614466)",0.11488494070502422,362.0660095214844,-0.19596327463447677,2.8535003562011685,2253.35449999875
20,1,1,"(12.5, 37.5, 0.22749405581943968)",0.07620191687076379,0.0,-0.38417776553063887,2.7893678374945026,5648.1985000009445
20,1,2,"(12.5, 62.5, 0.28363914902845005)",0.009739299615213326,0.0,-0.5740320921964477,2.754442737167613,6227.507600000536
20,1,3,"(12.5, 62.5, 0.28363914902845005)",0.0650099239598744,547.7887573242188,-0.1912936227344301,2.7701412624810278,2248.9248999991105
20,1,4,"(37.5, 62.5, 0.31824704025207695)",0.07588595505985346,0.0,-0.38301473085807836,2.7367767193150416,5685.745599999791
20,1,5,"(62.5, 62.5, 0.35313588701570037)",0.009961048762006212,0.0,-0.5730328127755538,2.6920759431765133,6218.5931999993045
20,1,6,"(62.5, 62.5, 0.35313588701570037)",0.06867461131965515,733.5711059570312,-0.19184226296032914,2.71792985603614,2240.228099999513
20,1,7,"(87.5, 62.5, 0.3872155041735832)",0.08945971170953237,0.0,-0.38442220655367887,2.683241111173222,5757.945400000608
20,1,8,"(112.5, 62.5, 0.419239905687106)",0.01168610155582322,0.0,-0.5751117263079684,2.6337614767142976,6228.967299999567
20,1,9,"(112.5, 62.5, 0.419239905687106)",0.07692470748854728,735.0370483398438,-0.19263532983260961,2.6645421127448388,2231.1295999988943
20,1,10,"(137.5, 62.5, 0.44787782153750527)",0.10150763670231833,0.0,-0.386121402203796,2.6267301422527236,5726.190499999575
20,1,11,"(137.5, 87.5, 0.5707647585841463)",0.014184749374785793,0.0,-0.5768984557537101,2.574563810960954,6234.193800000867
20,1,12,"(137.5, 87.5, 0.5707647585841463)",0.09010813602885873,736.2639770507812,-0.19304789704506264,2.6131649372058217,2210.33239999997
20,1,13,"(137.5, 112.5, 0.7266429460361654)",0.125993006040067,0.0,-0.38693295806829275,2.5802658521110655,5641.561000000365
20,1,14,"(137.5, 137.5, 0.9239767104626037)",0.01714804768563004,0.0,-0.5783842219836474,2.5329361417036584,6195.001599999159
20,1,15,"(137.5, 137.5, 0.9239767104626037)",0.11864087939879525,736.899169921875,-0.19341018277989827,2.5772964898123414,2198.540800000046
20,1,16,"(137.5, 162.5, 1.173168873178471)",0.18024797281777644,0.0,-0.388895324066613,2.5541673783122882,5667.8341000006185
20,1,17,"(137.5, 187.5, 1.486849047589336)",0.027738305429638174,0.0,-0.584913559938341,2.5106497234637937,6175.352700000076
20,1,18,"(137.5, 187.5, 1.486849047589336)",0.17929573329959192,737.0316162109375,-0.1970995574270013,2.560568485042383,2191.237099999853
20,1,19,"(137.5, 212.5, 1.8800807210840746)",0.2840792526558177,0.0,-0.3991175367541856,2.531277274793997,5652.980000000753
20,1,20,"(137.5, 237.5, 2.3703523149193924)",0.051527534921934716,0.0,-0.601617118576036,2.4291025910956354,6197.9582000003575
20,1,21,"(137.5, 237.5, 2.3703523149193924)",0.29637351576523957,737.339111328125,-0.2029410488767856,2.504418642260057,2207.758599999579
20,1,22,"(137.5, 262.5, 2.9770964423387296)",0.41080593981489016,0.0,-0.4069137524388369,2.42154971775774,5639.71169999968
20,1,23,"(137.5, 287.5, 3.720264207629609)",0.07373370230195468,0.0,-0.61159870442711,2.193175026169085,6166.875199998685
20,1,24,"(137.5, 287.5, 3.720264207629609)",0.42408822345335995,738.1021118164062,-0.20512777543776728,2.301295773216111,2191.532000000734
20,1,25,"(137.5, 312.5, 4.617102976724376)",0.5652212201780971,0.0,-0.4072950669208316,2.0814334138953248,5640.995399999156
20,1,26,"(137.5, 337.5, 5.675677129206918)",0.07610247035819533,0.0,-0.6071659737534447,1.746379231793029,6178.809000000911
20,1,27,"(137.5, 337.5, 5.675677129206918)",0.5521252706856831,740.216796875,-0.2045252436351094,1.8830864716589328,2212.0111000003817
20,1,28,"(137.5, 362.5, 6.88289330546234)",0.6811475949008414,0.0,-0.4078905245879858,1.6731552050562015,5654.310300000361
20,1,29,"(137.5, 387.5, 8.184609533832969)",0.06738677620885973,0.0,-0.6053044047734917,1.3372337916303307,6217.647199999192
20,1,30,"(137.5, 387.5, 8.184609533832969)",0.6953871266015362,743.5023803710938,-0.20110853835333883,1.5241367088174345,2222.710599999118
20,1,31,"(112.5, 387.5, 6.700045574866817)",0.5163880752024554,0.0,-0.4028879629868218,1.4678075652023421,5269.573300000047
20,1,32,"(112.5, 362.5, 5.753213768936505)",0.046636397639918704,0.0,-0.6049579501820116,1.2623581471845775,6261.175700001331
20,1,33,"(112.5, 362.5, 5.753213768936505)",0.46569091223936465,741.263427734375,-0.20278353319385128,1.6304357400985818,2237.6787000011973
20,1,34,"(112.5, 337.5, 4.834376816244601)",0.48179184955550564,0.0,-0.40636812656439897,1.6773894732586776,6021.454300000187
20,1,35,"(112.5, 312.5, 3.997603125569143)",0.04138761013747106,0.0,-0.6075518397736481,1.5038635976667736,6251.87939999887
20,1,36,"(112.5, 312.5, 3.997603125569143)",0.3920991786093986,738.6196899414062,-0.19976813507179852,1.963633851134974,2247.762799999691
20,1,37,"(112.5, 287.5, 3.266470567666104)",0.4131309338689678,0.0,-0.40519212721327114,2.104012800470222,6090.654800000266
20,1,38,"(112.5, 262.5, 2.645266895480795)",0.0399400144815468,0.0,-0.6101794475118448,2.02166114557694,6363.982200000464
20,1,39,"(112.5, 262.5, 2.645266895480795)",0.31535219240728807,737.4080810546875,-0.1987069931363235,2.3666408389262013,2249.2215000002034
20,1,40,"(112.5, 237.5, 2.1276559796850996)",0.3296838574959262,0.0,-0.4024641902165742,2.420667054824152,5721.17789999902
20,1,41,"(112.5, 212.5, 1.7023465120987893)",0.034948562582347215,0.0,-0.6020298099539386,2.3414380220671998,6395.10380000138
20,1,42,"(112.5, 212.5, 1.7023465120987893)",0.23104325397077402,737.0267944335938,-0.19753089873270796,2.5295507234365253,2253.885900001478
20,1,43,"(137.5, 212.5, 1.8800807210840746)",0.3038684681534209,0.0,-0.3992331431491061,2.5222824658399228,5695.331700000679
20,1,44,"(162.5, 212.5, 2.0359929489759456)",0.040844038128845864,0.0,-0.5959381184507904,2.445492191558866,6221.700300000521
20,1,45,"(162.5, 212.5, 2.0359929489759456)",0.25608849265554573,737.2346801757812,-0.1987414331259171,2.531384354554255,2233.359500000006
20,1,46,"(187.5, 212.5, 2.1581048160551872)",0.29523359577296393,0.0,-0.3994313997843395,2.500615336393094,5665.594300000521
20,1,47,"(187.5, 187.5, 1.6876002167496233)",0.029803670942810605,0.0,-0.594426102668575,2.431039309124488,6208.442300001479
20,1,48,"(187.5, 187.5, 1.6876002167496233)",0.2036744392810059,737.1449584960938,-0.1960553504024906,2.510506519541642,2231.7474000010407
20,1,49,"(212.5, 187.5, 1.743039893786265)",0.25656778821582443,0.0,-0.3938485649163961,2.476626051890268,5678.785699999935
20,1,50,"(237.5, 187.5, 1.761548008038559)",0.03809561083713762,0.0,-0.5902246743144082,2.4082554450212386,6563.455100000283
20,1,51,"(237.5, 187.5, 1.761548008038559)",0.22813686681932194,737.1643676757812,-0.19745564944540614,2.47502279231701,2232.0803000002343
20,1,52,"(262.5, 187.5, 1.7415094379554124)",0.2754877815186391,0.0,-0.39606548260384095,2.4465804064124503,5668.000499999835
20,1,53,"(287.5, 187.5, 1.6846716355053617)",0.030346314112372763,0.0,-0.5905744104105669,2.379650959046559,6617.1572000002925
20,1,54,"(287.5, 187.5, 1.6846716355053617)",0.20551082037353108,737.1626586914062,-0.19592755533584363,2.4677579938595944,2201.0614999999234
20,1,55,"(312.5, 187.5, 1.5958170587390115)",0.20559129791574107,0.0,-0.3920338948339123,2.45794243282666,5665.477599999576
20,1,56,"(312.5, 212.5, 2.0303276744152)",0.03595002492266499,0.0,-0.5902048979861823,2.417458732066201,6336.217799998849
20,1,57,"(312.5, 212.5, 2.0303276744152)",0.233431710322968,737.1825561523438,-0.19819403323501864,2.502305941172137,2247.9930999998032
20,1,58,"(312.5, 237.5, 2.5784026504198194)",0.3527463671727597,0.0,-0.40207759669770715,2.4859997922937263,5704.076599999098
20,1,59,"(312.5, 262.5, 3.266470567666104)",0.055614789327004456,0.0,-0.6081359675506177,2.351825579694063,6257.080399998813
20,1,60,"(312.5, 262.5, 3.266470567666104)",0.3779075109113427,737.5882568359375,-0.2049605848084613,2.4628669114903006,2260.1063000001886
20,1,61,"(312.5, 287.5, 4.124508633098295)",0.524468266867217,0.0,-0.4090880047853303,2.3111995786075488,5745.259299999816
20,1,62,"(312.5, 312.5, 5.183930710700896)",0.061714008450502615,0.0,-0.6075611564928094,1.9905660956672515,6238.661800000045
20,1,63,"(312.5, 312.5, 5.183930710700896)",0.501435750004803,739.192138671875,-0.20211490641102484,2.1315806170014553,2249.5571999988897
20,1,64,"(312.5, 337.5, 6.4720487778634865)",0.6151547977450751,0.0,-0.4064354012274318,1.9166550212836533,5758.092300000499
20,1,65,"(312.5, 362.5, 7.999359988870806)",0.0632440249125392,0.0,-0.608096006171757,1.5759536331802928,6442.3953000004985
20,1,66,"(312.5, 362.5, 7.999359988870806)",0.6634564728427954,743.5145263671875,-0.20439737253547588,1.6945823102158124,2240.9826000002795
20,1,67,"(337.5, 362.5, 6.836404624384365)",0.6924621454596168,0.0,-0.4152184149025638,1.69534654910078,5638.87799999975
20,1,68,"(337.5, 387.5, 8.122025837780313)",0.08147956430915623,0.0,-0.6277983155150586,1.408284471158058,6258.241600000474
20,1,69,"(337.5, 387.5, 8.122025837780313)",0.7422106770722009,742.2479248046875,-0.20586068026962212,1.689168407709471,2250.178100000994
20,2,0,"(12.5, 12.5, 0.18196833376614466)",0.11237249259364211,362.03997802734375,-0.19596327463447677,2.8535003214672208,2250.755900000513
20,2,1,"(12.5, 37.5, 0.22749405581943968)",0.07435725995582043,0.0,-0.38417776553063887,2.789367837494502,5621.146600000429
20,2,2,"(12.5, 62.5, 0.28363914902845005)",0.008456130822505679,0.0,-0.5740320921964477,2.754442737167614,6243.73370000103
20,2,3,"(12.5, 62.5, 0.28363914902845005)",0.06569342211196191,547.787841796875,-0.19129362273443018,2.7701412696342973,2247.767400000157
20,2,4,"(12.5, 87.5, 0.352540271786735)",0.07945898776291058,0.0,-0.38274299024686165,2.741510230505264,5797.6299000001745
20,2,5,"(12.5, 112.5, 0.4366052607899271)",0.009947930152229103,0.0,-0.5724401784790357,2.7043429732025737,6290.250099998957
20,2,6,"(12.5, 112.5, 0.4366052607899271)",0.07570242261417037,549.2666625976562,-0.19137249529413167,2.735040182208543,2258.609399999841
20,2,7,"(12.5, 137.5, 0.5384650369387245)",0.10342088775865366,0.0,-0.38393152108605144,2.713939080431493,5749.615199998516
20,2,8,"(37.5, 137.5, 0.6157193847862111)",0.015003964304937875,0.0,-0.575238292003101,2.6756302779010848,6255.842999999004
20,2,9,"(37.5, 137.5, 0.6157193847862111)",0.0971934226664419,733.0242309570312,-0.19265528788990233,2.702083261215627,2239.6331999989343
20,2,10,"(62.5, 137.5, 0.695764963091263)",0.1278400512834801,0.0,-0.3860966231890177,2.6678217721457793,5683.318999999756
20,2,11,"(87.5, 137.5, 0.7760333427861217)",0.01865819717445561,0.0,-0.5777283381633835,2.6203469975238627,6231.5530000014405
20,2,12,"(87.5, 137.5, 0.7760333427861217)",0.10996671805398979,736.2581176757812,-0.1934027567644276,2.6461396489617615,2258.780999998635
20,2,13,"(87.5, 162.5, 0.9734020271305479)",0.15554979001516225,0.0,-0.38868565306363645,2.6202195923174316,5742.639700001746
20,2,14,"(87.5, 187.5, 1.2167243398877836)",0.026706914106998488,0.0,-0.5849449174282263,2.5804144401033557,6217.663900000844
20,2,15,"(87.5, 187.5, 1.2167243398877836)",0.1580741462774387,736.3977661132812,-0.19745698879020612,2.622934674837907,2239.4507999997586
20,2,16,"(87.5, 212.5, 1.5144023862066305)",0.252944387998715,0.0,-0.39989849350447826,2.5973373767132313,5694.899500000247
20,2,17,"(87.5, 237.5, 1.8749993990357805)",0.0457899173100589,0.0,-0.6034660693549372,2.5132353801230254,6239.036800001486
20,2,18,"(87.5, 237.5, 1.8749993990357805)",0.2569174801119617,736.6404418945312,-0.20437247658045646,2.5734703268393018,2232.8882999991038
20,2,19,"(87.5, 262.5, 2.3062152958190487)",0.3913842004183221,0.0,-0.4107207621525061,2.4983547004604607,5699.157999999443
20,2,20,"(87.5, 287.5, 2.8131085484191836)",0.06323399146396305,0.0,-0.6175408581429235,2.3251280369295957,6196.813900000052
20,2,21,"(87.5, 287.5, 2.8131085484191836)",0.3561451140765345,737.0155029296875,-0.20874882626053026,2.438988588564832,2238.830499998585
20,2,22,"(87.5, 312.5, 3.3952550877786836)",0.48761577272389856,0.0,-0.4173342120824718,2.276851322423176,5690.644899999825
20,2,23,"(87.5, 337.5, 4.042605949689198)",0.07479053735733329,0.0,-0.6247427865591968,1.9687169159417846,6304.237500000454
20,2,24,"(87.5, 337.5, 4.042605949689198)",0.4190732505751369,738.2776489257812,-0.20905819632475944,2.091338273916884,2229.142899999715
20,2,25,"(87.5, 362.5, 4.730210615988501)",0.5116059296959345,0.0,-0.41612016629768167,1.8814715037618488,5690.894800000024
20,2,26,"(87.5, 387.5, 5.413067831237064)",0.06240677336852878,0.0,-0.6214920878741104,1.5329706975619937,6203.8486000001285
20,2,27,"(87.5, 387.5, 5.413067831237064)",0.43009639268968086,740.3394165039062,-0.20632731890739675,1.6980918146053225,2228.7134999987757
20,2,28,"(112.5, 387.5, 6.700045574866817)",0.5395904984664474,0.0,-0.4048281188959849,1.6127789264575385,5718.5597000006965
20,2,29,"(112.5, 412.5, 7.580708003809701)",0.08626630902289985,0.0,-0.6270422574312263,1.3181572205007246,6641.200899999603
20,2,30,"(112.5, 412.5, 7.580708003809701)",0.5801240907056371,742.9967651367188,-0.21620726448507752,1.4893845944541624,2233.947299999272
20,2,31,"(137.5, 412.5, 9.458994007438445)",0.7797863771316957,0.0,-0.4267347841536591,1.3610581554631591,5483.449700001074
20,2,32,"(162.5, 412.5, 11.634380720059667)",0.08537575602530874,0.0,-0.6302942361691075,1.1148934600990754,6308.0470000004425
20,2,33,"(162.5, 412.5, 11.634380720059667)",0.7959765823715427,752.0469970703125,-0.21124874229919188,1.2523918274225223,2246.1490999994567
20,2,34,"(162.5, 437.5, 13.254586740016286)",0.8627955490842916,0.0,-0.42183787444639864,0.8161773123929552,5498.027499999807
20,2,35,"(187.5, 437.5, 16.502195647044346)",0.03985525419314781,0.0,-0.6252513436050138,0.36303431902428496,6280.004899999767
20,2,36,"(187.5, 437.5, 16.502195647044346)",0.7525153458505875,770.5120239257812,-0.2109529983970126,0.7189660529381203,2298.9608999996562
20,2,37,"(187.5, 462.5, 18.15511649450833)",0.6251384616304295,0.0,-0.40762875077835525,0.4583614500546661,5795.453400000042
20,3,0,"(12.5, 12.5, 0.18196833376614466)",0.1130045788340034,362.05023193359375,-0.19596327463447677,2.853500375871118,2257.1818999986135
20,3,1,"(37.5, 12.5, 0.20209293496961436)",0.07213157439032379,0.0,-0.38440807290723533,2.7876445849774196,5606.30559999845
20,3,2,"(62.5, 12.5, 0.22209701748718602)",0.00791651010514442,0.0,-0.5748058952382362,2.7498892244741016,6244.746399999713
20,3,3,"(62.5, 12.5, 0.22209701748718602)",0.060925047408912934,547.78564453125,-0.1918597190595807,2.764027563652397,2254.896299999018
20,3,4,"(87.5, 12.5, 0.24138074672889942)",0.07922466848703391,0.0,-0.38402378716908914,2.729472014053863,5778.819799999837
20,3,5,"(112.5, 12.5, 0.25928464034296195)",0.008294656251884207,0.0,-0.5743056930108397,2.682890396815921,6211.359599999923
20,3,6,"(112.5, 12.5, 0.25928464034296195)",0.06638214634583946,549.247802734375,-0.19224882513277033,2.713663033207691,2254.8466000007465
20,3,7,"(112.5, 37.5, 0.3298751691987006)",0.08529811280043942,0.0,-0.38519916218541256,2.679254837913781,5612.184399999023
20,3,8,"(112.5, 62.5, 0.419239905687106)",0.011045550306639595,0.0,-0.5755530692802467,2.6288805892100875,6224.200900000142
20,3,9,"(112.5, 62.5, 0.419239905687106)",0.07659513032144682,735.0477905273438,-0.1925134634252623,2.663575551209222,2233.701099999962
20,3,10,"(112.5, 87.5, 0.5321495904899729)",0.10147523222471455,0.0,-0.38568302351680317,2.6303405799895843,5706.86509999905
20,3,11,"(112.5, 112.5, 0.6744671801974309)",0.014727700501683571,0.0,-0.5763630125542706,2.5833032560845774,6199.505999999019
20,3,12,"(112.5, 112.5, 0.6744671801974309)",0.09754279127045172,736.5387573242188,-0.19268349278589655,2.622504307869479,2256.643599999734
20,3,13,"(112.5, 137.5, 0.8533265268579882)",0.1304166632443637,0.0,-0.3866660795845708,2.596324526309814,5684.572500000286
20,3,14,"(112.5, 162.5, 1.0772911766684767)",0.02094035347302958,0.0,-0.5797696271811409,2.555567025984335,6204.4943000000785
20,3,15,"(112.5, 162.5, 1.0772911766684767)",0.13834299912146958,736.77392578125,-0.19462127695946874,2.599175394867474,2260.0204999998823
20,3,16,"(112.5, 187.5, 1.356447175660002)",0.20569030275074052,0.0,-0.39321297630332785,2.5792517524334584,5730.749300000753
20,3,17,"(112.5, 212.5, 1.7023465120987893)",0.03422329326473269,0.0,-0.5939024058055247,2.524308516248801,6232.238499998857
20,3,18,"(112.5, 212.5, 1.7023465120987893)",0.22063618173636285,736.9718627929688,-0.20110477972479537,2.5742390087879476,2253.102200000285
20,3,19,"(112.5, 237.5, 2.1276559796850996)",0.3381184584730169,0.0,-0.40571214984038445,2.518023521637829,5719.820500000424
20,3,20,"(112.5, 262.5, 2.645266895480795)",0.05766691267490473,0.0,-0.6083764043846629,2.3651234724591172,6251.351200000499
20,3,21,"(112.5, 262.5, 2.645266895480795)",0.3315306264900445,737.2913818359375,-0.20480344761832178,2.472451813298083,2281.543799999781
20,3,22,"(112.5, 287.5, 3.266470567666104)",0.478596285946422,0.0,-0.41222672096949425,2.351858106443555,5757.6351999996405
20,3,23,"(112.5, 312.5, 3.997603125569143)",0.07976092398168691,0.0,-0.6197301369435598,2.0710506991941706,6401.212099999611
20,3,24,"(112.5, 312.5, 3.997603125569143)",0.46884350017527077,738.352294921875,-0.20844309190709276,2.1821656387100985,2263.8961000011477
20,3,25,"(112.5, 337.5, 4.834376816244601)",0.6049970156043066,0.0,-0.41468655528562787,1.9520540310340369,5777.500599999257
20,3,26,"(112.5, 362.5, 5.753213768936505)",0.07959927618502285,0.0,-0.615761116253042,1.5530508886731216,6260.775500000818
20,3,27,"(112.5, 362.5, 5.753213768936505)",0.5375498590919138,740.2394409179688,-0.20655146117569012,1.7193169149147216,2243.920300001264
20,3,28,"(112.5, 387.5, 6.700045574866817)",0.6147308114314263,0.0,-0.4101939689878973,1.5010723837715974,5781.360599999971
20,3,29,"(112.5, 412.5, 7.580708003809701)",0.0891655584176563,0.0,-0.6251307823809772,1.1543968086934413,6259.291299998949
20,3,30,"(112.5, 412.5, 7.580708003809701)",0.6219916087323651,742.6778564453125,-0.217509767196993,1.3755767840065762,2249.2151000005833
20,3,31,"(137.5, 412.5, 9.458994007438445)",0.7690840351546588,0.0,-0.4284438158430854,1.3368592053817507,5510.040099999969
20,3,32,"(162.5, 412.5, 11.634380720059667)",0.07655617594719126,0.0,-0.6303498018452997,1.1095063870241366,6386.7084000012255
20,3,33,"(162.5, 412.5, 11.634380720059667)",0.785483289256769,751.7223510742188,-0.2112455694429388,1.2524048668148617,2253.1875999993645
20,3,34,"(162.5, 387.5, 9.797797492156253)",0.6588819608656732,0.0,-0.416702819534185,1.1228766936407972,5803.995600001144
20,3,35,"(187.5, 387.5, 11.364582883745452)",0.0816977967818678,0.0,-0.6254063524693453,0.8233902894491952,6796.380100000533
20,3,36,"(187.5, 387.5, 11.364582883745452)",0.8610310945596312,748.5490112304688,-0.21386154972287896,1.3226100804218086,2249.9145999991015
20,3,37,"(212.5, 387.5, 12.56601886791643)",1.1395869248713062,0.0,-0.45048805925083524,1.3122781065038465,5758.394000000408
20,3,38,"(212.5, 362.5, 9.863883753989105)",0.046493371327728426,0.0,-0.6439515230756305,0.7685022028583349,6401.8780999995215
20,3,39,"(212.5, 362.5, 9.863883753989105)",0.6500572939844096,749.6591796875,-0.19954683790990724,1.2581127647321764,2237.9153999991104
20,3,40,"(237.5, 362.5, 10.136936791802604)",0.8968845160497628,0.0,-0.42449210437061013,1.4084106836589985,5710.088100000576
20,3,41,"(237.5, 387.5, 13.016039592385813)",0.08220672110717353,0.0,-0.6370229904155214,0.9265079544709739,6434.799900000144
20,3,42,"(237.5, 387.5, 13.016039592385813)",0.847355986816504,753.2705688476562,-0.2151105924768808,1.148013983808186,2225.238900000477
20,3,43,"(262.5, 387.5, 12.530028997518446)",1.0366897323435467,0.0,-0.43581636929164724,1.0639729938258633,5681.426400000419
20,3,44,"(262.5, 412.5, 15.847883528411389)",0.1343657672405227,0.0,-0.6776384448564061,0.5216764128535754,6904.806099999405
20,3,45,"(262.5, 412.5, 15.847883528411389)",1.074772401920362,756.6443481445312,-0.2546186377797423,0.915066053528438,2241.8161000005057
20,3,46,"(287.5, 412.5, 13.851283065501828)",0.8625898603123991,0.0,-0.4863519675197556,0.9694418152645806,4958.328999999139
20,3,47,"(287.5, 437.5, 16.365669713099226)",0.035518184304257516,0.0,-0.7259171218772985,0.5691383823892464,6851.8707000002905
20,3,48,"(287.5, 437.5, 16.365669713099226)",0.7956255654464875,767.563232421875,-0.22019324511524876,0.7508967852683143,2238.156600000366
20,3,49,"(262.5, 437.5, 19.691492564685472)",1.2221924829487574,0.0,-0.5108931212916838,0.601279552247457,5683.582399999068
20,3,50,"(262.5, 412.5, 15.847883528411389)",0.12431849042574677,0.0,-0.7942320214279999,0.3879863168465195,7907.126199999766
20,3,51,"(262.5, 412.5, 15.847883528411389)",0.8775574220188671,771.7244262695312,-0.28017438686041785,0.7176567904384491,2257.1140000000014
20,3,52,"(237.5, 412.5, 16.71281874556001)",0.8860794894843201,0.0,-0.4673381528694541,0.688207233954226,5190.0137000011455
20,3,53,"(237.5, 437.5, 21.459341898515387)",0.01758058369158947,0.0,-0.6406235869218473,0.1639640824596798,6452.212000000145
20,3,54,"(237.5, 437.5, 21.459341898515387)",0.5895252066812403,806.0092163085938,-0.19458100850001792,0.38858382674469444,2238.9145999986795
20,3,55,"(212.5, 437.5, 19.809611758762614)",0.8789836509995931,0.0,-0.523519221563882,0.513909789183752,5690.110899999127
20,4,0,"(12.5, 12.5, 0.18196833376614466)",0.11716627439829465,362.0700988769531,-0.19596327463447674,2.853500402884237,2256.1138000000938
20,4,1,"(12.5, 37.5, 0.22749405581943968)",0.07205924187051947,0.0,-0.38417776553063887,2.789367837494502,5528.169199998956
20,4,2,"(37.5, 37.5, 0.2538960140809293)",0.01016098260878899,0.0,-0.5743554833320781,2.7524799864643095,6289.888000001156
20,4,3,"(37.5, 37.5, 0.2538960140809293)",0.06216274150827322,729.208251953125,-0.19162613084288954,2.7660257762329583,2251.3142000007065
20,4,4,"(37.5, 62.5, 0.31824704025207695)",0.07447142755031758,0.0,-0.38322384470409315,2.7338313400040355,5730.1827000010235
20,4,5,"(62.5, 62.5, 0.35313588701570037)",0.009358882904054185,0.0,-0.5732166788609022,2.690317667169406,6260.118399999556
20,4,6,"(62.5, 62.5, 0.35313588701570037)",0.06657504840543091,733.546875,-0.19180600493099714,2.717674338306513,2240.9231000001455
20,4,7,"(87.5, 62.5, 0.3872155041735832)",0.08747155847763805,0.0,-0.38442322179648003,2.6832629273585455,5772.149099999297
20,4,8,"(87.5, 87.5, 0.48924148841142295)",0.013224802911272784,0.0,-0.5745785031747127,2.6373959486031415,6234.307099999569
20,4,9,"(87.5, 87.5, 0.48924148841142295)",0.07868873197627511,735.6824951171875,-0.19217861484898655,2.670355301418453,2255.1989999992657
20,4,10,"(112.5, 87.5, 0.5321495904899729)",0.10559140272721228,0.0,-0.38549012919677705,2.6349097983390535,5738.358900000094
20,4,11,"(137.5, 87.5, 0.5707647585841463)",0.01612595344581983,0.0,-0.576757536625264,2.5818225265911914,6247.460200000205
20,4,12,"(137.5, 87.5, 0.5707647585841463)",0.09178810939546823,736.2735595703125,-0.1932437649028659,2.6145839883100406,2249.186799999734
20,4,13,"(162.5, 87.5, 0.6032065562571883)",0.11787207928286407,0.0,-0.38734143658920683,2.5733492678183665,5755.593500000032
20,4,14,"(187.5, 87.5, 0.6277479464004823)",0.018160800139100722,0.0,-0.5787323793357687,2.5118173994999036,6234.618899999987
20,4,15,"(187.5, 87.5, 0.6277479464004823)",0.10514154387230679,736.3704223632812,-0.1936274310407806,2.5519084855388483,2202.873099999124
20,4,16,"(212.5, 87.5, 0.6429935442951963)",0.12584918843808954,0.0,-0.3872979561722232,2.5068630824325724,5679.648799999995
20,4,17,"(212.5, 112.5, 0.8251710721949009)",0.017978802323352895,0.0,-0.5785536620837604,2.4453296576625645,6196.382500000254
20,4,18,"(212.5, 112.5, 0.8251710721949009)",0.12223732222684211,736.83984375,-0.19380460326398177,2.4971430015299347,2216.86950000003
20,4,19,"(212.5, 137.5, 1.0588784061617271)",0.1699586209316083,0.0,-0.3895890621607795,2.4611039632361673,5685.135300000184
20,4,20,"(237.5, 137.5, 1.0684335817122816)",0.020264978210150063,0.0,-0.5819460272446975,2.396734834352037,6231.932100001359
20,4,21,"(237.5, 137.5, 1.0684335817122816)",0.1497487312230328,737.03173828125,-0.19456262492307966,2.452311638257827,2210.754100000486
20,4,22,"(237.5, 162.5, 1.3718954582653125)",0.21875959284281787,0.0,-0.39175469029354526,2.423801278356879,5710.341399999379
20,4,23,"(237.5, 187.5, 1.761548008038559)",0.030474243064734785,0.0,-0.5866896981019802,2.3691410792309084,6185.509599999932
20,4,24,"(237.5, 187.5, 1.761548008038559)",0.2159974997906344,737.2232055664062,-0.1968339295565187,2.463963706412307,2225.5521999995835
20,4,25,"(262.5, 187.5, 1.7415094379554124)",0.26465775200390795,0.0,-0.3962263777959434,2.448665905094409,5686.518300000898
20,4,26,"(287.5, 187.5, 1.6846716355053617)",0.03283826510110264,0.0,-0.5908264684216741,2.381199756048742,6583.227099999931
20,4,27,"(287.5, 187.5, 1.6846716355053617)",0.2048964631098712,737.14892578125,-0.19590077912872036,2.468362268875371,2253.338200000144
20,4,28,"(312.5, 187.5, 1.5958170587390115)",0.20332103260800988,0.0,-0.39203030935282945,2.4580455050322727,5690.240599999015
20,4,29,"(312.5, 212.5, 2.0303276744152)",0.03448692957560208,0.0,-0.5902052391451696,2.4174570345165054,6359.031699999832
20,4,30,"(312.5, 212.5, 2.0303276744152)",0.2296620863490321,737.2754516601562,-0.19819289074549457,2.502293814011976,2258.724399998755
20,4,31,"(312.5, 237.5, 2.5784026504198194)",0.3470762339847191,0.0,-0.40207722996880324,2.4859951483533247,5749.831699999049
20,4,32,"(312.5, 262.5, 3.266470567666104)",0.054550091425594055,0.0,-0.6081358627987081,2.351824532983046,6273.489999999583
20,4,33,"(312.5, 262.5, 3.266470567666104)",0.3700735814729154,737.5778198242188,-0.2049605725683672,2.4628665709139437,2260.5543000008765
20,4,34,"(312.5, 287.5, 4.124508633098295)",0.511102188405507,0.0,-0.40908800113656196,2.311199611325461,5741.862500000934
20,4,35,"(312.5, 312.5, 5.183930710700896)",0.058167373140662525,0.0,-0.6075611726814011,1.9905661576985112,6250.401499999498
20,4,36,"(312.5, 312.5, 5.183930710700896)",0.5002624530484182,739.2741088867188,-0.20211490639048652,2.1315807208660282,2246.6468999991775
20,4,37,"(312.5, 337.5, 6.4720487778634865)",0.6231604890959446,0.0,-0.4064353975285375,1.9166549809206173,5738.553799999863
20,4,38,"(312.5, 362.5, 7.999359988870806)",0.07200717926024226,0.0,-0.6080960082586206,1.5759536935967609,6456.943400000455
20,4,39,"(312.5, 362.5, 7.999359988870806)",0.668706927670859,743.3345947265625,-0.20439737876082056,1.694582420076352,2251.668499999141
20,4,40,"(337.5, 362.5, 6.836404624384365)",0.6753231511665756,0.0,-0.41521842714759194,1.6953465256570948,5641.34120000017
20,4,41,"(337.5, 387.5, 8.122025837780313)",0.08899832765262052,0.0,-0.6277983110417702,1.408284506679236,6252.868999999919
20,4,42,"(337.5, 387.5, 8.122025837780313)",0.7524152241259231,742.1559448242188,-0.20586067980640316,1.6891684603404138,2263.8884999996662
20,4,43,"(362.5, 387.5, 6.644563227708976)",0.5651781885985073,0.0,-0.4107157261026881,1.5882907824989105,5366.285000000062
20,4,44,"(362.5, 362.5, 5.709929773131825)",0.0529566605885744,0.0,-0.6095357160779622,1.3089181254063071,6403.550899998663
20,4,45,"(362.5, 362.5, 5.709929773131825)",0.49631763488625114,740.748046875,-0.20358487453645144,1.7017329330344326,2219.9412000009033
20,4,46,"(337.5, 362.5, 6.836404624384365)",0.628279598870754,0.0,-0.40952837609859133,1.7937813735733878,5664.947300001586
20,4,47,"(312.5, 362.5, 7.999359988870806)",0.06339573860168961,0.0,-0.6062827137917843,1.5222948955376767,6175.238800000443
20,4,48,"(312.5, 362.5, 7.999359988870806)",0.6643436094457236,743.4705810546875,-0.2019007341686647,1.708845140307357,2205.998200000977
20,4,49,"(312.5, 387.5, 9.73254467824523)",0.8237333509073476,0.0,-0.41547731850288605,1.4361959441532723,5646.257099999275
20,4,50,"(312.5, 412.5, 11.543004562335339)",0.08530168732005879,0.0,-0.6129091633179067,1.0971958773411377,6144.171500000084
20,4,51,"(312.5, 412.5, 11.543004562335339)",0.8922261837416278,749.9783325195312,-0.2128250535989711,1.2698596186923046,2209.9547000016173
20,4,52,"(287.5, 412.5, 13.851283065501828)",0.7460214305627892,0.0,-0.4093979552515392,1.0009186077107317,5418.587300000581
20,4,53,"(287.5, 437.5, 16.365669713099226)",0.04179956018924933,0.0,-0.638644866806875,0.5761976837362075,7003.041399999347
20,4,54,"(287.5, 437.5, 16.365669713099226)",0.803485732519674,766.9617919921875,-0.22059763385613798,0.7581101734841266,2207.101899999543
20,4,55,"(262.5, 437.5, 19.691492564685472)",1.2449389597092702,0.0,-0.5109858630853062,0.62713303299488,5651.876400001129
20,4,56,"(262.5, 412.5, 15.847883528411389)",0.13339373469352728,0.0,-0.7943493275463365,0.388920478526757,7905.221000000893
20,4,57,"(262.5, 412.5, 15.847883528411389)",0.8812199997201423,771.2040405273438,-0.2802229365477761,0.7173278531050832,2203.6750999996
20,4,58,"(237.5, 412.5, 16.71281874556001)",0.9206425053335731,0.0,-0.4673881310828536,0.688620252467647,5177.786899999774
20,4,59,"(237.5, 437.5, 21.459341898515387)",0.020147795478478735,0.0,-0.6406253969491649,0.16396828312275907,6404.527200000302
20,4,60,"(237.5, 437.5, 21.459341898515387)",0.5754260116238228,803.4142456054688,-0.19458114828289325,0.38857737920536267,2230.489400000806
20,4,61,"(212.5, 437.5, 19.809611758762614)",0.8441564569812733,0.0,-0.5235217773826889,0.5139095235638723,5640.618999999788
20,5,0,"(12.5, 12.5, 0.18196833376614466)",0.11406865197586985,362.0621032714844,-0.1959632746344768,2.8535003677943456,2265.9485999993194
20,5,1,"(12.5, 37.5, 0.22749405581943968)",0.07791182599758567,0.0,-0.3841777655306388,2.789367837494502,5481.171699999322
20,5,2,"(12.5, 62.5, 0.28363914902845005)",0.010318577289569756,0.0,-0.5740320921964475,2.7544427371676132,6178.294299999834
20,5,3,"(12.5, 62.5, 0.28363914902845005)",0.06348072354773107,547.7869262695312,-0.19129362273443012,2.770141278873353,2254.949599999236
20,5,4,"(37.5, 62.5, 0.31824704025207695)",0.0751628107760541,0.0,-0.38301473085807836,2.7367767193150416,5568.4759999985545
20,5,5,"(37.5, 87.5, 0.39785095890575445)",0.010939807941514468,0.0,-0.5726161884806317,2.695590399934616,6180.657099999735
20,5,6,"(37.5, 87.5, 0.39785095890575445)",0.07038165840510632,732.4373168945312,-0.19148242149767408,2.7243994825875353,2268.3585999984643
20,5,7,"(37.5, 112.5, 0.49583347937863365)",0.10046122225734219,0.0,-0.383753100277777,2.6987520648029526,5622.019700000237
20,5,8,"(62.5, 112.5, 0.556583440432868)",0.01405502855777865,0.0,-0.5744598154504537,2.6569133435857646,6261.482999998407
20,5,9,"(62.5, 112.5, 0.556583440432868)",0.0874099376795475,735.0422973632812,-0.19226183832284846,2.6848829232255667,2227.580200000375
20,5,10,"(87.5, 112.5, 0.6169091202045394)",0.1018097574757871,0.0,-0.3852815089140655,2.649014147347871,5731.803900000159
20,5,11,"(112.5, 112.5, 0.6744671801974309)",0.015820372849706985,0.0,-0.5764158715878089,2.598684034341633,6212.586599998758
20,5,12,"(112.5, 112.5, 0.6744671801974309)",0.09686070037233724,736.5241088867188,-0.19301690207519787,2.6275125957107224,2248.2226000010996
20,5,13,"(137.5, 112.5, 0.7266429460361654)",0.12274630174401283,0.0,-0.38683656741827194,2.587552206107906,5722.100499999215
20,5,14,"(137.5, 137.5, 0.9239767104626037)",0.017900178829831675,0.0,-0.5781104290382079,2.539050780857656,6220.819300000585
20,5,15,"(137.5, 137.5, 0.9239767104626037)",0.11885080626537314,736.8729858398438,-0.19345429221157318,2.5797525214225523,2261.9866999993974
20,5,16,"(137.5, 162.5, 1.173168873178471)",0.1723959955194114,0.0,-0.3889709474249474,2.5549910398827747,5731.997499999125
20,5,17,"(137.5, 187.5, 1.486849047589336)",0.02851109951735176,0.0,-0.5849413578116581,2.510860503786139,6247.6919000000635
20,5,18,"(137.5, 187.5, 1.486849047589336)",0.1809120315442681,737.010986328125,-0.19709604311617127,2.560660216419775,2249.7261999997136
20,5,19,"(137.5, 212.5, 1.8800807210840746)",0.2749867233664435,0.0,-0.39911723712318425,2.5313039188993147,5670.343900001171
20,5,20,"(137.5, 237.5, 2.3703523149193924)",0.0487377196550349,0.0,-0.6016184175577605,2.4291148574955144,6180.440800000724
20,5,21,"(137.5, 237.5, 2.3703523149193924)",0.29390840535351215,737.3366088867188,-0.20294106747157709,2.504420675268396,2209.399299999859
20,5,22,"(137.5, 262.5, 2.9770964423387296)",0.41347075527444155,0.0,-0.40691384004876857,2.421550692037521,5715.140199999951
20,5,23,"(137.5, 287.5, 3.720264207629609)",0.06881012022494,0.0,-0.6115987411878029,2.1931753123984015,6189.242600001307
20,5,24,"(137.5, 287.5, 3.720264207629609)",0.4250716325053057,738.0465698242188,-0.20512776664467472,2.301295791715304,2200.897499998973
20,5,25,"(137.5, 312.5, 4.617102976724376)",0.5582235479193094,0.0,-0.40729507097638656,2.0814334229620193,5656.3538999998855
20,5,26,"(137.5, 337.5, 5.675677129206918)",0.0677126000325111,0.0,-0.6071659738436564,1.7463792194115917,6176.202299999204
20,5,27,"(137.5, 337.5, 5.675677129206918)",0.5497958192593335,740.1412353515625,-0.2045252428327224,1.8830865012247033,2228.374600001189
20,5,28,"(137.5, 362.5, 6.88289330546234)",0.6865211281635653,0.0,-0.40789054017740356,1.6731552559498095,5682.189499999367
20,5,29,"(137.5, 387.5, 8.184609533832969)",0.06985305746393598,0.0,-0.6053043989995902,1.33723373603758,6186.838199999329
20,5,30,"(137.5, 387.5, 8.184609533832969)",0.6955932201403972,743.5357666015625,-0.20110852722351721,1.5241367311148806,2218.7915000013163
20,5,31,"(112.5, 387.5, 6.700045574866817)",0.5272974083408154,0.0,-0.40288795238831415,1.467807545788075,5325.97270000042
20,5,32,"(112.5, 362.5, 5.753213768936505)",0.04742659628390747,0.0,-0.6049579515564558,1.2623581576227443,6268.730199999482
20,5,33,"(112.5, 362.5, 5.753213768936505)",0.4621861485351431,741.1891479492188,-0.20278353314688197,1.6304357424960865,2224.019400000543
20,5,34,"(112.5, 337.5, 4.834376816244601)",0.45926469046038276,0.0,-0.4063681338367245,1.6773895452526502,6050.081000001228
20,5,35,"(112.5, 312.5, 3.997603125569143)",0.03899865597489108,0.0,-0.6075518364211576,1.5038636106264158,6196.332899999106
20,5,36,"(112.5, 312.5, 3.997603125569143)",0.39278550331395684,738.66552734375,-0.19976813560318613,1.9636338159311435,2232.944499999576
20,5,37,"(112.5, 287.5, 3.266470567666104)",0.3920368417332058,0.0,-0.4051921219912798,2.104012798242709,6038.89479999998
20,5,38,"(112.5, 262.5, 2.645266895480795)",0.03795740505061971,0.0,-0.6101794557321636,2.021661084596102,6348.215199999686
20,5,39,"(112.5, 262.5, 2.645266895480795)",0.3166596180239343,737.4240112304688,-0.1987070011755963,2.366640917214747,2243.362499999421
20,5,40,"(112.5, 237.5, 2.1276559796850996)",0.3418870278553352,0.0,-0.40246420297697705,2.420667114229682,5678.901499999483
20,5,41,"(112.5, 212.5, 1.7023465120987893)",0.03527400394281105,0.0,-0.602029815901622,2.3414380746030528,6381.70429999991
20,5,42,"(112.5, 212.5, 1.7023465120987893)",0.2287353481058819,737.08203125,-0.19753089612434996,2.5295507977251117,2242.5165999993624
20,5,43,"(137.5, 212.5, 1.8800807210840746)",0.29212979560093244,0.0,-0.3992331416014395,2.5222824561449984,5692.765800000416
20,5,44,"(162.5, 212.5, 2.0359929489759456)",0.04055110116799709,0.0,-0.5959381190991244,2.44549219159397,6276.127000000997
20,5,45,"(162.5, 212.5, 2.0359929489759456)",0.2550333531046681,737.2593994140625,-0.1987414331259171,2.531384371729195,2252.9875000000175
20,5,46,"(162.5, 237.5, 2.5862997483722747)",0.3406893654407781,0.0,-0.40379795314993006,2.485906446290647,5723.115800001324
20,5,47,"(162.5, 262.5, 3.2775456166337156)",0.06035247941812548,0.0,-0.6091328478975646,2.3242621080457275,6227.883399998973
20,5,48,"(162.5, 262.5, 3.2775456166337156)",0.37377435620900057,737.6903076171875,-0.20508123957716917,2.431303815416411,2265.4669000003196
20,5,49,"(162.5, 287.5, 4.140142738102741)",0.5147288361341041,0.0,-0.409028029433046,2.259149005097635,5745.031700000254
20,5,50,"(162.5, 312.5, 5.206150757863988)",0.06350302199520846,0.0,-0.6067900379928599,1.9218170230736922,6203.644299999723
20,5,51,"(162.5, 312.5, 5.206150757863988)",0.5034744681802077,739.6594848632812,-0.2024257724108093,2.058137756060108,2256.4965000001393
20,5,52,"(162.5, 337.5, 6.503826249283008)",0.5937843210294553,0.0,-0.40422970066001684,1.8605052986982036,5667.0303999999305
20,5,53,"(162.5, 362.5, 8.044975170611863)",0.06563106675943503,0.0,-0.6076522270116363,1.5649746699639338,6362.496399999145
20,5,54,"(162.5, 362.5, 8.044975170611863)",0.6652284664323115,743.6751708984375,-0.20349878590452974,1.6837345781176654,2226.1550999992323
20,5,55,"(162.5, 387.5, 9.797797492156253)",0.8140837330865336,0.0,-0.41132156959259625,1.4624888050328602,5691.166899998279
20,5,56,"(162.5, 412.5, 11.634380720059667)",0.0768243968486717,0.0,-0.6089403383256529,1.095144010226094,6174.014199999874
20,5,57,"(162.5, 412.5, 11.634380720059667)",0.8752283938088615,751.4874267578125,-0.20988047058130554,1.2447139730083918,2225.366099999519
20,5,58,"(137.5, 412.5, 9.458994007438445)",0.7171272976836683,0.0,-0.42857205087453215,1.1024277098301534,5279.44639999987
20,5,59,"(137.5, 387.5, 8.184609533832969)",0.030634711186106355,0.0,-0.6266375543596567,0.9062671211216058,6784.7122000002855
20,5,60,"(137.5, 387.5, 8.184609533832969)",0.5008543714748975,747.02783203125,-0.19621429257703626,1.2689752711795874,2216.260400000465
20,5,61,"(162.5, 387.5, 9.797797492156253)",0.7458052573254447,0.0,-0.4041522428134998,1.3468626687922856,5674.542599999768
20,5,62,"(187.5, 387.5, 11.364582883745452)",0.07614582280318438,0.0,-0.6110512591553188,1.1487694667044583,6172.1345000005385
20,5,63,"(187.5, 387.5, 11.364582883745452)",0.877575865450769,747.9810180664062,-0.21201208661086546,1.410072219383096,2226.9394000013563
20,5,64,"(187.5, 412.5, 13.941569591049829)",0.7046310986515755,0.0,-0.40676896387952877,0.9900072750889952,5268.611500001498
20,5,65,"(212.5, 412.5, 15.910281935579775)",0.14354656140008515,0.0,-0.6937352446977225,0.7388535712253255,7536.298999999417
20,5,66,"(212.5, 412.5, 15.910281935579775)",1.076876348417156,756.8146362304688,-0.268225711931825,0.9714672317848719,2218.1803999992553
20,5,67,"(237.5, 412.5, 16.71281874556001)",0.8544650751677845,0.0,-0.4622410483140973,0.7589406014391586,5175.571699999637
20,5,68,"(237.5, 437.5, 21.459341898515387)",0.013581350445739849,0.0,-0.6479707919189536,0.18777048217204134,6458.666700000322
20,5,69,"(237.5, 437.5, 21.459341898515387)",0.5911041205839227,801.441650390625,-0.19457813634032423,0.3966235717081807,2230.765899999824
20,6,0,"(12.5, 12.5, 0.18196833376614466)",0.1127490313300208,362.05389404296875,-0.19596327463447677,2.8535003658891336,2204.7278999998525
20,6,1,"(37.5, 12.5, 0.20209293496961436)",0.07349520589686132,0.0,-0.38440807290723533,2.787644584977419,5477.2254999988945
20,6,2,"(62.5, 12.5, 0.22209701748718602)",0.010008553663872316,0.0,-0.5748058952382361,2.7498892244741016,6180.064000000129
20,6,3,"(62.5, 12.5, 0.22209701748718602)",0.06198936829547423,547.7882080078125,-0.19185971905958074,2.7640275296753773,2277.129699999932
20,6,4,"(62.5, 37.5, 0.2803162176055565)",0.06929918129129208,0.0,-0.3837551269075291,2.729930134712736,5580.414499998369
20,6,5,"(87.5, 37.5, 0.305944805296555)",0.009202690174187404,0.0,-0.5739027536600225,2.6845401832841813,6203.345199999603
20,6,6,"(87.5, 37.5, 0.305944805296555)",0.06432384819514744,732.43505859375,-0.19208026824048857,2.7135272094700005,2239.687100000083
20,6,7,"(87.5, 62.5, 0.3872155041735832)",0.08225939915306647,0.0,-0.38467395924398295,2.680918443169356,5730.38489999999
20,6,8,"(112.5, 62.5, 0.419239905687106)",0.011969422300657364,0.0,-0.5753305417011835,2.6325064550441555,6269.784100000834
20,6,9,"(112.5, 62.5, 0.419239905687106)",0.07839881438597274,735.0194091796875,-0.1926050371933878,2.664689097046428,2262.9771000010805
20,6,10,"(137.5, 62.5, 0.44787782153750527)",0.09907216350396375,0.0,-0.386137655060968,2.626889124071129,5725.3002999987075
20,6,11,"(137.5, 87.5, 0.5707647585841463)",0.011524792760628712,0.0,-0.5769037967919889,2.5745906798563496,6258.8703999990685
20,6,12,"(137.5, 87.5, 0.5707647585841463)",0.09190938934756575,736.2451171875,-0.19304849147503528,2.6131736924844535,2261.2303999994765
20,6,13,"(137.5, 112.5, 0.7266429460361654)",0.12681543327029213,0.0,-0.3869329973608565,2.5802659342498466,5743.9071999997395
20,6,14,"(162.5, 112.5, 0.7707480035341532)",0.01673329745729928,0.0,-0.5788757282599076,2.527142396063339,6264.020100001289
20,6,15,"(162.5, 112.5, 0.7707480035341532)",0.11079572444043685,736.7672729492188,-0.19387245308025197,2.5651799751124096,2263.234799998827
20,6,16,"(187.5, 112.5, 0.8042742873749242)",0.1504982629906296,0.0,-0.38881792979720375,2.5211589764536155,5649.937800000771
20,6,17,"(212.5, 112.5, 0.8251710721949009)",0.020257130265226405,0.0,-0.5805985733180736,2.454318576246312,6193.657199999507
20,6,18,"(212.5, 112.5, 0.8251710721949009)",0.12319111766903819,736.8126220703125,-0.19406005955867608,2.4972116556569532,2245.94949999846
20,6,19,"(237.5, 112.5, 0.8320971275868169)",0.14647374121811021,0.0,-0.38779425708367316,2.4509114757539217,5656.50099999948
20,6,20,"(237.5, 137.5, 1.0684335817122816)",0.021451905369765715,0.0,-0.5798352017650832,2.391093471818304,6186.191700000563
20,6,21,"(237.5, 137.5, 1.0684335817122816)",0.14935381024164313,737.0227661132812,-0.19438505242587334,2.4512939974104473,2525.631299999077
20,6,22,"(237.5, 162.5, 1.3718954582653125)",0.21027557257400598,0.0,-0.3916552175325511,2.4230948631583944,5682.898000000932
20,6,23,"(237.5, 187.5, 1.761548008038559)",0.032876707613468455,0.0,-0.5866542214970663,2.3688499543412265,6178.298599999835
20,6,24,"(237.5, 187.5, 1.761548008038559)",0.21611459370444036,737.2626342773438,-0.19684270463609269,2.4638561451436107,2215.690299999551
20,6,25,"(237.5, 212.5, 2.261871450534782)",0.300266260941935,0.0,-0.3971581379810669,2.4721933674339445,5659.461100000044
20,6,26,"(237.5, 237.5, 2.9042989281312113)",0.04743699232735711,0.0,-0.6002575292554219,2.413389897658031,6168.20639999969
20,6,27,"(237.5, 237.5, 2.9042989281312113)",0.31123846734879834,737.2905883789062,-0.20136471296325623,2.531770824796285,2255.890000000363
20,6,28,"(237.5, 262.5, 3.72919124767683)",0.45224881061396666,0.0,-0.40935127595885074,2.4754199600730056,5679.283600000417
20,6,29,"(237.5, 287.5, 4.7883724346521515)",0.06754777828850458,0.0,-0.6160479399659983,2.182718253964054,6221.712200000184
20,6,30,"(237.5, 287.5, 4.7883724346521515)",0.4845166079951048,738.5776977539062,-0.20676970558242996,2.283968668485277,2249.448000000484
20,6,31,"(237.5, 312.5, 6.148385304590252)",0.6141176695813395,0.0,-0.41134243179654173,2.0024159113787428,5696.424699999625
20,6,32,"(237.5, 337.5, 7.894671343450355)",0.0718521078427563,0.0,-0.6136087100276824,1.5989635933014394,6340.437499999098
20,6,33,"(237.5, 337.5, 7.894671343450355)",0.6560290166915739,743.2044067382812,-0.20807738803228631,1.7328212358705963,2243.576700000631
20,6,34,"(212.5, 337.5, 7.7206787211523045)",0.7833286484444911,0.0,-0.4249645183542414,1.7578597631594393,5697.052699999404
20,6,35,"(187.5, 337.5, 7.2238068944948735)",0.09803247451781301,0.0,-0.6394024439013699,1.6000932742232359,6681.468700000551
20,6,36,"(187.5, 337.5, 7.2238068944948735)",0.7264344310028817,740.2800903320312,-0.2125266044275096,1.8906552714003324,2251.4042999991943
20,6,37,"(187.5, 312.5, 5.701335627950545)",0.5209922544561071,0.0,-0.41593013164665016,1.8407983980877247,5479.061099998944
20,6,38,"(212.5, 312.5, 6.0337808765239185)",0.07749191919961419,0.0,-0.6283398603451248,1.7512059657191894,6615.5447000001
20,6,39,"(212.5, 312.5, 6.0337808765239185)",0.605956108569139,739.2108154296875,-0.2066378988768509,2.101231780658133,2229.1143000002194
20,6,40,"(237.5, 312.5, 6.148385304590252)",0.6883580306217327,0.0,-0.41421497426462633,2.063391509142563,5728.227499999775
20,6,41,"(262.5, 312.5, 6.024387455566984)",0.08574565251663782,0.0,-0.6245622168716103,1.8621789627721015,7107.0970999990095
20,6,42,"(262.5, 312.5, 6.024387455566984)",0.6335806370791197,739.1474609375,-0.20673388708335233,2.0896354699407294,2247.1021999990626
20,6,43,"(262.5, 337.5, 7.706480720276972)",0.7321632357373554,0.0,-0.41734617829622545,1.7821015961396982,5736.401500000284
20,6,44,"(262.5, 362.5, 9.841761282285685)",0.08059835433961066,0.0,-0.6241113743559958,1.3819580805679208,6343.913200000316
20,6,45,"(262.5, 362.5, 9.841761282285685)",0.7438798305681992,748.512451171875,-0.20775743503266014,1.483136335411189,2251.3414999993984
20,6,46,"(287.5, 362.5, 9.065091200270214)",0.8397634709173974,0.0,-0.43033234665970765,1.4895424341185233,5736.755299998549
20,6,47,"(287.5, 387.5, 11.306348749090457)",0.06818836430710105,0.0,-0.6463270012272376,1.107203233479392,7059.145600000193
20,6,48,"(287.5, 387.5, 11.306348749090457)",0.8342493692148245,746.9915161132812,-0.21238578250759035,1.4137119826736546,2243.885500000033
20,6,49,"(312.5, 387.5, 9.73254467824523)",0.8033934654342791,0.0,-0.4280435862382179,1.3242005344124503,5683.191499998429
20,6,50,"(312.5, 412.5, 11.543004562335339)",0.07924935718377772,0.0,-0.6309130605269525,0.8593253463789003,6379.750199999762
20,6,51,"(312.5, 412.5, 11.543004562335339)",0.8797890895278873,750.0159912109375,-0.21303498977670388,1.240164439440879,2229.970799999137
20,6,52,"(312.5, 437.5, 13.134116007120344)",0.9552539218329391,0.0,-0.42856699009314747,0.9543349202484697,5414.866400000392
20,6,53,"(287.5, 437.5, 16.365669713099226)",0.06551497677961511,0.0,-0.6488184578584677,0.3858796046684826,6411.976499999582
20,6,54,"(287.5, 437.5, 16.365669713099226)",0.7905673440475814,768.322021484375,-0.22295113545934817,0.7441886868962097,2224.4269999991957
20,6,55,"(287.5, 462.5, 17.977012825427398)",0.6651852202117574,0.0,-0.42340385721449947,0.5160445948695243,5660.742799998843
20,7,0,"(12.5, 12.5, 0.18196833376614466)",0.11590387147197397,362.0509033203125,-0.1959632746344768,2.8535003403740085,2208.977700000105
20,7,1,"(12.5, 37.5, 0.22749405581943968)",0.06903966690850938,0.0,-0.38417776553063887,2.7893678374945026,5500.961499999903
20,7,2,"(12.5, 62.5, 0.28363914902845005)",0.00921883185704846,0.0,-0.5740320921964475,2.7544427371676132,6199.339700000564
20,7,3,"(12.5, 62.5, 0.28363914902845005)",0.06518690893733955,547.7908935546875,-0.19129362273443015,2.7701412673457564,2231.5206000002945
20,7,4,"(37.5, 62.5, 0.31824704025207695)",0.07733271634547395,0.0,-0.38301473085807836,2.7367767193150416,5595.935199999076
20,7,5,"(62.5, 62.5, 0.35313588701570037)",0.012155691782625074,0.0,-0.573032812775554,2.6920759431765138,6166.04659999939
20,7,6,"(62.5, 62.5, 0.35313588701570037)",0.06645075072400453,733.5668334960938,-0.19184226296032914,2.7179298407270527,2231.2065999994957
20,7,7,"(62.5, 87.5, 0.4439050803778254)",0.08899647099308675,0.0,-0.3840937850699895,2.687796187912829,5675.364900000204
20,7,8,"(62.5, 112.5, 0.556583440432868)",0.010975614190118138,0.0,-0.5742747272605538,2.646121113854488,6187.1625000003405
20,7,9,"(62.5, 112.5, 0.556583440432868)",0.08421907259718427,735.0352783203125,-0.19201976698300732,2.6804824063065764,2243.62149999979
20,7,10,"(62.5, 137.5, 0.695764963091263)",0.11768182433591955,0.0,-0.3854412412030163,2.6571659892127495,5655.141900000672
20,7,11,"(62.5, 162.5, 0.8666422036722684)",0.017140741149595528,0.0,-0.5783153859218486,2.6212770196802353,6170.166600000812
20,7,12,"(62.5, 162.5, 0.8666422036722684)",0.11749944809109475,735.273681640625,-0.19427210902255773,2.659427448526618,2228.444499998659
20,7,13,"(62.5, 187.5, 1.074866029298603)",0.18147566847825441,0.0,-0.392209988162887,2.641992683509659,5716.560699998809
20,7,14,"(62.5, 212.5, 1.3262341043694308)",0.030918796857202998,0.0,-0.5921403309054779,2.599276235619048,6187.691199998881
20,7,15,"(62.5, 212.5, 1.3262341043694308)",0.1841497367654739,735.4041748046875,-0.20065824010397035,2.642951034596056,2244.593600000371
20,7,16,"(62.5, 237.5, 1.626113957934965)",0.2881094142458952,0.0,-0.4059730166966896,2.6061451772311632,5750.226099999054
20,7,17,"(62.5, 262.5, 1.9784785325219891)",0.04845098654425673,0.0,-0.6100335097521871,2.490183030515454,6219.598000001497
20,7,18,"(62.5, 262.5, 1.9784785325219891)",0.270253701175327,735.6273803710938,-0.20596635445723335,2.572736696271281,2229.8298999994586
20,7,19,"(62.5, 287.5, 2.3844185310708723)",0.3614000005107636,0.0,-0.41209451972507977,2.4815186580553257,5721.127599999818
20,7,20,"(62.5, 312.5, 2.84003211203415)",0.05559090773265094,0.0,-0.6197344716976843,2.290642604971324,6231.604600001447
20,7,21,"(62.5, 312.5, 2.84003211203415)",0.33465688281167105,736.0344848632812,-0.20925946532576156,2.4041183542681623,2226.508499999909
20,7,22,"(87.5, 312.5, 3.3952550877786836)",0.44166107504083546,0.0,-0.4086301334796332,2.2728082939278305,5738.9502999994875
20,7,23,"(87.5, 337.5, 4.042605949689198)",0.06936937570568674,0.0,-0.6177323228396944,2.0468400206289554,6264.3638999998075
20,7,24,"(87.5, 337.5, 4.042605949689198)",0.40532761443944176,738.0413818359375,-0.20802825255522436,2.1411673692474467,2278.369499999826
20,7,25,"(87.5, 362.5, 4.730210615988501)",0.5260440472874138,0.0,-0.41757811732043915,1.9171126973680395,5712.670099999741
20,7,26,"(87.5, 387.5, 5.413067831237064)",0.06261189281944367,0.0,-0.6223728614590279,1.5431135112315721,6205.525299999863
20,7,27,"(87.5, 387.5, 5.413067831237064)",0.43372165061637125,740.35986328125,-0.20640343779862522,1.6996025099827823,2237.915100000464
20,7,28,"(87.5, 412.5, 6.024387455566984)",0.5547457907905244,0.0,-0.4198148339428549,1.571122889190445,5704.3374000004405
20,7,29,"(112.5, 412.5, 7.580708003809701)",0.07277340690296033,0.0,-0.627213506008613,1.3488235331219744,6203.1879999995
20,7,30,"(112.5, 412.5, 7.580708003809701)",0.5604830960083077,743.48681640625,-0.2096912649530424,1.524640352962611,2213.9604999993026
20,7,31,"(137.5, 412.5, 9.458994007438445)",0.7780013868067887,0.0,-0.42554146462394543,1.3887991021982073,5475.202800000261
20,7,32,"(162.5, 412.5, 11.634380720059667)",0.07716605067253723,0.0,-0.6305094180865233,1.1206524786148147,6351.133000000118
20,7,33,"(162.5, 412.5, 11.634380720059667)",0.786370761441024,751.782958984375,-0.21127830080791216,1.2528118533348223,2224.741800000629
20,7,34,"(162.5, 437.5, 13.254586740016286)",0.8615238256409183,0.0,-0.4218496027236618,0.8165617136711553,5447.230799998579
20,7,35,"(187.5, 437.5, 16.502195647044346)",0.048179641366000725,0.0,-0.6252546637346991,0.3630580758309679,6214.621200000693
20,7,36,"(187.5, 437.5, 16.502195647044346)",0.7521481601785246,770.16357421875,-0.21095335108096547,0.7189821353709492,2236.4056999995228
20,7,37,"(187.5, 462.5, 18.15511649450833)",0.6145984863236429,0.0,-0.40762896973674206,0.4583634432421169,5709.923899999922
20,8,0,"(12.5, 12.5, 0.18196833376614466)",0.11089234147567426,362.0614929199219,-0.1959632746344768,2.8535003422837266,2258.836799999699
20,8,1,"(37.5, 12.5, 0.20209293496961436)",0.07255366854694761,0.0,-0.38440807290723533,2.787644584977419,5589.956499999971
20,8,2,"(62.5, 12.5, 0.22209701748718602)",0.009555319945010535,0.0,-0.5748058952382361,2.749889224474101,6228.198599999814
20,8,3,"(62.5, 12.5, 0.22209701748718602)",0.06255209348706027,547.7846069335938,-0.19185971905958069,2.7640275418942517,2273.2821999998123
20,8,4,"(62.5, 37.5, 0.2803162176055565)",0.07422220041456185,0.0,-0.383755126907529,2.729930134712736,5670.881800000643
20,8,5,"(87.5, 37.5, 0.305944805296555)",0.011086196949076416,0.0,-0.5739027536600225,2.6845401832841813,6280.038099999729
20,8,6,"(87.5, 37.5, 0.305944805296555)",0.0648466069630276,732.4346313476562,-0.19208026824048852,2.7135272055007205,2268.623200001457
20,8,7,"(87.5, 62.5, 0.3872155041735832)",0.07836365612312032,0.0,-0.38467395924398284,2.6809184431693556,5731.202699998903
20,8,8,"(87.5, 87.5, 0.48924148841142295)",0.01112290471792491,0.0,-0.5748099131081248,2.634846327483164,6256.196000000273
20,8,9,"(87.5, 87.5, 0.48924148841142295)",0.08002903600455992,735.6659545898438,-0.19213775036359645,2.6693416706989574,2275.574000001143
20,8,10,"(112.5, 87.5, 0.5321495904899729)",0.10176816664301609,0.0,-0.3854683184565926,2.63472963260205,5794.214600000487
20,8,11,"(112.5, 112.5, 0.6744671801974309)",0.014970807979509537,0.0,-0.5761239392856502,2.5874638921783197,6263.695800000278
20,8,12,"(112.5, 112.5, 0.6744671801974309)",0.09802512236681614,736.5217895507812,-0.19273702411022448,2.6241432697592555,2252.2286999992502
20,8,13,"(112.5, 137.5, 0.8533265268579882)",0.13221183440086975,0.0,-0.3867274705655722,2.596872518268429,5754.68120000005
20,8,14,"(137.5, 137.5, 0.9239767104626037)",0.019379248221715835,0.0,-0.578744711860769,2.548846750871102,6268.03480000126
20,8,15,"(137.5, 137.5, 0.9239767104626037)",0.12192418929030262,736.864990234375,-0.19369738199472708,2.583671688988903,2245.5078000002686
20,8,16,"(137.5, 162.5, 1.173168873178471)",0.168414584181942,0.0,-0.38911132900519696,2.5561976557279023,5774.722199999815
20,8,17,"(137.5, 187.5, 1.486849047589336)",0.02621870487930051,0.0,-0.5849839990780793,2.511155709440166,6265.665800001443
20,8,18,"(137.5, 187.5, 1.486849047589336)",0.17835489996901346,736.99951171875,-0.19708957604192562,2.560802725370555,2251.990400000068
20,8,19,"(137.5, 212.5, 1.8800807210840746)",0.2874637988232059,0.0,-0.39911685541948,2.5313521978778133,5764.903700001014
20,8,20,"(137.5, 237.5, 2.3703523149193924)",0.04891446729501987,0.0,-0.6016205735961221,2.4291372857502758,6319.631599999411
20,8,21,"(137.5, 237.5, 2.3703523149193924)",0.2904364566486599,737.39208984375,-0.20294083758520381,2.5044252194120773,2254.88420000147
20,8,22,"(137.5, 262.5, 2.9770964423387296)",0.4164029692961535,0.0,-0.40691399409140416,2.421552699793374,5695.997599999828
20,8,23,"(137.5, 287.5, 3.720264207629609)",0.06619109213352771,0.0,-0.6115987911415268,2.193176178012591,6208.320899999308
20,8,24,"(137.5, 287.5, 3.720264207629609)",0.4248443448096067,738.1336669921875,-0.20512777837472534,2.301295927581726,2260.052199999336
20,8,25,"(137.5, 312.5, 4.617102976724376)",0.5601809803444873,0.0,-0.4072950773068897,2.0814334393365987,5733.137200000783
20,8,26,"(137.5, 337.5, 5.675677129206918)",0.07042683660983964,0.0,-0.607165976836066,1.7463793032865276,6262.056199999279
20,8,27,"(137.5, 337.5, 5.675677129206918)",0.5473209398788799,740.05712890625,-0.20452525181481052,1.88308647980808,2258.494300000166
20,8,28,"(137.5, 362.5, 6.88289330546234)",0.6569373729618563,0.0,-0.4078905139401012,1.6731552155975582,5727.0320000006905
20,8,29,"(137.5, 387.5, 8.184609533832969)",0.0634137690067416,0.0,-0.6053044041842531,1.337233763925301,6209.21879999878
20,8,30,"(137.5, 387.5, 8.184609533832969)",0.6933093902652809,743.416259765625,-0.20110852099795853,1.5241367126635545,2228.638000000501
20,8,31,"(112.5, 387.5, 6.700045574866817)",0.5245116361752278,0.0,-0.40288795528492094,1.4678075895151113,5353.790000001027
20,8,32,"(112.5, 362.5, 5.753213768936505)",0.0455924421548857,0.0,-0.6049579577972015,1.2623581132294976,6290.436400000544
20,8,33,"(112.5, 362.5, 5.753213768936505)",0.4646180827671747,741.2632446289062,-0.20278352248437956,1.630435692581453,2232.8806999994413
20,8,34,"(112.5, 337.5, 4.834376816244601)",0.45270652874700085,0.0,-0.40636813643913544,1.6773894509550782,6078.405800000837
20,8,35,"(112.5, 312.5, 3.997603125569143)",0.043811216950418494,0.0,-0.607551830377054,1.5038636015484548,6230.943599999591
20,8,36,"(112.5, 312.5, 3.997603125569143)",0.394126201395528,738.7116088867188,-0.1997681340524238,1.9636338273948994,2238.412900000185
20,8,37,"(112.5, 287.5, 3.266470567666104)",0.4006604155817012,0.0,-0.4051921297195121,2.104012809726259,6073.43629999923
20,8,38,"(112.5, 262.5, 2.645266895480795)",0.047512426972349094,0.0,-0.6101794473118635,2.0216611446915604,6332.124099999419
20,8,39,"(112.5, 262.5, 2.645266895480795)",0.32004044911230384,737.4488525390625,-0.1987069928897055,2.3666408570755126,2259.5850999987306
20,8,40,"(112.5, 237.5, 2.1276559796850996)",0.3469614538391249,0.0,-0.40246419021657426,2.420667054824152,5698.139099999025
20,8,41,"(112.5, 212.5, 1.7023465120987893)",0.037271236379926916,0.0,-0.6020298099539384,2.3414380220671998,6395.311399999628
20,8,42,"(112.5, 212.5, 1.7023465120987893)",0.22635501033734692,737.0237426757812,-0.197530898732708,2.529550707694501,2286.006800000905
20,8,43,"(137.5, 212.5, 1.8800807210840746)",0.3058796647061918,0.0,-0.39923314314910613,2.5222824658399223,5713.989600000787
20,8,44,"(162.5, 212.5, 2.0359929489759456)",0.04011090099811412,0.0,-0.5959381184507904,2.4454921915588663,6294.030400000338
20,8,45,"(162.5, 212.5, 2.0359929489759456)",0.25394943466181147,737.2340698242188,-0.19874143312591716,2.531384349268801,2254.115900001125
20,8,46,"(187.5, 212.5, 2.1581048160551872)",0.32208030810448895,0.0,-0.3994313997843396,2.500615336393094,5769.995200000267
20,8,47,"(212.5, 212.5, 2.2358312589572185)",0.03928709030151704,0.0,-0.5964563711419151,2.4309278163687655,6589.888300000894
20,8,48,"(212.5, 212.5, 2.2358312589572185)",0.2692300093819218,737.1921997070312,-0.1980561835088524,2.519388909681713,2265.8621999999013
20,8,49,"(237.5, 212.5, 2.261871450534782)",0.32133406870838405,0.0,-0.39784154434319885,2.4990748986113176,5792.966400000296
20,8,50,"(262.5, 212.5, 2.2336800277132602)",0.04874674479162415,0.0,-0.5968908638350229,2.435580555377146,6929.125700000441
20,8,51,"(262.5, 212.5, 2.2336800277132602)",0.28048734575073136,737.1314697265625,-0.19868716243769274,2.5262021142951614,2259.5851000005496
20,8,52,"(287.5, 212.5, 2.154010388857775)",0.32233163336730064,0.0,-0.39759434499573965,2.4969149510561803,5751.570700000229
20,8,53,"(312.5, 212.5, 2.0303276744152)",0.03672575950623978,0.0,-0.5943292028127394,2.426702041231508,6839.530400000513
20,8,54,"(312.5, 212.5, 2.0303276744152)",0.24408010243294057,737.1390380859375,-0.1982293702284332,2.5111948292876436,2237.1746999997413
20,8,55,"(312.5, 237.5, 2.5784026504198194)",0.337286458650221,0.0,-0.4024594241500479,2.4945827322375385,5741.387000000032
20,8,56,"(312.5, 262.5, 3.266470567666104)",0.05913297335305679,0.0,-0.608677337926525,2.3570292150502112,6242.869499998051
20,8,57,"(312.5, 262.5, 3.266470567666104)",0.3721180861734498,737.5555419921875,-0.20507210064425913,2.4654163646816394,2221.3609000027645
20,8,58,"(312.5, 287.5, 4.124508633098295)",0.5133111381957295,0.0,-0.4091294370796083,2.311932282169465,5739.433100003225
20,8,59,"(312.5, 312.5, 5.183930710700896)",0.05630254248781201,0.0,-0.6075626280712622,1.9905978598793421,6250.469400001748
20,8,60,"(312.5, 312.5, 5.183930710700896)",0.49951934561973926,739.117919921875,-0.20211490133661422,2.131583287085672,2236.0005999980785
20,8,61,"(312.5, 337.5, 6.4720487778634865)",0.6088350265472954,0.0,-0.4064352874423103,1.916653690661578,5722.305500003131
20,8,62,"(312.5, 362.5, 7.999359988870806)",0.07179037729897038,0.0,-0.6080959514197679,1.5759532309673758,6465.346100001625
20,8,63,"(312.5, 362.5, 7.999359988870806)",0.667719909224792,743.8207397460938,-0.20439736891291035,1.6945822099702927,2213.224499999342
20,8,64,"(287.5, 362.5, 9.065091200270214)",0.7721084874449254,0.0,-0.4212685030254479,1.5935503746031778,5707.716100001562
20,8,65,"(262.5, 362.5, 9.841761282285685)",0.09321228663124226,0.0,-0.6378285013419492,1.3913041131974442,6994.712399999116
20,8,66,"(262.5, 362.5, 9.841761282285685)",0.8493137206028835,745.7001342773438,-0.2082517613650815,1.5474803571983118,2254.5113999985915
20,8,67,"(262.5, 337.5, 7.706480720276972)",0.604180399012946,0.0,-0.418677579087905,1.4422807115110483,5709.606399999757
20,8,68,"(237.5, 337.5, 7.894671343450355)",0.07833971579870604,0.0,-0.6305921083164144,1.2939675099930787,6548.362300000008
20,8,69,"(237.5, 337.5, 7.894671343450355)",0.6840130416195044,742.1236572265625,-0.20670207565672813,1.7229807912952257,2273.6967999990156
20,9,0,"(12.5, 12.5, 0.18196833376614466)",0.1124665460774844,362.0623779296875,-0.1959632746344768,2.853500373698013,2265.859700000874
20,9,1,"(12.5, 37.5, 0.22749405581943968)",0.07266415026708485,0.0,-0.38417776553063876,2.789367837494502,5627.226500000688
20,9,2,"(12.5, 62.5, 0.28363914902845005)",0.010109325249984676,0.0,-0.5740320921964476,2.7544427371676137,6270.394099999976
20,9,3,"(12.5, 62.5, 0.28363914902845005)",0.0672989914400677,547.7897338867188,-0.19129362273443015,2.7701412889262285,2264.6109000015713
20,9,4,"(12.5, 87.5, 0.352540271786735)",0.08379341104285269,0.0,-0.3827429902468617,2.7415102305052645,5742.2393999986525
20,9,5,"(12.5, 112.5, 0.4366052607899271)",0.012498612205174073,0.0,-0.5724401784790356,2.7043429732025737,6290.627399997902
20,9,6,"(12.5, 112.5, 0.4366052607899271)",0.0785251957533735,549.2567138671875,-0.19137249529413164,2.7350401979874444,2272.2076999998535
20,9,7,"(37.5, 112.5, 0.49583347937863365)",0.10267885796334064,0.0,-0.3838196097447886,2.7055821075013564,5752.4259999991045
20,9,8,"(62.5, 112.5, 0.556583440432868)",0.011874690651907239,0.0,-0.5744961559624985,2.6608469492045903,6309.522299998207
20,9,9,"(62.5, 112.5, 0.556583440432868)",0.08927092040810249,735.0365600585938,-0.1923435957426545,2.685756531124804,2263.10260000173
20,9,10,"(87.5, 112.5, 0.6169091202045394)",0.11357938044564127,0.0,-0.38529351756055086,2.64908670640382,5813.021899997693
20,9,11,"(87.5, 137.5, 0.7760333427861217)",0.01635157689452139,0.0,-0.5763642505498013,2.6059043158507404,6304.097100000945
20,9,12,"(87.5, 137.5, 0.7760333427861217)",0.10816997418346477,736.2708740234375,-0.1930568017357152,2.6410480968712653,2248.9203000004636
20,9,13,"(87.5, 162.5, 0.9734020271305479)",0.1567486718677606,0.0,-0.3885090848797814,2.6187999782669795,5818.408099999942
20,9,14,"(87.5, 187.5, 1.2167243398877836)",0.024723430474601103,0.0,-0.5848979825654764,2.5801075763878534,6314.814499997738
20,9,15,"(87.5, 187.5, 1.2167243398877836)",0.1601284544747273,736.40478515625,-0.19746232089018245,2.622785972294268,2255.257900000288
20,9,16,"(87.5, 212.5, 1.5144023862066305)",0.258843428456495,0.0,-0.39989893393576437,2.5972953948331643,5808.570699999109
20,9,17,"(87.5, 237.5, 1.8749993990357805)",0.04364454746247101,0.0,-0.6034653048231305,2.5132236110170085,6264.96959999713
20,9,18,"(87.5, 237.5, 1.8749993990357805)",0.2583942522530537,736.6295166015625,-0.20437343620819945,2.573468750825316,2237.062200001674
20,9,19,"(87.5, 262.5, 2.3062152958190487)",0.37280984666748856,0.0,-0.41072103991930714,2.498355010771331,5742.960100000346
20,9,20,"(87.5, 287.5, 2.8131085484191836)",0.06734265883760193,0.0,-0.6175408019372697,2.325127315165917,6228.534399997443
20,9,21,"(87.5, 287.5, 2.8131085484191836)",0.3576491729147692,737.0847778320312,-0.20874880554682784,2.438988440992946,2235.7749000002514
20,9,22,"(87.5, 312.5, 3.3952550877786836)",0.48801430581796434,0.0,-0.417334209861412,2.276851190921609,5722.951800002193
20,9,23,"(87.5, 337.5, 4.042605949689198)",0.07677235205966658,0.0,-0.6247427891584408,1.9687169798517181,6336.182299997745
20,9,24,"(87.5, 337.5, 4.042605949689198)",0.4199926183653014,738.3007202148438,-0.20905818813927685,2.0913382432024172,2221.844699997746
20,9,25,"(87.5, 362.5, 4.730210615988501)",0.5175956022960537,0.0,-0.41612018059063355,1.8814715703496194,5717.814700001327
20,9,26,"(112.5, 362.5, 5.753213768936505)",0.06439643601576306,0.0,-0.61667839444615,1.669688098944452,6223.814799999673
20,9,27,"(112.5, 362.5, 5.753213768936505)",0.4958936739605263,740.494140625,-0.2053412838868301,1.8543142100446868,2309.243700001389
20,9,28,"(137.5, 362.5, 6.88289330546234)",0.6046682177052056,0.0,-0.4078810404440374,1.7426125717029877,5720.887900002708
20,9,29,"(137.5, 387.5, 8.184609533832969)",0.07582162817318966,0.0,-0.619642873714801,1.359851469723234,6716.025599998829
20,9,30,"(137.5, 387.5, 8.184609533832969)",0.6614712486043735,743.3208618164062,-0.20368934132036443,1.5463814888375005,2266.479399997479
20,9,31,"(162.5, 387.5, 9.797797492156253)",0.7545240490356828,0.0,-0.40839351129901696,1.3772424209677325,5672.677800001111
20,9,32,"(162.5, 412.5, 11.634380720059667)",0.07555767893792101,0.0,-0.6148803920925661,0.9389904347476153,6200.5041999982495
20,9,33,"(162.5, 412.5, 11.634380720059667)",0.7942967962577774,750.6884155273438,-0.21157239198867828,1.1546653613573277,2281.7606999997224
20,9,34,"(162.5, 437.5, 13.254586740016286)",0.925507903337347,0.0,-0.4231119300343143,0.9245291932224493,5458.921800000098
20,9,35,"(187.5, 437.5, 16.502195647044346)",0.03317993134261743,0.0,-0.6240880113404875,0.3532025833074697,6293.11830000006
20,9,36,"(187.5, 437.5, 16.502195647044346)",0.7470680063864686,769.2352294921875,-0.21083299719649437,0.7137421283600826,2274.4839000006323
20,9,37,"(187.5, 462.5, 18.15511649450833)",0.6352597711233122,0.0,-0.4076213537264407,0.458600542026076,5659.090500001184
20,0,0,"(137.5, 362.5, 6.88289330546234)",0.8228448715801,739.3741455078125,-0.22243006828709277,2.169717864164374,2256.732000001648
20,0,1,"(137.5, 387.5, 8.184609533832969)",0.7826620878094736,0.0,-0.42557125123720085,1.7067874589390872,5701.641900002869
20,0,2,"(112.5, 387.5, 6.700045574866817)",0.050270547469450956,0.0,-0.6314677614205997,1.453699970572556,6740.458999996918
20,0,3,"(112.5, 387.5, 6.700045574866817)",0.5314160253035995,740.9954223632812,-0.19927853049828473,1.702849633162667,2244.23459999889
20,0,4,"(112.5, 362.5, 5.753213768936505)",0.5238071740676032,0.0,-0.4134418072011516,1.5936125143625628,5986.98130000048
20,0,5,"(112.5, 337.5, 4.834376816244601)",0.04753730197745902,0.0,-0.6088897423147718,1.3116521429261243,6363.3489000021655
20,0,6,"(112.5, 337.5, 4.834376816244601)",0.421110046671889,739.765869140625,-0.1978937127878878,1.7361509613771857,2233.5815000005823
20,0,7,"(137.5, 337.5, 5.675677129206918)",0.571745691661335,0.0,-0.40728435950339265,1.930377467081964,5787.3978999996325
20,0,8,"(162.5, 337.5, 6.503826249283008)",0.06726057827470713,0.0,-0.6105262942030191,1.7821085714545148,6278.630400000111
20,0,9,"(162.5, 337.5, 6.503826249283008)",0.5866138741379594,740.3960571289062,-0.20035343738785621,1.9355198021326427,2251.2074999976903
20,0,10,"(162.5, 362.5, 8.044975170611863)",0.6940737286658235,0.0,-0.40806513742837025,1.6693172386801687,5719.173000001319
20,0,11,"(162.5, 387.5, 9.797797492156253)",0.07618444164594582,0.0,-0.6134815300215235,1.368749172430379,6459.926899999118
20,0,12,"(162.5, 387.5, 9.797797492156253)",0.7769256183646556,747.2786254882812,-0.20617312913661906,1.4565354331313674,2262.878699999419
20,0,13,"(137.5, 387.5, 8.184609533832969)",0.6283279640808789,0.0,-0.4088704623107886,1.3363397026720458,5349.41130000152
20,0,14,"(137.5, 412.5, 9.458994007438445)",0.09747635324795934,0.0,-0.6298744855916927,1.0691017257138986,6350.0418000003265
20,0,15,"(137.5, 412.5, 9.458994007438445)",0.8293440399722924,743.038330078125,-0.21943099996081,1.4529981785280053,2188.7180999983684
20,0,16,"(162.5, 412.5, 11.634380720059667)",0.7828008741430414,0.0,-0.4314922191920906,1.1526633259734118,5262.965800000529
20,0,17,"(162.5, 437.5, 13.254586740016286)",0.07431818048159157,0.0,-0.6309187124816674,0.5617532647604858,6544.7939000005135
20,0,18,"(162.5, 437.5, 13.254586740016286)",0.7158098509510354,755.6257934570312,-0.20545059137957664,0.8341827000388716,2247.760999998718
20,0,19,"(187.5, 437.5, 16.502195647044346)",0.7893496655589003,0.0,-0.4193806289075846,0.703249937491287,5354.950500000996
20,0,20,"(187.5, 462.5, 18.15511649450833)",0.0216644182801196,0.0,-0.6011944628092678,0.19842878253765053,6347.499700001208
20,0,21,"(187.5, 462.5, 18.15511649450833)",0.5327496004489906,788.1455688476562,-0.19241045490877184,0.4553472137236383,2210.1254999979574
20,1,0,"(137.5, 362.5, 6.88289330546234)",0.8295347403252141,739.2440795898438,-0.22243006828709275,2.169717856122003,2215.088299999479
20,1,1,"(137.5, 387.5, 8.184609533832969)",0.7732657322108281,0.0,-0.42557125123720096,1.7067874589390877,5688.3534000007785
20,1,2,"(112.5, 387.5, 6.700045574866817)",0.05442022283872615,0.0,-0.6314677614205996,1.453699970572556,6766.5066000008665
20,1,3,"(112.5, 387.5, 6.700045574866817)",0.5348889132647466,740.8449096679688,-0.19927853049828465,1.7028496148793053,2261.972100001003
20,1,4,"(112.5, 362.5, 5.753213768936505)",0.5271551211005854,0.0,-0.41344180720115165,1.5936125143625628,5964.658600001712
20,1,5,"(112.5, 337.5, 4.834376816244601)",0.037465942402711734,0.0,-0.6088897423147719,1.3116521429261245,6294.299400000455
20,1,6,"(112.5, 337.5, 4.834376816244601)",0.41698870610197614,739.7453002929688,-0.1978937127878878,1.736150955431391,2285.269399999379
20,1,7,"(112.5, 312.5, 3.997603125569143)",0.4363205779424626,0.0,-0.405415119604129,1.8763770499797172,6075.925299999653
20,1,8,"(112.5, 287.5, 3.266470567666104)",0.041564121842385254,0.0,-0.6094515679696086,1.7635249174418604,6364.874900002178
20,1,9,"(112.5, 287.5, 3.266470567666104)",0.35368537908538034,737.9073486328125,-0.19924451100583823,2.184495558440226,2235.589300002175
20,1,10,"(112.5, 262.5, 2.645266895480795)",0.3704310979519578,0.0,-0.40418116907497004,2.301493609289487,6086.607799999911
20,1,11,"(112.5, 237.5, 2.1276559796850996)",0.036801372965200856,0.0,-0.6083856798352245,2.224990733831012,6389.700700001413
20,1,12,"(112.5, 237.5, 2.1276559796850996)",0.28464162291945244,737.1991577148438,-0.1989013682588806,2.469382565227744,2258.453400001599
20,1,13,"(112.5, 212.5, 1.7023465120987893)",0.27185044333993047,0.0,-0.40086243222755746,2.4909018952143325,5722.358200000599
20,1,14,"(112.5, 187.5, 1.356447175660002)",0.026657554010560948,0.0,-0.5974800838633665,2.4419373940167044,6241.894200000388
20,1,15,"(112.5, 187.5, 1.356447175660002)",0.172397920231365,736.8847045898438,-0.19601234154346767,2.5722871466371964,2247.5106999991112
20,1,16,"(137.5, 187.5, 1.486849047589336)",0.22791698579320976,0.0,-0.39445026613859935,2.553884490771361,5739.393300002121
20,1,17,"(137.5, 212.5, 1.8800807210840746)",0.035380179683375236,0.0,-0.5933510988399975,2.4920717028898154,6230.79780000262
20,1,18,"(137.5, 212.5, 1.8800807210840746)",0.23548052493928673,737.1275024414062,-0.19985544487101264,2.548352417194724,2229.658299998846
20,1,19,"(137.5, 237.5, 2.3703523149193924)",0.34857569790841664,0.0,-0.40432418894665606,2.4913039626747695,5711.841899999854
20,1,20,"(137.5, 262.5, 2.9770964423387296)",0.057303721706076824,0.0,-0.6071785006265329,2.3314521694043133,6223.959700000705
20,1,21,"(137.5, 262.5, 2.9770964423387296)",0.34899429650258657,737.550537109375,-0.20428125178695786,2.441801353104546,2232.7880000011646
20,1,22,"(137.5, 287.5, 3.720264207629609)",0.4989664716687132,0.0,-0.40905423666237395,2.29315173698091,5720.311799999763
20,1,23,"(137.5, 312.5, 4.617102976724376)",0.07462379833058935,0.0,-0.6083404795905808,1.9653360327820457,6283.228499996767
20,1,24,"(137.5, 312.5, 4.617102976724376)",0.49011456383876173,739.0944213867188,-0.20411770484914804,2.092889107810138,2236.8667000009737
20,1,25,"(137.5, 337.5, 5.675677129206918)",0.5923767490817997,0.0,-0.4075387114466533,1.8708377109811716,5662.634599997546
20,1,26,"(137.5, 362.5, 6.88289330546234)",0.07466504474479403,0.0,-0.6074292790908541,1.541942785992404,6207.310500001768
20,1,27,"(137.5, 362.5, 6.88289330546234)",0.6210777732780033,741.6024169921875,-0.20254814360884954,1.6846298237905057,2204.1978999986895
20,1,28,"(137.5, 387.5, 8.184609533832969)",0.7159193077505133,0.0,-0.40607965742612273,1.498972978370572,5678.929699999571
20,1,29,"(112.5, 387.5, 6.700045574866817)",0.05683127045629691,0.0,-0.6107823755983366,1.243090678265238,7123.866199999611
20,1,30,"(112.5, 387.5, 6.700045574866817)",0.5153909280986605,741.3499755859375,-0.19884739130506857,1.6417511559594906,2218.0879000006826
20,1,31,"(112.5, 362.5, 5.753213768936505)",0.5338063585753571,0.0,-0.412160935604524,1.5747494842156156,6023.929800001497
20,1,32,"(112.5, 337.5, 4.834376816244601)",0.04131068040929081,0.0,-0.6086139275202596,1.3089681951741874,6278.764400001819
20,1,33,"(112.5, 337.5, 4.834376816244601)",0.4241501254017324,739.712646484375,-0.1978637033301252,1.7347728440146568,2239.328999999998
20,1,34,"(137.5, 337.5, 5.675677129206918)",0.5747124040203418,0.0,-0.40726921781429626,1.9301261565728882,5714.956100000563
20,1,35,"(162.5, 337.5, 6.503826249283008)",0.06489316125709743,0.0,-0.6105246873637074,1.7820999591750946,6203.951700001198
20,1,36,"(162.5, 337.5, 6.503826249283008)",0.5881762685269485,740.5430908203125,-0.20035442869941233,1.9355253958005394,2253.6048000001756
20,1,37,"(162.5, 362.5, 8.044975170611863)",0.6968958254131201,0.0,-0.40806499369002747,1.6693136250268172,5655.892400001903
20,1,38,"(162.5, 387.5, 9.797797492156253)",0.07724460959434445,0.0,-0.613481556335758,1.3687491319389937,6302.967999999964
20,1,39,"(162.5, 387.5, 9.797797492156253)",0.7805639167698433,747.6989135742188,-0.20617312347835778,1.456535316680791,2239.757600000303
20,1,40,"(187.5, 387.5, 11.364582883745452)",0.8445830345798004,0.0,-0.42601707665431576,1.3084380071445472,5551.4350999983435
20,1,41,"(212.5, 387.5, 12.56601886791643)",0.13186941544213837,0.0,-0.6754895414928344,1.2506829287524377,7665.665299999091
20,1,42,"(212.5, 387.5, 12.56601886791643)",1.0201284713503334,749.796875,-0.2200774063365131,1.297677574991334,2200.102999999217
20,1,43,"(212.5, 362.5, 9.863883753989105)",0.5965951889907344,0.0,-0.4080646696162017,1.0421187825824847,5161.383999999089
20,1,44,"(237.5, 362.5, 10.136936791802604)",0.08832007646562935,0.0,-0.6289282088408249,0.8982424725613177,6722.956100002193
20,1,45,"(237.5, 362.5, 10.136936791802604)",0.7442625436433743,747.7318725585938,-0.2077041960442029,1.3574945557233895,2221.3759000005666
20,1,46,"(237.5, 387.5, 13.016039592385813)",0.8794913888559068,0.0,-0.4171261213853399,1.0898798275705148,5228.640999997879
20,1,47,"(262.5, 387.5, 12.530028997518446)",0.09173426032068402,0.0,-0.6435710051580659,0.8088512452356469,7632.499100000132
20,1,48,"(262.5, 387.5, 12.530028997518446)",0.9148932078977882,751.221435546875,-0.21141648763774787,1.103028467665873,2249.6468999997887
20,1,49,"(262.5, 412.5, 15.847883528411389)",1.1348008608859343,0.0,-0.4655784572136327,0.880816870647321,4621.868300000642
20,1,50,"(287.5, 412.5, 13.851283065501828)",0.11293441057204619,0.0,-0.7014251159147319,0.580558594143983,8385.464300001331
20,1,51,"(287.5, 412.5, 13.851283065501828)",0.7614005551691022,756.6317138671875,-0.20676820156416925,0.956293199026931,2267.7075999999943
20,1,52,"(287.5, 437.5, 16.365669713099226)",0.8565493602948505,0.0,-0.4262470796027591,0.8052404191759291,5372.164399999747
20,1,53,"(262.5, 437.5, 19.691492564685472)",0.17038474480311044,0.0,-0.7155509590066521,0.4022372392219873,6417.770000000019
20,1,54,"(262.5, 437.5, 19.691492564685472)",0.9969218550093631,782.7063598632812,-0.2914220949405013,0.6314615504231901,2260.444700001244
20,1,55,"(237.5, 437.5, 21.459341898515387)",1.359502888883925,0.0,-0.5947088972507393,0.7225390553861576,5374.892200001341
20,2,0,"(137.5, 362.5, 6.88289330546234)",0.8346393103775801,739.2966918945312,-0.22243006828709275,2.1697178278000857,2290.582600002381
20,2,1,"(112.5, 362.5, 5.753213768936505)",0.5757999809919766,0.0,-0.420921990500983,1.8715595694770044,5586.350300000049
20,2,2,"(112.5, 337.5, 4.834376816244601)",0.05051538844904281,0.0,-0.6276620231192992,1.6440258236485186,6549.081400000432
20,2,3,"(112.5, 337.5, 4.834376816244601)",0.45635004865078216,739.3773193359375,-0.20017173892282453,1.911267971393566,2224.4252000018605
20,2,4,"(112.5, 312.5, 3.997603125569143)",0.4413951528631944,0.0,-0.40954470882254435,1.9422281056229986,6100.095300000248
20,2,5,"(112.5, 287.5, 3.266470567666104)",0.03887277344866757,0.0,-0.6113672734082539,1.7805717083107155,6317.452399998729
20,2,6,"(112.5, 287.5, 3.266470567666104)",0.35836336119723605,737.9766235351562,-0.19936435895347757,2.187029017182566,2223.008499997377
20,2,7,"(112.5, 262.5, 2.645266895480795)",0.3670930619653944,0.0,-0.4041932866380822,2.3015128355899064,6051.883199997974
20,2,8,"(112.5, 237.5, 2.1276559796850996)",0.04161353409287572,0.0,-0.6083833917342122,2.224963460156586,6368.872099999862
20,2,9,"(112.5, 237.5, 2.1276559796850996)",0.28361814496606574,737.2020263671875,-0.19890104557704422,2.4693648572103166,2212.3398000003363
20,2,10,"(112.5, 212.5, 1.7023465120987893)",0.2823849624040358,0.0,-0.40086209387586125,2.490897304975522,5726.110899999185
20,2,11,"(137.5, 212.5, 1.8800807210840746)",0.03482069075108976,0.0,-0.5997237324876619,2.4271778560439925,6238.314700000046
20,2,12,"(137.5, 212.5, 1.8800807210840746)",0.2469385596350189,737.1940307617188,-0.19853746262711064,2.5419315218387832,2231.717300001037
20,2,13,"(162.5, 212.5, 2.0359929489759456)",0.3068035667093315,0.0,-0.39973050768831636,2.509627429048344,5706.1113999989175
20,2,14,"(187.5, 212.5, 2.1581048160551872)",0.03887136777244531,0.0,-0.5962373420410219,2.4336550017974865,6269.279400003143
20,2,15,"(187.5, 212.5, 2.1581048160551872)",0.26347775877082813,737.23388671875,-0.19843564811306766,2.522394563110675,2246.691100001044
20,2,16,"(212.5, 212.5, 2.2358312589572185)",0.3144456009453124,0.0,-0.39857175656464927,2.4974079614131512,5717.228599998634
20,2,17,"(237.5, 212.5, 2.261871450534782)",0.039561569690724774,0.0,-0.5964147889359329,2.431612514756114,6644.187599998986
20,2,18,"(237.5, 212.5, 2.261871450534782)",0.27488270589484215,737.1669921875,-0.19804248733065263,2.521922987542132,2245.748499997717
20,2,19,"(262.5, 212.5, 2.2336800277132602)",0.3229065775345714,0.0,-0.3981977844330975,2.5047771786608948,5713.3646000002045
20,2,20,"(287.5, 212.5, 2.154010388857775)",0.044827143351216445,0.0,-0.5963193773250121,2.434750706848156,6867.061599998124
20,2,21,"(287.5, 212.5, 2.154010388857775)",0.2704636146185699,737.1595458984375,-0.19831462509169062,2.5167243736192426,2250.3995999977633
20,2,22,"(312.5, 212.5, 2.0303276744152)",0.292983858881919,0.0,-0.3971969735802085,2.4897217055707004,5725.618499996926
20,2,23,"(312.5, 237.5, 2.5784026504198194)",0.04041860252623184,0.0,-0.5996134301519517,2.4259143622860817,6335.000699997181
20,2,24,"(312.5, 237.5, 2.5784026504198194)",0.2985998446519459,737.2045288085938,-0.20139133875576073,2.5230861635019024,2252.565400001913
20,2,25,"(312.5, 262.5, 3.266470567666104)",0.42297523148120864,0.0,-0.4081429813503251,2.4624844228338096,5734.518500001286
20,2,26,"(312.5, 287.5, 4.124508633098295)",0.06549413998922236,0.0,-0.6116493647304632,2.2064869360828445,6282.333600000129
20,2,27,"(312.5, 287.5, 4.124508633098295)",0.4544982196415303,738.2692260742188,-0.2045979371201095,2.3210850154909846,2260.6960000011895
20,2,28,"(312.5, 312.5, 5.183930710700896)",0.5241251549563312,0.0,-0.4067678130372818,2.1217085194603578,5751.958000000741
20,2,29,"(312.5, 337.5, 6.4720487778634865)",0.057259077827152734,0.0,-0.6074194196253543,1.789868102656552,6236.767200000031
20,2,30,"(312.5, 337.5, 6.4720487778634865)",0.5771491718199646,740.8672485351562,-0.20251884628043837,1.9245579000900896,2261.3726000017778
20,2,31,"(312.5, 362.5, 7.999359988870806)",0.6940192928025659,0.0,-0.4071296545284272,1.6835370891627623,5712.888699999894
20,2,32,"(287.5, 362.5, 9.065091200270214)",0.07028055191040927,0.0,-0.6205029429566593,1.392530739240769,6620.235499998671
20,2,33,"(287.5, 362.5, 9.065091200270214)",0.7272371274243485,743.6183471679688,-0.2099560247728672,1.621527596287406,2260.0411999992502
20,2,34,"(262.5, 362.5, 9.841761282285685)",0.8991575061082152,0.0,-0.42173003065801584,1.5143044165162014,5671.132300001773
20,2,35,"(237.5, 362.5, 10.136936791802604)",0.06607609987262777,0.0,-0.6308255980478352,1.1714388186640594,6321.233000002394
20,2,36,"(237.5, 362.5, 10.136936791802604)",0.8482236123825668,746.34228515625,-0.2059517277206039,1.5214874422372326,2222.4432000002707
20,2,37,"(237.5, 387.5, 13.016039592385813)",0.8720267713905324,0.0,-0.41775291597418407,1.0796274973582844,5190.778899999714
20,2,38,"(237.5, 412.5, 16.71281874556001)",0.04608626663684994,0.0,-0.6205536046974,0.6751023962242868,6502.213200001279
20,2,39,"(237.5, 412.5, 16.71281874556001)",0.7926305954523504,773.2591552734375,-0.19948646689368266,0.770061617747489,2236.6684999979043
20,2,40,"(212.5, 412.5, 15.910281935579775)",1.1536344537640433,0.0,-0.46411642467080105,0.6924514464321488,5670.407100002194
20,2,41,"(212.5, 437.5, 19.809611758762614)",0.050658956170107794,0.0,-0.7700734695446966,0.45126331752937354,7717.450000000099
20,2,42,"(212.5, 437.5, 19.809611758762614)",0.8546872288230509,805.9456176757812,-0.26910789422228304,0.615519977653939,2227.505899998505
20,2,43,"(237.5, 437.5, 21.459341898515387)",1.3634829039082372,0.0,-0.5816181451261178,0.5813885264703713,5697.269399999641
20,3,0,"(137.5, 362.5, 6.88289330546234)",0.829790528313719,739.313232421875,-0.22243006828709277,2.169717851783793,2255.8442000008654
20,3,1,"(112.5, 362.5, 5.753213768936505)",0.5868599761731507,0.0,-0.42092199050098295,1.8715595694770046,5542.989300000045
20,3,2,"(112.5, 337.5, 4.834376816244601)",0.05206304291883209,0.0,-0.6276620231192994,1.644025823648519,6550.776000000042
20,3,3,"(112.5, 337.5, 4.834376816244601)",0.4555364165994595,739.4273681640625,-0.20017173892282453,1.9112679730581845,2230.021700001089
20,3,4,"(112.5, 312.5, 3.997603125569143)",0.4467822370490897,0.0,-0.4095447088225444,1.942228105622999,6022.974499999691
20,3,5,"(112.5, 287.5, 3.266470567666104)",0.04580145577588994,0.0,-0.6113672734082538,1.7805717083107155,6317.7620000024035
20,3,6,"(112.5, 287.5, 3.266470567666104)",0.36034658124252406,737.905029296875,-0.1993643589534776,2.1870290143567748,2282.332000002498
20,3,7,"(112.5, 262.5, 2.645266895480795)",0.3583209991921483,0.0,-0.40419328663808207,2.301512835589906,6003.390899997612
20,3,8,"(112.5, 237.5, 2.1276559796850996)",0.03847117722035598,0.0,-0.6083833917342122,2.224963460156585,6354.839899999206
20,3,9,"(112.5, 237.5, 2.1276559796850996)",0.28500179668721076,737.2575073242188,-0.19890104557704427,2.469364848544523,2257.7875000024505
20,3,10,"(112.5, 212.5, 1.7023465120987893)",0.2805823468188429,0.0,-0.40086209387586125,2.4908973049755225,5645.065599997906
20,3,11,"(137.5, 212.5, 1.8800807210840746)",0.04049052298065951,0.0,-0.5997237324876619,2.427177856043992,6216.917800000374
20,3,12,"(137.5, 212.5, 1.8800807210840746)",0.24405274115253126,737.1680908203125,-0.19853746262711064,2.5419315391964967,2254.2844000017794
20,3,13,"(162.5, 212.5, 2.0359929489759456)",0.30910980161741464,0.0,-0.3997305076883164,2.509627429048344,5714.006999998674
20,3,14,"(187.5, 212.5, 2.1581048160551872)",0.042240858078007704,0.0,-0.596237342041022,2.4336550017974865,6247.213500002545
20,3,15,"(187.5, 212.5, 2.1581048160551872)",0.2622546819413551,737.2755737304688,-0.19843564811306766,2.5223945923727356,2292.235699998855
20,3,16,"(187.5, 237.5, 2.7574493337721258)",0.35115085794133677,0.0,-0.4040474373620899,2.4915709878121,5734.894900000654
20,3,17,"(187.5, 262.5, 3.519235619237839)",0.060079733530689274,0.0,-0.6112823810595427,2.3277133102691447,6277.959299997747
20,3,18,"(187.5, 262.5, 3.519235619237839)",0.3903720580968479,737.7255859375,-0.20574928426015102,2.4362191119212904,2264.235999999073
20,3,19,"(187.5, 287.5, 4.484402965683246)",0.5279610784755879,0.0,-0.40998508453980664,2.2585959779361002,5764.236099999835
20,3,20,"(187.5, 312.5, 5.701335627950545)",0.06183059513568313,0.0,-0.6132673913297113,1.9429820010584347,6300.884399999632
20,3,21,"(187.5, 312.5, 5.701335627950545)",0.5343158984525489,739.559814453125,-0.2063375700700898,2.0730587293809632,2262.602599999809
20,3,22,"(187.5, 337.5, 7.2238068944948735)",0.6213043729510466,0.0,-0.4130049268767148,1.8262026011949994,5732.360400001198
20,3,23,"(187.5, 362.5, 9.103110310900643)",0.0630884170532259,0.0,-0.6147146272355234,1.439484574282348,6295.706699998846
20,3,24,"(187.5, 362.5, 9.103110310900643)",0.6964527627286037,744.8239135742188,-0.2098236825299894,1.5909563673528957,2211.8379999992612
20,3,25,"(212.5, 362.5, 9.863883753989105)",0.8855018580369304,0.0,-0.42910759573799623,1.4977172507662926,5704.647999998997
20,3,26,"(237.5, 362.5, 10.136936791802604)",0.07616104682284745,0.0,-0.6352973003859709,1.1930224505862166,6570.007099999202
20,3,27,"(237.5, 362.5, 10.136936791802604)",0.844827383029817,746.1863403320312,-0.20590801338941844,1.526101066605487,2193.110300002445
20,3,28,"(237.5, 387.5, 13.016039592385813)",0.8633430923284244,0.0,-0.4177283938033444,1.079614702120672,5502.014900001086
20,3,29,"(212.5, 387.5, 12.56601886791643)",0.089755554993964,0.0,-0.6431881312750615,0.8013739229169695,7579.844600000797
20,3,30,"(212.5, 387.5, 12.56601886791643)",0.9094531438653792,750.8125610351562,-0.21229513103580827,1.1074232214680473,2203.7911000006716
20,3,31,"(187.5, 387.5, 11.364582883745452)",0.9535114470864495,0.0,-0.4433736507234784,1.169613279388928,5717.751299998781
20,3,32,"(187.5, 412.5, 13.941569591049829)",0.06091870367527263,0.0,-0.6606853285820113,0.8184204095048112,7294.863200000691
20,3,33,"(187.5, 412.5, 13.941569591049829)",0.857964111802615,753.5872802734375,-0.19919791111789592,1.1183241247794125,2283.033299998351
20,3,34,"(212.5, 412.5, 15.910281935579775)",1.2573213208617047,0.0,-0.47978523267254425,0.931629730484858,5756.785100002162
20,3,35,"(212.5, 437.5, 19.809611758762614)",0.17064803838729828,0.0,-0.76742909504794,0.5128488466999301,6586.05130000069
20,3,36,"(212.5, 437.5, 19.809611758762614)",0.9599984080579055,789.654052734375,-0.2835082870206336,0.6284154854025298,2276.6741999985243
20,4,0,"(137.5, 362.5, 6.88289330546234)",0.8242822195445328,739.0675048828125,-0.22243006828709277,2.169717860195506,2270.404700000654
20,4,1,"(112.5, 362.5, 5.753213768936505)",0.602262335534775,0.0,-0.420921990500983,1.8715595694770046,5637.311900001805
20,4,2,"(112.5, 337.5, 4.834376816244601)",0.047598098715162816,0.0,-0.6276620231192994,1.6440258236485192,6620.3620999986015
20,4,3,"(112.5, 337.5, 4.834376816244601)",0.45415709782988206,739.348876953125,-0.20017173892282453,1.9112679451254835,2247.6002000003064
20,4,4,"(112.5, 312.5, 3.997603125569143)",0.4388670309872424,0.0,-0.4095447088225444,1.942228105622999,6071.566599999642
20,4,5,"(112.5, 287.5, 3.266470567666104)",0.042410189906751786,0.0,-0.611367273408254,1.7805717083107155,6328.332500001125
20,4,6,"(112.5, 287.5, 3.266470567666104)",0.3528131530378293,737.920654296875,-0.19936435895347754,2.187028994489969,2240.8108999989054
20,4,7,"(112.5, 262.5, 2.645266895480795)",0.35888806080000757,0.0,-0.40419328663808207,2.301512835589906,6167.9995999984385
20,4,8,"(112.5, 237.5, 2.1276559796850996)",0.03855645159882185,0.0,-0.6083833917342122,2.2249634601565855,6450.930899998639
20,4,9,"(112.5, 237.5, 2.1276559796850996)",0.2833139618058858,737.2136840820312,-0.19890104557704424,2.4693648347185286,2237.0279999995546
20,4,10,"(112.5, 212.5, 1.7023465120987893)",0.28518656514685414,0.0,-0.40086209387586125,2.4908973049755225,5738.348400001996
20,4,11,"(112.5, 237.5, 2.1276559796850996)",0.04359216988086632,0.0,-0.6023291695706701,2.4137976912476904,6300.208200002089
20,4,12,"(112.5, 237.5, 2.1276559796850996)",0.2752532176868159,737.1115112304688,-0.200870600949587,2.532795996220501,2250.2559999993537
20,4,13,"(112.5, 262.5, 2.645266895480795)",0.38282917653692655,0.0,-0.4077881306901978,2.4586094059093657,5807.051499999943
20,4,14,"(112.5, 287.5, 3.266470567666104)",0.06416596472266886,0.0,-0.6165943861509771,2.263169643991293,6307.001600001968
20,4,15,"(112.5, 287.5, 3.266470567666104)",0.40068054740149056,737.673828125,-0.20811241666707173,2.3694199764445427,2257.198300001619
20,4,16,"(112.5, 312.5, 3.997603125569143)",0.5574628003881977,0.0,-0.41462376071856355,2.1735882039195817,5774.313699999766
20,4,17,"(112.5, 337.5, 4.834376816244601)",0.08656959732371405,0.0,-0.6194079003117581,1.8187347146966026,6315.996200002701
20,4,18,"(112.5, 337.5, 4.834376816244601)",0.511664860891313,739.1397705078125,-0.20786337096161014,1.958754592199068,2258.7540999993507
20,4,19,"(112.5, 362.5, 5.753213768936505)",0.5995250911340002,0.0,-0.41146432452596715,1.707120885296333,5736.082400002488
20,4,20,"(112.5, 387.5, 6.700045574866817)",0.07445556918778579,0.0,-0.611744215594256,1.318339860807482,6237.847300002613
20,4,21,"(112.5, 387.5, 6.700045574866817)",0.5344500161618885,742.1910400390625,-0.20310429891452955,1.5056157670390082,2251.58250000095
20,4,22,"(112.5, 412.5, 7.580708003809701)",0.7223974700460797,0.0,-0.42302441848435235,1.3565768874177633,5738.32350000157
20,4,23,"(112.5, 437.5, 8.264048786739911)",0.06420547763509792,0.0,-0.6225729225468519,0.9885007010018965,6322.885800000222
20,4,24,"(112.5, 437.5, 8.264048786739911)",0.5006806345507823,745.7157592773438,-0.1980597812264763,1.2002427323350409,2251.0032999998657
20,4,25,"(137.5, 437.5, 10.499382396270086)",0.5350161147865041,0.0,-0.3918263274448551,1.0544539095452514,5461.281299998518
20,4,26,"(162.5, 437.5, 13.254586740016286)",0.06696241100629934,0.0,-0.6000605718408898,0.8853402539213558,6346.873499998765
20,4,27,"(162.5, 437.5, 13.254586740016286)",0.7354186419833236,756.1907958984375,-0.2083249985259088,0.9958527361065619,2230.995099998836
20,4,28,"(162.5, 412.5, 11.634380720059667)",0.8209957827029588,0.0,-0.42112555661622475,0.8129207329821694,5601.052900001378
20,4,29,"(187.5, 412.5, 13.941569591049829)",0.05669321119785419,0.0,-0.6210789282078287,0.48424747915371813,6552.774499999941
20,4,30,"(187.5, 412.5, 13.941569591049829)",0.8753675471534538,754.4735717773438,-0.20210459725429863,1.0774993416611773,2248.377399999299
20,4,31,"(187.5, 437.5, 16.502195647044346)",0.7685084046759086,0.0,-0.4148701820738009,0.7194277760075709,5323.180899998988
20,4,32,"(212.5, 437.5, 19.809611758762614)",0.15644162893295868,0.0,-0.7003481286950444,0.3811853604366708,6932.878999999957
20,4,33,"(212.5, 437.5, 19.809611758762614)",0.9055232132257586,794.494140625,-0.28012628900908265,0.5584840035208576,2263.696900001378
20,4,34,"(237.5, 437.5, 21.459341898515387)",1.2980958708696528,0.0,-0.6026130362236548,0.6820196800711288,5324.569100001099
20,5,0,"(137.5, 362.5, 6.88289330546234)",0.8288953454370852,739.2802734375,-0.2224300682870928,2.1697178914591584,2271.92930000092
20,5,1,"(112.5, 362.5, 5.753213768936505)",0.587119820643008,0.0,-0.420921990500983,1.871559569477005,5606.190600003174
20,5,2,"(112.5, 337.5, 4.834376816244601)",0.053453500072142,0.0,-0.6276620231192993,1.644025823648519,6558.888499999739
20,5,3,"(112.5, 337.5, 4.834376816244601)",0.45600012999315637,739.3175659179688,-0.20017173892282458,1.9112679474080148,2239.5696000021417
20,5,4,"(112.5, 312.5, 3.997603125569143)",0.4506931380917911,0.0,-0.40954470882254435,1.9422281056229989,6097.797700000228
20,5,5,"(112.5, 287.5, 3.266470567666104)",0.04108211894831056,0.0,-0.6113672734082539,1.7805717083107153,6367.609799999627
20,5,6,"(112.5, 287.5, 3.266470567666104)",0.35812279280912007,737.9076538085938,-0.19936435895347757,2.187028966680666,2262.7885000001697
20,5,7,"(112.5, 262.5, 2.645266895480795)",0.3748335858942249,0.0,-0.40419328663808196,2.3015128355899055,6109.039000002667
20,5,8,"(112.5, 237.5, 2.1276559796850996)",0.04046038289866437,0.0,-0.6083833917342122,2.2249634601565846,6394.308099999762
20,5,9,"(112.5, 237.5, 2.1276559796850996)",0.2840257054185957,737.2726440429688,-0.19890104557704422,2.4693648516670086,2259.0033000014955
20,5,10,"(112.5, 212.5, 1.7023465120987893)",0.27723183122325934,0.0,-0.40086209387586125,2.4908973049755225,5708.148900001106
20,5,11,"(137.5, 212.5, 1.8800807210840746)",0.03908965488274459,0.0,-0.599723732487662,2.4271778560439925,6268.496200002119
20,5,12,"(137.5, 212.5, 1.8800807210840746)",0.2456991159579091,737.2093505859375,-0.19853746262711067,2.5419315595319723,2250.4391000002215
20,5,13,"(137.5, 237.5, 2.3703523149193924)",0.3352726444753461,0.0,-0.40376188773375843,2.4933391782332097,5800.432300002285
20,5,14,"(137.5, 262.5, 2.9770964423387296)",0.052353913585380496,0.0,-0.6075163461030905,2.335098062148873,6297.669499999756
20,5,15,"(137.5, 262.5, 2.9770964423387296)",0.3501352337984602,737.47509765625,-0.20425619762844885,2.443900943443885,2266.8650999985402
20,5,16,"(137.5, 287.5, 3.720264207629609)",0.4948298802758092,0.0,-0.4091054221697382,2.2940393240427155,5714.236199997686
20,5,17,"(137.5, 312.5, 4.617102976724376)",0.06812585890294602,0.0,-0.608352119963549,1.965508635995064,6200.547700002062
20,5,18,"(137.5, 312.5, 4.617102976724376)",0.4850378296109373,738.9671020507812,-0.20411897738764162,2.0929138438424757,2235.7159000021056
20,5,19,"(137.5, 337.5, 5.675677129206918)",0.6204837760673085,0.0,-0.4075388797955528,1.870841023683496,5708.351499997661
20,5,20,"(137.5, 362.5, 6.88289330546234)",0.06975258886813794,0.0,-0.6074292940721244,1.5419431354165494,6206.330199998774
20,5,21,"(137.5, 362.5, 6.88289330546234)",0.6181751700570849,741.7702026367188,-0.2025481383812065,1.6846297470446634,2236.5972000006877
20,5,22,"(137.5, 387.5, 8.184609533832969)",0.7162094330465464,0.0,-0.4060796466186641,1.4989729832150842,5701.972900002147
20,5,23,"(112.5, 387.5, 6.700045574866817)",0.04951770106951751,0.0,-0.6107823852783841,1.2430906541998796,7113.046599999507
20,5,24,"(112.5, 387.5, 6.700045574866817)",0.5172721818227534,741.0333251953125,-0.19884738622387776,1.6417510690921375,2229.08710000047
20,5,25,"(112.5, 362.5, 5.753213768936505)",0.5291806415412725,0.0,-0.41216094150860694,1.574749485781693,6101.10480000003
20,5,26,"(112.5, 337.5, 4.834376816244601)",0.048082724213588335,0.0,-0.6086139452145584,1.3089681532555668,6326.769399998739
20,5,27,"(112.5, 337.5, 4.834376816244601)",0.4165043355687688,739.769775390625,-0.1978637031858075,1.7347728679100702,2271.595400001388
20,5,28,"(112.5, 312.5, 3.997603125569143)",0.43935650628700806,0.0,-0.40540025296637294,1.8761416297555045,6094.946599998366
20,5,29,"(112.5, 287.5, 3.266470567666104)",0.04391357799370716,0.0,-0.6094455955328044,1.7634734171836068,6362.434099999518
20,5,30,"(112.5, 287.5, 3.266470567666104)",0.35803602765458786,737.8781127929688,-0.19924412056394794,2.1844944464636065,2252.321399999346
20,5,31,"(112.5, 262.5, 2.645266895480795)",0.3650165993906157,0.0,-0.4041811391269362,2.3014945713028374,6166.377000001376
20,5,32,"(112.5, 237.5, 2.1276559796850996)",0.04098466535409101,0.0,-0.6083857021101591,2.224991186114133,6408.752000003005
20,5,33,"(112.5, 237.5, 2.1276559796850996)",0.280820230461942,737.1959838867188,-0.1989013752977737,2.4693827413026095,2281.5549000006285
20,5,34,"(112.5, 212.5, 1.7023465120987893)",0.277482608992726,0.0,-0.4008624157292838,2.4909018858803456,5771.0071000001335
20,5,35,"(137.5, 212.5, 1.8800807210840746)",0.03823015590509302,0.0,-0.5997238593787263,2.42717878742677,6254.869700002018
20,5,36,"(137.5, 212.5, 1.8800807210840746)",0.24784695689830474,737.1929321289062,-0.19853747573938754,2.5419317932692,2253.7169999995967
20,5,37,"(162.5, 212.5, 2.0359929489759456)",0.30183800485415574,0.0,-0.3997305186460359,2.509627401226922,5703.030799999397
20,5,38,"(187.5, 212.5, 2.1581048160551872)",0.03750538825990135,0.0,-0.5962373365456646,2.4336548867908148,6284.128100000089
20,5,39,"(187.5, 212.5, 2.1581048160551872)",0.26367241624028664,737.2986450195312,-0.19843565152640918,2.522394532808522,2253.332699998282
20,5,40,"(212.5, 212.5, 2.2358312589572185)",0.3168663721707622,0.0,-0.39857175865346456,2.4974079634393966,5751.32510000185
20,5,41,"(237.5, 212.5, 2.261871450534782)",0.04191039005916416,0.0,-0.5964147780287659,2.4316125143449563,6718.444699999964
20,5,42,"(237.5, 212.5, 2.261871450534782)",0.2754059603245848,737.13623046875,-0.19804248762047855,2.521923004728946,2264.849899998808
20,5,43,"(262.5, 212.5, 2.2336800277132602)",0.32931609623823777,0.0,-0.3981977847194604,2.5047771829809826,5785.94250000242
20,5,44,"(287.5, 212.5, 2.154010388857775)",0.04129592577616653,0.0,-0.5963193779105956,2.4347507085965274,6947.800699999789
20,5,45,"(287.5, 212.5, 2.154010388857775)",0.2686981818696457,737.1343383789062,-0.1983146250916906,2.516724378225872,2258.1362000019
20,5,46,"(312.5, 212.5, 2.0303276744152)",0.2865114257376657,0.0,-0.39719697358020845,2.4897217055707004,5845.257799999672
20,5,47,"(337.5, 212.5, 1.8733097780882446)",0.03793962548175072,0.0,-0.5936287936583732,2.429127181244365,6748.350499998196
20,5,48,"(337.5, 212.5, 1.8733097780882446)",0.2283767706686367,737.1315307617188,-0.19811042636560555,2.515884199178966,2252.5558000015735
20,5,49,"(337.5, 237.5, 2.3610390308062064)",0.34265572453949245,0.0,-0.40232106547155383,2.493046885443914,5739.4357999983185
20,5,50,"(337.5, 262.5, 2.964249814698708)",0.0539543628692907,0.0,-0.6066191174361091,2.359456195505087,6233.809100001963
20,5,51,"(337.5, 262.5, 2.964249814698708)",0.34704681903081214,737.4424438476562,-0.2042412275110364,2.466642156747664,2255.204600001889
20,5,52,"(337.5, 287.5, 3.7025046815464644)",0.492141225646739,0.0,-0.40912140283706805,2.331777787379504,5770.102799997403
20,5,53,"(337.5, 312.5, 4.592532186196013)",0.07218678295611941,0.0,-0.6086280959246083,2.0118657076059074,6271.011199998611
20,5,54,"(337.5, 312.5, 4.592532186196013)",0.4943367378865591,738.8465576171875,-0.20417269016608075,2.145349219254898,2254.018800002086
20,5,55,"(337.5, 337.5, 5.641752186721501)",0.6145431619936301,0.0,-0.4079454447416027,1.9445063645949798,5743.534999997792
20,5,56,"(337.5, 362.5, 6.836404624384365)",0.06613254547119364,0.0,-0.6091595630028426,1.637245356804012,6236.462400000164
20,5,57,"(337.5, 362.5, 6.836404624384365)",0.6288323931875014,740.9822998046875,-0.20274694083267444,1.7922251610533237,2238.0252000002656
20,5,58,"(362.5, 362.5, 5.709929773131825)",0.6052455918851233,0.0,-0.4140991160786973,1.779723952485018,5733.109799999511
20,5,59,"(387.5, 362.5, 4.6920389042223976)",0.048029278715446516,0.0,-0.6062044484335253,1.638375903177604,6214.488099998562
20,5,60,"(387.5, 362.5, 4.6920389042223976)",0.4026981422502608,739.5987548828125,-0.1995800446295763,1.9038720429122016,2298.2286000005843
20,5,61,"(387.5, 337.5, 4.012520353342856)",0.4611504867964834,0.0,-0.4128209291092347,1.9236056876107293,6054.246400002739
20,5,62,"(387.5, 312.5, 3.371997408476144)",0.04671575129034607,0.0,-0.6180922735701483,1.7435027675920358,6316.78539999848
20,5,63,"(387.5, 312.5, 3.371997408476144)",0.3699966268525637,738.1159057617188,-0.20094896267145929,2.1439729348415293,2254.1446999966865
20,5,64,"(387.5, 287.5, 2.795360823982221)",0.39816217453428293,0.0,-0.4080352980394605,2.252841021057042,6076.889500000107
20,5,65,"(387.5, 262.5, 2.2927863351327353)",0.043581580122315264,0.0,-0.6147923815014182,2.173213791918722,7100.951100001112
20,5,66,"(387.5, 262.5, 2.2927863351327353)",0.30261075453139297,737.269775390625,-0.19990527489498258,2.456017658652853,2244.7780999973475
20,5,67,"(387.5, 237.5, 1.86489266876442)",0.3324816029837876,0.0,-0.40467911953669994,2.4788407303806905,5675.395400001435
20,5,68,"(387.5, 212.5, 1.5068207512166414)",0.03294866780440807,0.0,-0.6032116385081998,2.4039914928680663,6559.845299998415
20,5,69,"(387.5, 212.5, 1.5068207512166414)",0.20852497167422837,736.9828491210938,-0.19757668430304634,2.551542369906355,2275.1379999972414
20,6,0,"(137.5, 362.5, 6.88289330546234)",0.8251823985585147,739.2610473632812,-0.22243006828709277,2.1697178439728684,2246.117700000468
20,6,1,"(137.5, 387.5, 8.184609533832969)",0.7708885792197844,0.0,-0.42557125123720096,1.7067874589390875,5766.164000000572
20,6,2,"(112.5, 387.5, 6.700045574866817)",0.05869920055069725,0.0,-0.6314677614205997,1.4536999705725562,6794.496699996671
20,6,3,"(112.5, 387.5, 6.700045574866817)",0.5275882797993598,740.9644775390625,-0.19927853049828476,1.7028496394577426,2251.3381999997364
20,6,4,"(112.5, 362.5, 5.753213768936505)",0.5351678262738893,0.0,-0.41344180720115165,1.5936125143625628,6030.174400002579
20,6,5,"(112.5, 337.5, 4.834376816244601)",0.045102491974824965,0.0,-0.6088897423147719,1.3116521429261243,6359.164900000906
20,6,6,"(112.5, 337.5, 4.834376816244601)",0.4217725353506289,739.6443481445312,-0.19789371278788784,1.7361509731342295,2251.3953000016045
20,6,7,"(137.5, 337.5, 5.675677129206918)",0.5799114701581507,0.0,-0.40728435950339265,1.930377467081964,5790.3388000013365
20,6,8,"(162.5, 337.5, 6.503826249283008)",0.059425587455432374,0.0,-0.6105262942030191,1.7821085714545148,6292.12650000045
20,6,9,"(162.5, 337.5, 6.503826249283008)",0.5832787368010905,740.5115356445312,-0.20035343738785624,1.9355198041522705,2254.4395000004442
20,6,10,"(187.5, 337.5, 7.2238068944948735)",0.7242924268496074,0.0,-0.4112284216419592,1.8529093697672867,5750.577200000407
20,6,11,"(212.5, 337.5, 7.7206787211523045)",0.08785605430602855,0.0,-0.6261931155381789,1.6350124608210344,6368.195400002151
20,6,12,"(212.5, 337.5, 7.7206787211523045)",0.7480520890359544,741.4251708984375,-0.21098934742048403,1.8608110420919033,2288.5373999997682
20,6,13,"(212.5, 362.5, 9.863883753989105)",0.7984400799120006,0.0,-0.42209423033781823,1.465345179870493,5715.059399997699
20,6,14,"(212.5, 387.5, 12.56601886791643)",0.05415218571822417,0.0,-0.6107507519187841,1.0076265818619994,6336.038999997982
20,6,15,"(212.5, 387.5, 12.56601886791643)",0.7823938931752146,757.2178955078125,-0.20196670750185317,1.1288957746899804,2255.3750000006403
20,6,16,"(237.5, 387.5, 13.016039592385813)",0.9839854322255068,0.0,-0.43594963651372864,1.081597139325455,5943.250799999078
20,6,17,"(237.5, 412.5, 16.71281874556001)",0.0313894301652875,0.0,-0.6282129891308476,0.519850741009408,6327.03649999894
20,6,18,"(237.5, 412.5, 16.71281874556001)",0.7481858144431675,773.2977294921875,-0.19906536271238695,0.738703603068885,2229.8016999993706
20,6,19,"(262.5, 412.5, 15.847883528411389)",1.1262104531058443,0.0,-0.4576900973525643,0.6654601796009525,5684.6683000003395
20,6,20,"(262.5, 437.5, 19.691492564685472)",0.06960846483711684,0.0,-0.7802713879042333,0.45708690741292957,7733.042200001364
20,6,21,"(262.5, 437.5, 19.691492564685472)",0.9610763191972909,800.3272705078125,-0.2851883613955321,0.6942398524068124,2259.618500000215
20,6,22,"(237.5, 437.5, 21.459341898515387)",1.3566697778307706,0.0,-0.57546382324355,0.6160811826539481,5443.8372000004165
20,7,0,"(137.5, 362.5, 6.88289330546234)",0.8188260450542765,739.2284545898438,-0.2224300682870928,2.16971789472176,2281.2278000019433
20,7,1,"(112.5, 362.5, 5.753213768936505)",0.589961108606345,0.0,-0.420921990500983,1.8715595694770046,5596.795599998586
20,7,2,"(112.5, 337.5, 4.834376816244601)",0.053802783290536754,0.0,-0.6276620231192993,1.6440258236485188,6603.0734999985725
20,7,3,"(112.5, 337.5, 4.834376816244601)",0.4501820194583903,739.4252319335938,-0.20017173892282453,1.9112679305998685,2260.514499997953
20,7,4,"(112.5, 312.5, 3.997603125569143)",0.4525881127737593,0.0,-0.40954470882254446,1.942228105622999,6096.487799997703
20,7,5,"(112.5, 287.5, 3.266470567666104)",0.04319156706334339,0.0,-0.6113672734082539,1.7805717083107155,6342.105499999889
20,7,6,"(112.5, 287.5, 3.266470567666104)",0.36187037736400385,737.8761596679688,-0.19936435895347757,2.1870289597535244,2266.9175999981235
20,7,7,"(112.5, 262.5, 2.645266895480795)",0.3654034808054965,0.0,-0.40419328663808207,2.301512835589906,6083.87749999747
20,7,8,"(112.5, 237.5, 2.1276559796850996)",0.036806936065373275,0.0,-0.6083833917342123,2.224963460156586,6381.92859999981
20,7,9,"(112.5, 237.5, 2.1276559796850996)",0.2837358188193595,737.18701171875,-0.19890104557704424,2.469364871734159,2264.0104000020074
20,7,10,"(112.5, 212.5, 1.7023465120987893)",0.2697765748020035,0.0,-0.4008620938758612,2.490897304975522,5735.035199999402
20,7,11,"(137.5, 212.5, 1.8800807210840746)",0.037898754080145286,0.0,-0.5997237324876618,2.4271778560439925,6294.974899999943
20,7,12,"(137.5, 212.5, 1.8800807210840746)",0.24367426561613414,737.1874389648438,-0.1985374626271106,2.5419315276026397,2242.2036999996635
20,7,13,"(162.5, 212.5, 2.0359929489759456)",0.302515910388817,0.0,-0.39973050768831647,2.5096274290483436,5726.703399999678
20,7,14,"(187.5, 212.5, 2.1581048160551872)",0.04257480303444417,0.0,-0.5962373420410219,2.4336550017974865,6256.841700000223
20,7,15,"(187.5, 212.5, 2.1581048160551872)",0.2630109665249234,737.2320556640625,-0.19843564811306763,2.522394587430785,2224.724100000458
20,7,16,"(212.5, 212.5, 2.2358312589572185)",0.308189469152553,0.0,-0.3985717565646492,2.4974079614131512,5794.703499999741
20,7,17,"(237.5, 212.5, 2.261871450534782)",0.03621051708862132,0.0,-0.5964147889359328,2.4316125147561136,6592.155199999979
20,7,18,"(237.5, 212.5, 2.261871450534782)",0.2736106995169344,737.1431884765625,-0.1980424873306526,2.521922989033899,2248.130299998593
20,7,19,"(262.5, 212.5, 2.2336800277132602)",0.3217401415951275,0.0,-0.39819778443309745,2.5047771786608943,5754.28169999941
20,7,20,"(287.5, 212.5, 2.154010388857775)",0.04720250765479849,0.0,-0.5963193773250122,2.4347507068481566,6893.7216000012995
20,7,21,"(287.5, 212.5, 2.154010388857775)",0.2681731933859539,737.1411743164062,-0.19831462509169062,2.5167244001577136,2254.2914999976347
20,7,22,"(312.5, 212.5, 2.0303276744152)",0.2934270815802708,0.0,-0.3971969735802085,2.4897217055707004,5706.262199997582
20,7,23,"(312.5, 237.5, 2.5784026504198194)",0.045934180418637074,0.0,-0.5996134301519519,2.4259143622860817,6335.904499999742
20,7,24,"(312.5, 237.5, 2.5784026504198194)",0.2955321158491421,737.2301025390625,-0.2013913387557607,2.523086138669288,2266.2545000021055
20,7,25,"(312.5, 262.5, 3.266470567666104)",0.42840961973249664,0.0,-0.4081429813503251,2.4624844228338096,5716.274500002328
20,7,26,"(312.5, 287.5, 4.124508633098295)",0.06097316741944685,0.0,-0.6116493647304632,2.206486936082845,6231.092600002739
20,7,27,"(312.5, 287.5, 4.124508633098295)",0.4504135418713787,738.2285766601562,-0.20459793712010949,2.321084969572564,2256.8912000024284
20,7,28,"(312.5, 312.5, 5.183930710700896)",0.5424528720086017,0.0,-0.4067678130372819,2.1217085194603578,5675.989199997275
20,7,29,"(312.5, 337.5, 6.4720487778634865)",0.060501173138614216,0.0,-0.6074194196253544,1.7898681026565517,6180.591899999854
20,7,30,"(312.5, 337.5, 6.4720487778634865)",0.5661620461734538,740.7841796875,-0.20251884628043837,1.9245578844039535,2257.4070999980904
20,7,31,"(312.5, 362.5, 7.999359988870806)",0.7129561504653447,0.0,-0.40712965452842714,1.6835370891627621,5694.51680000202
20,7,32,"(312.5, 387.5, 9.73254467824523)",0.08723689119019332,0.0,-0.6164144993707593,1.3911584575212173,6305.091299997002
20,7,33,"(312.5, 387.5, 9.73254467824523)",0.789515255655736,747.0657958984375,-0.20791048733602224,1.4699897345027637,2287.004599998909
20,7,34,"(337.5, 387.5, 8.122025837780313)",0.6432293010842597,0.0,-0.4121744208287116,1.3526005004904977,5322.633899999346
20,7,35,"(337.5, 412.5, 9.377700043801939)",0.09718884030976147,0.0,-0.6334691114343053,1.0963869581685692,6398.5586000017065
20,7,36,"(337.5, 412.5, 9.377700043801939)",0.8228643689464005,742.8257446289062,-0.22007106453581046,1.474579068935985,2267.6223999987997
20,7,37,"(312.5, 412.5, 11.543004562335339)",0.7931377278401123,0.0,-0.4340630897668627,1.1756230422559408,5083.797100000083
20,7,38,"(312.5, 437.5, 13.134116007120344)",0.08008235196273525,0.0,-0.6465442148871348,0.6346180542350383,6909.647899999982
20,7,39,"(312.5, 437.5, 13.134116007120344)",0.741691499386073,754.802978515625,-0.21009165176318953,0.861058074385631,2240.933299999597
20,7,40,"(287.5, 437.5, 16.365669713099226)",0.8965749979780702,0.0,-0.43728705197464374,0.7409179395145745,5325.84499999939
20,7,41,"(287.5, 462.5, 17.977012825427398)",0.026337265968321522,0.0,-0.6205880610527539,0.25369789923672215,6272.665600001346
20,7,42,"(287.5, 462.5, 17.977012825427398)",0.571881727856436,786.9927368164062,-0.1951363898623274,0.5146365643780906,2238.0125999989104
20,8,0,"(137.5, 362.5, 6.88289330546234)",0.830059546843365,739.3154907226562,-0.22243006828709277,2.1697178877652195,2237.135400002444
20,8,1,"(112.5, 362.5, 5.753213768936505)",0.5932174263726322,0.0,-0.420921990500983,1.8715595694770049,5584.57830000043
20,8,2,"(112.5, 337.5, 4.834376816244601)",0.04941476881504285,0.0,-0.6276620231192992,1.6440258236485188,6641.464500000438
20,8,3,"(112.5, 337.5, 4.834376816244601)",0.45476702500005783,739.2813720703125,-0.20017173892282453,1.9112679571019824,2254.8712999996496
20,8,4,"(112.5, 312.5, 3.997603125569143)",0.45319769469648763,0.0,-0.40954470882254446,1.942228105622999,6135.72700000077
20,8,5,"(112.5, 287.5, 3.266470567666104)",0.04412354528903742,0.0,-0.6113672734082539,1.7805717083107155,6343.4124999985215
20,8,6,"(112.5, 287.5, 3.266470567666104)",0.3554972550904815,737.7996826171875,-0.19936435895347757,2.1870289918759687,2278.0019999991055
20,8,7,"(112.5, 262.5, 2.645266895480795)",0.3683155860264403,0.0,-0.40419328663808207,2.301512835589906,6116.440500001772
20,8,8,"(112.5, 237.5, 2.1276559796850996)",0.040829216440503364,0.0,-0.6083833917342122,2.224963460156585,6386.790399999882
20,8,9,"(112.5, 237.5, 2.1276559796850996)",0.2863926225808704,737.190673828125,-0.19890104557704424,2.4693648603612015,2259.8867999986396
20,8,10,"(112.5, 212.5, 1.7023465120987893)",0.27517982855170947,0.0,-0.4008620938758612,2.490897304975522,5708.280099999683
20,8,11,"(137.5, 212.5, 1.8800807210840746)",0.03634323179723765,0.0,-0.5997237324876618,2.4271778560439916,6233.342600000469
20,8,12,"(137.5, 212.5, 1.8800807210840746)",0.24383025309950335,737.1814575195312,-0.19853746262711064,2.5419315227067676,2219.3460000016785
20,8,13,"(162.5, 212.5, 2.0359929489759456)",0.3092659104328925,0.0,-0.39973050768831636,2.509627429048343,5684.578299998975
20,8,14,"(187.5, 212.5, 2.1581048160551872)",0.037562926610329124,0.0,-0.5962373420410219,2.4336550017974865,6192.015500000707
20,8,15,"(187.5, 212.5, 2.1581048160551872)",0.2593761322078131,737.279296875,-0.19843564811306763,2.5223945885153305,2229.265400001168
20,8,16,"(212.5, 212.5, 2.2358312589572185)",0.314157452307117,0.0,-0.39857175656464927,2.497407961413151,5647.0875999984855
20,8,17,"(237.5, 212.5, 2.261871450534782)",0.04333525896072097,0.0,-0.5964147889359328,2.431612514756113,6628.374000003532
20,8,18,"(237.5, 212.5, 2.261871450534782)",0.2778103299351575,737.1334228515625,-0.1980424873306526,2.5219230307024794,2240.0541999995767
20,8,19,"(262.5, 212.5, 2.2336800277132602)",0.3269564407794595,0.0,-0.39819778443309745,2.5047771786608943,5720.592300000135
20,8,20,"(287.5, 212.5, 2.154010388857775)",0.04324785868326901,0.0,-0.5963193773250122,2.434750706848156,6843.970199999603
20,8,21,"(287.5, 212.5, 2.154010388857775)",0.27127742238669794,737.1156005859375,-0.1983146250916906,2.5167243458223765,2206.057499999588
20,8,22,"(312.5, 212.5, 2.0303276744152)",0.2936381952673698,0.0,-0.39719697358020856,2.4897217055707004,5726.2272000007215
20,8,23,"(312.5, 237.5, 2.5784026504198194)",0.04187017679215208,0.0,-0.5996134301519517,2.4259143622860813,6327.939099999639
20,8,24,"(312.5, 237.5, 2.5784026504198194)",0.2983269319949048,737.225830078125,-0.20139133875576076,2.5230861395880786,2220.2853999988292
20,8,25,"(312.5, 262.5, 3.266470567666104)",0.42755484432370566,0.0,-0.4081429813503251,2.46248442283381,5723.016200001439
20,8,26,"(312.5, 287.5, 4.124508633098295)",0.06573478380839655,0.0,-0.6116493647304633,2.206486936082845,6247.609999998531
20,8,27,"(312.5, 287.5, 4.124508633098295)",0.4518407437988944,738.2172241210938,-0.2045979371201095,2.321084997654532,2242.7542000004905
20,8,28,"(312.5, 312.5, 5.183930710700896)",0.5601287387831126,0.0,-0.40676781303728193,2.1217085194603578,5729.783200000384
20,8,29,"(312.5, 337.5, 6.4720487778634865)",0.05839760601522756,0.0,-0.6074194196253544,1.789868102656552,6317.499499997211
20,8,30,"(312.5, 337.5, 6.4720487778634865)",0.574350397333045,740.8256225585938,-0.20251884628043837,1.9245578828828336,2242.803400000412
20,8,31,"(287.5, 337.5, 7.198514700667702)",0.7000548091119007,0.0,-0.416568776649374,1.8625358306644106,5697.662599999603
20,8,32,"(262.5, 337.5, 7.706480720276972)",0.08993697166441686,0.0,-0.627960226126181,1.64727126609625,6224.945599999046
20,8,33,"(262.5, 337.5, 7.706480720276972)",0.7548682523046304,741.598388671875,-0.21115029001253577,1.8664421729501526,2232.047400000738
20,8,34,"(262.5, 312.5, 6.024387455566984)",0.573588097162927,0.0,-0.4172421151636281,1.78508844775288,5381.127699998615
20,8,35,"(237.5, 312.5, 6.148385304590252)",0.07500114043552983,0.0,-0.6258167329407149,1.644392866973676,6358.924899999693
20,8,36,"(237.5, 312.5, 6.148385304590252)",0.5976290296689049,739.4467163085938,-0.20457230082178088,2.0374034789309814,2239.9342999997316
20,8,37,"(212.5, 312.5, 6.0337808765239185)",0.6622054652080901,0.0,-0.41329268806605085,2.0479148301613734,5723.8530999966315
20,8,38,"(187.5, 312.5, 5.701335627950545)",0.0895572503407525,0.0,-0.6265031052731368,1.8900201387520126,7344.9701000026835
20,8,39,"(187.5, 312.5, 5.701335627950545)",0.6151115181927752,738.7681884765625,-0.20873927126226943,2.1336592344789795,2279.157299999497
20,8,40,"(187.5, 337.5, 7.2238068944948735)",0.6812490187274824,0.0,-0.41681385416521805,1.8743885570700858,5721.762299999682
20,8,41,"(187.5, 362.5, 9.103110310900643)",0.05747413635254662,0.0,-0.6146105639921009,1.4361533044005474,6320.476599998074
20,8,42,"(187.5, 362.5, 9.103110310900643)",0.6956443113521191,745.01611328125,-0.20981062146983015,1.591471360893761,2259.974199998396
20,8,43,"(162.5, 362.5, 8.044975170611863)",0.7152607571082783,0.0,-0.4218400998931011,1.5844854250801192,5711.771700000099
20,8,44,"(162.5, 387.5, 9.797797492156253)",0.07521169384323578,0.0,-0.6362531968923892,1.2662261586700199,6400.642100001278
20,8,45,"(162.5, 387.5, 9.797797492156253)",0.8119151339152151,746.2955322265625,-0.2074848349129453,1.511227947628872,2222.176400002354
20,8,46,"(162.5, 412.5, 11.634380720059667)",0.8865591036759352,0.0,-0.4122532116271411,1.2224366937549418,5581.653100001859
20,8,47,"(187.5, 412.5, 13.941569591049829)",0.03492153932651317,0.0,-0.6077810011416097,0.8165129577424318,6624.4656999988365
20,8,48,"(187.5, 412.5, 13.941569591049829)",0.7743841097510155,752.8150024414062,-0.19547408968505303,1.0501918943785264,2226.2861999988672
20,8,49,"(187.5, 437.5, 16.502195647044346)",0.7634238832197844,0.0,-0.4130076931449276,0.7734760228302598,5318.960999997216
20,8,50,"(212.5, 437.5, 19.809611758762614)",0.1611298123995483,0.0,-0.7002311348894346,0.3847280279337771,6947.138799998356
20,8,51,"(212.5, 437.5, 19.809611758762614)",0.9099356877617871,794.371826171875,-0.28025525308926935,0.5585934253960803,2214.502700000594
20,8,52,"(237.5, 437.5, 21.459341898515387)",1.3347229620561492,0.0,-0.6024784258508618,0.68195061675201,5316.991499999858
20,9,0,"(137.5, 362.5, 6.88289330546234)",0.8256216148400923,739.2144775390625,-0.22243006828709275,2.169717834237232,2218.041899999662
20,9,1,"(112.5, 362.5, 5.753213768936505)",0.5936029443320724,0.0,-0.42092199050098306,1.8715595694770046,5582.341900000756
20,9,2,"(112.5, 337.5, 4.834376816244601)",0.0560153871774606,0.0,-0.6276620231192992,1.6440258236485188,6561.424200001056
20,9,3,"(112.5, 337.5, 4.834376816244601)",0.4513984855114759,739.3976440429688,-0.20017173892282453,1.9112679318257704,2294.227399997908
20,9,4,"(112.5, 312.5, 3.997603125569143)",0.44811929432018205,0.0,-0.4095447088225444,1.9422281056229986,6069.458400001167
20,9,5,"(112.5, 287.5, 3.266470567666104)",0.04799538354076002,0.0,-0.611367273408254,1.780571708310716,6316.892700000608
20,9,6,"(112.5, 287.5, 3.266470567666104)",0.3560645950324929,737.9885864257812,-0.19936435895347757,2.1870290138416744,2239.4612999996752
20,9,7,"(112.5, 262.5, 2.645266895480795)",0.36986005835093905,0.0,-0.40419328663808207,2.301512835589906,6029.381399999693
20,9,8,"(112.5, 237.5, 2.1276559796850996)",0.04205286006132783,0.0,-0.6083833917342121,2.2249634601565855,6342.594300000201
20,9,9,"(112.5, 237.5, 2.1276559796850996)",0.2867043443858735,737.1696166992188,-0.1989010455770442,2.4693648531297625,2226.3463999988744
20,9,10,"(112.5, 212.5, 1.7023465120987893)",0.28086315127247957,0.0,-0.4008620938758612,2.490897304975522,5696.957799998927
20,9,11,"(137.5, 212.5, 1.8800807210840746)",0.03722538053990194,0.0,-0.5997237324876619,2.4271778560439925,6205.825400000322
20,9,12,"(137.5, 212.5, 1.8800807210840746)",0.24859237910860588,737.2012329101562,-0.1985374626271107,2.54193152486979,2258.9259999986098
20,9,13,"(137.5, 237.5, 2.3703523149193924)",0.3453036476421323,0.0,-0.40376188773375843,2.4933391782332093,5711.489900000743
20,9,14,"(137.5, 262.5, 2.9770964423387296)",0.06203346947827072,0.0,-0.6075163461030905,2.3350980621488726,6230.769699999655
20,9,15,"(137.5, 262.5, 2.9770964423387296)",0.3521666976146051,737.5394287109375,-0.20425619762844882,2.443900934959296,2274.3597000007867
20,9,16,"(137.5, 287.5, 3.720264207629609)",0.5096982825180144,0.0,-0.4091054221697382,2.2940393240427155,5719.054099998175
20,9,17,"(137.5, 312.5, 4.617102976724376)",0.072758490840582,0.0,-0.6083521199635493,1.9655086359950642,6232.149200001004
20,9,18,"(137.5, 312.5, 4.617102976724376)",0.49004090356122787,738.9781494140625,-0.20411897738764162,2.0929138716651026,2244.991999999911
20,9,19,"(137.5, 337.5, 5.675677129206918)",0.623511692691661,0.0,-0.4075388797955528,1.8708410236834958,5721.001699999761
20,9,20,"(137.5, 362.5, 6.88289330546234)",0.0717340856790543,0.0,-0.6074292940721244,1.5419431354165494,6272.108499997557
20,9,21,"(137.5, 362.5, 6.88289330546234)",0.6242842772830793,741.7030029296875,-0.2025481383812065,1.6846297458600776,2265.258300001733
20,9,22,"(137.5, 387.5, 8.184609533832969)",0.7110479310941088,0.0,-0.406079646618664,1.4989729832150842,5738.836199998332
20,9,23,"(112.5, 387.5, 6.700045574866817)",0.04757363597552709,0.0,-0.6107823852783841,1.2430906541998796,7186.283899998671
20,9,24,"(112.5, 387.5, 6.700045574866817)",0.5183092305446768,741.182861328125,-0.19884738622387776,1.6417510660252408,2252.8495000005933
20,9,25,"(112.5, 362.5, 5.753213768936505)",0.5153815467915339,0.0,-0.412160941508607,1.5747494857816935,6027.920799999265
20,9,26,"(112.5, 337.5, 4.834376816244601)",0.047661120692863865,0.0,-0.6086139452145585,1.3089681532555666,6301.970100001199
20,9,27,"(112.5, 337.5, 4.834376816244601)",0.4246143338256352,739.7402954101562,-0.19786370318580757,1.7347728869068615,2238.35870000039
20,9,28,"(112.5, 312.5, 3.997603125569143)",0.4259794143518306,0.0,-0.40540025296637305,1.876141629755505,6070.334000000003
20,9,29,"(112.5, 287.5, 3.266470567666104)",0.043216521541277024,0.0,-0.6094455955328044,1.763473417183607,6307.096000000456
20,9,30,"(112.5, 287.5, 3.266470567666104)",0.35738490768989123,737.8816528320312,-0.1992441205639479,2.1844944332035476,2224.692600000708
20,9,31,"(112.5, 262.5, 2.645266895480795)",0.3685862997251419,0.0,-0.4041811391269361,2.301494571302837,6057.440000000497
20,9,32,"(112.5, 237.5, 2.1276559796850996)",0.03603779772920074,0.0,-0.6083857021101592,2.224991186114133,6316.608299999643
20,9,33,"(112.5, 237.5, 2.1276559796850996)",0.28617727590494174,737.1761474609375,-0.19890137529777374,2.469382712302259,2192.9044000025897
20,9,34,"(112.5, 212.5, 1.7023465120987893)",0.2797628966971875,0.0,-0.4008624157292838,2.4909018858803464,5683.317700000771
20,9,35,"(137.5, 212.5, 1.8800807210840746)",0.039175485571224106,0.0,-0.5997238593787263,2.4271787874267696,6201.466399998026
20,9,36,"(137.5, 212.5, 1.8800807210840746)",0.24488560640659993,737.1874389648438,-0.19853747573938751,2.5419317812199327,2234.2246000007435
20,9,37,"(162.5, 212.5, 2.0359929489759456)",0.3098987676271271,0.0,-0.3997305186460359,2.509627401226922,5709.510000000591
20,9,38,"(162.5, 237.5, 2.5862997483722747)",0.0455022404591151,0.0,-0.6002114654478138,2.4149571528306697,6258.275300002424
20,9,39,"(162.5, 237.5, 2.5862997483722747)",0.2974094948282404,737.3284301757812,-0.20114268952223618,2.5095270343529994,2233.275600003253
20,9,40,"(162.5, 262.5, 3.2775456166337156)",0.42197098989943527,0.0,-0.40810251218642446,2.426926388337374,5688.943199998903
20,9,41,"(162.5, 287.5, 4.140142738102741)",0.06092412769797064,0.0,-0.6116742218021157,2.16120546357947,6257.186200000433
20,9,42,"(162.5, 287.5, 4.140142738102741)",0.44630407708093756,738.5512084960938,-0.20473870032183528,2.2661936486823473,2230.5240999994567
20,9,43,"(162.5, 312.5, 5.206150757863988)",0.5606644714776592,0.0,-0.40673739971643363,2.0471806732242035,5699.057800000446
20,9,44,"(162.5, 337.5, 6.503826249283008)",0.05636572341125399,0.0,-0.6025867316439685,1.717926329109233,6247.102000001178
20,9,45,"(162.5, 337.5, 6.503826249283008)",0.5586710245293859,741.019287109375,-0.2007801042433144,1.879930093135151,2255.2013999993505
20,9,46,"(162.5, 362.5, 8.044975170611863)",0.6992548761753357,0.0,-0.4062566414141273,1.6738306177314282,5690.154200001416
20,9,47,"(162.5, 387.5, 9.797797492156253)",0.07651266455651412,0.0,-0.6139295076015016,1.378894689060157,6326.187899998331
20,9,48,"(162.5, 387.5, 9.797797492156253)",0.7875715489784335,747.6911010742188,-0.20610662504360938,1.456394679983198,2268.4227999998257
20,9,49,"(187.5, 387.5, 11.364582883745452)",0.8469981866248792,0.0,-0.4259829649398954,1.3084251161406575,5585.52260000215
20,9,50,"(187.5, 412.5, 13.941569591049829)",0.03593306988478118,0.0,-0.6132878962823364,0.8598185045105676,6396.014800000557
20,9,51,"(187.5, 412.5, 13.941569591049829)",0.7529168232531723,753.8355712890625,-0.1949676497244462,1.0353581253749158,2277.919299998757
20,9,52,"(212.5, 412.5, 15.910281935579775)",1.227710123792044,0.0,-0.47594859049805044,0.9618685418147044,5769.657900000311
20,9,53,"(237.5, 412.5, 16.71281874556001)",0.03311685224373916,0.0,-0.7249842862833208,0.6994700720606253,7547.731200000271
20,9,54,"(237.5, 412.5, 16.71281874556001)",0.9081520848904053,767.7605590820312,-0.20608997421718397,0.8578085343582048,2255.550399997446
20,9,55,"(237.5, 437.5, 21.459341898515387)",0.5079621426244273,0.0,-0.392794803322907,0.3713785987859372,4218.855499999336
20,9,56,"(262.5, 437.5, 19.691492564685472)",0.19195566574733486,0.0,-0.7630013564825475,0.2570009883868537,7015.158599999268
20,9,57,"(262.5, 437.5, 19.691492564685472)",0.6436869966427975,798.699462890625,-0.287783222103539,0.3924747451060192,2242.6167000012356
20,0,0,"(487.5, 487.5, 2.4370033062802148)",0.5174095996681806,362.4827575683594,-0.24257504846132907,2.7317590049187537,2229.9755999993067
20,0,1,"(462.5, 487.5, 3.127296379115885)",0.4799302853775362,0.0,-0.4179122820342149,2.2133598819020004,5442.303299998457
20,0,2,"(437.5, 487.5, 4.012520353342856)",0.053429280718230714,0.0,-0.6168394478440852,1.9613199308121516,6267.806300002121
20,0,3,"(437.5, 487.5, 4.012520353342856)",0.3968401894550024,549.370361328125,-0.20472677691191377,1.9977027668616398,2227.7183000005607
20,0,4,"(412.5, 487.5, 5.147226552974528)",0.46819644906457764,0.0,-0.4091753265666719,1.7708678732296308,5740.6364999988
20,0,5,"(387.5, 487.5, 6.600725374454914)",0.0629827131827449,0.0,-0.6083144401285847,1.4519390498905667,6441.9519000002765
20,0,6,"(387.5, 487.5, 6.600725374454914)",0.44308347903272133,553.7688598632812,-0.20252428396167368,1.5598535263430633,2231.6202000001795
20,0,7,"(362.5, 487.5, 8.460406646791682)",0.46737432222982567,0.0,-0.399488279903704,1.2680091723624178,5688.039600001503
20,0,8,"(337.5, 487.5, 10.834577821017316)",0.03519167254371452,0.0,-0.5887662296822155,0.8718070184107078,6308.0210000007355
20,0,9,"(337.5, 487.5, 10.834577821017316)",0.4724828955369701,562.9462280273438,-0.1975226825107401,1.007857791613355,2217.1299000001454
20,0,10,"(312.5, 487.5, 13.851283065501828)",0.48550447166445276,0.0,-0.39296816463833817,0.7047319207440587,5366.160699999455
20,0,11,"(287.5, 487.5, 17.635701174636083)",0.039297878742217775,0.0,-0.5834376729816956,0.4558142293889141,6211.131199997908
20,0,12,"(287.5, 487.5, 17.635701174636083)",0.6496032230470679,582.6854858398438,-0.19960256795356748,0.5701999477321703,2227.7334999998857
20,0,13,"(262.5, 487.5, 22.1418731987782)",0.9077177230357106,0.0,-0.4522030566901297,0.3467788853735029,4488.530900001933
20,1,0,"(487.5, 487.5, 2.4370033062802148)",0.5186951574294827,362.4627380371094,-0.24257504846132913,2.731758945838413,2233.871399999771
20,1,1,"(487.5, 462.5, 2.446737931289699)",0.4794731585346622,0.0,-0.42531867845183,2.375229532022051,5447.4163000013505
20,1,2,"(487.5, 437.5, 2.3962294749129978)",0.05855098863441884,0.0,-0.6258613188429415,2.2189007082289427,6216.770300001372
20,1,3,"(487.5, 437.5, 2.3962294749129978)",0.35685799610244295,548.3829956054688,-0.20295068443797845,2.4084927270762897,2266.189599999052
20,1,4,"(487.5, 412.5, 2.290558742230985)",0.41409446055894394,0.0,-0.4105319376348846,2.3509294768219386,5684.743800000433
20,1,5,"(487.5, 387.5, 2.139763984685619)",0.053226863344467676,0.0,-0.6113231041162757,2.2256040803034907,6405.6700000001
20,1,6,"(487.5, 387.5, 2.139763984685619)",0.3166096483371788,549.71044921875,-0.20147143025399464,2.4792922629939014,2245.2658000001975
20,1,7,"(462.5, 387.5, 2.7089644303699463)",0.4096614127405148,0.0,-0.4078756678537633,2.3513914473967703,5546.963199998572
20,1,8,"(437.5, 387.5, 3.41874755045311)",0.059076021114997344,0.0,-0.6057216789527157,2.124364209272874,6248.171399998682
20,1,9,"(437.5, 387.5, 3.41874755045311)",0.3773255864643332,736.5042724609375,-0.2037715544606767,2.2221655242576825,2239.862300000823
20,1,10,"(412.5, 387.5, 4.295992126710907)",0.44945239686757893,0.0,-0.4079214982035216,2.0300522048876286,5730.346899999859
20,1,11,"(387.5, 387.5, 5.365977503075057)",0.0646451612313388,0.0,-0.6083521493074232,1.8083765496551123,6282.509300002857
20,1,12,"(387.5, 387.5, 5.365977503075057)",0.4594987932390314,739.9215087890625,-0.20366976293316713,1.8951959877702187,2249.6236999977555
20,1,13,"(362.5, 387.5, 6.644563227708976)",0.5561620635042798,0.0,-0.40594493860706915,1.7088049231883637,5781.193300001178
20,1,14,"(337.5, 387.5, 8.122025837780313)",0.06482109924155884,0.0,-0.6026472848836726,1.4416394795589513,6362.1676999973715
20,1,15,"(337.5, 387.5, 8.122025837780313)",0.5983809490056953,744.942138671875,-0.2006746842227297,1.5713137481793233,2256.285099996603
20,1,16,"(337.5, 362.5, 6.836404624384365)",0.6736253643711743,0.0,-0.4193566318048656,1.5916307509043575,5832.603700000618
20,1,17,"(312.5, 362.5, 7.999359988870806)",0.07018772761025731,0.0,-0.622578384207166,1.373917735531221,6666.620300002251
20,1,18,"(312.5, 362.5, 7.999359988870806)",0.7100932870928822,742.3848876953125,-0.20248610946016163,1.7713005465429998,2254.374200001621
20,1,19,"(287.5, 362.5, 9.065091200270214)",0.8287436906836395,0.0,-0.41711713394541355,1.637033603399767,5738.903200002824
20,1,20,"(262.5, 362.5, 9.841761282285685)",0.0909605820973635,0.0,-0.6359175876911699,1.3909987271739555,6947.745599998598
20,1,21,"(262.5, 362.5, 9.841761282285685)",0.8486045004055136,745.9638061523438,-0.20858284829424947,1.5453186548085198,2262.4585999983537
20,1,22,"(262.5, 387.5, 12.530028997518446)",0.792768403015029,0.0,-0.41036480302112455,1.0818880871547225,5436.835000000428
20,1,23,"(262.5, 412.5, 15.847883528411389)",0.10516632596652131,0.0,-0.6526599696889114,0.7349150991466107,6401.6812999980175
20,1,24,"(262.5, 412.5, 15.847883528411389)",1.0266701516073211,758.9487915039062,-0.25221730485043586,0.9384179194515014,2227.015200001915
20,1,25,"(287.5, 412.5, 13.851283065501828)",0.8426874049746859,0.0,-0.4844228346823388,0.963356767001036,5258.653400000185
20,1,26,"(287.5, 437.5, 16.365669713099226)",0.04503998657066016,0.0,-0.7258362882053483,0.5756469147024483,6972.248100002616
20,1,27,"(287.5, 437.5, 16.365669713099226)",0.8066913667283478,768.1422729492188,-0.22023216401475298,0.75393771764366,2222.7558999984467
20,1,28,"(262.5, 437.5, 19.691492564685472)",1.2171754281947527,0.0,-0.5109176807951349,0.6015783937312386,5715.090199999395
20,1,29,"(262.5, 412.5, 15.847883528411389)",0.1369565029939021,0.0,-0.7942401498264812,0.38809385538722874,7957.292499999312
20,1,30,"(262.5, 412.5, 15.847883528411389)",0.8792624401027199,773.8639526367188,-0.2801748849442554,0.7176859417682885,2253.853900001559
20,1,31,"(237.5, 412.5, 16.71281874556001)",0.9073544256848858,0.0,-0.46733827341302636,0.6882096670024058,5250.95749999673
20,1,32,"(237.5, 437.5, 21.459341898515387)",0.012203847368555523,0.0,-0.640623583287601,0.163963963284129,6533.300200000667
20,1,33,"(237.5, 437.5, 21.459341898515387)",0.5874827396911535,806.0342407226562,-0.19458100496431469,0.38858377651444753,2276.353500001278
20,1,34,"(212.5, 437.5, 19.809611758762614)",0.8651265426691869,0.0,-0.5235192188427077,0.5139097159491037,5702.174999998533
20,2,0,"(487.5, 487.5, 2.4370033062802148)",0.5241296582870942,362.4923400878906,-0.24257504846132907,2.7317589591196167,2257.7200999985507
20,2,1,"(462.5, 487.5, 3.127296379115885)",0.49856549728572774,0.0,-0.41791228203421493,2.213359881818772,5501.285000002099
20,2,2,"(462.5, 462.5, 3.1411719247664083)",0.05849313735959828,0.0,-0.6154752697593887,2.0467923596921986,6269.6561999982805
20,2,3,"(462.5, 462.5, 3.1411719247664083)",0.38246617050655013,730.716064453125,-0.20239935115914517,2.1773142539667627,2271.06189999904
20,2,4,"(462.5, 437.5, 3.0693002026442198)",0.4296684078772146,0.0,-0.4093697113041873,2.098463340886215,5746.656499999517
20,2,5,"(462.5, 412.5, 2.919906180572381)",0.05329697827496348,0.0,-0.612652969598372,1.974953701146254,6946.474600001238
20,2,6,"(462.5, 412.5, 2.919906180572381)",0.35662142926806434,733.698974609375,-0.2012005576901006,2.217506486635953,2273.434200000338
20,2,7,"(462.5, 387.5, 2.7089644303699463)",0.42481676213346026,0.0,-0.4083364331704019,2.21384858018914,5841.292900000553
20,2,8,"(437.5, 387.5, 3.41874755045311)",0.05722565452254319,0.0,-0.6092420568091556,2.0612960030413374,6314.589599998726
20,2,9,"(437.5, 387.5, 3.41874755045311)",0.37400282544089825,736.5194091796875,-0.20203467389929006,2.202820738060977,2261.975999997958
20,2,10,"(412.5, 387.5, 4.295992126710907)",0.47654246981477855,0.0,-0.4076030491888201,2.0295064501709383,5766.853999997693
20,2,11,"(387.5, 387.5, 5.365977503075057)",0.06111521522205833,0.0,-0.6084922253340973,1.8098636028821418,6277.223099998082
20,2,12,"(387.5, 387.5, 5.365977503075057)",0.4561131897372609,739.8310546875,-0.20367201464171514,1.895694032586227,2259.7234999993816
20,2,13,"(362.5, 387.5, 6.644563227708976)",0.5518848254249277,0.0,-0.4059532535561291,1.7089949361946726,5774.270999998407
20,2,14,"(337.5, 387.5, 8.122025837780313)",0.05751293400923348,0.0,-0.6026500921968906,1.4416648142488704,6422.427599998628
20,2,15,"(337.5, 387.5, 8.122025837780313)",0.594858633691849,744.9818115234375,-0.20067480291382386,1.5713182172854303,2261.5053999979864
20,2,16,"(337.5, 362.5, 6.836404624384365)",0.693843690608677,0.0,-0.41935667718987524,1.5916314986081523,5839.303099997778
20,2,17,"(312.5, 362.5, 7.999359988870806)",0.06488847732544663,0.0,-0.6225783775861583,1.3739178359312654,6624.028799997177
20,2,18,"(312.5, 362.5, 7.999359988870806)",0.7108806434618085,742.1541137695312,-0.20248611306277145,1.7713006428774396,2254.297100000258
20,2,19,"(287.5, 362.5, 9.065091200270214)",0.8269453954817368,0.0,-0.41711714504524317,1.6370336668474663,5753.08369999766
20,2,20,"(262.5, 362.5, 9.841761282285685)",0.09256386756894792,0.0,-0.6359175945134872,1.3909987556982217,7025.637899998401
20,2,21,"(262.5, 362.5, 9.841761282285685)",0.8517199449451232,745.7691650390625,-0.20858284865804003,1.545318672245285,2234.7460000019055
20,2,22,"(262.5, 337.5, 7.706480720276972)",0.5892672040877444,0.0,-0.418718152365997,1.4420030113561906,5624.7632000013255
20,2,23,"(237.5, 337.5, 7.894671343450355)",0.07814429203670133,0.0,-0.6306139127588961,1.294180276128403,6525.549400001182
20,2,24,"(237.5, 337.5, 7.894671343450355)",0.696290505687852,742.2315673828125,-0.20670343934223007,1.7230906337104157,2246.1694999983592
20,2,25,"(237.5, 362.5, 10.136936791802604)",0.7520026946084291,0.0,-0.40814471640309113,1.403720979571097,5732.737199999974
20,2,26,"(237.5, 387.5, 13.016039592385813)",0.0835849344730325,0.0,-0.6167460341823316,1.0266092450730406,6342.682300000888
20,2,27,"(237.5, 387.5, 13.016039592385813)",0.8575856693949792,754.6808471679688,-0.21657658392308962,1.1448027867250021,2254.1407000026084
20,2,28,"(212.5, 387.5, 12.56601886791643)",1.028986338780932,0.0,-0.4367315691675598,1.0684276415885656,5699.144499998511
20,2,29,"(212.5, 412.5, 15.910281935579775)",0.14123342434565275,0.0,-0.6839623024641859,0.5578935282146635,6751.1107999998785
20,2,30,"(212.5, 412.5, 15.910281935579775)",1.094397724337543,757.33544921875,-0.25812768848637907,0.931374435252866,2292.892999998003
20,2,31,"(187.5, 412.5, 13.941569591049829)",0.8342962851673937,0.0,-0.48250178696458224,0.9353632840947138,4767.213600000105
20,2,32,"(187.5, 437.5, 16.502195647044346)",0.0211507603526251,0.0,-0.7070701150894252,0.5193815918337464,6965.38579999833
20,2,33,"(187.5, 437.5, 16.502195647044346)",0.7762314283971862,767.187255859375,-0.20967449025879045,0.7223858492119621,2278.503900000942
20,2,34,"(212.5, 437.5, 19.809611758762614)",1.1128310864421218,0.0,-0.4901103683215437,0.5457475368913624,5693.355199997313
20,2,35,"(212.5, 412.5, 15.910281935579775)",0.09717621405919409,0.0,-0.7578840949557465,0.27284072357518885,7821.784700001444
20,2,36,"(212.5, 412.5, 15.910281935579775)",0.7654859208607929,775.8685302734375,-0.27055479291032536,0.6346254727640365,2257.7939000002516
20,2,37,"(237.5, 412.5, 16.71281874556001)",0.9030134427272816,0.0,-0.4750915197415955,0.7250099863615238,5345.79389999999
20,2,38,"(237.5, 437.5, 21.459341898515387)",0.021404658754650373,0.0,-0.6483127569809258,0.19192254082724658,6720.716700001503
20,2,39,"(237.5, 437.5, 21.459341898515387)",0.5879643743875392,804.4000244140625,-0.19461218531652125,0.39640227645060533,2255.3750000006403
20,2,40,"(262.5, 437.5, 19.691492564685472)",1.0397768799805347,0.0,-0.5367385178273356,0.5378745186078835,6008.902099998522
20,3,0,"(487.5, 487.5, 2.4370033062802148)",0.519517795802616,362.4650573730469,-0.2425750484613291,2.7317589574169348,2262.0521999997436
20,3,1,"(487.5, 462.5, 2.446737931289699)",0.46396430089900664,0.0,-0.4253186784518298,2.3752295323889805,5478.872100000444
20,3,2,"(462.5, 462.5, 3.1411719247664083)",0.053568363189742785,0.0,-0.6198723975945766,2.1288800697938717,6269.459899998765
20,3,3,"(462.5, 462.5, 3.1411719247664083)",0.37555880662675234,730.6332397460938,-0.20402047619930877,2.215918790460809,2276.3974999979837
20,3,4,"(437.5, 462.5, 4.032539977718922)",0.45772642876473735,0.0,-0.40855741632127435,1.98029216056386,5754.6888000033505
20,3,5,"(412.5, 462.5, 5.176557100199439)",0.06019776562848838,0.0,-0.6084605517307383,1.7239141383819445,6280.096200000116
20,3,6,"(412.5, 462.5, 5.176557100199439)",0.406774918664307,736.1135864257812,-0.20319940237710207,1.8065117214704531,2257.0160000032047
20,3,7,"(387.5, 462.5, 6.644563227708976)",0.4895446292288529,0.0,-0.40461892875145217,1.5693891465928171,5755.175899997994
20,3,8,"(362.5, 462.5, 8.527721324025148)",0.04290346304574338,0.0,-0.5949114594138135,1.1998924131327742,6369.726299999456
20,3,9,"(362.5, 462.5, 8.527721324025148)",0.456828505854365,743.3618774414062,-0.19502030628482062,1.3167061886717646,2205.21639999788
20,3,10,"(337.5, 462.5, 10.942007264844266)",0.48668186694926485,0.0,-0.39072958963057797,1.0232533727193205,5563.006700002006
20,3,11,"(312.5, 462.5, 14.033224262378283)",0.03470130513111285,0.0,-0.578886592958907,0.7245036011765199,6366.6650999984995
20,3,12,"(312.5, 462.5, 14.033224262378283)",0.5654980043768281,758.35107421875,-0.19452996401058756,0.8443233133228446,2218.397399999958
20,3,13,"(312.5, 437.5, 13.134116007120344)",0.822197563889698,0.0,-0.40882201757924563,0.8055903612826455,5698.120299999573
20,3,14,"(287.5, 437.5, 16.365669713099226)",0.06758770843347717,0.0,-0.6319979385089652,0.49149015081074954,6438.8714999986405
20,3,15,"(287.5, 437.5, 16.365669713099226)",0.8415693934254376,768.683349609375,-0.22323864968774979,0.7783620762667266,2250.5055999972683
20,3,16,"(287.5, 412.5, 13.851283065501828)",0.6882951631543298,0.0,-0.4307606560749626,0.7213805405349929,4984.649099998933
20,3,17,"(262.5, 412.5, 15.847883528411389)",0.16469555099805644,0.0,-0.7235935451532585,0.526965091537494,6634.70690000031
20,3,18,"(262.5, 412.5, 15.847883528411389)",1.0652750998364016,759.1392822265625,-0.28174606729146756,0.9006163009018753,2232.6665000000503
20,3,19,"(237.5, 412.5, 16.71281874556001)",0.9011038244327662,0.0,-0.4660692943254455,0.752457694364133,5224.799899999198
20,3,20,"(237.5, 437.5, 21.459341898515387)",0.00489496657004997,0.0,-0.6403592741973352,0.1607430342638535,6438.308799999504
20,3,21,"(237.5, 437.5, 21.459341898515387)",0.5893298983854702,804.249755859375,-0.1945716960366424,0.387885366102587,2273.9580999987083
20,3,22,"(212.5, 437.5, 19.809611758762614)",0.8523582344833083,0.0,-0.523449014527117,0.5142246431307955,5750.389500000892
20,4,0,"(487.5, 487.5, 2.4370033062802148)",0.5189289932923166,362.47271728515625,-0.24257504846132902,2.7317589901258357,2293.5486000023957
20,4,1,"(462.5, 487.5, 3.127296379115885)",0.49311057867667824,0.0,-0.41791228203421493,2.213359882072551,5502.376800002821
20,4,2,"(462.5, 462.5, 3.1411719247664083)",0.060156186421711555,0.0,-0.6154752697593888,2.0467923596921986,6226.0661000000255
20,4,3,"(462.5, 462.5, 3.1411719247664083)",0.3743925128299546,730.7882690429688,-0.20239935115914517,2.1773143189426314,2282.3726999995415
20,4,4,"(462.5, 437.5, 3.0693002026442198)",0.4424323069076951,0.0,-0.40936971130418726,2.0984633407156066,5746.2922999984585
20,4,5,"(462.5, 412.5, 2.919906180572381)",0.0530700037876935,0.0,-0.6126529695983719,1.974953701146254,6873.413600002095
20,4,6,"(462.5, 412.5, 2.919906180572381)",0.3562200035700785,733.9232177734375,-0.2012005576901006,2.217506551730973,2271.987700001773
20,4,7,"(462.5, 387.5, 2.7089644303699463)",0.4124039572417614,0.0,-0.4083364331704019,2.213848580190451,5744.650700002239
20,4,8,"(462.5, 362.5, 2.4565270421865075)",0.04933639367422123,0.0,-0.6127969715977641,2.1119326050753777,7143.708400002652
20,4,9,"(462.5, 362.5, 2.4565270421865075)",0.32683926428327303,733.9865112304688,-0.20089915935759722,2.3809274203988955,2264.176700002281
20,4,10,"(437.5, 362.5, 3.0693002026442198)",0.435754135991811,0.0,-0.4061596069463253,2.279882259929817,5799.208799999178
20,4,11,"(412.5, 362.5, 3.8109821376558286)",0.05254369477433658,0.0,-0.605029054645907,2.0777711389007494,6311.031900000671
20,4,12,"(412.5, 362.5, 3.8109821376558286)",0.3947987208332079,737.9441528320312,-0.20317376338295132,2.1751988723484925,2250.4322999993747
20,4,13,"(387.5, 362.5, 4.6920389042223976)",0.4956486540272796,0.0,-0.40698953207350363,2.0047952698923126,5765.827600000193
20,4,14,"(362.5, 362.5, 5.709929773131825)",0.061847686767597915,0.0,-0.6078532962647141,1.7967826190539944,6315.480799999932
20,4,15,"(362.5, 362.5, 5.709929773131825)",0.5046584927859132,740.2202758789062,-0.20488281316428988,1.9097807428155678,2255.7684000021254
20,4,16,"(337.5, 362.5, 6.836404624384365)",0.6232112613998319,0.0,-0.40777455436825866,1.7736634271761593,5810.374099997716
20,4,17,"(337.5, 387.5, 8.122025837780313)",0.08157207071780902,0.0,-0.6230678699550315,1.3896627938086368,6867.078999999649
20,4,18,"(337.5, 387.5, 8.122025837780313)",0.6834593210334214,743.0665283203125,-0.2059399221711994,1.5936508669885139,2265.6150000002526
20,4,19,"(312.5, 387.5, 9.73254467824523)",0.7673515872775044,0.0,-0.4116191655634284,1.3924540405654238,5744.955499998468
20,4,20,"(312.5, 412.5, 11.543004562335339)",0.07830871641635492,0.0,-0.6188560971613408,0.9543532647355498,6237.362699997902
20,4,21,"(312.5, 412.5, 11.543004562335339)",0.794519867804158,749.9191284179688,-0.21341575233682863,1.174187547982172,2233.754900000349
20,4,22,"(312.5, 437.5, 13.134116007120344)",0.9834940606924528,0.0,-0.434058162786103,0.968011641823112,5367.620299999544
20,4,23,"(287.5, 437.5, 16.365669713099226)",0.0712243864933569,0.0,-0.6492136140380551,0.39058782772612477,6488.6917999974685
20,4,24,"(287.5, 437.5, 16.365669713099226)",0.7935321307727253,767.80810546875,-0.22298180179639226,0.7465428980504222,2231.1948999995366
20,4,25,"(287.5, 462.5, 17.977012825427398)",0.6663954758958918,0.0,-0.4234380560738304,0.516263378221177,5698.086699998385
20,5,0,"(487.5, 487.5, 2.4370033062802148)",0.522840906246523,362.4601135253906,-0.24257504846132907,2.731759007667874,2244.13690000074
20,5,1,"(487.5, 462.5, 2.446737931289699)",0.4693165097011581,0.0,-0.4253186784518299,2.37522953175717,5413.924399999814
20,5,2,"(487.5, 437.5, 2.3962294749129978)",0.06442244350903718,0.0,-0.6258613188429417,2.2189007082289436,6238.655799999833
20,5,3,"(487.5, 437.5, 2.3962294749129978)",0.3536579858879387,548.3757934570312,-0.20295068443797845,2.4084927331661876,2233.7598000012804
20,5,4,"(462.5, 437.5, 3.0693002026442198)",0.4443737322287755,0.0,-0.408268323115232,2.2090587731483335,5533.553299999767
20,5,5,"(437.5, 437.5, 3.9290738535618197)",0.060567885637256846,0.0,-0.6070049321893661,1.969113998317168,6194.148400001723
20,5,6,"(437.5, 437.5, 3.9290738535618197)",0.38053865466088277,735.6022338867188,-0.20387155085252678,2.053909031638068,2257.952700001624
20,5,7,"(412.5, 437.5, 5.025427393027027)",0.46777064764883997,0.0,-0.40734904715935566,1.8447744813977724,5736.688900000445
20,5,8,"(387.5, 437.5, 6.419652941837749)",0.056878755489993105,0.0,-0.6037864740444788,1.5464880364299785,6289.374800002406
20,5,9,"(387.5, 437.5, 6.419652941837749)",0.4594442577481108,740.5657348632812,-0.2014503133877691,1.6540385262541377,2258.046799997828
20,5,10,"(362.5, 437.5, 8.184609533832969)",0.5608448879954854,0.0,-0.4007032088197956,1.4052493905061916,5715.236200001527
20,5,11,"(337.5, 437.5, 10.400297021568935)",0.04517938196659113,0.0,-0.5919240781270051,1.0816250555415379,6354.119100000389
20,5,12,"(337.5, 437.5, 10.400297021568935)",0.5772684664427323,750.5499877929688,-0.19768760185480486,1.1878171215397844,2258.5237999992387
20,5,13,"(312.5, 437.5, 13.134116007120344)",0.7931651662907286,0.0,-0.41181871377386103,0.9810108845562914,5703.626799997437
20,5,14,"(287.5, 437.5, 16.365669713099226)",0.07846388717492246,0.0,-0.634150732569024,0.6992622625983017,6343.855300001451
20,5,15,"(287.5, 437.5, 16.365669713099226)",0.8942538338359318,767.7921142578125,-0.223944377001621,0.8438321686353559,2244.533799999772
20,5,16,"(287.5, 462.5, 17.977012825427398)",0.6661563074367991,0.0,-0.42383751418568133,0.512180852599512,5726.45890000058
20,6,0,"(487.5, 487.5, 2.4370033062802148)",0.5236127105095117,362.5065002441406,-0.2425750484613291,2.731759064200651,2232.9002000005858
20,6,1,"(462.5, 487.5, 3.127296379115885)",0.5078142586304542,0.0,-0.417912282034215,2.213359882014787,5471.450100001675
20,6,2,"(462.5, 462.5, 3.1411719247664083)",0.05457528432214259,0.0,-0.6154752697593887,2.046792359692199,6264.413199998671
20,6,3,"(462.5, 462.5, 3.1411719247664083)",0.3784431148727316,730.80810546875,-0.20239935115914515,2.1773142742246367,2253.2356000010623
20,6,4,"(462.5, 437.5, 3.0693002026442198)",0.4300756235877069,0.0,-0.4093697113041873,2.0984633412428426,5749.2655999994895
20,6,5,"(462.5, 412.5, 2.919906180572381)",0.0512833744287611,0.0,-0.612652969598372,1.974953701146254,6946.80640000297
20,6,6,"(462.5, 412.5, 2.919906180572381)",0.35574246394489784,733.8391723632812,-0.20120055769010053,2.2175065160113547,2246.8896999998833
20,6,7,"(462.5, 387.5, 2.7089644303699463)",0.4182065199116989,0.0,-0.40833643317040197,2.21384858024326,5776.213199998892
20,6,8,"(462.5, 362.5, 2.4565270421865075)",0.05063362916311156,0.0,-0.6127969715977644,2.111932605075378,7144.35020000019
20,6,9,"(462.5, 362.5, 2.4565270421865075)",0.3273688355900974,733.8812255859375,-0.2008991593575972,2.380927384367913,2225.6087999994634
20,6,10,"(437.5, 362.5, 3.0693002026442198)",0.43171788732262567,0.0,-0.4061596069463253,2.2798822601269584,5723.053999998228
20,6,11,"(412.5, 362.5, 3.8109821376558286)",0.06119741499420641,0.0,-0.6050290546459071,2.07777113890075,6195.474000000104
20,6,12,"(412.5, 362.5, 3.8109821376558286)",0.3932438253173347,737.8313598632812,-0.20317376338295134,2.1751988902019748,2247.460200000205
20,6,13,"(387.5, 362.5, 4.6920389042223976)",0.48570798014851624,0.0,-0.40698953207350363,2.004795269892313,5716.513899998972
20,6,14,"(362.5, 362.5, 5.709929773131825)",0.0679833094278818,0.0,-0.6078532962647141,1.7967826190539944,6208.323699996981
20,6,15,"(362.5, 362.5, 5.709929773131825)",0.5046778845869366,740.272216796875,-0.2048828131642898,1.909780758949257,2254.0771000021778
20,6,16,"(337.5, 362.5, 6.836404624384365)",0.6057660306495365,0.0,-0.4077745543682586,1.773663427176159,5668.3413999999175
20,6,17,"(312.5, 362.5, 7.999359988870806)",0.060851176579788294,0.0,-0.6063541107918243,1.5236686067772462,6198.551400000724
20,6,18,"(312.5, 362.5, 7.999359988870806)",0.658988748765699,743.349853515625,-0.2019628974775999,1.7069932719051926,2237.7455000023474
20,6,19,"(312.5, 387.5, 9.73254467824523)",0.8399096752614681,0.0,-0.41550385530478157,1.4365892871597128,5674.099699997896
20,6,20,"(312.5, 412.5, 11.543004562335339)",0.08191360533236101,0.0,-0.6129072176685728,1.0972616219238236,6214.588200000435
20,6,21,"(312.5, 412.5, 11.543004562335339)",0.8940742030939751,750.4580688476562,-0.21282451617197296,1.2698625274713404,2269.070300000749
20,6,22,"(287.5, 412.5, 13.851283065501828)",0.7465681686793967,0.0,-0.40939811998869247,1.0009208900804876,5475.902700000006
20,6,23,"(287.5, 437.5, 16.365669713099226)",0.05462004244326289,0.0,-0.638644920962949,0.5761983675919816,7096.213500000886
20,6,24,"(287.5, 437.5, 16.365669713099226)",0.7873018564200586,767.8713989257812,-0.22059765643149046,0.758110693355736,2256.742100002157
20,6,25,"(262.5, 437.5, 19.691492564685472)",1.2583781809941328,0.0,-0.5109858635925226,0.6271330704783606,5666.722699999809
20,6,26,"(262.5, 412.5, 15.847883528411389)",0.14430424571037306,0.0,-0.7943493200461973,0.388920478503854,7990.629699997953
20,6,27,"(262.5, 412.5, 15.847883528411389)",0.888062059055368,770.9353637695312,-0.2802229365477761,0.7173278099794537,2251.4900999995007
20,6,28,"(237.5, 412.5, 16.71281874556001)",0.8960580223901456,0.0,-0.4673881310828536,0.6886202524676469,5192.200100002083
20,6,29,"(237.5, 437.5, 21.459341898515387)",0.016090864936506043,0.0,-0.640625396949165,0.16396828312275913,6443.920600002457
20,6,30,"(237.5, 437.5, 21.459341898515387)",0.5714932425732779,806.0224609375,-0.19458114828289325,0.3885774157116556,2257.7167999988887
20,6,31,"(212.5, 437.5, 19.809611758762614)",0.8535970892121016,0.0,-0.523521777382689,0.5139095230278186,5734.582900000532
20,7,0,"(487.5, 487.5, 2.4370033062802148)",0.5271728253549264,362.5360107421875,-0.24257504846132907,2.7317590828188276,2235.946299999341
20,7,1,"(487.5, 462.5, 2.446737931289699)",0.46453806057991076,0.0,-0.42531867845182986,2.37522953228692,5496.690099997068
20,7,2,"(462.5, 462.5, 3.1411719247664083)",0.05673877398175103,0.0,-0.6198723975945766,2.1288800697938712,6252.290800002811
20,7,3,"(462.5, 462.5, 3.1411719247664083)",0.37415578001985317,730.6544799804688,-0.2040204761993088,2.215918795385387,2241.5331000011065
20,7,4,"(437.5, 462.5, 4.032539977718922)",0.4484709880815975,0.0,-0.4085574163212744,1.9802921605444308,5713.469800000894
20,7,5,"(412.5, 462.5, 5.176557100199439)",0.0598035007715238,0.0,-0.6084605517307384,1.723914138381945,6226.305599997431
20,7,6,"(412.5, 462.5, 5.176557100199439)",0.4059949221783587,736.1753540039062,-0.20319940237710207,1.8065117853513595,2221.7891000000236
20,7,7,"(387.5, 462.5, 6.644563227708976)",0.5050063795977879,0.0,-0.4046189287514523,1.5693891467126726,5722.655300000042
20,7,8,"(362.5, 462.5, 8.527721324025148)",0.03854644298555033,0.0,-0.5949114594138136,1.1998924131327744,6294.449600001826
20,7,9,"(362.5, 462.5, 8.527721324025148)",0.4570478125231395,743.4169921875,-0.1950203062848206,1.3167061060387126,2224.300100002438
20,7,10,"(337.5, 462.5, 10.942007264844266)",0.48331537318071266,0.0,-0.3907295896305779,1.023253372633277,5561.909000000014
20,7,11,"(312.5, 462.5, 14.033224262378283)",0.031484084824717665,0.0,-0.578886592958907,0.72450360117652,6285.374099999899
20,7,12,"(312.5, 462.5, 14.033224262378283)",0.5554577916374237,758.1282348632812,-0.19452996401058759,0.8443233270049605,2204.8049999975774
20,7,13,"(312.5, 437.5, 13.134116007120344)",0.8196673838139914,0.0,-0.40882201757924563,0.8055903613154305,5692.825400001311
20,7,14,"(287.5, 437.5, 16.365669713099226)",0.06214636067550282,0.0,-0.6319979385089657,0.4914901508107497,6391.011100000469
20,7,15,"(287.5, 437.5, 16.365669713099226)",0.8547551922332377,768.9397583007812,-0.22323864968774976,0.77836208035564,2203.6408999993
20,7,16,"(287.5, 412.5, 13.851283065501828)",0.7159444874034462,0.0,-0.4307606560749626,0.7213805405349929,4965.15079999881
20,7,17,"(262.5, 412.5, 15.847883528411389)",0.17056955893833473,0.0,-0.7235935451532582,0.5269650915374937,6580.458299999009
20,7,18,"(262.5, 412.5, 15.847883528411389)",1.0761593100736584,759.0765991210938,-0.2817460672914675,0.9006163267496615,2209.7288000004482
20,7,19,"(237.5, 412.5, 16.71281874556001)",0.8976778127129983,0.0,-0.4660692943254456,0.752457694364133,5157.845800000359
20,7,20,"(237.5, 437.5, 21.459341898515387)",0.012203847368564972,0.0,-0.6403592741973351,0.1607430342638535,6420.417600002111
20,7,21,"(237.5, 437.5, 21.459341898515387)",0.5821498026610807,803.7353515625,-0.19457169603664243,0.3878854113243028,2230.685900001845
20,7,22,"(212.5, 437.5, 19.809611758762614)",0.8393982930249999,0.0,-0.5234490145271171,0.5142246430158434,5644.908700000087
20,8,0,"(487.5, 487.5, 2.4370033062802148)",0.5183099377803313,362.4576721191406,-0.24257504846132905,2.7317590175285913,2267.519099998026
20,8,1,"(462.5, 487.5, 3.127296379115885)",0.47250151447890554,0.0,-0.4179122820342149,2.213359882223106,5373.571800002537
20,8,2,"(462.5, 462.5, 3.1411719247664083)",0.06127285957331666,0.0,-0.6154752697593886,2.046792359692198,6188.219800002116
20,8,3,"(462.5, 462.5, 3.1411719247664083)",0.3824450205671133,730.8327026367188,-0.20239935115914515,2.177314316635382,2260.7023999989906
20,8,4,"(437.5, 462.5, 4.032539977718922)",0.45225421339122485,0.0,-0.40800458641286075,1.9758170771294659,5636.255100002018
20,8,5,"(412.5, 462.5, 5.176557100199439)",0.058091655373577814,0.0,-0.6085747230060733,1.7247564509001458,6202.961299997696
20,8,6,"(412.5, 462.5, 5.176557100199439)",0.41083973398108586,736.2003173828125,-0.2031795729636903,1.8070882203228658,2265.089900000021
20,8,7,"(387.5, 462.5, 6.644563227708976)",0.48583908845287516,0.0,-0.40463854742844413,1.5697821805849248,5694.568099999742
20,8,8,"(362.5, 462.5, 8.527721324025148)",0.037622094154374286,0.0,-0.5949168674960844,1.1999396735669687,6312.765900001978
20,8,9,"(362.5, 462.5, 8.527721324025148)",0.4669363616284521,743.2908325195312,-0.1950204095568855,1.3167169390419802,2273.2858000017586
20,8,10,"(337.5, 462.5, 10.942007264844266)",0.5092262035235724,0.0,-0.3907296636021043,1.023254862810457,5531.622799997422
20,8,11,"(312.5, 462.5, 14.033224262378283)",0.027804888784886045,0.0,-0.5788866100927299,0.7245036788837028,6370.309499998257
20,8,12,"(312.5, 462.5, 14.033224262378283)",0.5579263891437266,758.6483154296875,-0.1945299586401082,0.8443234174011724,2256.850800000393
20,8,13,"(312.5, 437.5, 13.134116007120344)",0.8069670944917451,0.0,-0.4088220124906715,0.8055903285006208,5779.658100000233
20,8,14,"(287.5, 437.5, 16.365669713099226)",0.07208015024659872,0.0,-0.6319979451351785,0.49149013620799364,6452.966200002265
20,8,15,"(287.5, 437.5, 16.365669713099226)",0.8455515074343765,770.24267578125,-0.223238649689951,0.7783621225672207,2243.1600999989314
20,8,16,"(287.5, 412.5, 13.851283065501828)",0.7021691791945897,0.0,-0.430760656075581,0.7213805406963292,5006.180400003359
20,8,17,"(262.5, 412.5, 15.847883528411389)",0.1690470178921938,0.0,-0.7235935451536896,0.5269650916932513,6665.464000001521
20,8,18,"(262.5, 412.5, 15.847883528411389)",1.070669294474141,759.0579223632812,-0.2817460675548525,0.9006163816233705,2242.1599000008428
20,8,19,"(237.5, 412.5, 16.71281874556001)",0.9015854382947831,0.0,-0.4660692911229369,0.7524576915943892,5227.540199997748
20,8,20,"(237.5, 437.5, 21.459341898515387)",0.01358127097288146,0.0,-0.6403592741973373,0.16074303426387176,6491.713899999013
20,8,21,"(237.5, 437.5, 21.459341898515387)",0.5891266700302069,805.3418579101562,-0.1945716960366424,0.38788535443640476,2245.3738000003796
20,8,22,"(212.5, 437.5, 19.809611758762614)",0.8589704247235064,0.0,-0.5234490145271171,0.5142246431331029,5652.190199998586
20,9,0,"(487.5, 487.5, 2.4370033062802148)",0.5241432473832532,362.4471435546875,-0.24257504846132907,2.731759112789731,2211.4307999981975
20,9,1,"(462.5, 487.5, 3.127296379115885)",0.49036728693210685,0.0,-0.4179122820342149,2.2133598818988083,5372.2980999991705
20,9,2,"(462.5, 462.5, 3.1411719247664083)",0.05210789044703772,0.0,-0.6154752697593888,2.0467923596921986,6182.998000000225
20,9,3,"(462.5, 462.5, 3.1411719247664083)",0.37750611332485845,730.7609252929688,-0.20239935115914512,2.1773143073241656,2211.901900001976
20,9,4,"(462.5, 437.5, 3.0693002026442198)",0.4317669958411079,0.0,-0.4093697113041872,2.0984633409393436,5661.304299999756
20,9,5,"(462.5, 412.5, 2.919906180572381)",0.05378605425356425,0.0,-0.612652969598372,1.9749537011462537,6862.774200002605
20,9,6,"(462.5, 412.5, 2.919906180572381)",0.3560666419303478,733.7573852539062,-0.2012005576901006,2.2175065061553987,2194.427300000825
20,9,7,"(437.5, 412.5, 3.7158125367455015)",0.44874608826238777,0.0,-0.40631928149119956,2.0841704686530425,5662.7038000006
20,9,8,"(412.5, 412.5, 4.71743372998353)",0.0645622710386836,0.0,-0.6071566958181621,1.865899869539485,6192.867699999624
20,9,9,"(412.5, 412.5, 4.71743372998353)",0.41538928153511356,738.5079345703125,-0.20431958122335991,1.9522399389745242,2181.0998000000836
20,9,10,"(387.5, 412.5, 5.968521653217249)",0.5366947582020948,0.0,-0.40959790164317544,1.7575947529666722,5681.043700002192
20,9,11,"(362.5, 412.5, 7.512358105982148)",0.0736051152149708,0.0,-0.6127475017199321,1.48451239688847,6304.429300002084
20,9,12,"(362.5, 412.5, 7.512358105982148)",0.5801198408146682,742.6988525390625,-0.20890192676038033,1.5998160380570654,2243.0950999987544
20,9,13,"(337.5, 412.5, 9.377700043801939)",0.7555137276453788,0.0,-0.4259206329054647,1.4198535645520782,5464.610800001537
20,9,14,"(312.5, 412.5, 11.543004562335339)",0.08577749133109278,0.0,-0.6356683832394548,1.1591832799364747,6413.903200002096
20,9,15,"(312.5, 412.5, 11.543004562335339)",0.7855955075947825,750.3104248046875,-0.21399412134155354,1.2784750887161618,2246.6521999995166
20,9,16,"(312.5, 387.5, 9.73254467824523)",0.6681545262331172,0.0,-0.4209660940954786,1.1485024968420017,5716.36739999667
20,9,17,"(287.5, 387.5, 11.306348749090457)",0.0882010658582005,0.0,-0.6301801243213654,0.8443777262902118,6852.220100001432
20,9,18,"(287.5, 387.5, 11.306348749090457)",0.8671885264310581,747.7804565429688,-0.21382731635747576,1.3441285207781126,2254.7270999966713
20,9,19,"(262.5, 387.5, 12.530028997518446)",1.1061917413723947,0.0,-0.44800553838977125,1.3135173812545915,5743.804000001546
20,9,20,"(262.5, 412.5, 15.847883528411389)",0.12197976311047928,0.0,-0.7018906680104847,0.7148128117317641,6454.588299999159
20,9,21,"(262.5, 412.5, 15.847883528411389)",1.0007068741425402,757.5996704101562,-0.256824871228126,0.9291720214909452,2262.9625000008673
20,9,22,"(237.5, 412.5, 16.71281874556001)",0.9018737361888791,0.0,-0.463874787487212,0.7213099347918583,4872.775799998635
20,9,23,"(237.5, 437.5, 21.459341898515387)",0.013309712211285497,0.0,-0.6404371311034477,0.16615359185545367,6469.3006000015885
20,9,24,"(237.5, 437.5, 21.459341898515387)",0.5781120246429026,804.9356079101562,-0.1945347422833264,0.39132007253562007,2238.0919000024733
20,9,25,"(212.5, 437.5, 19.809611758762614)",0.8409668036855705,0.0,-0.5226480110319571,0.513995704499581,5720.638300001156
20,0,0,"(262.5, 487.5, 22.1418731987782)",1.2173346093686745,558.4292602539062,-0.254722487231645,0.8223877180168832,2256.1244999997143
20,1,0,"(262.5, 487.5, 22.1418731987782)",1.2123481781150556,558.578125,-0.25472248723164503,0.8223879246647015,2239.725299998099
20,1,1,"(287.5, 487.5, 17.635701174636083)",0.32051298124052735,0.0,-0.4526659917036061,0.36033388756090695,5362.539099998685
20,1,2,"(262.5, 487.5, 22.1418731987782)",0.13291349013646436,0.0,-0.7046233065800581,0.3409302379149366,7181.943200001115
20,1,3,"(262.5, 487.5, 22.1418731987782)",0.8496490010262313,574.4950561523438,-0.2518831019703552,0.41667713469072687,2231.009400002222
20,2,0,"(262.5, 487.5, 22.1418731987782)",1.2137823556790794,558.471923828125,-0.25472248723164503,0.8223878540451964,2241.895900002419
20,3,0,"(262.5, 487.5, 22.1418731987782)",1.206805334358937,558.5711669921875,-0.25472248723164503,0.8223878155703572,2249.2270000002463
20,3,1,"(287.5, 487.5, 17.635701174636083)",0.34123139352044163,0.0,-0.4526659917036061,0.36033388756090695,5329.948700000386
20,3,2,"(262.5, 487.5, 22.1418731987782)",0.13134612639745072,0.0,-0.704623306580058,0.34093023791493643,7138.508799998817
20,3,3,"(262.5, 487.5, 22.1418731987782)",0.8410549907873284,574.888427734375,-0.2518831019703552,0.41667727366144425,2207.1372999998857
20,4,0,"(262.5, 487.5, 22.1418731987782)",1.2210889708762616,558.5028686523438,-0.25472248723164503,0.8223880316938342,2235.799899997801
20,5,0,"(262.5, 487.5, 22.1418731987782)",1.2177065457278875,558.5427856445312,-0.25472248723164503,0.8223879518107253,2263.0156000013812
20,6,0,"(262.5, 487.5, 22.1418731987782)",1.2192199058538862,558.5409545898438,-0.25472248723164503,0.8223877583669194,2213.927100001456
20,7,0,"(262.5, 487.5, 22.1418731987782)",1.216626952734427,558.6934814453125,-0.2547224872316451,0.8223879117088766,2202.2799999976996
20,7,1,"(287.5, 487.5, 17.635701174636083)",0.32992460463126116,0.0,-0.4526659917036061,0.360333887560907,5318.376499999431
20,7,2,"(262.5, 487.5, 22.1418731987782)",0.1278340617815654,0.0,-0.7046233065800579,0.3409302379149364,7162.592100001348
20,7,3,"(262.5, 487.5, 22.1418731987782)",0.8646525161508761,575.73486328125,-0.2518831019703552,0.4166769087410501,2231.8251999968197
20,8,0,"(262.5, 487.5, 22.1418731987782)",1.2174729834918046,558.428955078125,-0.25472248723164503,0.8223878971832144,2217.1619000000646
20,8,1,"(287.5, 487.5, 17.635701174636083)",0.34603039141001346,0.0,-0.4526659917036061,0.36033388756090706,5323.208000001614
20,8,2,"(262.5, 487.5, 22.1418731987782)",0.1260841488838198,0.0,-0.7046233065800579,0.3409302379149365,7203.613499998028
20,8,3,"(262.5, 487.5, 22.1418731987782)",0.8446948999367889,574.6734619140625,-0.2518831019703552,0.41667705590061244,2247.4054000012984
20,9,0,"(262.5, 487.5, 22.1418731987782)",1.2157025756852322,558.5494384765625,-0.25472248723164503,0.822388005591134,2222.3349999985658
20,0,0,"(462.5, 487.5, 3.127296379115885)",0.6164123169530805,546.7723388671875,-0.23389997500380333,2.5362022108397855,2251.4429000002565
20,0,1,"(462.5, 462.5, 3.1411719247664083)",0.48342963576022085,0.0,-0.4208011592757641,2.149094849972428,5518.465799999831
20,0,2,"(437.5, 462.5, 4.032539977718922)",0.05922768016656686,0.0,-0.618379750246437,1.946472884725744,6222.50669999994
20,0,3,"(437.5, 462.5, 4.032539977718922)",0.3909222398057886,733.6046752929688,-0.203070665593002,2.0126136753049026,2264.98459999857
20,0,4,"(412.5, 462.5, 5.176557100199439)",0.4590055650737679,0.0,-0.4084640612474877,1.79957124099869,5667.783500000951
20,0,5,"(387.5, 462.5, 6.644563227708976)",0.056264534592637055,0.0,-0.6050680021761285,1.4775061541176875,6264.107900002273
20,0,6,"(387.5, 462.5, 6.644563227708976)",0.44624987789431714,738.8281860351562,-0.20092997332212623,1.5844666976671171,2266.8012000031013
20,0,7,"(362.5, 462.5, 8.527721324025148)",0.4878954194559655,0.0,-0.3953928991386474,1.2938496987255461,5638.870300001145
20,0,8,"(337.5, 462.5, 10.942007264844266)",0.0298824682831746,0.0,-0.5840305120216984,0.9368124618734742,6283.684699999867
20,0,9,"(337.5, 462.5, 10.942007264844266)",0.5091497236053392,748.73193359375,-0.1965068431068424,1.0662062013791018,2259.5278000007966
20,0,10,"(312.5, 462.5, 14.033224262378283)",0.4918292131986046,0.0,-0.3905664364612289,0.8013543528539443,5311.1306999999215
20,0,11,"(312.5, 437.5, 13.134116007120344)",0.07668576141196709,0.0,-0.5982651601449795,0.5778614639366995,6441.024099996866
20,0,12,"(312.5, 437.5, 13.134116007120344)",0.7449465082118447,754.2725830078125,-0.21256139994075202,0.8804320126403852,2246.9462000008207
20,0,13,"(287.5, 437.5, 16.365669713099226)",0.9103500551768745,0.0,-0.4340630703068058,0.7478568155700702,5395.829099998082
20,0,14,"(287.5, 462.5, 17.977012825427398)",0.026523232460023013,0.0,-0.6208651557901644,0.26014493487936147,6299.054999999498
20,0,15,"(287.5, 462.5, 17.977012825427398)",0.5856942645133927,786.1217041015625,-0.1952273228256931,0.5158280807778824,2242.261499999586
20,1,0,"(462.5, 487.5, 3.127296379115885)",0.6126403971978623,546.6746215820312,-0.23389997500380333,2.536202144946025,2242.2483999980614
20,1,1,"(462.5, 462.5, 3.1411719247664083)",0.48343004913295795,0.0,-0.4208011592757641,2.149094850094937,5581.113399999595
20,1,2,"(462.5, 437.5, 3.0693002026442198)",0.05995016793409991,0.0,-0.6250309192379061,2.0198698260798906,6506.365500001266
20,1,3,"(462.5, 437.5, 3.0693002026442198)",0.37905589639840975,732.89111328125,-0.2022068860238065,2.198580383139068,2260.331599998608
20,1,4,"(462.5, 412.5, 2.919906180572381)",0.44090656084519697,0.0,-0.4092001489308097,2.1489833582439264,5733.455000001413
20,1,5,"(437.5, 412.5, 3.7158125367455015)",0.05034676194193721,0.0,-0.6091667024514408,1.9827517911102057,6210.2668000006815
20,1,6,"(437.5, 412.5, 3.7158125367455015)",0.37841637438047193,736.4578857421875,-0.20186593673065592,2.110971585479661,2196.716099999321
20,1,7,"(412.5, 412.5, 4.71743372998353)",0.47984548235315083,0.0,-0.40773676298671574,1.9297321024392715,5679.404299997259
20,1,8,"(387.5, 412.5, 5.968521653217249)",0.0661032895247199,0.0,-0.6094910020470727,1.685486386282704,6261.091000000306
20,1,9,"(387.5, 412.5, 5.968521653217249)",0.4837485513637004,740.3607788085938,-0.20578281198202455,1.7768702223120973,2249.167600002693
20,1,10,"(362.5, 412.5, 7.512358105982148)",0.6333341887850679,0.0,-0.41440784348102383,1.580086984564236,5659.578300001158
20,1,11,"(337.5, 412.5, 9.377700043801939)",0.07997732857864362,0.0,-0.6239366682959322,1.3061840194255216,6285.004699999263
20,1,12,"(337.5, 412.5, 9.377700043801939)",0.703108958631403,745.1387329101562,-0.2156885942894167,1.4412299705032443,2192.329699999391
20,1,13,"(312.5, 412.5, 11.543004562335339)",0.7974324856541121,0.0,-0.43004282025468255,1.2466564141568133,5293.119900001329
20,1,14,"(312.5, 437.5, 13.134116007120344)",0.0909392138322125,0.0,-0.6462732805559742,0.6481435185975273,6770.30399999785
20,1,15,"(312.5, 437.5, 13.134116007120344)",0.7341307587580952,755.0133666992188,-0.2100800670838311,0.8631254162243048,2216.627099998732
20,1,16,"(287.5, 437.5, 16.365669713099226)",0.874189280248899,0.0,-0.43731130605132595,0.7420870000853236,5287.116200001037
20,1,17,"(287.5, 462.5, 17.977012825427398)",0.028746088345840335,0.0,-0.6205941533043358,0.2539326095865729,6302.926000000298
20,1,18,"(287.5, 462.5, 17.977012825427398)",0.5816801298563139,785.8173828125,-0.19513784909788545,0.5146635620955834,2252.135399998224
20,2,0,"(462.5, 487.5, 3.127296379115885)",0.6184652649008291,546.7378540039062,-0.23389997500380336,2.536202182065292,2242.2783999973035
20,2,1,"(462.5, 462.5, 3.1411719247664083)",0.48204393815014596,0.0,-0.4208011592757641,2.1490948497798366,5551.656399999047
20,2,2,"(462.5, 437.5, 3.0693002026442198)",0.05614826579892178,0.0,-0.625030919237906,2.01986982607989,6480.279400002473
20,2,3,"(462.5, 437.5, 3.0693002026442198)",0.37977481136600605,732.8778076171875,-0.2022068860238064,2.1985804127576762,2268.5961999995925
20,2,4,"(462.5, 412.5, 2.919906180572381)",0.4368980827564501,0.0,-0.4092001489308097,2.148983358321969,5694.186400000035
20,2,5,"(462.5, 387.5, 2.7089644303699463)",0.05298691491285078,0.0,-0.6129833968088946,2.0326437446209127,6883.048400002735
20,2,6,"(462.5, 387.5, 2.7089644303699463)",0.34328176945186056,733.9974975585938,-0.20100779401949642,2.2922321167699167,2240.7151000006706
20,2,7,"(437.5, 387.5, 3.41874755045311)",0.44256149327496974,0.0,-0.40612918756254085,2.1735086109483066,5685.8082999970065
20,2,8,"(412.5, 387.5, 4.295992126710907)",0.06374143560725087,0.0,-0.6067827352282806,1.9697407944824485,6175.502900001447
20,2,9,"(412.5, 387.5, 4.295992126710907)",0.4063480492295419,738.220947265625,-0.20405229515292386,2.0563673620911844,2247.3481000015454
20,2,10,"(387.5, 387.5, 5.365977503075057)",0.5039031006836333,0.0,-0.40849960307373334,1.8776741243495179,5750.069400000939
20,2,11,"(362.5, 387.5, 6.644563227708976)",0.05424580474697027,0.0,-0.6060334353094724,1.6190979711601114,6241.76609999995
20,2,12,"(362.5, 387.5, 6.644563227708976)",0.508811832912338,741.8009033203125,-0.20131717235912763,1.7281931873204268,2231.783399998676
20,2,13,"(337.5, 387.5, 8.122025837780313)",0.6394786473483123,0.0,-0.40293953909795943,1.5466587513974703,5750.537700001587
20,2,14,"(312.5, 387.5, 9.73254467824523)",0.06993931035201528,0.0,-0.6101429237678053,1.3228974542650844,6272.572000001674
20,2,15,"(312.5, 387.5, 9.73254467824523)",0.7501379594660313,747.9410400390625,-0.20593846843762226,1.4498552691037232,2240.3697000008833
20,2,16,"(312.5, 412.5, 11.543004562335339)",0.8756223356901365,0.0,-0.4212814647905817,1.1632635800357687,5740.35499999809
20,2,17,"(312.5, 437.5, 13.134116007120344)",0.08750320474307824,0.0,-0.643067246598396,0.9340347084223313,7130.846399999427
20,2,18,"(312.5, 437.5, 13.134116007120344)",0.9114245983353324,754.1729736328125,-0.20946648347627445,0.9657260215864689,2239.0575999997964
20,2,19,"(287.5, 437.5, 16.365669713099226)",0.877026523799326,0.0,-0.43680486393832013,0.6982438926518382,5369.108800001413
20,2,20,"(287.5, 462.5, 17.977012825427398)",0.026891112327573394,0.0,-0.620440606967104,0.247353394402484,6305.421999997634
20,2,21,"(287.5, 462.5, 17.977012825427398)",0.583744520524902,787.8684692382812,-0.19510473486376587,0.5148838034581462,2197.8116999998747
20,3,0,"(462.5, 487.5, 3.127296379115885)",0.6183498388570974,546.7669677734375,-0.2338999750038034,2.536202174540918,2219.9083999985305
20,3,1,"(462.5, 462.5, 3.1411719247664083)",0.49511662056159583,0.0,-0.4208011592757641,2.149094849883888,5563.515500001813
20,3,2,"(437.5, 462.5, 4.032539977718922)",0.05828648308912733,0.0,-0.6183797502464369,1.946472884725744,6278.862999999546
20,3,3,"(437.5, 462.5, 4.032539977718922)",0.3895057360273404,733.5653686523438,-0.20307066559300205,2.0126137114149665,2219.9753999993845
20,3,4,"(412.5, 462.5, 5.176557100199439)",0.4688334686778711,0.0,-0.40846406124748763,1.7995712409466589,5676.088200001686
20,3,5,"(387.5, 462.5, 6.644563227708976)",0.06184289356071248,0.0,-0.6050680021761285,1.4775061541176875,6306.107799999154
20,3,6,"(387.5, 462.5, 6.644563227708976)",0.444633383591933,738.9302978515625,-0.2009299733221262,1.5844666610660365,2218.1707999989158
20,3,7,"(362.5, 462.5, 8.527721324025148)",0.465735488625078,0.0,-0.39539289913864745,1.2938496986292396,5653.433800001949
20,3,8,"(337.5, 462.5, 10.942007264844266)",0.035401302079359,0.0,-0.5840305120216985,0.9368124618734744,6299.859700000525
20,3,9,"(337.5, 462.5, 10.942007264844266)",0.5045797515929389,749.0463256835938,-0.1965068431068424,1.066206296620539,2239.744200000132
20,3,10,"(312.5, 462.5, 14.033224262378283)",0.5119603511532396,0.0,-0.3905664364612289,0.8013543531445723,5324.331600000733
20,3,11,"(312.5, 437.5, 13.134116007120344)",0.0674332926670798,0.0,-0.5982651601449795,0.5778614639366996,6450.08119999693
20,3,12,"(312.5, 437.5, 13.134116007120344)",0.7428498630954257,754.7158203125,-0.21256139994075196,0.880432033174558,2258.6674000012863
20,3,13,"(287.5, 437.5, 16.365669713099226)",0.8787971352508035,0.0,-0.4340630703068058,0.7478568155142665,5348.14489999917
20,3,14,"(287.5, 462.5, 17.977012825427398)",0.02797853946685349,0.0,-0.6208651557901642,0.2601449348793613,6299.536599999556
20,3,15,"(287.5, 462.5, 17.977012825427398)",0.580549159652077,786.9613037109375,-0.19522732282569313,0.5158281833841852,2264.087399998971
20,4,0,"(462.5, 487.5, 3.127296379115885)",0.6172922878256144,546.7002563476562,-0.2338999750038034,2.536202167667043,2239.8838000008254
20,4,1,"(462.5, 462.5, 3.1411719247664083)",0.48560914807664435,0.0,-0.4208011592757642,2.149094849766075,5550.581700001203
20,4,2,"(462.5, 437.5, 3.0693002026442198)",0.061194951335570034,0.0,-0.6250309192379062,2.0198698260798906,6482.618599999114
20,4,3,"(462.5, 437.5, 3.0693002026442198)",0.37951865640358556,732.88671875,-0.20220688602380646,2.1985803991763992,2232.747999998537
20,4,4,"(462.5, 412.5, 2.919906180572381)",0.42044632259343706,0.0,-0.40920014893080964,2.1489833584372398,5687.5541000008525
20,4,5,"(462.5, 387.5, 2.7089644303699463)",0.0571967512368914,0.0,-0.6129833968088945,2.0326437446209122,6894.013500001165
20,4,6,"(462.5, 387.5, 2.7089644303699463)",0.3470290943590931,733.9199829101562,-0.20100779401949637,2.292232193696095,2228.4173000007286
20,4,7,"(462.5, 362.5, 2.4565270421865075)",0.40883266250932754,0.0,-0.4084382411619559,2.3053324843313203,5726.655499998742
20,4,8,"(462.5, 337.5, 2.1828984217128706)",0.04829967021941921,0.0,-0.6125719979759013,2.213217243693454,6980.031199997029
20,4,9,"(462.5, 337.5, 2.1828984217128706)",0.297765795537327,733.7250366210938,-0.2007383242500643,2.473620205089663,2277.1261999987473
20,4,10,"(462.5, 312.5, 1.9057706001378085)",0.34048118604728084,0.0,-0.40752221880317135,2.49761828132839,5744.187000000238
20,4,11,"(462.5, 287.5, 1.6387307756259826)",0.03934403260549863,0.0,-0.6093550867808801,2.4202105015624227,6750.6726999999955
20,4,12,"(462.5, 287.5, 1.6387307756259826)",0.2465456409806401,733.4747314453125,-0.20024531116865882,2.6045573906194517,2263.6101999996754
20,4,13,"(462.5, 262.5, 1.3909688886982803)",0.2769019152133072,0.0,-0.4055901419547367,2.609756768777937,5704.206800000975
20,4,14,"(437.5, 262.5, 1.6629239389874948)",0.0432578076918941,0.0,-0.6056150885074906,2.5221259549172497,6223.167200001626
20,4,15,"(437.5, 262.5, 1.6629239389874948)",0.25456677628634866,735.5942993164062,-0.2020686687510279,2.6159197386660002,2251.5362999984063
20,4,16,"(412.5, 262.5, 1.9657998932270644)",0.35290474205456457,0.0,-0.4063571119616261,2.5525600590309474,5694.568099999742
20,4,17,"(412.5, 237.5, 1.6163909269654968)",0.04385999341804918,0.0,-0.6034595537749574,2.453287221338698,6177.828600000794
20,4,18,"(412.5, 237.5, 1.6163909269654968)",0.2486439771777087,736.587646484375,-0.20044712860445543,2.5794926037450074,2233.509400000912
20,4,19,"(387.5, 237.5, 1.86489266876442)",0.3414884030090447,0.0,-0.40429601847484253,2.5440702753884796,5685.601999997743
20,4,20,"(387.5, 262.5, 2.2927863351327353)",0.04750030736129784,0.0,-0.6061073599308743,2.431362555053789,6190.175799998542
20,4,21,"(387.5, 262.5, 2.2927863351327353)",0.29972740334626474,737.1529541015625,-0.20318969787915442,2.529285070034935,2226.4355000006617
20,4,22,"(387.5, 287.5, 2.795360823982221)",0.4229123149400177,0.0,-0.41272939368773814,2.440359038848739,5925.214699997014
20,4,23,"(387.5, 312.5, 3.371997408476144)",0.074929808576885,0.0,-0.6251056531059002,2.2191553717702184,6336.356700001488
20,4,24,"(387.5, 312.5, 3.371997408476144)",0.4051744861328174,737.8248901367188,-0.21066038343728855,2.3199817732970645,2205.830999999307
20,4,25,"(387.5, 337.5, 4.012520353342856)",0.5292619140909758,0.0,-0.4173437565374669,2.111936011636519,5695.495100000699
20,4,26,"(387.5, 362.5, 4.6920389042223976)",0.07896663248536016,0.0,-0.6248559574650553,1.769014410412897,6270.575000002282
20,4,27,"(387.5, 362.5, 4.6920389042223976)",0.45909044118967973,739.472412109375,-0.20987107760235615,1.9313068188676679,2255.2312000007078
20,4,28,"(387.5, 387.5, 5.365977503075057)",0.5278753957621615,0.0,-0.4134700331910535,1.7216426358759802,5689.888200002315
20,4,29,"(362.5, 387.5, 6.644563227708976)",0.054579431811965215,0.0,-0.608158251636618,1.4466199223031064,6217.653399999108
20,4,30,"(362.5, 387.5, 6.644563227708976)",0.49853690983924404,742.2127685546875,-0.2011331438220415,1.6774277958782826,2257.0032000003266
20,4,31,"(337.5, 387.5, 8.122025837780313)",0.6162276194408248,0.0,-0.40218983748331505,1.528095702169322,5728.046799998992
20,4,32,"(312.5, 387.5, 9.73254467824523)",0.07388100524742261,0.0,-0.6096597554582268,1.3188500460412471,6225.96060000069
20,4,33,"(312.5, 387.5, 9.73254467824523)",0.7556417835494057,747.8883056640625,-0.20586351081229454,1.4489423599097755,2268.4081999977934
20,4,34,"(312.5, 412.5, 11.543004562335339)",0.8752847800952155,0.0,-0.42127754001954576,1.163134639521387,5714.029100003245
20,4,35,"(312.5, 437.5, 13.134116007120344)",0.09000580509503149,0.0,-0.6430673407467296,0.934022647539722,7122.71200000032
20,4,36,"(312.5, 437.5, 13.134116007120344)",0.9115109167229055,753.865234375,-0.20946668046542882,0.9657251953086198,2256.1703999999736
20,4,37,"(287.5, 437.5, 16.365669713099226)",0.8572161972084886,0.0,-0.4368048639862633,0.6982421154146551,5350.244900000689
20,4,38,"(287.5, 462.5, 17.977012825427398)",0.027189691861473585,0.0,-0.6204406033265519,0.24735316971042037,6425.501199999417
20,4,39,"(287.5, 462.5, 17.977012825427398)",0.5810170929168729,786.1865844726562,-0.19510473846286835,0.5148838193468671,2249.2382999989786
20,5,0,"(462.5, 487.5, 3.127296379115885)",0.6170477111762871,546.7544555664062,-0.23389997500380333,2.536202115938816,2252.3643000022275
20,5,1,"(462.5, 462.5, 3.1411719247664083)",0.4934539611473242,0.0,-0.4208011592757641,2.149094849560213,5624.951499998133
20,5,2,"(462.5, 437.5, 3.0693002026442198)",0.060097351670255365,0.0,-0.6250309192379062,2.0198698260798915,6583.622999998624
20,5,3,"(462.5, 437.5, 3.0693002026442198)",0.3772405489118178,733.0027465820312,-0.20220688602380646,2.1985803988392916,2254.1922999989765
20,5,4,"(462.5, 412.5, 2.919906180572381)",0.4148591563800331,0.0,-0.4092001489308097,2.148983358440802,5744.953599998553
20,5,5,"(462.5, 387.5, 2.7089644303699463)",0.05319235225517778,0.0,-0.6129833968088946,2.0326437446209127,6969.974999999977
20,5,6,"(462.5, 387.5, 2.7089644303699463)",0.3433946005324596,733.989990234375,-0.2010077940194964,2.29223214456871,2233.3042999998725
20,5,7,"(437.5, 387.5, 3.41874755045311)",0.4361630380283051,0.0,-0.40612918756254085,2.1735086109622306,5756.9386000031955
20,5,8,"(412.5, 387.5, 4.295992126710907)",0.06053224205970387,0.0,-0.6067827352282807,1.9697407944824488,6262.937899999088
20,5,9,"(412.5, 387.5, 4.295992126710907)",0.4035886035671648,738.3077392578125,-0.20405229515292386,2.056367360609766,2251.311699998041
20,5,10,"(387.5, 387.5, 5.365977503075057)",0.5243584052784793,0.0,-0.4084996030737334,1.8776741243495179,5684.526200002438
20,5,11,"(362.5, 387.5, 6.644563227708976)",0.05927770833176207,0.0,-0.6060334353094724,1.6190979711601114,6187.118900001224
20,5,12,"(362.5, 387.5, 6.644563227708976)",0.5141112005417698,741.7879638671875,-0.20131717235912766,1.7281931664807557,2235.6416000002355
20,5,13,"(337.5, 387.5, 8.122025837780313)",0.6264655910871206,0.0,-0.40293953909795954,1.5466587513974706,5718.806699998822
20,5,14,"(312.5, 387.5, 9.73254467824523)",0.06695923705898017,0.0,-0.6101429237678053,1.3228974542650842,6200.702800000727
20,5,15,"(312.5, 387.5, 9.73254467824523)",0.7466549015498498,747.7755126953125,-0.20593846843762223,1.4498552347189788,2224.457700001949
20,5,16,"(312.5, 412.5, 11.543004562335339)",0.8572817397036433,0.0,-0.42128146479058176,1.163263580035769,5687.720300000365
20,5,17,"(312.5, 437.5, 13.134116007120344)",0.09343736370405016,0.0,-0.643067246598396,0.9340347084223313,7088.922599999933
20,5,18,"(312.5, 437.5, 13.134116007120344)",0.9096694144044147,754.1207885742188,-0.20946648347627447,0.9657259754780639,2229.496100000688
20,5,19,"(337.5, 437.5, 10.400297021568935)",0.4401029183748347,0.0,-0.4085603229454444,0.8591953202980134,5084.525700000086
20,5,20,"(337.5, 412.5, 9.377700043801939)",0.07747488717238553,0.0,-0.6319795564735996,0.7158035077441868,6305.665600000793
20,5,21,"(337.5, 412.5, 9.377700043801939)",0.6350830363725805,748.375732421875,-0.2134803262221058,1.0631720427655182,2233.381600002758
20,5,22,"(312.5, 412.5, 11.543004562335339)",0.81439910025306,0.0,-0.42734106736250227,1.180203701630131,5343.014300000505
20,5,23,"(312.5, 437.5, 13.134116007120344)",0.09546106060344,0.0,-0.6451029047477176,0.629068981948013,6726.207600000635
20,5,24,"(312.5, 437.5, 13.134116007120344)",0.7436052134933444,754.37939453125,-0.21001515533647241,0.8633314178438198,2256.147799998871
20,5,25,"(287.5, 437.5, 16.365669713099226)",0.9290932360852621,0.0,-0.4372768856747345,0.7419100146746238,5303.207199998724
20,5,26,"(287.5, 462.5, 17.977012825427398)",0.026398301124576234,0.0,-0.6205915148576756,0.253927395520409,6332.808399998612
20,5,27,"(287.5, 462.5, 17.977012825427398)",0.5942533905510354,787.6691284179688,-0.1951376507306581,0.5146570050774718,2233.4781999998086
20,6,0,"(462.5, 487.5, 3.127296379115885)",0.6185047271893286,546.7921752929688,-0.23389997500380338,2.53620216576949,2270.911800002068
20,6,1,"(462.5, 462.5, 3.1411719247664083)",0.47084018615689194,0.0,-0.4208011592757641,2.14909485029646,5526.859199999308
20,6,2,"(462.5, 437.5, 3.0693002026442198)",0.05759411553541702,0.0,-0.6250309192379061,2.019869826079891,6490.797599999496
20,6,3,"(462.5, 437.5, 3.0693002026442198)",0.37838972538956034,732.8148803710938,-0.20220688602380643,2.1985803841251235,2253.0354999980773
20,6,4,"(462.5, 412.5, 2.919906180572381)",0.4155207950255885,0.0,-0.40920014893080964,2.148983358527361,5706.1006000003545
20,6,5,"(462.5, 387.5, 2.7089644303699463)",0.05628654857473929,0.0,-0.6129833968088946,2.0326437446209127,6970.6666999991285
20,6,6,"(462.5, 387.5, 2.7089644303699463)",0.34673768419140083,733.90234375,-0.20100779401949634,2.292232136490979,2255.792500000098
20,6,7,"(437.5, 387.5, 3.41874755045311)",0.43894070784990996,0.0,-0.40612918756254085,2.173508611035055,5725.407199999609
20,6,8,"(412.5, 387.5, 4.295992126710907)",0.061179627974805445,0.0,-0.6067827352282807,1.969740794482449,6205.185700000584
20,6,9,"(412.5, 387.5, 4.295992126710907)",0.41143712528289106,738.1907348632812,-0.20405229515292386,2.056367347142666,2261.2899000014295
20,6,10,"(387.5, 387.5, 5.365977503075057)",0.5276782152465671,0.0,-0.4084996030737334,1.877674124349518,5726.732899998751
20,6,11,"(362.5, 387.5, 6.644563227708976)",0.05786770085495399,0.0,-0.6060334353094725,1.6190979711601114,6213.436099998944
20,6,12,"(362.5, 387.5, 6.644563227708976)",0.5122394252673483,741.7999877929688,-0.20131717235912766,1.7281931627038676,2235.574700000143
20,6,13,"(337.5, 387.5, 8.122025837780313)",0.62514830954723,0.0,-0.4029395390979595,1.54665875139747,5727.889199999481
20,6,14,"(312.5, 387.5, 9.73254467824523)",0.07089044153689907,0.0,-0.6101429237678054,1.3228974542650846,6219.532300001447
20,6,15,"(312.5, 387.5, 9.73254467824523)",0.7481524265297765,747.525146484375,-0.20593846843762223,1.4498552521953973,2209.5453000001726
20,6,16,"(312.5, 412.5, 11.543004562335339)",0.8625701056511522,0.0,-0.4212814647905818,1.1632635800357691,5672.371199998452
20,6,17,"(312.5, 437.5, 13.134116007120344)",0.09150823950767359,0.0,-0.6430672465983959,0.9340347084223312,7102.345499999501
20,6,18,"(312.5, 437.5, 13.134116007120344)",0.9106574740087274,754.1343383789062,-0.2094664834762745,0.9657259342236393,2216.3244000003033
20,6,19,"(287.5, 437.5, 16.365669713099226)",0.8595759787829005,0.0,-0.4368048639383202,0.6982438923706823,5335.343899998406
20,6,20,"(287.5, 462.5, 17.977012825427398)",0.026337265968316564,0.0,-0.6204406069671037,0.2473533944024839,6297.950299998774
20,6,21,"(287.5, 462.5, 17.977012825427398)",0.5808060881876597,786.7388305664062,-0.1951047348637659,0.514883721304316,2186.6993000003276
20,7,0,"(462.5, 487.5, 3.127296379115885)",0.6189161515275713,546.8042602539062,-0.23389997500380338,2.536202208509682,2214.2261000008148
20,7,1,"(462.5, 462.5, 3.1411719247664083)",0.4908434804228273,0.0,-0.4208011592757642,2.149094849697136,5505.956000000879
20,7,2,"(437.5, 462.5, 4.032539977718922)",0.05773374934992947,0.0,-0.618379750246437,1.9464728847257442,6151.398099998914
20,7,3,"(437.5, 462.5, 4.032539977718922)",0.38924577750694433,733.642578125,-0.203070665593002,2.0126137069300953,2231.344600000739
20,7,4,"(412.5, 462.5, 5.176557100199439)",0.4540087630251575,0.0,-0.40846406124748763,1.7995712411695042,5664.478500002588
20,7,5,"(387.5, 462.5, 6.644563227708976)",0.05053024987383528,0.0,-0.6050680021761285,1.4775061541176873,6342.242499998974
20,7,6,"(387.5, 462.5, 6.644563227708976)",0.4448304610525581,738.7635498046875,-0.20092997332212623,1.5844666579535942,2254.238699999405
20,7,7,"(362.5, 462.5, 8.527721324025148)",0.4837735636371094,0.0,-0.3953928991386475,1.2938496986056136,5695.97739999881
20,7,8,"(337.5, 462.5, 10.942007264844266)",0.027388133108615348,0.0,-0.5840305120216985,0.9368124618734743,6390.081999998074
20,7,9,"(337.5, 462.5, 10.942007264844266)",0.5026607456570122,748.4138793945312,-0.19650684310684244,1.0662062174065823,2246.563000000606
20,7,10,"(312.5, 462.5, 14.033224262378283)",0.5074372242569045,0.0,-0.3905664364612289,0.8013543527857706,5355.3601000021445
20,7,11,"(312.5, 437.5, 13.134116007120344)",0.0719122240940627,0.0,-0.5982651601449795,0.5778614639366996,6445.880100000068
20,7,12,"(312.5, 437.5, 13.134116007120344)",0.7529404145529025,754.3428344726562,-0.21256139994075196,0.8804319754830038,2263.5444999978063
20,7,13,"(287.5, 437.5, 16.365669713099226)",0.89708073075356,0.0,-0.43406307030680574,0.7478568151171765,5328.336100003071
20,7,14,"(287.5, 412.5, 13.851283065501828)",0.06307233870029492,0.0,-0.6445310206215334,0.3286408702009799,7881.795100001909
20,7,15,"(287.5, 412.5, 13.851283065501828)",0.6895061963248222,761.2940673828125,-0.2071640510286074,0.7945550269475606,2237.5098999982583
20,7,16,"(262.5, 412.5, 15.847883528411389)",1.3088120703486685,0.0,-0.48805809393103167,0.9545838166442592,5743.919699998514
20,7,17,"(262.5, 387.5, 12.530028997518446)",0.09868948658307616,0.0,-0.716409068802224,0.6492307575772319,6492.035399998713
20,7,18,"(262.5, 387.5, 12.530028997518446)",0.7416045212992236,756.4314575195312,-0.21040341589042497,0.9478632921348918,2248.61299999975
20,7,19,"(237.5, 387.5, 13.016039592385813)",0.9464050687151168,0.0,-0.4256759713940709,0.9522092390260978,5816.757500000676
20,7,20,"(237.5, 412.5, 16.71281874556001)",0.0315870791673745,0.0,-0.6232717439561516,0.4775808589424689,6279.761400001007
20,7,21,"(237.5, 412.5, 16.71281874556001)",0.7517497363253186,773.8120727539062,-0.19904851777501245,0.7341841725832219,2248.13340000037
20,7,22,"(212.5, 412.5, 15.910281935579775)",1.171862356063439,0.0,-0.4647083906755934,0.7007691689568439,6126.662800001213
20,7,23,"(212.5, 437.5, 19.809611758762614)",0.054879680275914125,0.0,-0.7703624354507361,0.4489726513491035,7725.909099997807
20,7,24,"(212.5, 437.5, 19.809611758762614)",0.8516338463514003,806.1494750976562,-0.2690777577372892,0.6144612327677765,2231.425099998887
20,7,25,"(237.5, 437.5, 21.459341898515387)",1.3558107242979427,0.0,-0.5816758654973511,0.5813488282396383,5719.226100001833
20,8,0,"(462.5, 487.5, 3.127296379115885)",0.6190888631500922,546.6228637695312,-0.23389997500380344,2.5362021490210283,2253.329600000143
20,8,1,"(462.5, 462.5, 3.1411719247664083)",0.4833841461160123,0.0,-0.4208011592757641,2.149094849949602,5520.972999998776
20,8,2,"(462.5, 437.5, 3.0693002026442198)",0.05777626732985186,0.0,-0.625030919237906,2.0198698260798906,6470.320599997649
20,8,3,"(462.5, 437.5, 3.0693002026442198)",0.382873782226891,732.8893432617188,-0.2022068860238065,2.198580452705994,2240.73320000025
20,8,4,"(462.5, 412.5, 2.919906180572381)",0.42041648220581496,0.0,-0.4092001489308096,2.1489833586216385,5731.571299998905
20,8,5,"(462.5, 387.5, 2.7089644303699463)",0.05271273354690082,0.0,-0.6129833968088946,2.0326437446209127,6864.067200000136
20,8,6,"(462.5, 387.5, 2.7089644303699463)",0.3408596414913168,734.0234375,-0.20100779401949634,2.292232151593814,2238.3894999984477
20,8,7,"(462.5, 362.5, 2.4565270421865075)",0.40329346177721787,0.0,-0.4084382411619558,2.305332484342061,5640.749199999846
20,8,8,"(462.5, 337.5, 2.1828984217128706)",0.045144518216469,0.0,-0.6125719979759011,2.2132172436934536,6907.615600001009
20,8,9,"(462.5, 337.5, 2.1828984217128706)",0.30257602081270407,733.738037109375,-0.20073832425006427,2.473620222378183,2214.2574999998033
20,8,10,"(462.5, 312.5, 1.9057706001378085)",0.33811968453660346,0.0,-0.4075222188031713,2.497618281578424,5666.746099999727
20,8,11,"(462.5, 287.5, 1.6387307756259826)",0.04561539491015907,0.0,-0.60935508678088,2.420210501562423,6676.84250000093
20,8,12,"(462.5, 287.5, 1.6387307756259826)",0.24770221976998724,733.418212890625,-0.2002453111686588,2.6045573671586637,2215.2342000008503
20,8,13,"(437.5, 287.5, 1.9802988879790537)",0.32859400962689816,0.0,-0.40436448824733456,2.5565125349513766,5685.980700000073
20,8,14,"(437.5, 262.5, 1.6629239389874948)",0.0394399315119222,0.0,-0.602317510767531,2.457570964655665,6179.696800001693
20,8,15,"(437.5, 262.5, 1.6629239389874948)",0.25819387837530816,735.6093139648438,-0.2011335952545183,2.594404719909454,2247.068100001343
20,8,16,"(437.5, 237.5, 1.3819496843188617)",0.26591223140858533,0.0,-0.404923241354556,2.583954839395613,5685.63709999944
20,8,17,"(412.5, 237.5, 1.6163909269654968)",0.046503817041679,0.0,-0.6040078507835137,2.5031873898986774,6147.372300001734
20,8,18,"(412.5, 237.5, 1.6163909269654968)",0.2466883910293521,736.5577392578125,-0.2011400368584057,2.5947616715862014,2227.2908999984793
20,8,19,"(387.5, 237.5, 1.86489266876442)",0.33228921587099164,0.0,-0.40479853452274805,2.547580973309797,5662.322299998777
20,8,20,"(387.5, 262.5, 2.2927863351327353)",0.04688510795435554,0.0,-0.6062458750919758,2.432162882839637,6161.186300003465
20,8,21,"(387.5, 262.5, 2.2927863351327353)",0.29999369672999243,737.0851440429688,-0.20324096376336798,2.529376427096772,2209.340900000825
20,8,22,"(387.5, 287.5, 2.795360823982221)",0.42794929329173526,0.0,-0.41274204885344357,2.4403064196948994,5704.567400000087
20,8,23,"(387.5, 312.5, 3.371997408476144)",0.06677946945035503,0.0,-0.625098283378007,2.2190834199323533,6354.950299999473
20,8,24,"(387.5, 312.5, 3.371997408476144)",0.40902975594093666,737.8268432617188,-0.2106585691074686,2.319967061777546,2243.307900000218
20,8,25,"(387.5, 337.5, 4.012520353342856)",0.53269726124896,0.0,-0.41734353122013046,2.1119337901378343,5735.722299999907
20,8,26,"(387.5, 362.5, 4.6920389042223976)",0.06761488815150922,0.0,-0.6248559711434762,1.7690143788766495,6284.3078000005335
20,8,27,"(387.5, 362.5, 4.6920389042223976)",0.44912044195916967,739.4603271484375,-0.20987107274248976,1.9313066970873873,2253.7764999979117
20,8,28,"(387.5, 387.5, 5.365977503075057)",0.5071798082395871,0.0,-0.41347001697937746,1.7216426852912263,5749.1574000014225
20,8,29,"(362.5, 387.5, 6.644563227708976)",0.05971703430014039,0.0,-0.6081582560626261,1.446619922038747,6220.719299999473
20,8,30,"(362.5, 387.5, 6.644563227708976)",0.503190299900571,742.3910522460938,-0.20113315041693028,1.6774277837451306,2234.5716000018
20,8,31,"(337.5, 387.5, 8.122025837780313)",0.6297954019925225,0.0,-0.4021898335388575,1.5280957070104124,5701.652099996863
20,8,32,"(312.5, 387.5, 9.73254467824523)",0.07356223960716708,0.0,-0.6096597519598275,1.318850093692722,6192.287999998371
20,8,33,"(312.5, 387.5, 9.73254467824523)",0.750064936061646,747.8473510742188,-0.2058635118933107,1.4489423493954239,2280.397099999391
20,8,34,"(312.5, 412.5, 11.543004562335339)",0.8511988596114988,0.0,-0.42127753729991,1.1631346330579881,5649.685500000487
20,8,35,"(312.5, 437.5, 13.134116007120344)",0.08788864811262258,0.0,-0.643067328558379,0.9340226464260012,7070.07479999811
20,8,36,"(312.5, 437.5, 13.134116007120344)",0.9005239821899114,754.1138916015625,-0.20946667849881756,0.9657251695934571,2221.137799999269
20,8,37,"(287.5, 437.5, 16.365669713099226)",0.8483858695842701,0.0,-0.436804858904161,0.6982420976483076,5337.197199998627
20,8,38,"(287.5, 462.5, 17.977012825427398)",0.024399558703107456,0.0,-0.6204406032684101,0.24735315983819606,6300.3643000010925
20,8,39,"(287.5, 462.5, 17.977012825427398)",0.578267067548939,787.2907104492188,-0.19510473846286833,0.5148837098710825,2237.2959000022092
20,9,0,"(462.5, 487.5, 3.127296379115885)",0.6173961508129612,546.6729736328125,-0.23389997500380336,2.5362021150450444,2199.267099997087
20,9,1,"(462.5, 462.5, 3.1411719247664083)",0.4994200498478928,0.0,-0.4208011592757641,2.1490948497681095,5518.536800002039
20,9,2,"(437.5, 462.5, 4.032539977718922)",0.06121140221754786,0.0,-0.6183797502464369,1.9464728847257435,6159.5564000017475
20,9,3,"(437.5, 462.5, 4.032539977718922)",0.39256581174937444,733.6674194335938,-0.20307066559300202,2.012613698977005,2190.3922999990755
20,9,4,"(412.5, 462.5, 5.176557100199439)",0.46580047047656153,0.0,-0.4084640612474877,1.7995712412341105,5671.327100000781
20,9,5,"(387.5, 462.5, 6.644563227708976)",0.058959300319341906,0.0,-0.6050680021761284,1.4775061541176877,6284.758800000418
20,9,6,"(387.5, 462.5, 6.644563227708976)",0.4482246622215443,738.8176879882812,-0.20092997332212625,1.5844666248492312,2237.6581999997143
20,9,7,"(362.5, 462.5, 8.527721324025148)",0.4847123940145049,0.0,-0.39539289913864745,1.2938496986652133,5663.9953999983845
20,9,8,"(337.5, 462.5, 10.942007264844266)",0.03339930127063816,0.0,-0.5840305120216985,0.9368124618734743,6318.670200002089
20,9,9,"(337.5, 462.5, 10.942007264844266)",0.5108314805008318,749.0126342773438,-0.19650684310684238,1.0662062713118214,2225.0442000004114
20,9,10,"(312.5, 462.5, 14.033224262378283)",0.5009805864748755,0.0,-0.3905664364612289,0.8013543530312307,5382.864699997299
20,9,11,"(312.5, 437.5, 13.134116007120344)",0.07062253852685675,0.0,-0.5982651601449794,0.5778614639366995,6416.647399997601
20,9,12,"(312.5, 437.5, 13.134116007120344)",0.7450783243364016,754.4069213867188,-0.21256139994075196,0.8804320652077826,2228.6824000002525
20,9,13,"(287.5, 437.5, 16.365669713099226)",0.8813852064311669,0.0,-0.43406307030680585,0.7478568151250498,5324.2809000003035
20,9,14,"(287.5, 412.5, 13.851283065501828)",0.0688515255848554,0.0,-0.6445310206215334,0.3286408702009799,7872.545100002753
20,9,15,"(287.5, 412.5, 13.851283065501828)",0.6843538500445625,761.19091796875,-0.20716405102860738,0.7945550825442236,2235.520300000644
20,9,16,"(262.5, 412.5, 15.847883528411389)",1.3208506543789644,0.0,-0.48805809393103167,0.9545838166442592,5712.138399998366
20,9,17,"(262.5, 387.5, 12.530028997518446)",0.0987281103928874,0.0,-0.716409068802224,0.6492307575772319,6414.745199999743
20,9,18,"(262.5, 387.5, 12.530028997518446)",0.7419283706026212,757.603759765625,-0.21040341589042497,0.9478633294677886,2247.2702999984904
20,9,19,"(237.5, 387.5, 13.016039592385813)",0.9047721508330057,0.0,-0.4256759713940708,0.9522092390260979,5690.734900003008
20,9,20,"(237.5, 412.5, 16.71281874556001)",0.029656206568082752,0.0,-0.6232717439561514,0.4775808589424688,6280.46749999703
20,9,21,"(237.5, 412.5, 16.71281874556001)",0.7502690731922251,772.3685302734375,-0.19904851777501245,0.734184182599922,2263.3320999993884
20,9,22,"(212.5, 412.5, 15.910281935579775)",1.1340519491130465,0.0,-0.4647083906755933,0.7007691689568437,6082.531399999425
20,9,23,"(212.5, 437.5, 19.809611758762614)",0.0550578584273632,0.0,-0.7703624354507359,0.44897265134910347,7823.71840000269
20,9,24,"(212.5, 437.5, 19.809611758762614)",0.8648265919331478,805.8658447265625,-0.2690777577372892,0.6144612343621094,2240.4038999993645
20,9,25,"(237.5, 437.5, 21.459341898515387)",1.3574076326676754,0.0,-0.5816758654973512,0.5813488287975594,5709.015399999771
20,0,0,"(187.5, 387.5, 11.364582883745452)",1.029763961459173,743.9546508789062,-0.22245156611034986,1.8296858031734144,2220.017200001166
20,0,1,"(162.5, 387.5, 9.797797492156253)",0.835162572658478,0.0,-0.430623642710517,1.5015220221428547,5325.798600002599
20,0,2,"(162.5, 412.5, 11.634380720059667)",0.08217101295789418,0.0,-0.6373262701912733,1.001285239599306,6590.570999996999
20,0,3,"(162.5, 412.5, 11.634380720059667)",0.8964210748227296,750.0155029296875,-0.21065050901763777,1.2954505652592863,2203.1282000025385
20,0,4,"(162.5, 437.5, 13.254586740016286)",0.8858007831042336,0.0,-0.41842942669094174,0.9234641867930327,5466.3314999997965
20,0,5,"(137.5, 437.5, 10.499382396270086)",0.03490065534908951,0.0,-0.6061877894133146,0.41668548935923816,6217.390799996792
20,0,6,"(137.5, 437.5, 10.499382396270086)",0.5264675405051705,751.32861328125,-0.1951356551388291,1.0251147138150236,2221.0123000004387
20,0,7,"(137.5, 412.5, 9.458994007438445)",0.8354856182988971,0.0,-0.41797288822433537,1.0914385181171353,5654.944000001706
20,0,8,"(162.5, 412.5, 11.634380720059667)",0.0764878292878251,0.0,-0.6210508049720854,0.7512409972439975,6195.010899999033
20,0,9,"(162.5, 412.5, 11.634380720059667)",0.8238875252424709,751.7144165039062,-0.20896250083166062,1.2434792516404574,2210.949399999663
20,0,10,"(162.5, 437.5, 13.254586740016286)",0.8756170158783204,0.0,-0.42207942902474027,0.8154200514043982,5414.411000001564
20,0,11,"(187.5, 437.5, 16.502195647044346)",0.04424923161665303,0.0,-0.6251667111325853,0.3615637535012332,6172.795899998164
20,0,12,"(187.5, 437.5, 16.502195647044346)",0.7495909514683478,770.1057739257812,-0.21095712380677736,0.7188270639278482,2219.0131999996083
20,0,13,"(187.5, 462.5, 18.15511649450833)",0.64780536449141,0.0,-0.4076280983014337,0.4583281119972164,5675.101500000892
20,1,0,"(187.5, 387.5, 11.364582883745452)",1.0257181580796184,743.9273071289062,-0.22245156611034986,1.8296858412722636,2207.2169999992184
20,1,1,"(212.5, 387.5, 12.56601886791643)",1.1320121191860875,0.0,-0.4531727463050995,1.419501516695861,5311.21770000027
20,1,2,"(237.5, 387.5, 13.016039592385813)",0.05687069396176387,0.0,-0.6699879646435299,0.9512655137481648,6158.131200001662
20,1,3,"(237.5, 387.5, 13.016039592385813)",0.9604933197597234,751.8611450195312,-0.21469656594230757,1.2583630426363743,2216.5629000010085
20,1,4,"(237.5, 362.5, 10.136936791802604)",0.5075285659245847,0.0,-0.41574411984170134,1.0634581040001436,5638.5893000006035
20,1,5,"(262.5, 362.5, 9.841761282285685)",0.09671799341837173,0.0,-0.642413776100356,0.9559292826992174,6467.964799998299
20,1,6,"(262.5, 362.5, 9.841761282285685)",0.7331648369387471,746.953125,-0.2129045308336526,1.3394911421054532,2233.387100000982
20,1,7,"(262.5, 387.5, 12.530028997518446)",0.7982956700966943,0.0,-0.4078897164706228,1.1012514353251048,5055.151800002932
20,1,8,"(287.5, 387.5, 11.306348749090457)",0.0923071106275076,0.0,-0.6366501257823552,0.7559211481991249,7234.636799999862
20,1,9,"(287.5, 387.5, 11.306348749090457)",0.8389679625350327,746.9495239257812,-0.22197530467698648,1.3067888718717917,2265.2250999999524
20,1,10,"(287.5, 412.5, 13.851283065501828)",0.7751368198714728,0.0,-0.4097136287683203,1.0699139937058624,5328.239200000098
20,1,11,"(312.5, 412.5, 11.543004562335339)",0.08193172514438371,0.0,-0.6249496128228962,0.7400440286816082,7486.26399999921
20,1,12,"(312.5, 412.5, 11.543004562335339)",0.7291926695892219,754.2174072265625,-0.2121255838838396,1.044745261975053,2282.6620999985607
20,1,13,"(312.5, 437.5, 13.134116007120344)",0.9380271075143412,0.0,-0.429685167410496,0.8798159843888783,5471.857900000032
20,1,14,"(337.5, 437.5, 10.400297021568935)",0.03596020986636457,0.0,-0.6195095409167103,0.4532017132019747,6305.584500001714
20,1,15,"(337.5, 437.5, 10.400297021568935)",0.5500118357247534,750.4251098632812,-0.19664858004919877,1.0503907216813912,2265.887699999439
20,1,16,"(337.5, 412.5, 9.377700043801939)",0.862411672966151,0.0,-0.42056873032642555,1.107272355810751,5677.766200002225
20,1,17,"(312.5, 412.5, 11.543004562335339)",0.08041236301261764,0.0,-0.6296211720963711,0.8019819415857878,6337.519500000781
20,1,18,"(312.5, 412.5, 11.543004562335339)",0.8360674831302235,749.9432373046875,-0.21238135642527492,1.282219823845604,2234.939199999644
20,1,19,"(312.5, 437.5, 13.134116007120344)",0.9583436572535683,0.0,-0.43246078825250517,0.8610154886614655,5471.832399998675
20,1,20,"(287.5, 437.5, 16.365669713099226)",0.07111089924970526,0.0,-0.6504446296009567,0.399690953200106,6366.824599997926
20,1,21,"(287.5, 437.5, 16.365669713099226)",0.8002746385075107,768.2431640625,-0.22318541878211773,0.7523271070010493,2221.7289000000164
20,1,22,"(287.5, 462.5, 17.977012825427398)",0.6459091368514651,0.0,-0.4234275784199975,0.5158456762634367,5666.463099998509
20,2,0,"(187.5, 387.5, 11.364582883745452)",1.0321837669406568,743.76513671875,-0.22245156611034983,1.8296857770137371,2210.311599999841
20,2,1,"(187.5, 362.5, 9.103110310900643)",0.7902568086079831,0.0,-0.43731759362321654,1.493107318310037,5706.8177000001015
20,2,2,"(162.5, 362.5, 8.044975170611863)",0.037229850888276565,0.0,-0.63620628054727,1.243256334548911,6424.45299999963
20,2,3,"(162.5, 362.5, 8.044975170611863)",0.5950225765281412,743.7125244140625,-0.19885298725045394,1.5857306702225407,2201.755400001275
20,2,4,"(162.5, 387.5, 9.797797492156253)",0.8302944229136136,0.0,-0.4117219509923215,1.4653977302206889,5637.904499999422
20,2,5,"(162.5, 412.5, 11.634380720059667)",0.07774246732394076,0.0,-0.6087360083407063,1.093689319770997,6160.067600001639
20,2,6,"(162.5, 412.5, 11.634380720059667)",0.8817998193989827,751.25537109375,-0.2098184659206284,1.2458354023086735,2196.2908999994397
20,2,7,"(187.5, 412.5, 13.941569591049829)",0.7311762381594022,0.0,-0.40947656224848983,0.9968972579053245,5422.356499999296
20,2,8,"(187.5, 437.5, 16.502195647044346)",0.020185563713313995,0.0,-0.6235722541878094,0.5428781450967821,6670.7360000000335
20,2,9,"(187.5, 437.5, 16.502195647044346)",0.7775895924741292,767.89111328125,-0.20978946504380608,0.7317979465609125,2210.913300001266
20,2,10,"(212.5, 437.5, 19.809611758762614)",1.1119032929163715,0.0,-0.49009819924477666,0.5794332998427398,5670.138600002247
20,2,11,"(212.5, 412.5, 15.910281935579775)",0.09689050912857079,0.0,-0.7580641072881431,0.27458955352567205,7823.294900001201
20,2,12,"(212.5, 412.5, 15.910281935579775)",0.7700720703848379,776.009765625,-0.27059287370871327,0.6342818270457893,2240.538699999888
20,2,13,"(237.5, 412.5, 16.71281874556001)",0.9652801803363737,0.0,-0.47513725680791774,0.7253378920995686,5358.430500000395
20,2,14,"(237.5, 437.5, 21.459341898515387)",0.009372547268884892,0.0,-0.6483141332285038,0.19193271479267177,6766.393199999584
20,2,15,"(237.5, 437.5, 21.459341898515387)",0.5828855355925482,804.1370849609375,-0.1946123367957923,0.3963982165622731,2257.129800000257
20,2,16,"(262.5, 437.5, 19.691492564685472)",1.0284657614813786,0.0,-0.5367398477195693,0.5378744940457151,5938.276100001531
20,3,0,"(187.5, 387.5, 11.364582883745452)",1.0327760149480665,743.8773803710938,-0.2224515661103498,1.8296858244922822,2261.7736000029254
20,3,1,"(187.5, 362.5, 9.103110310900643)",0.7976816968789373,0.0,-0.4373175936232164,1.4931073183100367,5696.031600000424
20,3,2,"(162.5, 362.5, 8.044975170611863)",0.053759093085914665,0.0,-0.6362062805472702,1.2432563345489116,6491.005199997744
20,3,3,"(162.5, 362.5, 8.044975170611863)",0.5983350586280238,743.6415405273438,-0.19885298725045397,1.585730648306209,2248.6701999987417
20,3,4,"(162.5, 387.5, 9.797797492156253)",0.8370218956757203,0.0,-0.41172195099232156,1.4653977302206889,5720.993699997052
20,3,5,"(162.5, 412.5, 11.634380720059667)",0.07140434781710997,0.0,-0.6087360083407065,1.0936893197709971,6202.3418999997375
20,3,6,"(162.5, 412.5, 11.634380720059667)",0.8755753282748949,751.5382690429688,-0.20981846592062844,1.2458353855335214,2253.6627000008593
20,3,7,"(137.5, 412.5, 9.458994007438445)",0.6920969435954151,0.0,-0.42855492947543944,1.1019756414469324,5397.123899998405
20,3,8,"(137.5, 387.5, 8.184609533832969)",0.035399983326589606,0.0,-0.6266307726379677,0.9061750419077468,6847.278899997036
20,3,9,"(137.5, 387.5, 8.184609533832969)",0.4954021011288053,746.7809448242188,-0.19621410071634207,1.2689333304965593,2251.90140000268
20,3,10,"(162.5, 387.5, 9.797797492156253)",0.7432837174250702,0.0,-0.40415181899749647,1.3468681545741124,5674.841000000015
20,3,11,"(187.5, 387.5, 11.364582883745452)",0.07703909774621423,0.0,-0.6110513283398348,1.1487705235678691,6247.333899998921
20,3,12,"(187.5, 387.5, 11.364582883745452)",0.8765296426393328,747.92236328125,-0.212012122590127,1.4100724054718803,2234.1882000000624
20,3,13,"(187.5, 412.5, 13.941569591049829)",0.7233600376970543,0.0,-0.40676897769511194,0.9900072724254372,5311.659300001338
20,3,14,"(212.5, 412.5, 15.910281935579775)",0.1369705796241786,0.0,-0.6937352512848793,0.738853569843393,7534.85549999823
20,3,15,"(212.5, 412.5, 15.910281935579775)",1.0812116540737118,756.9887084960938,-0.2682257119220475,0.9714672344939184,2202.186400001665
20,3,16,"(237.5, 412.5, 16.71281874556001)",0.878963443044502,0.0,-0.4622410483140973,0.7589406014391586,5171.065600003203
20,3,17,"(237.5, 437.5, 21.459341898515387)",0.007913981874793755,0.0,-0.6479707919189537,0.18777048217204137,6465.811800000665
20,3,18,"(237.5, 437.5, 21.459341898515387)",0.6005227510468385,804.6929321289062,-0.19457813634032423,0.3966236037913033,2216.688800002885
20,3,19,"(262.5, 437.5, 19.691492564685472)",1.0661610459479038,0.0,-0.5364852859885646,0.5381855867467498,5913.0187000009755
20,4,0,"(187.5, 387.5, 11.364582883745452)",1.0274034762246298,743.7059936523438,-0.22245156611034983,1.8296858300005925,2193.724700002349
20,4,1,"(212.5, 387.5, 12.56601886791643)",1.110077759188099,0.0,-0.45317274630509946,1.419501516695861,5270.764700002474
20,4,2,"(212.5, 362.5, 9.863883753989105)",0.05609258015950068,0.0,-0.6537467658562309,0.95671096300084,6864.194900001166
20,4,3,"(212.5, 362.5, 9.863883753989105)",0.6993469154464187,748.129638671875,-0.20084913756472966,1.36173198427772,2215.432699998928
20,4,4,"(237.5, 362.5, 10.136936791802604)",0.8980257951017014,0.0,-0.4259638543009707,1.4527483200090165,5721.430100002181
20,4,5,"(237.5, 387.5, 13.016039592385813)",0.08140372733275461,0.0,-0.6380028756084212,0.9344095430213811,6185.244500000408
20,4,6,"(237.5, 387.5, 13.016039592385813)",0.8607435837954678,753.5006103515625,-0.2151572647894093,1.1491193713225174,2248.8086000012117
20,4,7,"(262.5, 387.5, 12.530028997518446)",1.0297729569050842,0.0,-0.435824979134033,1.0641632972596133,5698.940300000686
20,4,8,"(262.5, 412.5, 15.847883528411389)",0.12536641955377748,0.0,-0.6776382611266837,0.5217023033275949,6876.797799999622
20,4,9,"(262.5, 412.5, 15.847883528411389)",1.0661051652449656,756.6712036132812,-0.2546184761416348,0.9150900647882942,2293.507000002137
20,4,10,"(287.5, 412.5, 13.851283065501828)",0.8804055539701835,0.0,-0.48635201853155074,0.9694459097009126,4919.494300000224
20,4,11,"(287.5, 437.5, 16.365669713099226)",0.03235365450381624,0.0,-0.7259172421562383,0.5691390872768975,6779.542700001912
20,4,12,"(287.5, 437.5, 16.365669713099226)",0.8014082124365152,768.3121337890625,-0.22019325163663586,0.7508968260050559,2254.109499997867
20,4,13,"(262.5, 437.5, 19.691492564685472)",1.2269314743047801,0.0,-0.5108931155798959,0.6012796054676353,5657.5728000025265
20,4,14,"(262.5, 412.5, 15.847883528411389)",0.13841729362805638,0.0,-0.7942320272469423,0.3879863387393953,7899.0119000009145
20,4,15,"(262.5, 412.5, 15.847883528411389)",0.8798018115097771,772.5614013671875,-0.2801743920006803,0.7176568474715712,2246.8197000016517
20,4,16,"(237.5, 412.5, 16.71281874556001)",0.8933794702126776,0.0,-0.46733816828800306,0.6882072749763174,5202.64970000062
20,4,17,"(237.5, 437.5, 21.459341898515387)",0.009372467796014871,0.0,-0.6406235993822794,0.16396411764504382,6482.991000000766
20,4,18,"(237.5, 437.5, 21.459341898515387)",0.5792585212769482,805.7647705078125,-0.19458100148680027,0.38858391364011785,2251.137100000051
20,4,19,"(212.5, 437.5, 19.809611758762614)",0.8496246081805406,0.0,-0.5235192251723946,0.5139097376920021,5718.188099999679
20,5,0,"(187.5, 387.5, 11.364582883745452)",1.0354779559552387,743.7866821289062,-0.22245156611034983,1.8296857974515566,2248.3537000007345
20,5,1,"(187.5, 412.5, 13.941569591049829)",0.8267790809317708,0.0,-0.4154507963682988,1.1548763682586094,5370.265599998675
20,5,2,"(212.5, 412.5, 15.910281935579775)",0.1416369080543552,0.0,-0.6987146691977225,0.8084999163550634,7417.940999999701
20,5,3,"(212.5, 412.5, 15.910281935579775)",1.1275861055266843,754.775390625,-0.26683157873823066,1.0256046731659103,2238.7851999992563
20,5,4,"(212.5, 437.5, 19.809611758762614)",1.1524242147579,0.0,-0.553801781484293,0.7117841779447821,5759.916400002112
20,5,5,"(237.5, 437.5, 21.459341898515387)",0.11338312427202817,0.0,-0.867249879959729,0.421656433911343,7475.716299999476
20,5,6,"(237.5, 437.5, 21.459341898515387)",0.9894803942564638,760.4439697265625,-0.2177087616742036,0.6733683793059017,2236.0711000001174
20,6,0,"(187.5, 387.5, 11.364582883745452)",1.032069004497668,743.780029296875,-0.22245156611034983,1.8296857896938201,2209.4031999986328
20,6,1,"(162.5, 387.5, 9.797797492156253)",0.8611619558473091,0.0,-0.43062364271051695,1.5015220221428547,5287.29469999962
20,6,2,"(162.5, 412.5, 11.634380720059667)",0.0840269426504748,0.0,-0.6373262701912732,1.001285239599306,6603.872200001206
20,6,3,"(162.5, 412.5, 11.634380720059667)",0.8990365415955187,749.7478637695312,-0.21065050901763782,1.2954505451780816,2203.8667000015266
20,6,4,"(162.5, 437.5, 13.254586740016286)",0.917394771083589,0.0,-0.4184294266909417,0.9234641871371704,5434.693499999412
20,6,5,"(137.5, 437.5, 10.499382396270086)",0.03253983457882925,0.0,-0.6061877894133146,0.41668548935923816,6176.330700000108
20,6,6,"(137.5, 437.5, 10.499382396270086)",0.5261594015348734,751.1920166015625,-0.1951356551388291,1.0251148061967543,2204.2999000004784
20,6,7,"(137.5, 412.5, 9.458994007438445)",0.8293463943808164,0.0,-0.4179728882243353,1.0914385181171353,5673.743399998784
20,6,8,"(162.5, 412.5, 11.634380720059667)",0.06484052538874402,0.0,-0.6210508049720853,0.7512409972439975,6182.079300000623
20,6,9,"(162.5, 412.5, 11.634380720059667)",0.8193626451337896,751.9265747070312,-0.20896250083166065,1.2434792718681051,2199.8072000023967
20,6,10,"(162.5, 437.5, 13.254586740016286)",0.8600632041931012,0.0,-0.42207942902474027,0.8154200514710807,5432.118699998682
20,6,11,"(187.5, 437.5, 16.502195647044346)",0.044190421700468704,0.0,-0.6251667111325852,0.36156375350123315,6191.75019999966
20,6,12,"(187.5, 437.5, 16.502195647044346)",0.7442298441154709,769.9615478515625,-0.21095712380677736,0.7188270341781242,2229.43270000178
20,6,13,"(187.5, 462.5, 18.15511649450833)",0.6184108800063014,0.0,-0.4076280983014337,0.45832811183869876,5703.560200003267
20,7,0,"(187.5, 387.5, 11.364582883745452)",1.030153769160445,743.8025512695312,-0.22245156611034989,1.8296858185762719,2242.932099998143
20,7,1,"(187.5, 412.5, 13.941569591049829)",0.8299731763406554,0.0,-0.41545079636829874,1.1548763682586096,5315.407199999754
20,7,2,"(162.5, 412.5, 11.634380720059667)",0.0793011685212503,0.0,-0.6330957723351988,0.8306987080623973,7576.976399999694
20,7,3,"(162.5, 412.5, 11.634380720059667)",0.7567457793238559,752.921630859375,-0.21032782937829894,1.104932496107088,2233.4595000029367
20,7,4,"(162.5, 437.5, 13.254586740016286)",0.9158325151853322,0.0,-0.41898675180136186,0.8637488778863165,5452.271299996937
20,7,5,"(137.5, 437.5, 10.499382396270086)",0.03056318561236125,0.0,-0.6058675112987293,0.414803851681922,6211.799699998664
20,7,6,"(137.5, 437.5, 10.499382396270086)",0.5310894517968588,750.5501708984375,-0.1951379495797204,1.0284407171835435,2234.859599997435
20,7,7,"(137.5, 412.5, 9.458994007438445)",0.8291761697097026,0.0,-0.4179670467067844,1.0913300782081239,5693.975499998487
20,7,8,"(162.5, 412.5, 11.634380720059667)",0.07755244771638312,0.0,-0.6210646039075617,0.7513903689696507,6265.06000000154
20,7,9,"(162.5, 412.5, 11.634380720059667)",0.8263554813752165,751.8789672851562,-0.20895911564019676,1.2434647607878149,2241.375400000834
20,7,10,"(162.5, 437.5, 13.254586740016286)",0.878072693010687,0.0,-0.42207824167014607,0.8154101123576816,5491.481799999747
20,7,11,"(187.5, 437.5, 16.502195647044346)",0.032708021501705056,0.0,-0.6251666704892,0.36156337016422346,6297.824199999013
20,7,12,"(187.5, 437.5, 16.502195647044346)",0.760217084361956,769.538330078125,-0.21095710776079396,0.7188268614312273,2248.2861999997112
20,7,13,"(187.5, 462.5, 18.15511649450833)",0.6072469025762766,0.0,-0.40762808616718993,0.45832801557443437,5773.6722999979975
20,8,0,"(187.5, 387.5, 11.364582883745452)",1.0337402761317853,743.7548828125,-0.22245156611034986,1.8296857949165721,2251.571500000864
20,8,1,"(187.5, 362.5, 9.103110310900643)",0.8094966308645957,0.0,-0.43731759362321654,1.493107318310037,5767.269899999519
20,8,2,"(212.5, 362.5, 9.863883753989105)",0.10464827219645187,0.0,-0.6669824949964268,1.2721823146344466,7341.912799998681
20,8,3,"(212.5, 362.5, 9.863883753989105)",0.8621028206415512,744.6396484375,-0.21263297598444367,1.5941146248513143,2247.197900000174
20,8,4,"(237.5, 362.5, 10.136936791802604)",0.9106651387835367,0.0,-0.42394805539443453,1.5108644989900375,5731.817100000626
20,8,5,"(237.5, 387.5, 13.016039592385813)",0.0832587033510267,0.0,-0.6389764082711766,0.9422206529036147,6189.91509999978
20,8,6,"(237.5, 387.5, 13.016039592385813)",0.8599418763860671,753.3036499023438,-0.21516355973383214,1.149195373167213,2230.6528000008257
20,8,7,"(262.5, 387.5, 12.530028997518446)",1.0170535830009495,0.0,-0.43586333347577977,1.0645678413698763,5672.404099997948
20,8,8,"(262.5, 412.5, 15.847883528411389)",0.1331820984681465,0.0,-0.6776478356297871,0.5218012069388561,6952.2878999996465
20,8,9,"(262.5, 412.5, 15.847883528411389)",1.0678282054591202,757.1378784179688,-0.2546194100946155,0.915132273586781,2229.8388999988674
20,8,10,"(287.5, 412.5, 13.851283065501828)",0.8645018050342755,0.0,-0.48635238767750616,0.9694482291133177,4990.486700000474
20,8,11,"(287.5, 437.5, 16.365669713099226)",0.0380842039982624,0.0,-0.7259174545205211,0.5691392191614653,6864.837000000989
20,8,12,"(287.5, 437.5, 16.365669713099226)",0.8032476500109367,768.27001953125,-0.2201932603764961,0.7508967580648231,2228.772599999502
20,8,13,"(262.5, 437.5, 19.691492564685472)",1.2214036410228553,0.0,-0.510893115482284,0.6012796183270926,5679.6355999977095
20,8,14,"(262.5, 412.5, 15.847883528411389)",0.12574924031893486,0.0,-0.7942320295160947,0.3879863426632216,7926.666900002601
20,8,15,"(262.5, 412.5, 15.847883528411389)",0.8841369866938923,772.1337890625,-0.28017438148343365,0.7176568005738372,2230.041599999822
20,8,16,"(237.5, 412.5, 16.71281874556001)",0.8667858264371269,0.0,-0.4673381652046488,0.6882072431485367,5187.653100001626
20,8,17,"(237.5, 437.5, 21.459341898515387)",0.016090944409360732,0.0,-0.6406235867923882,0.16396408196713352,6433.18459999864
20,8,18,"(237.5, 437.5, 21.459341898515387)",0.5831073097698579,806.26806640625,-0.19458100850001794,0.38858383241296274,2239.29020000287
20,8,19,"(212.5, 437.5, 19.809611758762614)",0.8251115630029568,0.0,-0.5235192215638818,0.5139097890528196,5662.805800002388
20,9,0,"(187.5, 387.5, 11.364582883745452)",1.0273564734376264,743.8519897460938,-0.22245156611034983,1.8296857962759971,2254.3661999989126
20,9,1,"(212.5, 387.5, 12.56601886791643)",1.1130220290720083,0.0,-0.45317274630509935,1.4195015166958609,5344.684600000619
20,9,2,"(237.5, 387.5, 13.016039592385813)",0.050937886039415486,0.0,-0.6699879646435299,0.9512655137481647,6209.757799999352
20,9,3,"(237.5, 387.5, 13.016039592385813)",0.957717239276515,751.8529663085938,-0.21469656594230757,1.2583630313009044,2251.723299999867
20,9,4,"(237.5, 362.5, 10.136936791802604)",0.5299772119196993,0.0,-0.41574411984170134,1.063458104000144,5675.063799997588
20,9,5,"(262.5, 362.5, 9.841761282285685)",0.09346397717794482,0.0,-0.6424137761003558,0.9559292826992172,6516.613199997664
20,9,6,"(262.5, 362.5, 9.841761282285685)",0.7381587138841744,746.84912109375,-0.21290453083365257,1.339491143391271,2240.2288999983284
20,9,7,"(262.5, 387.5, 12.530028997518446)",0.8029231123115206,0.0,-0.4078897164706228,1.101251435325105,5117.268599999079
20,9,8,"(287.5, 387.5, 11.306348749090457)",0.07890877624355866,0.0,-0.6366501257823554,0.7559211481991248,7280.586400000175
20,9,9,"(287.5, 387.5, 11.306348749090457)",0.8444790641582706,747.1519775390625,-0.22197530467698645,1.3067888482898786,2255.417000000307
20,9,10,"(287.5, 412.5, 13.851283065501828)",0.783784822354447,0.0,-0.4097136287683204,1.0699139937058624,5371.700899999269
20,9,11,"(262.5, 412.5, 15.847883528411389)",0.1605035960674267,0.0,-0.6981074639244461,0.7642530761524552,7454.115299999103
20,9,12,"(262.5, 412.5, 15.847883528411389)",1.1228461670576353,754.5746459960938,-0.27180615770008587,1.0013635977352227,2270.2667999983532
20,9,13,"(237.5, 412.5, 16.71281874556001)",0.8516106223378106,0.0,-0.45531830754134195,0.7361839435712821,5278.764599999704
20,9,14,"(237.5, 437.5, 21.459341898515387)",0.009372467796006364,0.0,-0.6403214418338777,0.1627754910159462,6466.112099999009
20,9,15,"(237.5, 437.5, 21.459341898515387)",0.5914055065520654,806.293212890625,-0.19455086630401033,0.38960481692154497,2254.6636999977636
20,9,16,"(212.5, 437.5, 19.809611758762614)",0.8654019768060811,0.0,-0.5230209499348515,0.5141662156817766,5739.594400001806
20,0,0,"(212.5, 487.5, 22.32743679833657)",1.1888330695479419,560.398681640625,-0.2494402440908777,0.8153241484118516,2236.122400001477
20,0,1,"(187.5, 487.5, 17.803971808826255)",0.31532284708186115,0.0,-0.4501295415166234,0.35026315146364484,4764.037199998711
20,0,2,"(212.5, 487.5, 22.32743679833657)",0.12536841630935647,0.0,-0.6988010203338259,0.3254597482386669,7564.384900000732
20,0,3,"(212.5, 487.5, 22.32743679833657)",0.8838948498643215,577.999267578125,-0.24889066805411084,0.4264549036386977,2202.678100002231
20,1,0,"(212.5, 487.5, 22.32743679833657)",1.1806003905754485,560.3276977539062,-0.2494402440908777,0.8153242151186082,2238.916499998595
20,1,1,"(187.5, 487.5, 17.803971808826255)",0.32121540114096797,0.0,-0.4501295415166234,0.3502631514636449,4771.201800002018
20,1,2,"(212.5, 487.5, 22.32743679833657)",0.12357002496719369,0.0,-0.698801020333826,0.3254597482386669,7891.86139999947
20,1,3,"(212.5, 487.5, 22.32743679833657)",0.8763672559090528,577.238525390625,-0.2488906680541108,0.4264547605543273,2239.958199999819
20,2,0,"(212.5, 487.5, 22.32743679833657)",1.195603468601962,560.6146850585938,-0.2494402440908777,0.8153241235099067,2215.3676000016276
20,3,0,"(212.5, 487.5, 22.32743679833657)",1.1919956280119637,560.662109375,-0.24944024409087776,0.815324049226892,2225.2473999978974
20,3,1,"(187.5, 487.5, 17.803971808826255)",0.3272369116647587,0.0,-0.4501295415166233,0.3502631514636449,4781.6534000012325
20,3,2,"(212.5, 487.5, 22.32743679833657)",0.12159059445063293,0.0,-0.6988010203338257,0.32545974823866686,7575.203500000498
20,3,3,"(212.5, 487.5, 22.32743679833657)",0.8726299073712093,576.449462890625,-0.24889066805411078,0.42645452566912956,2215.357100001711
20,4,0,"(212.5, 487.5, 22.32743679833657)",1.1877114744870165,560.9015502929688,-0.24944024409087776,0.8153240654923941,2289.143999998487
20,4,1,"(187.5, 487.5, 17.803971808826255)",0.32421981606760164,0.0,-0.45012954151662343,0.3502631514636449,4801.365699997405
20,4,2,"(212.5, 487.5, 22.32743679833657)",0.12006400028864564,0.0,-0.6988010203338259,0.32545974823866686,7584.812000000966
20,4,3,"(212.5, 487.5, 22.32743679833657)",0.8721423695610729,577.5150146484375,-0.24889066805411084,0.4264548254920175,2268.3710000019346
20,5,0,"(212.5, 487.5, 22.32743679833657)",1.190512058440848,560.657470703125,-0.24944024409087776,0.8153240760592702,2214.758800000709
20,6,0,"(212.5, 487.5, 22.32743679833657)",1.190523432730617,560.6658325195312,-0.24944024409087776,0.815324029553839,2253.5639999987325
20,7,0,"(212.5, 487.5, 22.32743679833657)",1.1865062157697752,560.873779296875,-0.24944024409087776,0.8153243259659392,2247.9061000012734
20,8,0,"(212.5, 487.5, 22.32743679833657)",1.1834544996861307,561.1420288085938,-0.24944024409087776,0.8153242247228545,2247.060600002442
20,9,0,"(212.5, 487.5, 22.32743679833657)",1.1853040252380698,560.7410888671875,-0.24944024409087767,0.8153241941896933,2326.2783999998646
